file,case,kind,detail
test_array.py,test_api,named,Scan LogAddExp
test_array.py,test_array_at,named,multi-index Scatter float32 Sum/Prod with 3 index arrays
test_array.py,test_array_at_complex_add_gpu,named,Scatter dtype
test_array.py,test_array_copy,named,Abs dtype
test_array.py,test_array_np_dtype_conversion,named,dtype converting copy
test_array.py,test_array_pickle,named,Abs dtype
test_array.py,test_buffer_protocol,named,Add dtype
test_array.py,test_construction_from_lists_of_mlx_arrays,named,Abs dtype
test_array.py,test_construction_from_lists_wide_ints,named,Take dtype
test_array.py,test_dlpack_cpu_dtype_mapping,named,non-zero scalar fill
test_array.py,test_dlpack_cpu_dtype_mapping,named,non-zero scalar fill
test_array.py,test_dlpack_cpu_dtype_mapping,named,non-zero scalar fill
test_array.py,test_dlpack_cpu_dtype_mapping,named,non-zero scalar fill
test_array.py,test_indexing,assert,
test_array.py,test_init_from_array,named,dtype converting copy
test_array.py,test_inplace,named,BitwiseAnd dtype
test_array.py,test_logical_overloads,named,BitwiseAnd dtype
test_array.py,test_multi_output_leak,assert,
test_array.py,test_setitem,assert,
test_array.py,test_slice_update_contiguous_2d,assert,
test_autograd.py,test_complex_abs_grad,named,Abs dtype
test_autograd.py,test_complex_exp_vjp,named,Exp dtype
test_autograd.py,test_complex_log_vjp,named,Abs dtype
test_autograd.py,test_complex_prod_vjp,named,Take dtype
test_autograd.py,test_complex_unary_vjps,named,Abs dtype
test_autograd.py,test_complex_vjps,named,Abs dtype
test_autograd.py,test_eval_in_grad,assert,
test_autograd.py,test_jvp_through_bitwise_ops,named,BitwiseOr dtype
test_autograd.py,test_jvp_with_partly_traced_inputs,named,dtype converting copy
test_autograd.py,test_power_grad,named,dtype converting copy
test_autograd.py,test_reduce_jvp,named,ArgMin dtype
test_autograd.py,test_second_order_permutation_ops,assert,
test_autograd.py,test_split_against_slice,assert,
test_autograd.py,test_take_along_axis_complex_vjp,named,ScatterAxis dtype
test_blas.py,test_addmm,named,broadcast AddMM
test_blas.py,test_addmm_grad,assert,
test_blas.py,test_block_masked_matmul,named,strided reshape
test_blas.py,test_block_masked_matmul,named,strided reshape
test_blas.py,test_block_masked_matmul,named,strided reshape
test_blas.py,test_block_masked_matmul,named,strided reshape
test_blas.py,test_block_masked_matmul,named,strided reshape
test_blas.py,test_block_masked_matmul,named,strided reshape
test_blas.py,test_block_masked_matmul,named,strided reshape
test_blas.py,test_block_masked_matmul,named,strided reshape
test_blas.py,test_complex_gemm,named,Matmul dtype
test_blas.py,test_complex_gemv,named,Matmul dtype
test_blas.py,test_gather_matmul_grad,assert,
test_blas.py,test_gather_mm_sorted,assert,
test_blas.py,test_gather_mm_sorted,assert,
test_blas.py,test_gather_mm_sorted_vjp,assert,
test_blas.py,test_matrix_vector_batched,named,matrix rank Matmul
test_blas.py,test_matrix_vector_batched,named,matrix rank Matmul
test_blas.py,test_segmented_mm,named,dtype converting copy
test_compile.py,test_compile_abs_unsigned,named,Abs dtype
test_compile.py,test_compile_dynamic_dims,named,broadcast rank Add
test_compile.py,test_compile_many_inputs,assert,
test_compile.py,test_compile_nonfinite_constants,other,RuntimeError: [omarchy] Compiled tape bfloat16 is refused: bf16 fragments corrupt nondeter
test_compile.py,test_compiled_subnormal_bool_cast,named,dtype converting copy
test_compile.py,test_dtypes,named,Multiply dtype
test_compile.py,test_inf_constant,other,RuntimeError: [omarchy] Compiled tape bfloat16 is refused: bf16 fragments corrupt nondeter
test_compile.py,test_shapeless_compile_reduce_after_gather,named,dtype converting copy
test_conv.py,test_conv2d_large_filter_small_channels,assert,
test_conv.py,test_conv2d_unaligned_channels,assert,
test_conv.py,test_conv_1d_with_2d,assert,
test_conv.py,test_conv_3D_small_kd_decomposition,assert,
test_conv.py,test_repeated_conv,assert,
test_einsum.py,test_opt_einsum_test_cases,named,broadcast rank Multiply
test_einsum.py,test_simple_einsum,assert,
test_eval.py,test_donation_for_noops,assert,
test_eval.py,test_eval_slow_fast_multi_stream,assert,
test_export_import.py,test_export_conv,assert,
test_export_import.py,test_export_conv_shapeless,assert,
test_export_import.py,test_export_import_custom_kernel,other,UnboundLocalError custom_kernel (upstream harness artifact)
test_export_import.py,test_export_matmul_shapeless_batch_and_mid_dim,assert,
test_export_import.py,test_export_matmul_shapeless_batch_and_mid_dim,assert,
test_export_import.py,test_export_matmul_shapeless_mid_dim,assert,
test_export_import.py,test_export_matmul_shapeless_mid_dim,assert,
test_export_import.py,test_export_matmul_shapeless_mid_dim,assert,
test_fast.py,test_cross_entropy_grad,named,non-contiguous CrossEntropyVJP
test_fast.py,test_custom_kernel_args,other,UnboundLocalError custom_kernel (upstream harness artifact)
test_fast.py,test_custom_kernel_attributes,other,UnboundLocalError custom_kernel (upstream harness artifact)
test_fast.py,test_custom_kernel_basic,other,UnboundLocalError custom_kernel (upstream harness artifact)
test_fast.py,test_custom_kernel_helper,other,UnboundLocalError custom_kernel (upstream harness artifact)
test_fast.py,test_custom_kernel_strides,other,UnboundLocalError custom_kernel (upstream harness artifact)
test_fft.py,test_fft_big_powers_of_two,assert,
test_fft.py,test_fft_contiguity,named,Abs dtype
test_fft.py,test_fft_vmap,named,Take dtype
test_linalg.py,test_complex_norm,named,Abs dtype
test_linalg.py,test_complex_norm,named,Abs dtype
test_linalg.py,test_complex_norm,named,Abs dtype
test_linalg.py,test_complex_norm,named,Abs dtype
test_linalg.py,test_complex_norm,named,Abs dtype
test_linalg.py,test_complex_norm,named,Abs dtype
test_linalg.py,test_complex_norm,named,Abs dtype
test_linalg.py,test_complex_norm,named,Abs dtype
test_linalg.py,test_complex_norm,named,Abs dtype
test_linalg.py,test_complex_norm,named,Abs dtype
test_linalg.py,test_complex_norm,named,Abs dtype
test_linalg.py,test_complex_norm,named,Abs dtype
test_linalg.py,test_eig,named,Matmul dtype
test_linalg.py,test_eigh,named,Matmul dtype
test_load.py,test_save_and_load,named,Equal dtype
test_load.py,test_save_and_load,named,Equal dtype
test_load.py,test_save_and_load,named,Equal dtype
test_load.py,test_save_and_load,named,Equal dtype
test_load.py,test_save_and_load,named,Equal dtype
test_load.py,test_save_and_load,named,Equal dtype
test_load.py,test_save_and_load,named,Equal dtype
test_load.py,test_save_and_load,named,Equal dtype
test_load.py,test_save_and_load,named,Equal dtype
test_load.py,test_save_and_load,named,Equal dtype
test_load.py,test_save_and_load,named,Equal dtype
test_load.py,test_save_and_load,named,Equal dtype
test_load.py,test_save_and_load,named,Equal dtype
test_load.py,test_save_and_load,named,Equal dtype
test_load.py,test_save_and_load,named,Equal dtype
test_load.py,test_save_and_load,named,Equal dtype
test_load.py,test_save_and_load,named,Equal dtype
test_load.py,test_save_and_load,named,Equal dtype
test_load.py,test_save_and_load,named,Equal dtype
test_load.py,test_save_and_load,named,Equal dtype
test_load.py,test_save_and_load_fs,named,Equal dtype
test_load.py,test_save_and_load_fs,named,Equal dtype
test_load.py,test_save_and_load_fs,named,Equal dtype
test_load.py,test_save_and_load_fs,named,Equal dtype
test_load.py,test_save_and_load_fs,named,Equal dtype
test_load.py,test_save_and_load_fs,named,Equal dtype
test_load.py,test_save_and_load_fs,named,Equal dtype
test_load.py,test_save_and_load_fs,named,Equal dtype
test_load.py,test_save_and_load_fs,named,Equal dtype
test_load.py,test_save_and_load_fs,named,Equal dtype
test_load.py,test_save_and_load_fs,named,Equal dtype
test_load.py,test_save_and_load_fs,named,Equal dtype
test_load.py,test_save_and_load_fs,named,Equal dtype
test_load.py,test_save_and_load_fs,named,Equal dtype
test_load.py,test_save_and_load_fs,named,Equal dtype
test_load.py,test_save_and_load_fs,named,Equal dtype
test_load.py,test_save_and_load_fs,named,Equal dtype
test_load.py,test_save_and_load_fs,named,Equal dtype
test_load.py,test_save_and_load_fs,named,Equal dtype
test_load.py,test_save_and_load_fs,named,Equal dtype
test_load.py,test_save_and_load_gguf,named,Equal dtype
test_load.py,test_save_and_load_gguf,named,Equal dtype
test_load.py,test_save_and_load_gguf,named,Equal dtype
test_load.py,test_save_and_load_gguf,named,Equal dtype
test_load.py,test_save_and_load_gguf,named,non-zero scalar fill
test_load.py,test_save_and_load_gguf,named,non-zero scalar fill
test_load.py,test_save_and_load_gguf,named,non-zero scalar fill
test_load.py,test_save_and_load_gguf,named,non-zero scalar fill
test_load.py,test_save_and_load_gguf_metadata_arrays,named,dtype converting copy
test_load.py,test_save_and_load_safetensors,named,Equal dtype
test_load.py,test_save_and_load_safetensors,named,Equal dtype
test_load.py,test_save_and_load_safetensors,named,Equal dtype
test_load.py,test_save_and_load_safetensors,named,Equal dtype
test_load.py,test_save_and_load_safetensors,named,non-zero scalar fill
test_load.py,test_save_and_load_safetensors,named,non-zero scalar fill
test_load.py,test_save_and_load_safetensors,named,non-zero scalar fill
test_load.py,test_save_and_load_safetensors,named,non-zero scalar fill
test_load.py,test_save_and_load_safetensors,named,non-zero scalar fill
test_load.py,test_save_and_load_safetensors,named,non-zero scalar fill
test_load.py,test_save_and_load_safetensors,named,non-zero scalar fill
test_load.py,test_save_and_load_safetensors,named,non-zero scalar fill
test_load.py,test_save_and_load_safetensors,named,Equal dtype
test_load.py,test_save_and_load_safetensors,named,Equal dtype
test_load.py,test_save_and_load_safetensors,named,Equal dtype
test_load.py,test_save_and_load_safetensors,named,Equal dtype
test_load.py,test_save_and_load_safetensors,named,non-zero scalar fill
test_load.py,test_save_and_load_safetensors,named,non-zero scalar fill
test_load.py,test_save_and_load_safetensors,named,non-zero scalar fill
test_load.py,test_save_and_load_safetensors,named,non-zero scalar fill
test_load.py,test_save_and_load_safetensors,named,non-zero scalar fill
test_load.py,test_save_and_load_safetensors,named,non-zero scalar fill
test_load.py,test_save_and_load_safetensors,named,non-zero scalar fill
test_load.py,test_save_and_load_safetensors,named,non-zero scalar fill
test_load.py,test_savez_and_loadz,named,Equal dtype
test_load.py,test_savez_and_loadz,named,Equal dtype
test_load.py,test_savez_and_loadz,named,Equal dtype
test_load.py,test_savez_and_loadz,named,Equal dtype
test_load.py,test_savez_and_loadz,named,Equal dtype
test_losses.py,test_margin_ranking_loss,named,Negative dtype
test_memory.py,test_active_memory_count,assert,
test_memory.py,test_memory_info,assert,
test_nn.py,test_circular_leaks,assert,
test_nn.py,test_quantize,named,Quantize mode
test_nn.py,test_quantized_sharded_linear_construction,named,Quantize bits
test_nn.py,test_causal_mask,named,dtype converting copy
test_nn.py,test_gru,assert,
test_nn.py,test_pooling,assert,
test_nn.py,test_upsample,named,dtype converting copy
test_nn.py,test_upsample_align_corners_one_dim,named,dtype converting copy
test_ops.py,test_add,named,Add dtype
test_ops.py,test_arange_corner_cases_cast,named,Arange dtype
test_ops.py,test_arange_inferred_dtype,named,Arange dtype
test_ops.py,test_binary_ops,named,Add dtype
test_ops.py,test_binary_ops,named,Add dtype
test_ops.py,test_binary_ops,named,Add dtype
test_ops.py,test_binary_ops,named,Add dtype
test_ops.py,test_binary_ops,named,Add dtype
test_ops.py,test_binary_ops,named,Add dtype
test_ops.py,test_binary_ops,named,Subtract dtype
test_ops.py,test_binary_ops,named,Subtract dtype
test_ops.py,test_binary_ops,named,Subtract dtype
test_ops.py,test_binary_ops,named,Subtract dtype
test_ops.py,test_binary_ops,named,Subtract dtype
test_ops.py,test_binary_ops,named,Subtract dtype
test_ops.py,test_binary_ops,named,Multiply dtype
test_ops.py,test_binary_ops,named,Multiply dtype
test_ops.py,test_binary_ops,named,Multiply dtype
test_ops.py,test_binary_ops,named,Multiply dtype
test_ops.py,test_binary_ops,named,Multiply dtype
test_ops.py,test_binary_ops,named,Multiply dtype
test_ops.py,test_binary_ops,named,Divide dtype
test_ops.py,test_binary_ops,named,Divide dtype
test_ops.py,test_binary_ops,named,Divide dtype
test_ops.py,test_binary_ops,named,Divide dtype
test_ops.py,test_binary_ops,named,Divide dtype
test_ops.py,test_binary_ops,named,Divide dtype
test_ops.py,test_binary_ops,named,Maximum dtype
test_ops.py,test_binary_ops,named,Maximum dtype
test_ops.py,test_binary_ops,named,Maximum dtype
test_ops.py,test_binary_ops,named,Maximum dtype
test_ops.py,test_binary_ops,named,Maximum dtype
test_ops.py,test_binary_ops,named,Maximum dtype
test_ops.py,test_binary_ops,named,Minimum dtype
test_ops.py,test_binary_ops,named,Minimum dtype
test_ops.py,test_binary_ops,named,Minimum dtype
test_ops.py,test_binary_ops,named,Minimum dtype
test_ops.py,test_binary_ops,named,Minimum dtype
test_ops.py,test_binary_ops,named,Minimum dtype
test_ops.py,test_bitwise_ops,named,BitwiseAnd dtype
test_ops.py,test_clip,assert,
test_ops.py,test_complex_ops,named,ArcCos dtype
test_ops.py,test_complex_ops,named,ArcSin dtype
test_ops.py,test_complex_ops,named,ArcTan dtype
test_ops.py,test_complex_ops,named,Sqrt dtype
test_ops.py,test_complex_ops,named,Rsqrt dtype
test_ops.py,test_complex_power,named,Power dtype
test_ops.py,test_divmod,named,DivMod dtype
test_ops.py,test_hadamard_grad_vmap,named,dtype converting copy
test_ops.py,test_integer_power,named,Power dtype
test_ops.py,test_irregular_alignments,named,dtype converting copy
test_ops.py,test_irregular_binary_ops,assert,
test_ops.py,test_large_binary,named,Add dtype
test_ops.py,test_linspace,named,Abs dtype
test_ops.py,test_linspace_endpoint,named,Abs dtype
test_ops.py,test_log,named,Log dtype
test_ops.py,test_log10,named,Log10 dtype
test_ops.py,test_log1p,named,Log1p dtype
test_ops.py,test_log2,named,Log2 dtype
test_ops.py,test_logcumsumexp,named,Scan LogAddExp
test_ops.py,test_logical_and,assert,
test_ops.py,test_logical_not,assert,
test_ops.py,test_logical_or,assert,
test_ops.py,test_masked_scatter,assert,
test_ops.py,test_median_nan,named,Sort dtype
test_ops.py,test_meshgrid,named,Abs dtype
test_ops.py,test_outer,named,Abs dtype
test_ops.py,test_pad,named,non-zero fill
test_ops.py,test_pad,named,non-zero fill
test_ops.py,test_put_along_axis,assert,
test_ops.py,test_remainder,named,Negative dtype
test_ops.py,test_round,named,Round dtype
test_ops.py,test_scalar_inputs,named,Add dtype
test_ops.py,test_scans,named,Scan dtype
test_ops.py,test_scans_complex_exclusive,named,Scan dtype
test_ops.py,test_searchsorted,assert,
test_ops.py,test_sign,named,Sign dtype
test_ops.py,test_sin,other,RuntimeError: [omarchy] Sin argument magnitude 1000000015047466219876688855040.000000 exce
test_ops.py,test_softmax,assert,
test_ops.py,test_sort,assert,
test_ops.py,test_sort,assert,
test_ops.py,test_sort,assert,
test_ops.py,test_sort,assert,
test_ops.py,test_sort,assert,
test_ops.py,test_sort,assert,
test_ops.py,test_sort,assert,
test_ops.py,test_sort,assert,
test_ops.py,test_sort,assert,
test_ops.py,test_sort,assert,
test_ops.py,test_sort,assert,
test_ops.py,test_sort_nan,named,Sort dtype
test_ops.py,test_std,named,Sum dtype
test_ops.py,test_subnormal_bool_cast,named,dtype converting copy
test_ops.py,test_take_along_axis,named,Take dtype
test_ops.py,test_tile,named,rank>4 strided copy
test_ops.py,test_trace,named,Arange dtype
test_ops.py,test_trig_ops,named,Abs dtype
test_ops.py,test_trig_ops,named,Abs dtype
test_ops.py,test_trig_ops,named,Tan dtype
test_ops.py,test_trig_ops,named,Sinh dtype
test_ops.py,test_trig_ops,named,Cosh dtype
test_ops.py,test_trig_ops,named,Tanh dtype
test_ops.py,test_unstack,named,strided copy
test_ops.py,test_var,named,Sum dtype
test_ops.py,test_vecdot,named,Sum dtype
test_ops.py,test_view,assert,
test_optimizers.py,test_adafactor,named,Add dtype
test_optimizers.py,test_optimizers,named,Add dtype
test_optimizers.py,test_compile_with_schedule,named,dtype converting copy
test_optimizers.py,test_decay_lr,named,Divide dtype
test_optimizers.py,test_linear_warmup_with_cosine_decay,named,Add dtype
test_quantized.py,test_fp_qmv,named,Quantize mode
test_quantized.py,test_fp_qmv,named,Quantize mode
test_quantized.py,test_fp_qmv,named,Quantize mode
test_quantized.py,test_fp_qmv,named,Quantize mode
test_quantized.py,test_fp_qmv,named,Quantize mode
test_quantized.py,test_fp_qmv,named,Quantize mode
test_quantized.py,test_fp_qmv,named,Quantize mode
test_quantized.py,test_fp_qmv,named,Quantize mode
test_quantized.py,test_fp_qmv,named,Quantize mode
test_quantized.py,test_fp_qmv,named,Quantize mode
test_quantized.py,test_fp_qmv,named,Quantize mode
test_quantized.py,test_fp_qmv,named,Quantize mode
test_quantized.py,test_fp_qmv,named,Quantize mode
test_quantized.py,test_fp_qmv,named,Quantize mode
test_quantized.py,test_fp_qmv,named,Quantize mode
test_quantized.py,test_fp_qmv,named,Quantize mode
test_quantized.py,test_fp_qmv,named,Quantize mode
test_quantized.py,test_fp_qmv,named,Quantize mode
test_quantized.py,test_fp_qmv,named,Quantize mode
test_quantized.py,test_fp_qmv,named,Quantize mode
test_quantized.py,test_fp_qmv,named,Quantize mode
test_quantized.py,test_fp_qmv,named,Quantize mode
test_quantized.py,test_fp_qmv,named,Quantize mode
test_quantized.py,test_fp_qmv,named,Quantize mode
test_quantized.py,test_fp_qmv,named,Quantize mode
test_quantized.py,test_fp_qmv,named,Quantize mode
test_quantized.py,test_fp_qmv,named,Quantize mode
test_quantized.py,test_fp_qmv,named,Quantize mode
test_quantized.py,test_fp_qmv,named,Quantize mode
test_quantized.py,test_fp_qmv,named,Quantize mode
test_quantized.py,test_fp_qmv,named,Quantize mode
test_quantized.py,test_fp_qmv,named,Quantize mode
test_quantized.py,test_fp_qmv,named,Quantize mode
test_quantized.py,test_fp_qmv,named,Quantize mode
test_quantized.py,test_fp_qmv,named,Quantize mode
test_quantized.py,test_fp_qmv,named,Quantize mode
test_quantized.py,test_fp_qmv,named,Quantize mode
test_quantized.py,test_fp_qmv,named,Quantize mode
test_quantized.py,test_fp_qmv,named,Quantize mode
test_quantized.py,test_fp_qmv,named,Quantize mode
test_quantized.py,test_fp_qmv,named,Quantize mode
test_quantized.py,test_fp_qmv,named,Quantize mode
test_quantized.py,test_fp_qmv,named,Quantize mode
test_quantized.py,test_fp_qmv,named,Quantize mode
test_quantized.py,test_fp_qmv,named,Quantize mode
test_quantized.py,test_fp_qmv,named,Quantize mode
test_quantized.py,test_fp_qmv,named,Quantize mode
test_quantized.py,test_fp_qmv,named,Quantize mode
test_quantized.py,test_fp_qmv,named,Quantize mode
test_quantized.py,test_fp_qmv,named,Quantize mode
test_quantized.py,test_fp_qmv,named,Quantize mode
test_quantized.py,test_fp_qmv,named,Quantize mode
test_quantized.py,test_fp_qmv,named,Quantize mode
test_quantized.py,test_fp_qmv,named,Quantize mode
test_quantized.py,test_fp_qmv,named,Quantize mode
test_quantized.py,test_fp_qmv,named,Quantize mode
test_quantized.py,test_fp_qmv,named,Quantize mode
test_quantized.py,test_fp_qmv,named,Quantize mode
test_quantized.py,test_fp_qmv,named,Quantize mode
test_quantized.py,test_fp_qmv,named,Quantize mode
test_quantized.py,test_fp_qmv,named,Quantize mode
test_quantized.py,test_fp_qmv,named,Quantize mode
test_quantized.py,test_fp_qmv,named,Quantize mode
test_quantized.py,test_fp_qmv,named,Quantize mode
test_quantized.py,test_fp_qmv,named,Quantize mode
test_quantized.py,test_fp_qmv,named,Quantize mode
test_quantized.py,test_fp_qmv,named,Quantize mode
test_quantized.py,test_fp_qmv,named,Quantize mode
test_quantized.py,test_fp_qmv,named,Quantize mode
test_quantized.py,test_fp_qmv,named,Quantize mode
test_quantized.py,test_fp_qmv,named,Quantize mode
test_quantized.py,test_fp_qmv,named,Quantize mode
test_quantized.py,test_fp_qmv,named,Quantize mode
test_quantized.py,test_fp_qmv,named,Quantize mode
test_quantized.py,test_fp_qmv,named,Quantize mode
test_quantized.py,test_fp_qmv,named,Quantize mode
test_quantized.py,test_fp_qmv,named,Quantize mode
test_quantized.py,test_fp_qmv,named,Quantize mode
test_quantized.py,test_fp_qmv,named,Quantize mode
test_quantized.py,test_fp_qmv,named,Quantize mode
test_quantized.py,test_fp_qmv,named,Quantize mode
test_quantized.py,test_fp_qmv,named,Quantize mode
test_quantized.py,test_fp_qmv,named,Quantize mode
test_quantized.py,test_fp_qmv,named,Quantize mode
test_quantized.py,test_fp_qmv,named,Quantize mode
test_quantized.py,test_fp_qmv,named,Quantize mode
test_quantized.py,test_fp_qmv,named,Quantize mode
test_quantized.py,test_fp_qmv,named,Quantize mode
test_quantized.py,test_fp_qmv,named,Quantize mode
test_quantized.py,test_fp_qmv,named,Quantize mode
test_quantized.py,test_fp_qmv,named,Quantize mode
test_quantized.py,test_fp_qmv,named,Quantize mode
test_quantized.py,test_fp_qmv,named,Quantize mode
test_quantized.py,test_fp_qmv,named,Quantize mode
test_quantized.py,test_fp_qmv,named,Quantize mode
test_quantized.py,test_fp_qmv,named,Quantize mode
test_quantized.py,test_fp_qmv,named,Quantize mode
test_quantized.py,test_fp_qmv,named,Quantize mode
test_quantized.py,test_fp_qmv,named,Quantize mode
test_quantized.py,test_fp_qmv,named,Quantize mode
test_quantized.py,test_fp_qmv,named,Quantize mode
test_quantized.py,test_fp_qmv,named,Quantize mode
test_quantized.py,test_fp_qmv,named,Quantize mode
test_quantized.py,test_fp_qmv,named,Quantize mode
test_quantized.py,test_fp_qmv,named,Quantize mode
test_quantized.py,test_fp_qmv,named,Quantize mode
test_quantized.py,test_fp_qmv,named,Quantize mode
test_quantized.py,test_fp_qmv,named,Quantize mode
test_quantized.py,test_fp_qmv,named,Quantize mode
test_quantized.py,test_fp_qmv,named,Quantize mode
test_quantized.py,test_fp_qmv,named,Quantize mode
test_quantized.py,test_fp_qmv,named,Quantize mode
test_quantized.py,test_fp_qmv,named,Quantize mode
test_quantized.py,test_fp_qmv,named,Quantize mode
test_quantized.py,test_fp_qmv,named,Quantize mode
test_quantized.py,test_fp_qmv,named,Quantize mode
test_quantized.py,test_fp_qmv,named,Quantize mode
test_quantized.py,test_fp_qmv,named,Quantize mode
test_quantized.py,test_fp_qmv,named,Quantize mode
test_quantized.py,test_fp_qmv,named,Quantize mode
test_quantized.py,test_fp_qmv,named,Quantize mode
test_quantized.py,test_fp_qmv_large_output,named,Quantize mode
test_quantized.py,test_fp_qmv_large_output,named,Quantize mode
test_quantized.py,test_fp_qvm,named,Quantize mode
test_quantized.py,test_fp_qvm,named,Quantize mode
test_quantized.py,test_fp_qvm,named,Quantize mode
test_quantized.py,test_fp_qvm,named,Quantize mode
test_quantized.py,test_fp_qvm,named,Quantize mode
test_quantized.py,test_fp_qvm,named,Quantize mode
test_quantized.py,test_fp_qvm,named,Quantize mode
test_quantized.py,test_fp_qvm,named,Quantize mode
test_quantized.py,test_fp_qvm,named,Quantize mode
test_quantized.py,test_fp_qvm,named,Quantize mode
test_quantized.py,test_fp_qvm,named,Quantize mode
test_quantized.py,test_fp_qvm,named,Quantize mode
test_quantized.py,test_fp_qvm,named,Quantize mode
test_quantized.py,test_fp_qvm,named,Quantize mode
test_quantized.py,test_fp_qvm,named,Quantize mode
test_quantized.py,test_fp_qvm,named,Quantize mode
test_quantized.py,test_fp_qvm,named,Quantize mode
test_quantized.py,test_fp_qvm,named,Quantize mode
test_quantized.py,test_fp_qvm,named,Quantize mode
test_quantized.py,test_fp_qvm,named,Quantize mode
test_quantized.py,test_fp_qvm,named,Quantize mode
test_quantized.py,test_fp_qvm,named,Quantize mode
test_quantized.py,test_fp_qvm,named,Quantize mode
test_quantized.py,test_fp_qvm,named,Quantize mode
test_quantized.py,test_fp_qvm,named,Quantize mode
test_quantized.py,test_fp_qvm,named,Quantize mode
test_quantized.py,test_fp_qvm,named,Quantize mode
test_quantized.py,test_fp_qvm,named,Quantize mode
test_quantized.py,test_fp_qvm,named,Quantize mode
test_quantized.py,test_fp_qvm,named,Quantize mode
test_quantized.py,test_fp_qvm,named,Quantize mode
test_quantized.py,test_fp_qvm,named,Quantize mode
test_quantized.py,test_fp_qvm,named,Quantize mode
test_quantized.py,test_fp_qvm,named,Quantize mode
test_quantized.py,test_fp_qvm,named,Quantize mode
test_quantized.py,test_fp_qvm,named,Quantize mode
test_quantized.py,test_fp_qvm,named,Quantize mode
test_quantized.py,test_fp_qvm,named,Quantize mode
test_quantized.py,test_fp_qvm,named,Quantize mode
test_quantized.py,test_fp_qvm,named,Quantize mode
test_quantized.py,test_fp_qvm,named,Quantize mode
test_quantized.py,test_fp_qvm,named,Quantize mode
test_quantized.py,test_fp_qvm,named,Quantize mode
test_quantized.py,test_fp_qvm,named,Quantize mode
test_quantized.py,test_fp_qvm,named,Quantize mode
test_quantized.py,test_fp_qvm,named,Quantize mode
test_quantized.py,test_fp_qvm,named,Quantize mode
test_quantized.py,test_fp_qvm,named,Quantize mode
test_quantized.py,test_fp_qvm,named,Quantize mode
test_quantized.py,test_fp_qvm,named,Quantize mode
test_quantized.py,test_fp_qvm,named,Quantize mode
test_quantized.py,test_fp_qvm,named,Quantize mode
test_quantized.py,test_fp_qvm,named,Quantize mode
test_quantized.py,test_fp_qvm,named,Quantize mode
test_quantized.py,test_fp_qvm,named,Quantize mode
test_quantized.py,test_fp_qvm,named,Quantize mode
test_quantized.py,test_fp_qvm,named,Quantize mode
test_quantized.py,test_fp_qvm,named,Quantize mode
test_quantized.py,test_fp_qvm,named,Quantize mode
test_quantized.py,test_fp_qvm,named,Quantize mode
test_quantized.py,test_fp_qvm,named,Quantize mode
test_quantized.py,test_fp_qvm,named,Quantize mode
test_quantized.py,test_fp_qvm,named,Quantize mode
test_quantized.py,test_fp_qvm,named,Quantize mode
test_quantized.py,test_fp_qvm,named,Quantize mode
test_quantized.py,test_fp_qvm,named,Quantize mode
test_quantized.py,test_fp_qvm,named,Quantize mode
test_quantized.py,test_fp_qvm,named,Quantize mode
test_quantized.py,test_fp_qvm,named,Quantize mode
test_quantized.py,test_fp_qvm,named,Quantize mode
test_quantized.py,test_fp_qvm,named,Quantize mode
test_quantized.py,test_fp_qvm,named,Quantize mode
test_quantized.py,test_fp_qvm,named,Quantize mode
test_quantized.py,test_fp_qvm,named,Quantize mode
test_quantized.py,test_fp_qvm,named,Quantize mode
test_quantized.py,test_fp_qvm,named,Quantize mode
test_quantized.py,test_fp_qvm,named,Quantize mode
test_quantized.py,test_fp_qvm,named,Quantize mode
test_quantized.py,test_fp_qvm,named,Quantize mode
test_quantized.py,test_fp_qvm,named,Quantize mode
test_quantized.py,test_fp_qvm,named,Quantize mode
test_quantized.py,test_fp_qvm,named,Quantize mode
test_quantized.py,test_fp_qvm,named,Quantize mode
test_quantized.py,test_fp_qvm,named,Quantize mode
test_quantized.py,test_fp_qvm,named,Quantize mode
test_quantized.py,test_fp_qvm,named,Quantize mode
test_quantized.py,test_fp_qvm,named,Quantize mode
test_quantized.py,test_fp_qvm,named,Quantize mode
test_quantized.py,test_fp_qvm,named,Quantize mode
test_quantized.py,test_fp_qvm,named,Quantize mode
test_quantized.py,test_fp_qvm,named,Quantize mode
test_quantized.py,test_fp_qvm,named,Quantize mode
test_quantized.py,test_fp_qvm,named,Quantize mode
test_quantized.py,test_fp_qvm,named,Quantize mode
test_quantized.py,test_fp_qvm,named,Quantize mode
test_quantized.py,test_fp_qvm,named,Quantize mode
test_quantized.py,test_fp_qvm,named,Quantize mode
test_quantized.py,test_fp_qvm,named,Quantize mode
test_quantized.py,test_fp_qvm,named,Quantize mode
test_quantized.py,test_fp_qvm,named,Quantize mode
test_quantized.py,test_fp_qvm,named,Quantize mode
test_quantized.py,test_fp_qvm,named,Quantize mode
test_quantized.py,test_fp_qvm,named,Quantize mode
test_quantized.py,test_fp_qvm,named,Quantize mode
test_quantized.py,test_fp_qvm,named,Quantize mode
test_quantized.py,test_fp_qvm,named,Quantize mode
test_quantized.py,test_fp_qvm,named,Quantize mode
test_quantized.py,test_fp_qvm,named,Quantize mode
test_quantized.py,test_fp_qvm,named,Quantize mode
test_quantized.py,test_fp_qvm,named,Quantize mode
test_quantized.py,test_fp_qvm,named,Quantize mode
test_quantized.py,test_fp_vjp_scales_throws,named,Quantize mode
test_quantized.py,test_gather_matmul_grad,named,GatherQMM rank
test_quantized.py,test_gather_qmm,assert,
test_quantized.py,test_gather_qmm,named,GatherQMM transpose
test_quantized.py,test_gather_qmm,named,GatherQMM transpose
test_quantized.py,test_gather_qmm,assert,
test_quantized.py,test_gather_qmm,named,GatherQMM transpose
test_quantized.py,test_gather_qmm,named,GatherQMM transpose
test_quantized.py,test_gather_qmm,assert,
test_quantized.py,test_gather_qmm,named,GatherQMM transpose
test_quantized.py,test_gather_qmm,named,GatherQMM transpose
test_quantized.py,test_gather_qmm,assert,
test_quantized.py,test_gather_qmm,named,GatherQMM transpose
test_quantized.py,test_gather_qmm,named,GatherQMM transpose
test_quantized.py,test_gather_qmm,assert,
test_quantized.py,test_gather_qmm,named,GatherQMM transpose
test_quantized.py,test_gather_qmm,named,GatherQMM transpose
test_quantized.py,test_gather_qmm,assert,
test_quantized.py,test_gather_qmm,named,GatherQMM transpose
test_quantized.py,test_gather_qmm,named,GatherQMM transpose
test_quantized.py,test_gather_qmm,assert,
test_quantized.py,test_gather_qmm,named,GatherQMM transpose
test_quantized.py,test_gather_qmm,named,GatherQMM transpose
test_quantized.py,test_gather_qmm,assert,
test_quantized.py,test_gather_qmm,named,GatherQMM transpose
test_quantized.py,test_gather_qmm,named,GatherQMM transpose
test_quantized.py,test_gather_qmm,assert,
test_quantized.py,test_gather_qmm,named,GatherQMM transpose
test_quantized.py,test_gather_qmm,named,GatherQMM transpose
test_quantized.py,test_gather_qmm,assert,
test_quantized.py,test_gather_qmm,named,GatherQMM transpose
test_quantized.py,test_gather_qmm,named,GatherQMM transpose
test_quantized.py,test_gather_qmm,named,GatherQMM rank
test_quantized.py,test_gather_qmm,named,GatherQMM rank
test_quantized.py,test_gather_qmm,named,GatherQMM rank
test_quantized.py,test_gather_qmm,named,GatherQMM transpose
test_quantized.py,test_gather_qmm,named,GatherQMM transpose
test_quantized.py,test_gather_qmm,named,GatherQMM rank
test_quantized.py,test_gather_qmm,named,GatherQMM rank
test_quantized.py,test_gather_qmm,named,GatherQMM transpose
test_quantized.py,test_gather_qmm,named,GatherQMM transpose
test_quantized.py,test_gather_qmm,named,Quantize mode
test_quantized.py,test_gather_qmm,named,Quantize mode
test_quantized.py,test_gather_qmm,named,Quantize mode
test_quantized.py,test_gather_qmm,named,Quantize mode
test_quantized.py,test_gather_qmm,named,Quantize mode
test_quantized.py,test_gather_qmm,named,Quantize mode
test_quantized.py,test_gather_qmm,named,Quantize mode
test_quantized.py,test_gather_qmm,named,Quantize mode
test_quantized.py,test_gather_qmm,named,Quantize mode
test_quantized.py,test_gather_qmm,named,Quantize mode
test_quantized.py,test_gather_qmm,named,Quantize mode
test_quantized.py,test_gather_qmm,named,Quantize mode
test_quantized.py,test_gather_qmm,named,Quantize mode
test_quantized.py,test_gather_qmm,named,Quantize mode
test_quantized.py,test_gather_qmm,named,Quantize mode
test_quantized.py,test_gather_qmm,named,Quantize mode
test_quantized.py,test_gather_qmm,named,Quantize mode
test_quantized.py,test_gather_qmm,named,Quantize mode
test_quantized.py,test_gather_qmm,named,Quantize mode
test_quantized.py,test_gather_qmm,named,Quantize mode
test_quantized.py,test_gather_qmm,named,Quantize mode
test_quantized.py,test_gather_qmm,named,Quantize mode
test_quantized.py,test_gather_qmm,named,Quantize mode
test_quantized.py,test_gather_qmm,named,Quantize mode
test_quantized.py,test_gather_qmm,named,Quantize mode
test_quantized.py,test_gather_qmm,named,Quantize mode
test_quantized.py,test_gather_qmm,named,Quantize mode
test_quantized.py,test_gather_qmm_grad,named,QuantizedMatmul weight layout
test_quantized.py,test_gather_qmm_matrix_path,named,Quantize input dtype
test_quantized.py,test_gather_qmm_matrix_path,named,Quantize mode
test_quantized.py,test_gather_qmm_sorted,named,dtype converting copy
test_quantized.py,test_gather_qmm_sorted,named,Quantize mode
test_quantized.py,test_gather_qmm_sorted,named,Quantize mode
test_quantized.py,test_gather_qmm_sorted,named,Quantize mode
test_quantized.py,test_gather_qmm_sorted,named,dtype converting copy
test_quantized.py,test_gather_qmm_sorted,named,dtype converting copy
test_quantized.py,test_gather_qmm_sorted,named,dtype converting copy
test_quantized.py,test_gather_qmm_sorted,named,dtype converting copy
test_quantized.py,test_gather_qmm_sorted,named,dtype converting copy
test_quantized.py,test_gather_qmm_sorted,named,dtype converting copy
test_quantized.py,test_gather_qmm_sorted,named,Quantize mode
test_quantized.py,test_gather_qmm_sorted,named,Quantize mode
test_quantized.py,test_gather_qmm_sorted,named,Quantize mode
test_quantized.py,test_gather_qmm_sorted,named,dtype converting copy
test_quantized.py,test_gather_qmm_sorted,named,dtype converting copy
test_quantized.py,test_gather_qmm_sorted,named,dtype converting copy
test_quantized.py,test_gather_qmm_sorted,named,dtype converting copy
test_quantized.py,test_gather_qmm_sorted_sliced_weight,assert,
test_quantized.py,test_gather_qqmm,named,Quantize mode
test_quantized.py,test_gather_qqmm,named,Quantize mode
test_quantized.py,test_gather_qqmm,named,Quantize mode
test_quantized.py,test_gather_qqmm,named,Quantize mode
test_quantized.py,test_gather_qqmm,named,Quantize mode
test_quantized.py,test_gather_qqmm,named,Quantize mode
test_quantized.py,test_gather_qqmm,named,Quantize mode
test_quantized.py,test_gather_qqmm,named,Quantize mode
test_quantized.py,test_gather_qqmm,named,Quantize mode
test_quantized.py,test_gather_qqmm,named,Quantize mode
test_quantized.py,test_gather_qqmm,named,Quantize mode
test_quantized.py,test_gather_qqmm,named,Quantize mode
test_quantized.py,test_gather_qqmm,named,Quantize mode
test_quantized.py,test_gather_qqmm,named,Quantize mode
test_quantized.py,test_gather_qqmm,named,Quantize mode
test_quantized.py,test_gather_qqmm,named,Quantize mode
test_quantized.py,test_gather_qqmm,named,Quantize mode
test_quantized.py,test_gather_qqmm,named,Quantize mode
test_quantized.py,test_gather_qqmm,named,Quantize mode
test_quantized.py,test_gather_qqmm,named,Quantize mode
test_quantized.py,test_gather_qqmm,named,Quantize mode
test_quantized.py,test_gather_qqmm,named,Quantize mode
test_quantized.py,test_gather_qqmm,named,Quantize mode
test_quantized.py,test_gather_qqmm,named,Quantize mode
test_quantized.py,test_gather_qqmm,named,Quantize mode
test_quantized.py,test_gather_qqmm,named,Quantize mode
test_quantized.py,test_gather_qqmm,named,Quantize mode
test_quantized.py,test_gather_qqmm,named,Quantize mode
test_quantized.py,test_gather_qqmm,named,Quantize mode
test_quantized.py,test_gather_qqmm,named,Quantize mode
test_quantized.py,test_gather_qqmm,named,Quantize mode
test_quantized.py,test_gather_qqmm,named,Quantize mode
test_quantized.py,test_gather_qqmm,named,Quantize mode
test_quantized.py,test_gather_qqmm,named,Quantize mode
test_quantized.py,test_gather_qqmm,named,Quantize mode
test_quantized.py,test_gather_qqmm,named,Quantize mode
test_quantized.py,test_gather_qqmm,named,Quantize mode
test_quantized.py,test_gather_qqmm,named,Quantize mode
test_quantized.py,test_gather_qqmm,named,Quantize mode
test_quantized.py,test_gather_qqmm,named,Quantize mode
test_quantized.py,test_gather_qqmm,named,Quantize mode
test_quantized.py,test_gather_qqmm,named,Quantize mode
test_quantized.py,test_gather_qqmm,named,Quantize mode
test_quantized.py,test_gather_qqmm,named,Quantize mode
test_quantized.py,test_gather_qqmm,named,Quantize mode
test_quantized.py,test_gather_qqmm,named,Quantize mode
test_quantized.py,test_gather_qqmm,named,Quantize mode
test_quantized.py,test_gather_qqmm,named,Quantize mode
test_quantized.py,test_gather_qqmm,named,Quantize mode
test_quantized.py,test_gather_qqmm,named,Quantize mode
test_quantized.py,test_gather_qqmm,named,Quantize mode
test_quantized.py,test_gather_qqmm,named,Quantize mode
test_quantized.py,test_gather_qqmm,named,Quantize mode
test_quantized.py,test_gather_qqmm,named,Quantize mode
test_quantized.py,test_gather_qqmm,named,Quantize mode
test_quantized.py,test_gather_qqmm,named,Quantize mode
test_quantized.py,test_gather_qqmm,named,Quantize mode
test_quantized.py,test_gather_qqmm,named,Quantize mode
test_quantized.py,test_gather_qqmm,named,Quantize mode
test_quantized.py,test_gather_qqmm,named,Quantize mode
test_quantized.py,test_gather_qqmm,named,Quantize mode
test_quantized.py,test_gather_qqmm,named,Quantize mode
test_quantized.py,test_gather_qqmm,named,Quantize mode
test_quantized.py,test_gather_qqmm,named,Quantize mode
test_quantized.py,test_gather_qqmm,named,Quantize mode
test_quantized.py,test_gather_qqmm,named,Quantize mode
test_quantized.py,test_gather_qqmm,named,Quantize mode
test_quantized.py,test_gather_qqmm,named,Quantize mode
test_quantized.py,test_gather_qqmm,named,Quantize mode
test_quantized.py,test_gather_qqmm,named,Quantize mode
test_quantized.py,test_gather_qqmm,named,Quantize mode
test_quantized.py,test_gather_qqmm,named,Quantize mode
test_quantized.py,test_gather_qqmm,named,Quantize mode
test_quantized.py,test_gather_qqmm,named,Quantize mode
test_quantized.py,test_gather_qqmm,named,Quantize mode
test_quantized.py,test_gather_qqmm,named,Quantize mode
test_quantized.py,test_gather_qqmm,named,Quantize mode
test_quantized.py,test_gather_qqmm,named,Quantize mode
test_quantized.py,test_gather_qqmm,named,Quantize mode
test_quantized.py,test_gather_qqmm,named,Quantize mode
test_quantized.py,test_mxfp4_quantize_dequantize,named,Quantize mode
test_quantized.py,test_mxfp8_block_scale_does_not_saturate,named,Quantize mode
test_quantized.py,test_mxfp8_quantize_dequantize,named,Quantize mode
test_quantized.py,test_non_multiples,named,QuantizedMatmul transpose
test_quantized.py,test_nvfp4_quantize_dequantize,named,Quantize mode
test_quantized.py,test_qmm,named,QuantizedMatmul bits
test_quantized.py,test_qmm,named,QuantizedMatmul bits
test_quantized.py,test_qmm,named,QuantizedMatmul bits
test_quantized.py,test_qmm,named,QuantizedMatmul bits
test_quantized.py,test_qmm,named,QuantizedMatmul bits
test_quantized.py,test_qmm,named,QuantizedMatmul bits
test_quantized.py,test_qmm,named,QuantizedMatmul bits
test_quantized.py,test_qmm,named,QuantizedMatmul bits
test_quantized.py,test_qmm,named,QuantizedMatmul bits
test_quantized.py,test_qmm,named,QuantizedMatmul bits
test_quantized.py,test_qmm,named,QuantizedMatmul bits
test_quantized.py,test_qmm,named,QuantizedMatmul bits
test_quantized.py,test_qmm,named,QuantizedMatmul bits
test_quantized.py,test_qmm,named,QuantizedMatmul bits
test_quantized.py,test_qmm,named,QuantizedMatmul bits
test_quantized.py,test_qmm,named,QuantizedMatmul bits
test_quantized.py,test_qmm,named,QuantizedMatmul bits
test_quantized.py,test_qmm,named,QuantizedMatmul bits
test_quantized.py,test_qmm,named,QuantizedMatmul bits
test_quantized.py,test_qmm,named,QuantizedMatmul bits
test_quantized.py,test_qmm,named,QuantizedMatmul bits
test_quantized.py,test_qmm,named,QuantizedMatmul bits
test_quantized.py,test_qmm,named,QuantizedMatmul bits
test_quantized.py,test_qmm,named,QuantizedMatmul bits
test_quantized.py,test_qmm,named,QuantizedMatmul bits
test_quantized.py,test_qmm,named,QuantizedMatmul bits
test_quantized.py,test_qmm,named,QuantizedMatmul bits
test_quantized.py,test_qmm,named,QuantizedMatmul bits
test_quantized.py,test_qmm,named,QuantizedMatmul bits
test_quantized.py,test_qmm,named,QuantizedMatmul bits
test_quantized.py,test_qmm,named,QuantizedMatmul bits
test_quantized.py,test_qmm,named,QuantizedMatmul bits
test_quantized.py,test_qmm,named,QuantizedMatmul group size
test_quantized.py,test_qmm,named,QuantizedMatmul group size
test_quantized.py,test_qmm,named,QuantizedMatmul group size
test_quantized.py,test_qmm,named,QuantizedMatmul group size
test_quantized.py,test_qmm,named,QuantizedMatmul group size
test_quantized.py,test_qmm,named,QuantizedMatmul group size
test_quantized.py,test_qmm,named,QuantizedMatmul group size
test_quantized.py,test_qmm,named,QuantizedMatmul group size
test_quantized.py,test_qmm,named,QuantizedMatmul group size
test_quantized.py,test_qmm,named,QuantizedMatmul group size
test_quantized.py,test_qmm,named,QuantizedMatmul group size
test_quantized.py,test_qmm,named,QuantizedMatmul group size
test_quantized.py,test_qmm,named,QuantizedMatmul group size
test_quantized.py,test_qmm,named,QuantizedMatmul group size
test_quantized.py,test_qmm,named,QuantizedMatmul group size
test_quantized.py,test_qmm,named,QuantizedMatmul group size
test_quantized.py,test_qmm,named,QuantizedMatmul group size
test_quantized.py,test_qmm,named,QuantizedMatmul group size
test_quantized.py,test_qmm,named,QuantizedMatmul group size
test_quantized.py,test_qmm,named,QuantizedMatmul group size
test_quantized.py,test_qmm,named,QuantizedMatmul group size
test_quantized.py,test_qmm,named,QuantizedMatmul group size
test_quantized.py,test_qmm,named,QuantizedMatmul group size
test_quantized.py,test_qmm,named,QuantizedMatmul group size
test_quantized.py,test_qmm,named,QuantizedMatmul group size
test_quantized.py,test_qmm,named,QuantizedMatmul group size
test_quantized.py,test_qmm,named,QuantizedMatmul group size
test_quantized.py,test_qmm,named,QuantizedMatmul group size
test_quantized.py,test_qmm,named,QuantizedMatmul group size
test_quantized.py,test_qmm,named,QuantizedMatmul group size
test_quantized.py,test_qmm,named,QuantizedMatmul group size
test_quantized.py,test_qmm,named,QuantizedMatmul group size
test_quantized.py,test_qmm,named,QuantizedMatmul group size
test_quantized.py,test_qmm,named,QuantizedMatmul group size
test_quantized.py,test_qmm,named,QuantizedMatmul group size
test_quantized.py,test_qmm,named,QuantizedMatmul group size
test_quantized.py,test_qmm,named,QuantizedMatmul group size
test_quantized.py,test_qmm,named,QuantizedMatmul group size
test_quantized.py,test_qmm,named,QuantizedMatmul group size
test_quantized.py,test_qmm,named,QuantizedMatmul group size
test_quantized.py,test_qmm,named,QuantizedMatmul group size
test_quantized.py,test_qmm,named,QuantizedMatmul group size
test_quantized.py,test_qmm,named,QuantizedMatmul group size
test_quantized.py,test_qmm,named,QuantizedMatmul group size
test_quantized.py,test_qmm,named,QuantizedMatmul group size
test_quantized.py,test_qmm,named,QuantizedMatmul group size
test_quantized.py,test_qmm,named,QuantizedMatmul group size
test_quantized.py,test_qmm,named,QuantizedMatmul group size
test_quantized.py,test_qmm,named,QuantizedMatmul group size
test_quantized.py,test_qmm,named,QuantizedMatmul group size
test_quantized.py,test_qmm,named,QuantizedMatmul group size
test_quantized.py,test_qmm,named,QuantizedMatmul group size
test_quantized.py,test_qmm,named,QuantizedMatmul group size
test_quantized.py,test_qmm,named,QuantizedMatmul group size
test_quantized.py,test_qmm,named,QuantizedMatmul group size
test_quantized.py,test_qmm,named,QuantizedMatmul group size
test_quantized.py,test_qmm,named,QuantizedMatmul group size
test_quantized.py,test_qmm,named,QuantizedMatmul group size
test_quantized.py,test_qmm,named,QuantizedMatmul group size
test_quantized.py,test_qmm,named,QuantizedMatmul group size
test_quantized.py,test_qmm,named,QuantizedMatmul group size
test_quantized.py,test_qmm,named,QuantizedMatmul group size
test_quantized.py,test_qmm,named,QuantizedMatmul group size
test_quantized.py,test_qmm,named,QuantizedMatmul group size
test_quantized.py,test_qmm,named,QuantizedMatmul bits
test_quantized.py,test_qmm,named,QuantizedMatmul bits
test_quantized.py,test_qmm,named,QuantizedMatmul bits
test_quantized.py,test_qmm,named,QuantizedMatmul bits
test_quantized.py,test_qmm,named,QuantizedMatmul bits
test_quantized.py,test_qmm,named,QuantizedMatmul bits
test_quantized.py,test_qmm,named,QuantizedMatmul bits
test_quantized.py,test_qmm,named,QuantizedMatmul bits
test_quantized.py,test_qmm,named,QuantizedMatmul bits
test_quantized.py,test_qmm,named,QuantizedMatmul bits
test_quantized.py,test_qmm,named,QuantizedMatmul bits
test_quantized.py,test_qmm,named,QuantizedMatmul bits
test_quantized.py,test_qmm,named,QuantizedMatmul bits
test_quantized.py,test_qmm,named,QuantizedMatmul bits
test_quantized.py,test_qmm,named,QuantizedMatmul bits
test_quantized.py,test_qmm,named,QuantizedMatmul bits
test_quantized.py,test_qmm,named,QuantizedMatmul bits
test_quantized.py,test_qmm,named,QuantizedMatmul bits
test_quantized.py,test_qmm,named,QuantizedMatmul bits
test_quantized.py,test_qmm,named,QuantizedMatmul bits
test_quantized.py,test_qmm,named,QuantizedMatmul bits
test_quantized.py,test_qmm,named,QuantizedMatmul bits
test_quantized.py,test_qmm,named,QuantizedMatmul bits
test_quantized.py,test_qmm,named,QuantizedMatmul bits
test_quantized.py,test_qmm,named,QuantizedMatmul bits
test_quantized.py,test_qmm,named,QuantizedMatmul bits
test_quantized.py,test_qmm,named,QuantizedMatmul bits
test_quantized.py,test_qmm,named,QuantizedMatmul bits
test_quantized.py,test_qmm,named,QuantizedMatmul bits
test_quantized.py,test_qmm,named,QuantizedMatmul bits
test_quantized.py,test_qmm,named,QuantizedMatmul bits
test_quantized.py,test_qmm,named,QuantizedMatmul bits
test_quantized.py,test_qmm,named,QuantizedMatmul transpose
test_quantized.py,test_qmm,named,QuantizedMatmul transpose
test_quantized.py,test_qmm,named,QuantizedMatmul transpose
test_quantized.py,test_qmm,named,QuantizedMatmul transpose
test_quantized.py,test_qmm,named,QuantizedMatmul transpose
test_quantized.py,test_qmm,named,QuantizedMatmul transpose
test_quantized.py,test_qmm,named,QuantizedMatmul transpose
test_quantized.py,test_qmm,named,QuantizedMatmul transpose
test_quantized.py,test_qmm,named,QuantizedMatmul transpose
test_quantized.py,test_qmm,named,QuantizedMatmul transpose
test_quantized.py,test_qmm,named,QuantizedMatmul transpose
test_quantized.py,test_qmm,named,QuantizedMatmul transpose
test_quantized.py,test_qmm,named,QuantizedMatmul transpose
test_quantized.py,test_qmm,named,QuantizedMatmul transpose
test_quantized.py,test_qmm,named,QuantizedMatmul transpose
test_quantized.py,test_qmm,named,QuantizedMatmul transpose
test_quantized.py,test_qmm,named,QuantizedMatmul transpose
test_quantized.py,test_qmm,named,QuantizedMatmul transpose
test_quantized.py,test_qmm,named,QuantizedMatmul transpose
test_quantized.py,test_qmm,named,QuantizedMatmul transpose
test_quantized.py,test_qmm,named,QuantizedMatmul transpose
test_quantized.py,test_qmm,named,QuantizedMatmul transpose
test_quantized.py,test_qmm,named,QuantizedMatmul transpose
test_quantized.py,test_qmm,named,QuantizedMatmul transpose
test_quantized.py,test_qmm,named,QuantizedMatmul transpose
test_quantized.py,test_qmm,named,QuantizedMatmul transpose
test_quantized.py,test_qmm,named,QuantizedMatmul transpose
test_quantized.py,test_qmm,named,QuantizedMatmul transpose
test_quantized.py,test_qmm,named,QuantizedMatmul transpose
test_quantized.py,test_qmm,named,QuantizedMatmul transpose
test_quantized.py,test_qmm,named,QuantizedMatmul transpose
test_quantized.py,test_qmm,named,QuantizedMatmul transpose
test_quantized.py,test_qmm,named,QuantizedMatmul bits
test_quantized.py,test_qmm,named,QuantizedMatmul bits
test_quantized.py,test_qmm,named,QuantizedMatmul bits
test_quantized.py,test_qmm,named,QuantizedMatmul bits
test_quantized.py,test_qmm,named,QuantizedMatmul bits
test_quantized.py,test_qmm,named,QuantizedMatmul bits
test_quantized.py,test_qmm,named,QuantizedMatmul bits
test_quantized.py,test_qmm,named,QuantizedMatmul bits
test_quantized.py,test_qmm,named,QuantizedMatmul bits
test_quantized.py,test_qmm,named,QuantizedMatmul bits
test_quantized.py,test_qmm,named,QuantizedMatmul bits
test_quantized.py,test_qmm,named,QuantizedMatmul bits
test_quantized.py,test_qmm,named,QuantizedMatmul bits
test_quantized.py,test_qmm,named,QuantizedMatmul bits
test_quantized.py,test_qmm,named,QuantizedMatmul bits
test_quantized.py,test_qmm,named,QuantizedMatmul bits
test_quantized.py,test_qmm,named,QuantizedMatmul bits
test_quantized.py,test_qmm,named,QuantizedMatmul bits
test_quantized.py,test_qmm,named,QuantizedMatmul bits
test_quantized.py,test_qmm,named,QuantizedMatmul bits
test_quantized.py,test_qmm,named,QuantizedMatmul bits
test_quantized.py,test_qmm,named,QuantizedMatmul bits
test_quantized.py,test_qmm,named,QuantizedMatmul bits
test_quantized.py,test_qmm,named,QuantizedMatmul bits
test_quantized.py,test_qmm,named,QuantizedMatmul bits
test_quantized.py,test_qmm,named,QuantizedMatmul bits
test_quantized.py,test_qmm,named,QuantizedMatmul bits
test_quantized.py,test_qmm,named,QuantizedMatmul bits
test_quantized.py,test_qmm,named,QuantizedMatmul bits
test_quantized.py,test_qmm,named,QuantizedMatmul bits
test_quantized.py,test_qmm,named,QuantizedMatmul bits
test_quantized.py,test_qmm,named,QuantizedMatmul bits
test_quantized.py,test_qmm,named,QuantizedMatmul transpose
test_quantized.py,test_qmm,named,QuantizedMatmul transpose
test_quantized.py,test_qmm,named,QuantizedMatmul transpose
test_quantized.py,test_qmm,named,QuantizedMatmul transpose
test_quantized.py,test_qmm,named,QuantizedMatmul transpose
test_quantized.py,test_qmm,named,QuantizedMatmul transpose
test_quantized.py,test_qmm,named,QuantizedMatmul transpose
test_quantized.py,test_qmm,named,QuantizedMatmul transpose
test_quantized.py,test_qmm,named,QuantizedMatmul transpose
test_quantized.py,test_qmm,named,QuantizedMatmul transpose
test_quantized.py,test_qmm,named,QuantizedMatmul transpose
test_quantized.py,test_qmm,named,QuantizedMatmul transpose
test_quantized.py,test_qmm,named,QuantizedMatmul transpose
test_quantized.py,test_qmm,named,QuantizedMatmul transpose
test_quantized.py,test_qmm,named,QuantizedMatmul transpose
test_quantized.py,test_qmm,named,QuantizedMatmul transpose
test_quantized.py,test_qmm,named,QuantizedMatmul transpose
test_quantized.py,test_qmm,named,QuantizedMatmul transpose
test_quantized.py,test_qmm,named,QuantizedMatmul transpose
test_quantized.py,test_qmm,named,QuantizedMatmul transpose
test_quantized.py,test_qmm,named,QuantizedMatmul transpose
test_quantized.py,test_qmm,named,QuantizedMatmul transpose
test_quantized.py,test_qmm,named,QuantizedMatmul transpose
test_quantized.py,test_qmm,named,QuantizedMatmul transpose
test_quantized.py,test_qmm,named,QuantizedMatmul transpose
test_quantized.py,test_qmm,named,QuantizedMatmul transpose
test_quantized.py,test_qmm,named,QuantizedMatmul transpose
test_quantized.py,test_qmm,named,QuantizedMatmul transpose
test_quantized.py,test_qmm,named,QuantizedMatmul transpose
test_quantized.py,test_qmm,named,QuantizedMatmul transpose
test_quantized.py,test_qmm,named,QuantizedMatmul transpose
test_quantized.py,test_qmm,named,QuantizedMatmul transpose
test_quantized.py,test_qmm_fp_type,named,Quantize mode
test_quantized.py,test_qmm_jvp,assert,
test_quantized.py,test_qmm_shapes,named,QuantizedMatmul transpose
test_quantized.py,test_qmm_small_m_block,named,QuantizedMatmul weight layout
test_quantized.py,test_qmm_small_m_block,named,Quantize mode
test_quantized.py,test_qmm_vjp,named,QuantizedMatmul transpose
test_quantized.py,test_qmv,named,QuantizedMatmul bits
test_quantized.py,test_qmv,named,QuantizedMatmul bits
test_quantized.py,test_qmv,named,QuantizedMatmul bits
test_quantized.py,test_qmv,named,QuantizedMatmul bits
test_quantized.py,test_qmv,named,QuantizedMatmul bits
test_quantized.py,test_qmv,named,QuantizedMatmul bits
test_quantized.py,test_qmv,named,QuantizedMatmul bits
test_quantized.py,test_qmv,named,QuantizedMatmul bits
test_quantized.py,test_qmv,named,QuantizedMatmul bits
test_quantized.py,test_qmv,named,QuantizedMatmul bits
test_quantized.py,test_qmv,named,QuantizedMatmul bits
test_quantized.py,test_qmv,named,QuantizedMatmul bits
test_quantized.py,test_qmv,named,Quantize bits
test_quantized.py,test_qmv,named,Quantize bits
test_quantized.py,test_qmv,named,Quantize bits
test_quantized.py,test_qmv,named,Quantize bits
test_quantized.py,test_qmv,named,Quantize bits
test_quantized.py,test_qmv,named,Quantize bits
test_quantized.py,test_qmv,named,Quantize bits
test_quantized.py,test_qmv,named,Quantize bits
test_quantized.py,test_qmv,named,Quantize bits
test_quantized.py,test_qmv,named,Quantize bits
test_quantized.py,test_qmv,named,Quantize bits
test_quantized.py,test_qmv,named,Quantize bits
test_quantized.py,test_qmv,named,QuantizedMatmul group size
test_quantized.py,test_qmv,named,QuantizedMatmul group size
test_quantized.py,test_qmv,named,QuantizedMatmul group size
test_quantized.py,test_qmv,named,QuantizedMatmul group size
test_quantized.py,test_qmv,named,QuantizedMatmul group size
test_quantized.py,test_qmv,named,QuantizedMatmul group size
test_quantized.py,test_qmv,named,QuantizedMatmul group size
test_quantized.py,test_qmv,named,QuantizedMatmul group size
test_quantized.py,test_qmv,named,QuantizedMatmul group size
test_quantized.py,test_qmv,named,QuantizedMatmul group size
test_quantized.py,test_qmv,named,QuantizedMatmul group size
test_quantized.py,test_qmv,named,QuantizedMatmul group size
test_quantized.py,test_qmv,named,Quantize bits
test_quantized.py,test_qmv,named,Quantize bits
test_quantized.py,test_qmv,named,Quantize bits
test_quantized.py,test_qmv,named,Quantize bits
test_quantized.py,test_qmv,named,Quantize bits
test_quantized.py,test_qmv,named,Quantize bits
test_quantized.py,test_qmv,named,Quantize bits
test_quantized.py,test_qmv,named,Quantize bits
test_quantized.py,test_qmv,named,Quantize bits
test_quantized.py,test_qmv,named,Quantize bits
test_quantized.py,test_qmv,named,Quantize bits
test_quantized.py,test_qmv,named,Quantize bits
test_quantized.py,test_qmv,named,Quantize bits
test_quantized.py,test_qmv,named,Quantize bits
test_quantized.py,test_qmv,named,Quantize bits
test_quantized.py,test_qmv,named,Quantize bits
test_quantized.py,test_qmv,named,Quantize bits
test_quantized.py,test_qmv,named,Quantize bits
test_quantized.py,test_qmv,named,Quantize bits
test_quantized.py,test_qmv,named,Quantize bits
test_quantized.py,test_qmv,named,Quantize bits
test_quantized.py,test_qmv,named,Quantize bits
test_quantized.py,test_qmv,named,Quantize bits
test_quantized.py,test_qmv,named,Quantize bits
test_quantized.py,test_qmv,named,QuantizedMatmul group size
test_quantized.py,test_qmv,named,QuantizedMatmul group size
test_quantized.py,test_qmv,named,QuantizedMatmul group size
test_quantized.py,test_qmv,named,QuantizedMatmul group size
test_quantized.py,test_qmv,named,QuantizedMatmul group size
test_quantized.py,test_qmv,named,QuantizedMatmul group size
test_quantized.py,test_qmv,named,QuantizedMatmul group size
test_quantized.py,test_qmv,named,QuantizedMatmul group size
test_quantized.py,test_qmv,named,QuantizedMatmul group size
test_quantized.py,test_qmv,named,QuantizedMatmul group size
test_quantized.py,test_qmv,named,QuantizedMatmul group size
test_quantized.py,test_qmv,named,QuantizedMatmul group size
test_quantized.py,test_qmv,named,QuantizedMatmul bits
test_quantized.py,test_qmv,named,QuantizedMatmul bits
test_quantized.py,test_qmv,named,QuantizedMatmul bits
test_quantized.py,test_qmv,named,QuantizedMatmul bits
test_quantized.py,test_qmv,named,QuantizedMatmul bits
test_quantized.py,test_qmv,named,QuantizedMatmul bits
test_quantized.py,test_qmv,named,QuantizedMatmul bits
test_quantized.py,test_qmv,named,QuantizedMatmul bits
test_quantized.py,test_qmv,named,QuantizedMatmul bits
test_quantized.py,test_qmv,named,QuantizedMatmul bits
test_quantized.py,test_qmv,named,QuantizedMatmul bits
test_quantized.py,test_qmv,named,QuantizedMatmul bits
test_quantized.py,test_qmv,named,QuantizedMatmul bits
test_quantized.py,test_qmv,named,QuantizedMatmul bits
test_quantized.py,test_qmv,named,QuantizedMatmul bits
test_quantized.py,test_qmv,named,QuantizedMatmul bits
test_quantized.py,test_qmv,named,QuantizedMatmul bits
test_quantized.py,test_qmv,named,QuantizedMatmul bits
test_quantized.py,test_qmv,named,QuantizedMatmul bits
test_quantized.py,test_qmv,named,QuantizedMatmul bits
test_quantized.py,test_qmv,named,QuantizedMatmul bits
test_quantized.py,test_qmv,named,QuantizedMatmul bits
test_quantized.py,test_qmv,named,QuantizedMatmul bits
test_quantized.py,test_qmv,named,QuantizedMatmul bits
test_quantized.py,test_qmv,named,Quantize bits
test_quantized.py,test_qmv,named,Quantize bits
test_quantized.py,test_qmv,named,Quantize bits
test_quantized.py,test_qmv,named,Quantize bits
test_quantized.py,test_qmv,named,Quantize bits
test_quantized.py,test_qmv,named,Quantize bits
test_quantized.py,test_qmv,named,Quantize bits
test_quantized.py,test_qmv,named,Quantize bits
test_quantized.py,test_qmv,named,Quantize bits
test_quantized.py,test_qmv,named,Quantize bits
test_quantized.py,test_qmv,named,Quantize bits
test_quantized.py,test_qmv,named,Quantize bits
test_quantized.py,test_qmv,named,Quantize bits
test_quantized.py,test_qmv,named,Quantize bits
test_quantized.py,test_qmv,named,Quantize bits
test_quantized.py,test_qmv,named,Quantize bits
test_quantized.py,test_qmv,named,Quantize bits
test_quantized.py,test_qmv,named,Quantize bits
test_quantized.py,test_qmv,named,Quantize bits
test_quantized.py,test_qmv,named,Quantize bits
test_quantized.py,test_qmv,named,Quantize bits
test_quantized.py,test_qmv,named,Quantize bits
test_quantized.py,test_qmv,named,Quantize bits
test_quantized.py,test_qmv,named,Quantize bits
test_quantized.py,test_qmv,named,QuantizedMatmul weight layout
test_quantized.py,test_qmv,named,QuantizedMatmul weight layout
test_quantized.py,test_qmv,named,QuantizedMatmul weight layout
test_quantized.py,test_qmv,named,QuantizedMatmul weight layout
test_quantized.py,test_qmv,named,QuantizedMatmul weight layout
test_quantized.py,test_qmv,named,QuantizedMatmul weight layout
test_quantized.py,test_qmv,named,QuantizedMatmul weight layout
test_quantized.py,test_qmv,named,QuantizedMatmul weight layout
test_quantized.py,test_qmv,named,QuantizedMatmul weight layout
test_quantized.py,test_qmv,named,QuantizedMatmul weight layout
test_quantized.py,test_qmv,named,QuantizedMatmul weight layout
test_quantized.py,test_qmv,named,QuantizedMatmul weight layout
test_quantized.py,test_qmv,named,QuantizedMatmul weight layout
test_quantized.py,test_qmv,named,QuantizedMatmul weight layout
test_quantized.py,test_qmv,named,QuantizedMatmul weight layout
test_quantized.py,test_qmv,named,QuantizedMatmul weight layout
test_quantized.py,test_qmv,named,QuantizedMatmul weight layout
test_quantized.py,test_qmv,named,QuantizedMatmul weight layout
test_quantized.py,test_qmv,named,Quantize bits
test_quantized.py,test_qmv,named,Quantize bits
test_quantized.py,test_qmv,named,Quantize bits
test_quantized.py,test_qmv,named,Quantize bits
test_quantized.py,test_qmv,named,Quantize bits
test_quantized.py,test_qmv,named,Quantize bits
test_quantized.py,test_qmv,named,Quantize bits
test_quantized.py,test_qmv,named,Quantize bits
test_quantized.py,test_qmv,named,Quantize bits
test_quantized.py,test_qmv,named,Quantize bits
test_quantized.py,test_qmv,named,Quantize bits
test_quantized.py,test_qmv,named,Quantize bits
test_quantized.py,test_qmv,named,Quantize bits
test_quantized.py,test_qmv,named,Quantize bits
test_quantized.py,test_qmv,named,Quantize bits
test_quantized.py,test_qmv,named,Quantize bits
test_quantized.py,test_qmv,named,Quantize bits
test_quantized.py,test_qmv,named,Quantize bits
test_quantized.py,test_qmv,named,Quantize bits
test_quantized.py,test_qmv,named,Quantize bits
test_quantized.py,test_qmv,named,Quantize bits
test_quantized.py,test_qmv,named,Quantize bits
test_quantized.py,test_qmv,named,Quantize bits
test_quantized.py,test_qmv,named,Quantize bits
test_quantized.py,test_qmv,named,Quantize bits
test_quantized.py,test_qmv,named,Quantize bits
test_quantized.py,test_qmv,named,Quantize bits
test_quantized.py,test_qmv,named,Quantize bits
test_quantized.py,test_qmv,named,Quantize bits
test_quantized.py,test_qmv,named,Quantize bits
test_quantized.py,test_qmv,named,Quantize bits
test_quantized.py,test_qmv,named,Quantize bits
test_quantized.py,test_qmv,named,Quantize bits
test_quantized.py,test_qmv,named,Quantize bits
test_quantized.py,test_qmv,named,Quantize bits
test_quantized.py,test_qmv,named,Quantize bits
test_quantized.py,test_qmv,named,Quantize bits
test_quantized.py,test_qmv,named,Quantize bits
test_quantized.py,test_qmv,named,Quantize bits
test_quantized.py,test_qmv,named,Quantize bits
test_quantized.py,test_qmv,named,Quantize bits
test_quantized.py,test_qmv,named,Quantize bits
test_quantized.py,test_qmv,named,Quantize bits
test_quantized.py,test_qmv,named,Quantize bits
test_quantized.py,test_qmv,named,Quantize bits
test_quantized.py,test_qmv,named,Quantize bits
test_quantized.py,test_qmv,named,Quantize bits
test_quantized.py,test_qmv,named,Quantize bits
test_quantized.py,test_qmv,named,QuantizedMatmul weight layout
test_quantized.py,test_qmv,named,QuantizedMatmul weight layout
test_quantized.py,test_qmv,named,QuantizedMatmul weight layout
test_quantized.py,test_qmv,named,QuantizedMatmul weight layout
test_quantized.py,test_qmv,named,QuantizedMatmul weight layout
test_quantized.py,test_qmv,named,QuantizedMatmul weight layout
test_quantized.py,test_qmv,named,QuantizedMatmul weight layout
test_quantized.py,test_qmv,named,QuantizedMatmul weight layout
test_quantized.py,test_qmv,named,QuantizedMatmul weight layout
test_quantized.py,test_qmv,named,QuantizedMatmul weight layout
test_quantized.py,test_qmv,named,QuantizedMatmul weight layout
test_quantized.py,test_qmv,named,QuantizedMatmul weight layout
test_quantized.py,test_qmv,named,QuantizedMatmul weight layout
test_quantized.py,test_qmv,named,QuantizedMatmul weight layout
test_quantized.py,test_qmv,named,QuantizedMatmul weight layout
test_quantized.py,test_qmv,named,QuantizedMatmul weight layout
test_quantized.py,test_qmv,named,QuantizedMatmul weight layout
test_quantized.py,test_qmv,named,QuantizedMatmul weight layout
test_quantized.py,test_qmv,named,QuantizedMatmul bits
test_quantized.py,test_qmv,named,QuantizedMatmul bits
test_quantized.py,test_qmv,named,QuantizedMatmul bits
test_quantized.py,test_qmv,named,QuantizedMatmul bits
test_quantized.py,test_qmv,named,QuantizedMatmul bits
test_quantized.py,test_qmv,named,QuantizedMatmul bits
test_quantized.py,test_qmv,named,QuantizedMatmul bits
test_quantized.py,test_qmv,named,QuantizedMatmul bits
test_quantized.py,test_qmv,named,QuantizedMatmul bits
test_quantized.py,test_qmv,named,QuantizedMatmul bits
test_quantized.py,test_qmv,named,QuantizedMatmul bits
test_quantized.py,test_qmv,named,QuantizedMatmul bits
test_quantized.py,test_qmv,named,QuantizedMatmul bits
test_quantized.py,test_qmv,named,QuantizedMatmul bits
test_quantized.py,test_qmv,named,QuantizedMatmul bits
test_quantized.py,test_qmv,named,QuantizedMatmul bits
test_quantized.py,test_qmv,named,QuantizedMatmul bits
test_quantized.py,test_qmv,named,QuantizedMatmul bits
test_quantized.py,test_qmv,named,QuantizedMatmul bits
test_quantized.py,test_qmv,named,QuantizedMatmul bits
test_quantized.py,test_qmv,named,QuantizedMatmul bits
test_quantized.py,test_qmv,named,QuantizedMatmul bits
test_quantized.py,test_qmv,named,QuantizedMatmul bits
test_quantized.py,test_qmv,named,QuantizedMatmul bits
test_quantized.py,test_qmv,named,Quantize bits
test_quantized.py,test_qmv,named,Quantize bits
test_quantized.py,test_qmv,named,Quantize bits
test_quantized.py,test_qmv,named,Quantize bits
test_quantized.py,test_qmv,named,Quantize bits
test_quantized.py,test_qmv,named,Quantize bits
test_quantized.py,test_qmv,named,Quantize bits
test_quantized.py,test_qmv,named,Quantize bits
test_quantized.py,test_qmv,named,Quantize bits
test_quantized.py,test_qmv,named,Quantize bits
test_quantized.py,test_qmv,named,Quantize bits
test_quantized.py,test_qmv,named,Quantize bits
test_quantized.py,test_qmv,named,Quantize bits
test_quantized.py,test_qmv,named,Quantize bits
test_quantized.py,test_qmv,named,Quantize bits
test_quantized.py,test_qmv,named,Quantize bits
test_quantized.py,test_qmv,named,Quantize bits
test_quantized.py,test_qmv,named,Quantize bits
test_quantized.py,test_qmv,named,Quantize bits
test_quantized.py,test_qmv,named,Quantize bits
test_quantized.py,test_qmv,named,Quantize bits
test_quantized.py,test_qmv,named,Quantize bits
test_quantized.py,test_qmv,named,Quantize bits
test_quantized.py,test_qmv,named,Quantize bits
test_quantized.py,test_qmv,named,QuantizedMatmul weight layout
test_quantized.py,test_qmv,named,QuantizedMatmul weight layout
test_quantized.py,test_qmv,named,QuantizedMatmul weight layout
test_quantized.py,test_qmv,named,QuantizedMatmul weight layout
test_quantized.py,test_qmv,named,QuantizedMatmul weight layout
test_quantized.py,test_qmv,named,QuantizedMatmul weight layout
test_quantized.py,test_qmv,named,QuantizedMatmul weight layout
test_quantized.py,test_qmv,named,QuantizedMatmul weight layout
test_quantized.py,test_qmv,named,QuantizedMatmul weight layout
test_quantized.py,test_qmv,named,QuantizedMatmul weight layout
test_quantized.py,test_qmv,named,QuantizedMatmul weight layout
test_quantized.py,test_qmv,named,QuantizedMatmul weight layout
test_quantized.py,test_qmv,named,QuantizedMatmul weight layout
test_quantized.py,test_qmv,named,QuantizedMatmul weight layout
test_quantized.py,test_qmv,named,QuantizedMatmul weight layout
test_quantized.py,test_qmv,named,QuantizedMatmul weight layout
test_quantized.py,test_qmv,named,QuantizedMatmul weight layout
test_quantized.py,test_qmv,named,QuantizedMatmul weight layout
test_quantized.py,test_qmv,named,Quantize bits
test_quantized.py,test_qmv,named,Quantize bits
test_quantized.py,test_qmv,named,Quantize bits
test_quantized.py,test_qmv,named,Quantize bits
test_quantized.py,test_qmv,named,Quantize bits
test_quantized.py,test_qmv,named,Quantize bits
test_quantized.py,test_qmv,named,Quantize bits
test_quantized.py,test_qmv,named,Quantize bits
test_quantized.py,test_qmv,named,Quantize bits
test_quantized.py,test_qmv,named,Quantize bits
test_quantized.py,test_qmv,named,Quantize bits
test_quantized.py,test_qmv,named,Quantize bits
test_quantized.py,test_qmv,named,Quantize bits
test_quantized.py,test_qmv,named,Quantize bits
test_quantized.py,test_qmv,named,Quantize bits
test_quantized.py,test_qmv,named,Quantize bits
test_quantized.py,test_qmv,named,Quantize bits
test_quantized.py,test_qmv,named,Quantize bits
test_quantized.py,test_qmv,named,Quantize bits
test_quantized.py,test_qmv,named,Quantize bits
test_quantized.py,test_qmv,named,Quantize bits
test_quantized.py,test_qmv,named,Quantize bits
test_quantized.py,test_qmv,named,Quantize bits
test_quantized.py,test_qmv,named,Quantize bits
test_quantized.py,test_qmv,named,Quantize bits
test_quantized.py,test_qmv,named,Quantize bits
test_quantized.py,test_qmv,named,Quantize bits
test_quantized.py,test_qmv,named,Quantize bits
test_quantized.py,test_qmv,named,Quantize bits
test_quantized.py,test_qmv,named,Quantize bits
test_quantized.py,test_qmv,named,Quantize bits
test_quantized.py,test_qmv,named,Quantize bits
test_quantized.py,test_qmv,named,Quantize bits
test_quantized.py,test_qmv,named,Quantize bits
test_quantized.py,test_qmv,named,Quantize bits
test_quantized.py,test_qmv,named,Quantize bits
test_quantized.py,test_qmv,named,Quantize bits
test_quantized.py,test_qmv,named,Quantize bits
test_quantized.py,test_qmv,named,Quantize bits
test_quantized.py,test_qmv,named,Quantize bits
test_quantized.py,test_qmv,named,Quantize bits
test_quantized.py,test_qmv,named,Quantize bits
test_quantized.py,test_qmv,named,Quantize bits
test_quantized.py,test_qmv,named,Quantize bits
test_quantized.py,test_qmv,named,Quantize bits
test_quantized.py,test_qmv,named,Quantize bits
test_quantized.py,test_qmv,named,Quantize bits
test_quantized.py,test_qmv,named,Quantize bits
test_quantized.py,test_qmv,named,QuantizedMatmul weight layout
test_quantized.py,test_qmv,named,QuantizedMatmul weight layout
test_quantized.py,test_qmv,named,QuantizedMatmul weight layout
test_quantized.py,test_qmv,named,QuantizedMatmul weight layout
test_quantized.py,test_qmv,named,QuantizedMatmul weight layout
test_quantized.py,test_qmv,named,QuantizedMatmul weight layout
test_quantized.py,test_qmv,named,QuantizedMatmul weight layout
test_quantized.py,test_qmv,named,QuantizedMatmul weight layout
test_quantized.py,test_qmv,named,QuantizedMatmul weight layout
test_quantized.py,test_qmv,named,QuantizedMatmul weight layout
test_quantized.py,test_qmv,named,QuantizedMatmul weight layout
test_quantized.py,test_qmv,named,QuantizedMatmul weight layout
test_quantized.py,test_qmv,named,QuantizedMatmul weight layout
test_quantized.py,test_qmv,named,QuantizedMatmul weight layout
test_quantized.py,test_qmv,named,QuantizedMatmul weight layout
test_quantized.py,test_qmv,named,QuantizedMatmul weight layout
test_quantized.py,test_qmv,named,QuantizedMatmul weight layout
test_quantized.py,test_qmv,named,QuantizedMatmul weight layout
test_quantized.py,test_qmv_small_non_multiples,named,Quantize bits
test_quantized.py,test_qmv_small_non_multiples,named,Quantize mode
test_quantized.py,test_qmv_small_non_multiples,named,Quantize bits
test_quantized.py,test_qmv_small_non_multiples,named,Quantize mode
test_quantized.py,test_qmv_small_non_multiples,named,Quantize bits
test_quantized.py,test_qmv_small_non_multiples,named,Quantize mode
test_quantized.py,test_qmv_small_non_multiples,named,Quantize bits
test_quantized.py,test_qmv_small_non_multiples,named,Quantize mode
test_quantized.py,test_qmv_wide,named,QuantizedMatmul bits
test_quantized.py,test_qmv_wide,named,QuantizedMatmul bits
test_quantized.py,test_qmv_wide,named,QuantizedMatmul bits
test_quantized.py,test_qmv_wide,named,QuantizedMatmul bits
test_quantized.py,test_qmv_wide,named,QuantizedMatmul bits
test_quantized.py,test_qmv_wide,named,QuantizedMatmul bits
test_quantized.py,test_qmv_wide,named,QuantizedMatmul bits
test_quantized.py,test_qmv_wide,named,QuantizedMatmul bits
test_quantized.py,test_qmv_wide,named,QuantizedMatmul bits
test_quantized.py,test_qmv_wide,named,QuantizedMatmul bits
test_quantized.py,test_qmv_wide,named,QuantizedMatmul bits
test_quantized.py,test_qmv_wide,named,QuantizedMatmul bits
test_quantized.py,test_qmv_wide,named,QuantizedMatmul bits
test_quantized.py,test_qmv_wide,named,QuantizedMatmul bits
test_quantized.py,test_qmv_wide,named,QuantizedMatmul bits
test_quantized.py,test_qmv_wide,named,QuantizedMatmul bits
test_quantized.py,test_qmv_wide,named,QuantizedMatmul bits
test_quantized.py,test_qmv_wide,named,QuantizedMatmul bits
test_quantized.py,test_qmv_wide,named,QuantizedMatmul bits
test_quantized.py,test_qmv_wide,named,QuantizedMatmul bits
test_quantized.py,test_qmv_wide,named,QuantizedMatmul bits
test_quantized.py,test_qmv_wide,named,QuantizedMatmul bits
test_quantized.py,test_qmv_wide,named,QuantizedMatmul bits
test_quantized.py,test_qmv_wide,named,QuantizedMatmul bits
test_quantized.py,test_qmv_wide,named,QuantizedMatmul bits
test_quantized.py,test_qmv_wide,named,QuantizedMatmul bits
test_quantized.py,test_qmv_wide,named,QuantizedMatmul bits
test_quantized.py,test_qmv_wide,named,QuantizedMatmul bits
test_quantized.py,test_qmv_wide,named,QuantizedMatmul bits
test_quantized.py,test_qmv_wide,named,QuantizedMatmul bits
test_quantized.py,test_qmv_wide,named,QuantizedMatmul bits
test_quantized.py,test_qmv_wide,named,QuantizedMatmul bits
test_quantized.py,test_qmv_wide,named,QuantizedMatmul bits
test_quantized.py,test_qmv_wide,named,QuantizedMatmul bits
test_quantized.py,test_qmv_wide,named,QuantizedMatmul bits
test_quantized.py,test_qmv_wide,named,QuantizedMatmul bits
test_quantized.py,test_qmv_wide,named,QuantizedMatmul bits
test_quantized.py,test_qmv_wide,named,QuantizedMatmul bits
test_quantized.py,test_qmv_wide,named,QuantizedMatmul bits
test_quantized.py,test_qmv_wide,named,QuantizedMatmul bits
test_quantized.py,test_qmv_wide,named,QuantizedMatmul bits
test_quantized.py,test_qmv_wide,named,QuantizedMatmul bits
test_quantized.py,test_qmv_wide,named,QuantizedMatmul bits
test_quantized.py,test_qmv_wide,named,QuantizedMatmul bits
test_quantized.py,test_qmv_wide,named,QuantizedMatmul bits
test_quantized.py,test_qmv_wide,named,QuantizedMatmul bits
test_quantized.py,test_qmv_wide,named,QuantizedMatmul bits
test_quantized.py,test_qmv_wide,named,QuantizedMatmul bits
test_quantized.py,test_qmv_wide,named,QuantizedMatmul bits
test_quantized.py,test_qmv_wide,named,QuantizedMatmul bits
test_quantized.py,test_qmv_wide,named,QuantizedMatmul bits
test_quantized.py,test_qmv_wide,named,QuantizedMatmul bits
test_quantized.py,test_qmv_wide,named,QuantizedMatmul bits
test_quantized.py,test_qmv_wide,named,QuantizedMatmul bits
test_quantized.py,test_qmv_wide,named,QuantizedMatmul bits
test_quantized.py,test_qmv_wide,named,QuantizedMatmul bits
test_quantized.py,test_qmv_wide,named,Quantize bits
test_quantized.py,test_qmv_wide,named,Quantize bits
test_quantized.py,test_qmv_wide,named,Quantize bits
test_quantized.py,test_qmv_wide,named,Quantize bits
test_quantized.py,test_qmv_wide,named,Quantize bits
test_quantized.py,test_qmv_wide,named,Quantize bits
test_quantized.py,test_qmv_wide,named,Quantize bits
test_quantized.py,test_qmv_wide,named,Quantize bits
test_quantized.py,test_qmv_wide,named,Quantize bits
test_quantized.py,test_qmv_wide,named,Quantize bits
test_quantized.py,test_qmv_wide,named,Quantize bits
test_quantized.py,test_qmv_wide,named,Quantize bits
test_quantized.py,test_qmv_wide,named,Quantize bits
test_quantized.py,test_qmv_wide,named,Quantize bits
test_quantized.py,test_qmv_wide,named,Quantize bits
test_quantized.py,test_qmv_wide,named,Quantize bits
test_quantized.py,test_qmv_wide,named,Quantize bits
test_quantized.py,test_qmv_wide,named,Quantize bits
test_quantized.py,test_qmv_wide,named,Quantize bits
test_quantized.py,test_qmv_wide,named,Quantize bits
test_quantized.py,test_qmv_wide,named,Quantize bits
test_quantized.py,test_qmv_wide,named,Quantize bits
test_quantized.py,test_qmv_wide,named,Quantize bits
test_quantized.py,test_qmv_wide,named,Quantize bits
test_quantized.py,test_qmv_wide,named,Quantize bits
test_quantized.py,test_qmv_wide,named,Quantize bits
test_quantized.py,test_qmv_wide,named,Quantize bits
test_quantized.py,test_qmv_wide,named,Quantize bits
test_quantized.py,test_qmv_wide,named,Quantize bits
test_quantized.py,test_qmv_wide,named,Quantize bits
test_quantized.py,test_qmv_wide,named,Quantize bits
test_quantized.py,test_qmv_wide,named,Quantize bits
test_quantized.py,test_qmv_wide,named,Quantize bits
test_quantized.py,test_qmv_wide,named,Quantize bits
test_quantized.py,test_qmv_wide,named,Quantize bits
test_quantized.py,test_qmv_wide,named,Quantize bits
test_quantized.py,test_qmv_wide,named,Quantize bits
test_quantized.py,test_qmv_wide,named,Quantize bits
test_quantized.py,test_qmv_wide,named,Quantize bits
test_quantized.py,test_qmv_wide,named,Quantize bits
test_quantized.py,test_qmv_wide,named,Quantize bits
test_quantized.py,test_qmv_wide,named,Quantize bits
test_quantized.py,test_qmv_wide,named,Quantize bits
test_quantized.py,test_qmv_wide,named,Quantize bits
test_quantized.py,test_qmv_wide,named,Quantize bits
test_quantized.py,test_qmv_wide,named,Quantize bits
test_quantized.py,test_qmv_wide,named,Quantize bits
test_quantized.py,test_qmv_wide,named,Quantize bits
test_quantized.py,test_qmv_wide,named,Quantize bits
test_quantized.py,test_qmv_wide,named,Quantize bits
test_quantized.py,test_qmv_wide,named,Quantize bits
test_quantized.py,test_qmv_wide,named,Quantize bits
test_quantized.py,test_qmv_wide,named,Quantize bits
test_quantized.py,test_qmv_wide,named,Quantize bits
test_quantized.py,test_qmv_wide,named,Quantize bits
test_quantized.py,test_qmv_wide,named,Quantize bits
test_quantized.py,test_qmv_wide,named,QuantizedMatmul weight layout
test_quantized.py,test_qmv_wide,named,QuantizedMatmul weight layout
test_quantized.py,test_qmv_wide,named,QuantizedMatmul weight layout
test_quantized.py,test_qmv_wide,named,QuantizedMatmul weight layout
test_quantized.py,test_qmv_wide,named,QuantizedMatmul weight layout
test_quantized.py,test_qmv_wide,named,QuantizedMatmul weight layout
test_quantized.py,test_qmv_wide,named,QuantizedMatmul weight layout
test_quantized.py,test_qmv_wide,named,QuantizedMatmul weight layout
test_quantized.py,test_qmv_wide,named,QuantizedMatmul weight layout
test_quantized.py,test_qmv_wide,named,QuantizedMatmul weight layout
test_quantized.py,test_qmv_wide,named,QuantizedMatmul weight layout
test_quantized.py,test_qmv_wide,named,QuantizedMatmul weight layout
test_quantized.py,test_qmv_wide,named,QuantizedMatmul weight layout
test_quantized.py,test_qmv_wide,named,QuantizedMatmul weight layout
test_quantized.py,test_qmv_wide,named,QuantizedMatmul weight layout
test_quantized.py,test_qmv_wide,named,QuantizedMatmul weight layout
test_quantized.py,test_qmv_wide,named,QuantizedMatmul weight layout
test_quantized.py,test_qmv_wide,named,QuantizedMatmul weight layout
test_quantized.py,test_qmv_wide,named,QuantizedMatmul weight layout
test_quantized.py,test_qmv_wide,named,QuantizedMatmul weight layout
test_quantized.py,test_qmv_wide,named,QuantizedMatmul weight layout
test_quantized.py,test_qmv_wide,named,QuantizedMatmul weight layout
test_quantized.py,test_qmv_wide,named,QuantizedMatmul weight layout
test_quantized.py,test_qmv_wide,named,QuantizedMatmul weight layout
test_quantized.py,test_qmv_wide,named,QuantizedMatmul weight layout
test_quantized.py,test_qmv_wide,named,QuantizedMatmul weight layout
test_quantized.py,test_qmv_wide,named,QuantizedMatmul weight layout
test_quantized.py,test_qmv_wide,named,QuantizedMatmul weight layout
test_quantized.py,test_qmv_wide,named,Quantize bits
test_quantized.py,test_qmv_wide,named,Quantize bits
test_quantized.py,test_qmv_wide,named,Quantize bits
test_quantized.py,test_qmv_wide,named,Quantize bits
test_quantized.py,test_qmv_wide,named,Quantize bits
test_quantized.py,test_qmv_wide,named,Quantize bits
test_quantized.py,test_qmv_wide,named,Quantize bits
test_quantized.py,test_qmv_wide,named,Quantize bits
test_quantized.py,test_qmv_wide,named,Quantize bits
test_quantized.py,test_qmv_wide,named,Quantize bits
test_quantized.py,test_qmv_wide,named,Quantize bits
test_quantized.py,test_qmv_wide,named,Quantize bits
test_quantized.py,test_qmv_wide,named,Quantize bits
test_quantized.py,test_qmv_wide,named,Quantize bits
test_quantized.py,test_qmv_wide,named,Quantize bits
test_quantized.py,test_qmv_wide,named,Quantize bits
test_quantized.py,test_qmv_wide,named,Quantize bits
test_quantized.py,test_qmv_wide,named,Quantize bits
test_quantized.py,test_qmv_wide,named,Quantize bits
test_quantized.py,test_qmv_wide,named,Quantize bits
test_quantized.py,test_qmv_wide,named,Quantize bits
test_quantized.py,test_qmv_wide,named,Quantize bits
test_quantized.py,test_qmv_wide,named,Quantize bits
test_quantized.py,test_qmv_wide,named,Quantize bits
test_quantized.py,test_qmv_wide,named,Quantize bits
test_quantized.py,test_qmv_wide,named,Quantize bits
test_quantized.py,test_qmv_wide,named,Quantize bits
test_quantized.py,test_qmv_wide,named,Quantize bits
test_quantized.py,test_qmv_wide,named,Quantize bits
test_quantized.py,test_qmv_wide,named,Quantize bits
test_quantized.py,test_qmv_wide,named,Quantize bits
test_quantized.py,test_qmv_wide,named,Quantize bits
test_quantized.py,test_qmv_wide,named,Quantize bits
test_quantized.py,test_qmv_wide,named,Quantize bits
test_quantized.py,test_qmv_wide,named,Quantize bits
test_quantized.py,test_qmv_wide,named,Quantize bits
test_quantized.py,test_qmv_wide,named,Quantize bits
test_quantized.py,test_qmv_wide,named,Quantize bits
test_quantized.py,test_qmv_wide,named,Quantize bits
test_quantized.py,test_qmv_wide,named,Quantize bits
test_quantized.py,test_qmv_wide,named,Quantize bits
test_quantized.py,test_qmv_wide,named,Quantize bits
test_quantized.py,test_qmv_wide,named,Quantize bits
test_quantized.py,test_qmv_wide,named,Quantize bits
test_quantized.py,test_qmv_wide,named,Quantize bits
test_quantized.py,test_qmv_wide,named,Quantize bits
test_quantized.py,test_qmv_wide,named,Quantize bits
test_quantized.py,test_qmv_wide,named,Quantize bits
test_quantized.py,test_qmv_wide,named,Quantize bits
test_quantized.py,test_qmv_wide,named,Quantize bits
test_quantized.py,test_qmv_wide,named,Quantize bits
test_quantized.py,test_qmv_wide,named,Quantize bits
test_quantized.py,test_qmv_wide,named,Quantize bits
test_quantized.py,test_qmv_wide,named,Quantize bits
test_quantized.py,test_qmv_wide,named,Quantize bits
test_quantized.py,test_qmv_wide,named,Quantize bits
test_quantized.py,test_qmv_wide,named,Quantize bits
test_quantized.py,test_qmv_wide,named,Quantize bits
test_quantized.py,test_qmv_wide,named,Quantize bits
test_quantized.py,test_qmv_wide,named,Quantize bits
test_quantized.py,test_qmv_wide,named,Quantize bits
test_quantized.py,test_qmv_wide,named,Quantize bits
test_quantized.py,test_qmv_wide,named,Quantize bits
test_quantized.py,test_qmv_wide,named,Quantize bits
test_quantized.py,test_qmv_wide,named,Quantize bits
test_quantized.py,test_qmv_wide,named,Quantize bits
test_quantized.py,test_qmv_wide,named,Quantize bits
test_quantized.py,test_qmv_wide,named,Quantize bits
test_quantized.py,test_qmv_wide,named,Quantize bits
test_quantized.py,test_qmv_wide,named,Quantize bits
test_quantized.py,test_qmv_wide,named,Quantize bits
test_quantized.py,test_qmv_wide,named,Quantize bits
test_quantized.py,test_qmv_wide,named,Quantize bits
test_quantized.py,test_qmv_wide,named,Quantize bits
test_quantized.py,test_qmv_wide,named,Quantize bits
test_quantized.py,test_qmv_wide,named,Quantize bits
test_quantized.py,test_qmv_wide,named,Quantize bits
test_quantized.py,test_qmv_wide,named,Quantize bits
test_quantized.py,test_qmv_wide,named,Quantize bits
test_quantized.py,test_qmv_wide,named,Quantize bits
test_quantized.py,test_qmv_wide,named,Quantize bits
test_quantized.py,test_qmv_wide,named,Quantize bits
test_quantized.py,test_qmv_wide,named,Quantize bits
test_quantized.py,test_qmv_wide,named,Quantize bits
test_quantized.py,test_qmv_wide,named,Quantize bits
test_quantized.py,test_qmv_wide,named,Quantize bits
test_quantized.py,test_qmv_wide,named,Quantize bits
test_quantized.py,test_qmv_wide,named,Quantize bits
test_quantized.py,test_qmv_wide,named,Quantize bits
test_quantized.py,test_qmv_wide,named,Quantize bits
test_quantized.py,test_qmv_wide,named,Quantize bits
test_quantized.py,test_qmv_wide,named,Quantize bits
test_quantized.py,test_qmv_wide,named,Quantize bits
test_quantized.py,test_qmv_wide,named,Quantize bits
test_quantized.py,test_qmv_wide,named,Quantize bits
test_quantized.py,test_qmv_wide,named,Quantize bits
test_quantized.py,test_qmv_wide,named,Quantize bits
test_quantized.py,test_qmv_wide,named,Quantize bits
test_quantized.py,test_qmv_wide,named,Quantize bits
test_quantized.py,test_qmv_wide,named,Quantize bits
test_quantized.py,test_qmv_wide,named,Quantize bits
test_quantized.py,test_qmv_wide,named,Quantize bits
test_quantized.py,test_qmv_wide,named,Quantize bits
test_quantized.py,test_qmv_wide,named,Quantize bits
test_quantized.py,test_qmv_wide,named,Quantize bits
test_quantized.py,test_qmv_wide,named,Quantize bits
test_quantized.py,test_qmv_wide,named,Quantize bits
test_quantized.py,test_qmv_wide,named,Quantize bits
test_quantized.py,test_qmv_wide,named,Quantize bits
test_quantized.py,test_qmv_wide,named,Quantize bits
test_quantized.py,test_qmv_wide,named,Quantize bits
test_quantized.py,test_qmv_wide,named,Quantize bits
test_quantized.py,test_qmv_wide,named,QuantizedMatmul weight layout
test_quantized.py,test_qmv_wide,named,QuantizedMatmul weight layout
test_quantized.py,test_qmv_wide,named,QuantizedMatmul weight layout
test_quantized.py,test_qmv_wide,named,QuantizedMatmul weight layout
test_quantized.py,test_qmv_wide,named,QuantizedMatmul weight layout
test_quantized.py,test_qmv_wide,named,QuantizedMatmul weight layout
test_quantized.py,test_qmv_wide,named,QuantizedMatmul weight layout
test_quantized.py,test_qmv_wide,named,QuantizedMatmul weight layout
test_quantized.py,test_qmv_wide,named,QuantizedMatmul weight layout
test_quantized.py,test_qmv_wide,named,QuantizedMatmul weight layout
test_quantized.py,test_qmv_wide,named,QuantizedMatmul weight layout
test_quantized.py,test_qmv_wide,named,QuantizedMatmul weight layout
test_quantized.py,test_qmv_wide,named,QuantizedMatmul weight layout
test_quantized.py,test_qmv_wide,named,QuantizedMatmul weight layout
test_quantized.py,test_qmv_wide,named,QuantizedMatmul weight layout
test_quantized.py,test_qmv_wide,named,QuantizedMatmul weight layout
test_quantized.py,test_qmv_wide,named,QuantizedMatmul weight layout
test_quantized.py,test_qmv_wide,named,QuantizedMatmul weight layout
test_quantized.py,test_qmv_wide,named,QuantizedMatmul weight layout
test_quantized.py,test_qmv_wide,named,QuantizedMatmul weight layout
test_quantized.py,test_qmv_wide,named,QuantizedMatmul weight layout
test_quantized.py,test_qmv_wide,named,QuantizedMatmul weight layout
test_quantized.py,test_qmv_wide,named,QuantizedMatmul weight layout
test_quantized.py,test_qmv_wide,named,QuantizedMatmul weight layout
test_quantized.py,test_qmv_wide,named,QuantizedMatmul weight layout
test_quantized.py,test_qmv_wide,named,QuantizedMatmul weight layout
test_quantized.py,test_qmv_wide,named,QuantizedMatmul weight layout
test_quantized.py,test_qmv_wide,named,QuantizedMatmul weight layout
test_quantized.py,test_qmv_wide,named,QuantizedMatmul bits
test_quantized.py,test_qmv_wide,named,QuantizedMatmul bits
test_quantized.py,test_qmv_wide,named,QuantizedMatmul bits
test_quantized.py,test_qmv_wide,named,QuantizedMatmul bits
test_quantized.py,test_qmv_wide,named,QuantizedMatmul bits
test_quantized.py,test_qmv_wide,named,QuantizedMatmul bits
test_quantized.py,test_qmv_wide,named,QuantizedMatmul bits
test_quantized.py,test_qmv_wide,named,QuantizedMatmul bits
test_quantized.py,test_qmv_wide,named,QuantizedMatmul bits
test_quantized.py,test_qmv_wide,named,QuantizedMatmul bits
test_quantized.py,test_qmv_wide,named,QuantizedMatmul bits
test_quantized.py,test_qmv_wide,named,QuantizedMatmul bits
test_quantized.py,test_qmv_wide,named,QuantizedMatmul bits
test_quantized.py,test_qmv_wide,named,QuantizedMatmul bits
test_quantized.py,test_qmv_wide,named,QuantizedMatmul bits
test_quantized.py,test_qmv_wide,named,QuantizedMatmul bits
test_quantized.py,test_qmv_wide,named,QuantizedMatmul bits
test_quantized.py,test_qmv_wide,named,QuantizedMatmul bits
test_quantized.py,test_qmv_wide,named,QuantizedMatmul bits
test_quantized.py,test_qmv_wide,named,QuantizedMatmul bits
test_quantized.py,test_qmv_wide,named,QuantizedMatmul bits
test_quantized.py,test_qmv_wide,named,QuantizedMatmul bits
test_quantized.py,test_qmv_wide,named,QuantizedMatmul bits
test_quantized.py,test_qmv_wide,named,QuantizedMatmul bits
test_quantized.py,test_qmv_wide,named,QuantizedMatmul bits
test_quantized.py,test_qmv_wide,named,QuantizedMatmul bits
test_quantized.py,test_qmv_wide,named,QuantizedMatmul bits
test_quantized.py,test_qmv_wide,named,QuantizedMatmul bits
test_quantized.py,test_qmv_wide,named,QuantizedMatmul bits
test_quantized.py,test_qmv_wide,named,QuantizedMatmul bits
test_quantized.py,test_qmv_wide,named,QuantizedMatmul bits
test_quantized.py,test_qmv_wide,named,QuantizedMatmul bits
test_quantized.py,test_qmv_wide,named,QuantizedMatmul bits
test_quantized.py,test_qmv_wide,named,QuantizedMatmul bits
test_quantized.py,test_qmv_wide,named,QuantizedMatmul bits
test_quantized.py,test_qmv_wide,named,QuantizedMatmul bits
test_quantized.py,test_qmv_wide,named,QuantizedMatmul bits
test_quantized.py,test_qmv_wide,named,QuantizedMatmul bits
test_quantized.py,test_qmv_wide,named,QuantizedMatmul bits
test_quantized.py,test_qmv_wide,named,QuantizedMatmul bits
test_quantized.py,test_qmv_wide,named,QuantizedMatmul bits
test_quantized.py,test_qmv_wide,named,QuantizedMatmul bits
test_quantized.py,test_qmv_wide,named,QuantizedMatmul bits
test_quantized.py,test_qmv_wide,named,QuantizedMatmul bits
test_quantized.py,test_qmv_wide,named,QuantizedMatmul bits
test_quantized.py,test_qmv_wide,named,QuantizedMatmul bits
test_quantized.py,test_qmv_wide,named,QuantizedMatmul bits
test_quantized.py,test_qmv_wide,named,QuantizedMatmul bits
test_quantized.py,test_qmv_wide,named,QuantizedMatmul bits
test_quantized.py,test_qmv_wide,named,QuantizedMatmul bits
test_quantized.py,test_qmv_wide,named,QuantizedMatmul bits
test_quantized.py,test_qmv_wide,named,QuantizedMatmul bits
test_quantized.py,test_qmv_wide,named,QuantizedMatmul bits
test_quantized.py,test_qmv_wide,named,QuantizedMatmul bits
test_quantized.py,test_qmv_wide,named,QuantizedMatmul bits
test_quantized.py,test_qmv_wide,named,QuantizedMatmul bits
test_quantized.py,test_qmv_wide,named,Quantize bits
test_quantized.py,test_qmv_wide,named,Quantize bits
test_quantized.py,test_qmv_wide,named,Quantize bits
test_quantized.py,test_qmv_wide,named,Quantize bits
test_quantized.py,test_qmv_wide,named,Quantize bits
test_quantized.py,test_qmv_wide,named,Quantize bits
test_quantized.py,test_qmv_wide,named,Quantize bits
test_quantized.py,test_qmv_wide,named,Quantize bits
test_quantized.py,test_qmv_wide,named,Quantize bits
test_quantized.py,test_qmv_wide,named,Quantize bits
test_quantized.py,test_qmv_wide,named,Quantize bits
test_quantized.py,test_qmv_wide,named,Quantize bits
test_quantized.py,test_qmv_wide,named,Quantize bits
test_quantized.py,test_qmv_wide,named,Quantize bits
test_quantized.py,test_qmv_wide,named,Quantize bits
test_quantized.py,test_qmv_wide,named,Quantize bits
test_quantized.py,test_qmv_wide,named,Quantize bits
test_quantized.py,test_qmv_wide,named,Quantize bits
test_quantized.py,test_qmv_wide,named,Quantize bits
test_quantized.py,test_qmv_wide,named,Quantize bits
test_quantized.py,test_qmv_wide,named,Quantize bits
test_quantized.py,test_qmv_wide,named,Quantize bits
test_quantized.py,test_qmv_wide,named,Quantize bits
test_quantized.py,test_qmv_wide,named,Quantize bits
test_quantized.py,test_qmv_wide,named,Quantize bits
test_quantized.py,test_qmv_wide,named,Quantize bits
test_quantized.py,test_qmv_wide,named,Quantize bits
test_quantized.py,test_qmv_wide,named,Quantize bits
test_quantized.py,test_qmv_wide,named,Quantize bits
test_quantized.py,test_qmv_wide,named,Quantize bits
test_quantized.py,test_qmv_wide,named,Quantize bits
test_quantized.py,test_qmv_wide,named,Quantize bits
test_quantized.py,test_qmv_wide,named,Quantize bits
test_quantized.py,test_qmv_wide,named,Quantize bits
test_quantized.py,test_qmv_wide,named,Quantize bits
test_quantized.py,test_qmv_wide,named,Quantize bits
test_quantized.py,test_qmv_wide,named,Quantize bits
test_quantized.py,test_qmv_wide,named,Quantize bits
test_quantized.py,test_qmv_wide,named,Quantize bits
test_quantized.py,test_qmv_wide,named,Quantize bits
test_quantized.py,test_qmv_wide,named,Quantize bits
test_quantized.py,test_qmv_wide,named,Quantize bits
test_quantized.py,test_qmv_wide,named,Quantize bits
test_quantized.py,test_qmv_wide,named,Quantize bits
test_quantized.py,test_qmv_wide,named,Quantize bits
test_quantized.py,test_qmv_wide,named,Quantize bits
test_quantized.py,test_qmv_wide,named,Quantize bits
test_quantized.py,test_qmv_wide,named,Quantize bits
test_quantized.py,test_qmv_wide,named,Quantize bits
test_quantized.py,test_qmv_wide,named,Quantize bits
test_quantized.py,test_qmv_wide,named,Quantize bits
test_quantized.py,test_qmv_wide,named,Quantize bits
test_quantized.py,test_qmv_wide,named,Quantize bits
test_quantized.py,test_qmv_wide,named,Quantize bits
test_quantized.py,test_qmv_wide,named,Quantize bits
test_quantized.py,test_qmv_wide,named,Quantize bits
test_quantized.py,test_qmv_wide,named,QuantizedMatmul weight layout
test_quantized.py,test_qmv_wide,named,QuantizedMatmul weight layout
test_quantized.py,test_qmv_wide,named,QuantizedMatmul weight layout
test_quantized.py,test_qmv_wide,named,QuantizedMatmul weight layout
test_quantized.py,test_qmv_wide,named,QuantizedMatmul weight layout
test_quantized.py,test_qmv_wide,named,QuantizedMatmul weight layout
test_quantized.py,test_qmv_wide,named,QuantizedMatmul weight layout
test_quantized.py,test_qmv_wide,named,QuantizedMatmul weight layout
test_quantized.py,test_qmv_wide,named,QuantizedMatmul weight layout
test_quantized.py,test_qmv_wide,named,QuantizedMatmul weight layout
test_quantized.py,test_qmv_wide,named,QuantizedMatmul weight layout
test_quantized.py,test_qmv_wide,named,QuantizedMatmul weight layout
test_quantized.py,test_qmv_wide,named,QuantizedMatmul weight layout
test_quantized.py,test_qmv_wide,named,QuantizedMatmul weight layout
test_quantized.py,test_qmv_wide,named,QuantizedMatmul weight layout
test_quantized.py,test_qmv_wide,named,QuantizedMatmul weight layout
test_quantized.py,test_qmv_wide,named,QuantizedMatmul weight layout
test_quantized.py,test_qmv_wide,named,QuantizedMatmul weight layout
test_quantized.py,test_qmv_wide,named,QuantizedMatmul weight layout
test_quantized.py,test_qmv_wide,named,QuantizedMatmul weight layout
test_quantized.py,test_qmv_wide,named,QuantizedMatmul weight layout
test_quantized.py,test_qmv_wide,named,QuantizedMatmul weight layout
test_quantized.py,test_qmv_wide,named,QuantizedMatmul weight layout
test_quantized.py,test_qmv_wide,named,QuantizedMatmul weight layout
test_quantized.py,test_qmv_wide,named,QuantizedMatmul weight layout
test_quantized.py,test_qmv_wide,named,QuantizedMatmul weight layout
test_quantized.py,test_qmv_wide,named,QuantizedMatmul weight layout
test_quantized.py,test_qmv_wide,named,QuantizedMatmul weight layout
test_quantized.py,test_qmv_wide,named,Quantize bits
test_quantized.py,test_qmv_wide,named,Quantize bits
test_quantized.py,test_qmv_wide,named,Quantize bits
test_quantized.py,test_qmv_wide,named,Quantize bits
test_quantized.py,test_qmv_wide,named,Quantize bits
test_quantized.py,test_qmv_wide,named,Quantize bits
test_quantized.py,test_qmv_wide,named,Quantize bits
test_quantized.py,test_qmv_wide,named,Quantize bits
test_quantized.py,test_qmv_wide,named,Quantize bits
test_quantized.py,test_qmv_wide,named,Quantize bits
test_quantized.py,test_qmv_wide,named,Quantize bits
test_quantized.py,test_qmv_wide,named,Quantize bits
test_quantized.py,test_qmv_wide,named,Quantize bits
test_quantized.py,test_qmv_wide,named,Quantize bits
test_quantized.py,test_qmv_wide,named,Quantize bits
test_quantized.py,test_qmv_wide,named,Quantize bits
test_quantized.py,test_qmv_wide,named,Quantize bits
test_quantized.py,test_qmv_wide,named,Quantize bits
test_quantized.py,test_qmv_wide,named,Quantize bits
test_quantized.py,test_qmv_wide,named,Quantize bits
test_quantized.py,test_qmv_wide,named,Quantize bits
test_quantized.py,test_qmv_wide,named,Quantize bits
test_quantized.py,test_qmv_wide,named,Quantize bits
test_quantized.py,test_qmv_wide,named,Quantize bits
test_quantized.py,test_qmv_wide,named,Quantize bits
test_quantized.py,test_qmv_wide,named,Quantize bits
test_quantized.py,test_qmv_wide,named,Quantize bits
test_quantized.py,test_qmv_wide,named,Quantize bits
test_quantized.py,test_qmv_wide,named,Quantize bits
test_quantized.py,test_qmv_wide,named,Quantize bits
test_quantized.py,test_qmv_wide,named,Quantize bits
test_quantized.py,test_qmv_wide,named,Quantize bits
test_quantized.py,test_qmv_wide,named,Quantize bits
test_quantized.py,test_qmv_wide,named,Quantize bits
test_quantized.py,test_qmv_wide,named,Quantize bits
test_quantized.py,test_qmv_wide,named,Quantize bits
test_quantized.py,test_qmv_wide,named,Quantize bits
test_quantized.py,test_qmv_wide,named,Quantize bits
test_quantized.py,test_qmv_wide,named,Quantize bits
test_quantized.py,test_qmv_wide,named,Quantize bits
test_quantized.py,test_qmv_wide,named,Quantize bits
test_quantized.py,test_qmv_wide,named,Quantize bits
test_quantized.py,test_qmv_wide,named,Quantize bits
test_quantized.py,test_qmv_wide,named,Quantize bits
test_quantized.py,test_qmv_wide,named,Quantize bits
test_quantized.py,test_qmv_wide,named,Quantize bits
test_quantized.py,test_qmv_wide,named,Quantize bits
test_quantized.py,test_qmv_wide,named,Quantize bits
test_quantized.py,test_qmv_wide,named,Quantize bits
test_quantized.py,test_qmv_wide,named,Quantize bits
test_quantized.py,test_qmv_wide,named,Quantize bits
test_quantized.py,test_qmv_wide,named,Quantize bits
test_quantized.py,test_qmv_wide,named,Quantize bits
test_quantized.py,test_qmv_wide,named,Quantize bits
test_quantized.py,test_qmv_wide,named,Quantize bits
test_quantized.py,test_qmv_wide,named,Quantize bits
test_quantized.py,test_qmv_wide,named,Quantize bits
test_quantized.py,test_qmv_wide,named,Quantize bits
test_quantized.py,test_qmv_wide,named,Quantize bits
test_quantized.py,test_qmv_wide,named,Quantize bits
test_quantized.py,test_qmv_wide,named,Quantize bits
test_quantized.py,test_qmv_wide,named,Quantize bits
test_quantized.py,test_qmv_wide,named,Quantize bits
test_quantized.py,test_qmv_wide,named,Quantize bits
test_quantized.py,test_qmv_wide,named,Quantize bits
test_quantized.py,test_qmv_wide,named,Quantize bits
test_quantized.py,test_qmv_wide,named,Quantize bits
test_quantized.py,test_qmv_wide,named,Quantize bits
test_quantized.py,test_qmv_wide,named,Quantize bits
test_quantized.py,test_qmv_wide,named,Quantize bits
test_quantized.py,test_qmv_wide,named,Quantize bits
test_quantized.py,test_qmv_wide,named,Quantize bits
test_quantized.py,test_qmv_wide,named,Quantize bits
test_quantized.py,test_qmv_wide,named,Quantize bits
test_quantized.py,test_qmv_wide,named,Quantize bits
test_quantized.py,test_qmv_wide,named,Quantize bits
test_quantized.py,test_qmv_wide,named,Quantize bits
test_quantized.py,test_qmv_wide,named,Quantize bits
test_quantized.py,test_qmv_wide,named,Quantize bits
test_quantized.py,test_qmv_wide,named,Quantize bits
test_quantized.py,test_qmv_wide,named,Quantize bits
test_quantized.py,test_qmv_wide,named,Quantize bits
test_quantized.py,test_qmv_wide,named,Quantize bits
test_quantized.py,test_qmv_wide,named,Quantize bits
test_quantized.py,test_qmv_wide,named,Quantize bits
test_quantized.py,test_qmv_wide,named,Quantize bits
test_quantized.py,test_qmv_wide,named,Quantize bits
test_quantized.py,test_qmv_wide,named,Quantize bits
test_quantized.py,test_qmv_wide,named,Quantize bits
test_quantized.py,test_qmv_wide,named,Quantize bits
test_quantized.py,test_qmv_wide,named,Quantize bits
test_quantized.py,test_qmv_wide,named,Quantize bits
test_quantized.py,test_qmv_wide,named,Quantize bits
test_quantized.py,test_qmv_wide,named,Quantize bits
test_quantized.py,test_qmv_wide,named,Quantize bits
test_quantized.py,test_qmv_wide,named,Quantize bits
test_quantized.py,test_qmv_wide,named,Quantize bits
test_quantized.py,test_qmv_wide,named,Quantize bits
test_quantized.py,test_qmv_wide,named,Quantize bits
test_quantized.py,test_qmv_wide,named,Quantize bits
test_quantized.py,test_qmv_wide,named,Quantize bits
test_quantized.py,test_qmv_wide,named,Quantize bits
test_quantized.py,test_qmv_wide,named,Quantize bits
test_quantized.py,test_qmv_wide,named,Quantize bits
test_quantized.py,test_qmv_wide,named,Quantize bits
test_quantized.py,test_qmv_wide,named,Quantize bits
test_quantized.py,test_qmv_wide,named,Quantize bits
test_quantized.py,test_qmv_wide,named,Quantize bits
test_quantized.py,test_qmv_wide,named,Quantize bits
test_quantized.py,test_qmv_wide,named,Quantize bits
test_quantized.py,test_qmv_wide,named,Quantize bits
test_quantized.py,test_qmv_wide,named,Quantize bits
test_quantized.py,test_qmv_wide,named,QuantizedMatmul weight layout
test_quantized.py,test_qmv_wide,named,QuantizedMatmul weight layout
test_quantized.py,test_qmv_wide,named,QuantizedMatmul weight layout
test_quantized.py,test_qmv_wide,named,QuantizedMatmul weight layout
test_quantized.py,test_qmv_wide,named,QuantizedMatmul weight layout
test_quantized.py,test_qmv_wide,named,QuantizedMatmul weight layout
test_quantized.py,test_qmv_wide,named,QuantizedMatmul weight layout
test_quantized.py,test_qmv_wide,named,QuantizedMatmul weight layout
test_quantized.py,test_qmv_wide,named,QuantizedMatmul weight layout
test_quantized.py,test_qmv_wide,named,QuantizedMatmul weight layout
test_quantized.py,test_qmv_wide,named,QuantizedMatmul weight layout
test_quantized.py,test_qmv_wide,named,QuantizedMatmul weight layout
test_quantized.py,test_qmv_wide,named,QuantizedMatmul weight layout
test_quantized.py,test_qmv_wide,named,QuantizedMatmul weight layout
test_quantized.py,test_qmv_wide,named,QuantizedMatmul weight layout
test_quantized.py,test_qmv_wide,named,QuantizedMatmul weight layout
test_quantized.py,test_qmv_wide,named,QuantizedMatmul weight layout
test_quantized.py,test_qmv_wide,named,QuantizedMatmul weight layout
test_quantized.py,test_qmv_wide,named,QuantizedMatmul weight layout
test_quantized.py,test_qmv_wide,named,QuantizedMatmul weight layout
test_quantized.py,test_qmv_wide,named,QuantizedMatmul weight layout
test_quantized.py,test_qmv_wide,named,QuantizedMatmul weight layout
test_quantized.py,test_qmv_wide,named,QuantizedMatmul weight layout
test_quantized.py,test_qmv_wide,named,QuantizedMatmul weight layout
test_quantized.py,test_qmv_wide,named,QuantizedMatmul weight layout
test_quantized.py,test_qmv_wide,named,QuantizedMatmul weight layout
test_quantized.py,test_qmv_wide,named,QuantizedMatmul weight layout
test_quantized.py,test_qmv_wide,named,QuantizedMatmul weight layout
test_quantized.py,test_qmv_wide,named,QuantizedMatmul bits
test_quantized.py,test_qmv_wide,named,QuantizedMatmul bits
test_quantized.py,test_qmv_wide,named,QuantizedMatmul bits
test_quantized.py,test_qmv_wide,named,QuantizedMatmul bits
test_quantized.py,test_qmv_wide,named,QuantizedMatmul bits
test_quantized.py,test_qmv_wide,named,QuantizedMatmul bits
test_quantized.py,test_qmv_wide,named,QuantizedMatmul bits
test_quantized.py,test_qmv_wide,named,QuantizedMatmul bits
test_quantized.py,test_qmv_wide,named,QuantizedMatmul bits
test_quantized.py,test_qmv_wide,named,QuantizedMatmul bits
test_quantized.py,test_qmv_wide,named,QuantizedMatmul bits
test_quantized.py,test_qmv_wide,named,QuantizedMatmul bits
test_quantized.py,test_qmv_wide,named,QuantizedMatmul bits
test_quantized.py,test_qmv_wide,named,QuantizedMatmul bits
test_quantized.py,test_qmv_wide,named,QuantizedMatmul bits
test_quantized.py,test_qmv_wide,named,QuantizedMatmul bits
test_quantized.py,test_qmv_wide,named,QuantizedMatmul bits
test_quantized.py,test_qmv_wide,named,QuantizedMatmul bits
test_quantized.py,test_qmv_wide,named,QuantizedMatmul bits
test_quantized.py,test_qmv_wide,named,QuantizedMatmul bits
test_quantized.py,test_qmv_wide,named,QuantizedMatmul bits
test_quantized.py,test_qmv_wide,named,QuantizedMatmul bits
test_quantized.py,test_qmv_wide,named,QuantizedMatmul bits
test_quantized.py,test_qmv_wide,named,QuantizedMatmul bits
test_quantized.py,test_qmv_wide,named,QuantizedMatmul bits
test_quantized.py,test_qmv_wide,named,QuantizedMatmul bits
test_quantized.py,test_qmv_wide,named,QuantizedMatmul bits
test_quantized.py,test_qmv_wide,named,QuantizedMatmul bits
test_quantized.py,test_qmv_wide,named,QuantizedMatmul bits
test_quantized.py,test_qmv_wide,named,QuantizedMatmul bits
test_quantized.py,test_qmv_wide,named,QuantizedMatmul bits
test_quantized.py,test_qmv_wide,named,QuantizedMatmul bits
test_quantized.py,test_qmv_wide,named,QuantizedMatmul bits
test_quantized.py,test_qmv_wide,named,QuantizedMatmul bits
test_quantized.py,test_qmv_wide,named,QuantizedMatmul bits
test_quantized.py,test_qmv_wide,named,QuantizedMatmul bits
test_quantized.py,test_qmv_wide,named,QuantizedMatmul bits
test_quantized.py,test_qmv_wide,named,QuantizedMatmul bits
test_quantized.py,test_qmv_wide,named,QuantizedMatmul bits
test_quantized.py,test_qmv_wide,named,QuantizedMatmul bits
test_quantized.py,test_qmv_wide,named,QuantizedMatmul bits
test_quantized.py,test_qmv_wide,named,QuantizedMatmul bits
test_quantized.py,test_qmv_wide,named,QuantizedMatmul bits
test_quantized.py,test_qmv_wide,named,QuantizedMatmul bits
test_quantized.py,test_qmv_wide,named,QuantizedMatmul bits
test_quantized.py,test_qmv_wide,named,QuantizedMatmul bits
test_quantized.py,test_qmv_wide,named,QuantizedMatmul bits
test_quantized.py,test_qmv_wide,named,QuantizedMatmul bits
test_quantized.py,test_qmv_wide,named,QuantizedMatmul bits
test_quantized.py,test_qmv_wide,named,QuantizedMatmul bits
test_quantized.py,test_qmv_wide,named,QuantizedMatmul bits
test_quantized.py,test_qmv_wide,named,QuantizedMatmul bits
test_quantized.py,test_qmv_wide,named,QuantizedMatmul bits
test_quantized.py,test_qmv_wide,named,QuantizedMatmul bits
test_quantized.py,test_qmv_wide,named,QuantizedMatmul bits
test_quantized.py,test_qmv_wide,named,QuantizedMatmul bits
test_quantized.py,test_qmv_wide,named,Quantize bits
test_quantized.py,test_qmv_wide,named,Quantize bits
test_quantized.py,test_qmv_wide,named,Quantize bits
test_quantized.py,test_qmv_wide,named,Quantize bits
test_quantized.py,test_qmv_wide,named,Quantize bits
test_quantized.py,test_qmv_wide,named,Quantize bits
test_quantized.py,test_qmv_wide,named,Quantize bits
test_quantized.py,test_qmv_wide,named,Quantize bits
test_quantized.py,test_qmv_wide,named,Quantize bits
test_quantized.py,test_qmv_wide,named,Quantize bits
test_quantized.py,test_qmv_wide,named,Quantize bits
test_quantized.py,test_qmv_wide,named,Quantize bits
test_quantized.py,test_qmv_wide,named,Quantize bits
test_quantized.py,test_qmv_wide,named,Quantize bits
test_quantized.py,test_qmv_wide,named,Quantize bits
test_quantized.py,test_qmv_wide,named,Quantize bits
test_quantized.py,test_qmv_wide,named,Quantize bits
test_quantized.py,test_qmv_wide,named,Quantize bits
test_quantized.py,test_qmv_wide,named,Quantize bits
test_quantized.py,test_qmv_wide,named,Quantize bits
test_quantized.py,test_qmv_wide,named,Quantize bits
test_quantized.py,test_qmv_wide,named,Quantize bits
test_quantized.py,test_qmv_wide,named,Quantize bits
test_quantized.py,test_qmv_wide,named,Quantize bits
test_quantized.py,test_qmv_wide,named,Quantize bits
test_quantized.py,test_qmv_wide,named,Quantize bits
test_quantized.py,test_qmv_wide,named,Quantize bits
test_quantized.py,test_qmv_wide,named,Quantize bits
test_quantized.py,test_qmv_wide,named,Quantize bits
test_quantized.py,test_qmv_wide,named,Quantize bits
test_quantized.py,test_qmv_wide,named,Quantize bits
test_quantized.py,test_qmv_wide,named,Quantize bits
test_quantized.py,test_qmv_wide,named,Quantize bits
test_quantized.py,test_qmv_wide,named,Quantize bits
test_quantized.py,test_qmv_wide,named,Quantize bits
test_quantized.py,test_qmv_wide,named,Quantize bits
test_quantized.py,test_qmv_wide,named,Quantize bits
test_quantized.py,test_qmv_wide,named,Quantize bits
test_quantized.py,test_qmv_wide,named,Quantize bits
test_quantized.py,test_qmv_wide,named,Quantize bits
test_quantized.py,test_qmv_wide,named,Quantize bits
test_quantized.py,test_qmv_wide,named,Quantize bits
test_quantized.py,test_qmv_wide,named,Quantize bits
test_quantized.py,test_qmv_wide,named,Quantize bits
test_quantized.py,test_qmv_wide,named,Quantize bits
test_quantized.py,test_qmv_wide,named,Quantize bits
test_quantized.py,test_qmv_wide,named,Quantize bits
test_quantized.py,test_qmv_wide,named,Quantize bits
test_quantized.py,test_qmv_wide,named,Quantize bits
test_quantized.py,test_qmv_wide,named,Quantize bits
test_quantized.py,test_qmv_wide,named,Quantize bits
test_quantized.py,test_qmv_wide,named,Quantize bits
test_quantized.py,test_qmv_wide,named,Quantize bits
test_quantized.py,test_qmv_wide,named,Quantize bits
test_quantized.py,test_qmv_wide,named,Quantize bits
test_quantized.py,test_qmv_wide,named,Quantize bits
test_quantized.py,test_qmv_wide,named,QuantizedMatmul group size
test_quantized.py,test_qmv_wide,named,QuantizedMatmul group size
test_quantized.py,test_qmv_wide,named,QuantizedMatmul group size
test_quantized.py,test_qmv_wide,named,QuantizedMatmul group size
test_quantized.py,test_qmv_wide,named,QuantizedMatmul group size
test_quantized.py,test_qmv_wide,named,QuantizedMatmul group size
test_quantized.py,test_qmv_wide,named,QuantizedMatmul group size
test_quantized.py,test_qmv_wide,named,QuantizedMatmul group size
test_quantized.py,test_qmv_wide,named,QuantizedMatmul group size
test_quantized.py,test_qmv_wide,named,QuantizedMatmul group size
test_quantized.py,test_qmv_wide,named,QuantizedMatmul group size
test_quantized.py,test_qmv_wide,named,QuantizedMatmul group size
test_quantized.py,test_qmv_wide,named,QuantizedMatmul group size
test_quantized.py,test_qmv_wide,named,QuantizedMatmul group size
test_quantized.py,test_qmv_wide,named,QuantizedMatmul group size
test_quantized.py,test_qmv_wide,named,QuantizedMatmul group size
test_quantized.py,test_qmv_wide,named,QuantizedMatmul group size
test_quantized.py,test_qmv_wide,named,QuantizedMatmul group size
test_quantized.py,test_qmv_wide,named,QuantizedMatmul group size
test_quantized.py,test_qmv_wide,named,QuantizedMatmul group size
test_quantized.py,test_qmv_wide,named,QuantizedMatmul group size
test_quantized.py,test_qmv_wide,named,QuantizedMatmul group size
test_quantized.py,test_qmv_wide,named,QuantizedMatmul group size
test_quantized.py,test_qmv_wide,named,QuantizedMatmul group size
test_quantized.py,test_qmv_wide,named,QuantizedMatmul group size
test_quantized.py,test_qmv_wide,named,QuantizedMatmul group size
test_quantized.py,test_qmv_wide,named,QuantizedMatmul group size
test_quantized.py,test_qmv_wide,named,QuantizedMatmul group size
test_quantized.py,test_qmv_wide,named,QuantizedMatmul group size
test_quantized.py,test_qmv_wide,named,QuantizedMatmul group size
test_quantized.py,test_qmv_wide,named,QuantizedMatmul group size
test_quantized.py,test_qmv_wide,named,QuantizedMatmul group size
test_quantized.py,test_qmv_wide,named,QuantizedMatmul group size
test_quantized.py,test_qmv_wide,named,QuantizedMatmul group size
test_quantized.py,test_qmv_wide,named,QuantizedMatmul group size
test_quantized.py,test_qmv_wide,named,QuantizedMatmul group size
test_quantized.py,test_qmv_wide,named,QuantizedMatmul group size
test_quantized.py,test_qmv_wide,named,QuantizedMatmul group size
test_quantized.py,test_qmv_wide,named,QuantizedMatmul group size
test_quantized.py,test_qmv_wide,named,QuantizedMatmul group size
test_quantized.py,test_qmv_wide,named,QuantizedMatmul group size
test_quantized.py,test_qmv_wide,named,QuantizedMatmul group size
test_quantized.py,test_qmv_wide,named,QuantizedMatmul group size
test_quantized.py,test_qmv_wide,named,QuantizedMatmul group size
test_quantized.py,test_qmv_wide,named,QuantizedMatmul group size
test_quantized.py,test_qmv_wide,named,QuantizedMatmul group size
test_quantized.py,test_qmv_wide,named,QuantizedMatmul group size
test_quantized.py,test_qmv_wide,named,QuantizedMatmul group size
test_quantized.py,test_qmv_wide,named,QuantizedMatmul group size
test_quantized.py,test_qmv_wide,named,QuantizedMatmul group size
test_quantized.py,test_qmv_wide,named,QuantizedMatmul group size
test_quantized.py,test_qmv_wide,named,QuantizedMatmul group size
test_quantized.py,test_qmv_wide,named,QuantizedMatmul group size
test_quantized.py,test_qmv_wide,named,QuantizedMatmul group size
test_quantized.py,test_qmv_wide,named,QuantizedMatmul group size
test_quantized.py,test_qmv_wide,named,QuantizedMatmul group size
test_quantized.py,test_qmv_wide,named,Quantize bits
test_quantized.py,test_qmv_wide,named,Quantize bits
test_quantized.py,test_qmv_wide,named,Quantize bits
test_quantized.py,test_qmv_wide,named,Quantize bits
test_quantized.py,test_qmv_wide,named,Quantize bits
test_quantized.py,test_qmv_wide,named,Quantize bits
test_quantized.py,test_qmv_wide,named,Quantize bits
test_quantized.py,test_qmv_wide,named,Quantize bits
test_quantized.py,test_qmv_wide,named,Quantize bits
test_quantized.py,test_qmv_wide,named,Quantize bits
test_quantized.py,test_qmv_wide,named,Quantize bits
test_quantized.py,test_qmv_wide,named,Quantize bits
test_quantized.py,test_qmv_wide,named,Quantize bits
test_quantized.py,test_qmv_wide,named,Quantize bits
test_quantized.py,test_qmv_wide,named,Quantize bits
test_quantized.py,test_qmv_wide,named,Quantize bits
test_quantized.py,test_qmv_wide,named,Quantize bits
test_quantized.py,test_qmv_wide,named,Quantize bits
test_quantized.py,test_qmv_wide,named,Quantize bits
test_quantized.py,test_qmv_wide,named,Quantize bits
test_quantized.py,test_qmv_wide,named,Quantize bits
test_quantized.py,test_qmv_wide,named,Quantize bits
test_quantized.py,test_qmv_wide,named,Quantize bits
test_quantized.py,test_qmv_wide,named,Quantize bits
test_quantized.py,test_qmv_wide,named,Quantize bits
test_quantized.py,test_qmv_wide,named,Quantize bits
test_quantized.py,test_qmv_wide,named,Quantize bits
test_quantized.py,test_qmv_wide,named,Quantize bits
test_quantized.py,test_qmv_wide,named,Quantize bits
test_quantized.py,test_qmv_wide,named,Quantize bits
test_quantized.py,test_qmv_wide,named,Quantize bits
test_quantized.py,test_qmv_wide,named,Quantize bits
test_quantized.py,test_qmv_wide,named,Quantize bits
test_quantized.py,test_qmv_wide,named,Quantize bits
test_quantized.py,test_qmv_wide,named,Quantize bits
test_quantized.py,test_qmv_wide,named,Quantize bits
test_quantized.py,test_qmv_wide,named,Quantize bits
test_quantized.py,test_qmv_wide,named,Quantize bits
test_quantized.py,test_qmv_wide,named,Quantize bits
test_quantized.py,test_qmv_wide,named,Quantize bits
test_quantized.py,test_qmv_wide,named,Quantize bits
test_quantized.py,test_qmv_wide,named,Quantize bits
test_quantized.py,test_qmv_wide,named,Quantize bits
test_quantized.py,test_qmv_wide,named,Quantize bits
test_quantized.py,test_qmv_wide,named,Quantize bits
test_quantized.py,test_qmv_wide,named,Quantize bits
test_quantized.py,test_qmv_wide,named,Quantize bits
test_quantized.py,test_qmv_wide,named,Quantize bits
test_quantized.py,test_qmv_wide,named,Quantize bits
test_quantized.py,test_qmv_wide,named,Quantize bits
test_quantized.py,test_qmv_wide,named,Quantize bits
test_quantized.py,test_qmv_wide,named,Quantize bits
test_quantized.py,test_qmv_wide,named,Quantize bits
test_quantized.py,test_qmv_wide,named,Quantize bits
test_quantized.py,test_qmv_wide,named,Quantize bits
test_quantized.py,test_qmv_wide,named,Quantize bits
test_quantized.py,test_qmv_wide,named,Quantize bits
test_quantized.py,test_qmv_wide,named,Quantize bits
test_quantized.py,test_qmv_wide,named,Quantize bits
test_quantized.py,test_qmv_wide,named,Quantize bits
test_quantized.py,test_qmv_wide,named,Quantize bits
test_quantized.py,test_qmv_wide,named,Quantize bits
test_quantized.py,test_qmv_wide,named,Quantize bits
test_quantized.py,test_qmv_wide,named,Quantize bits
test_quantized.py,test_qmv_wide,named,Quantize bits
test_quantized.py,test_qmv_wide,named,Quantize bits
test_quantized.py,test_qmv_wide,named,Quantize bits
test_quantized.py,test_qmv_wide,named,Quantize bits
test_quantized.py,test_qmv_wide,named,Quantize bits
test_quantized.py,test_qmv_wide,named,Quantize bits
test_quantized.py,test_qmv_wide,named,Quantize bits
test_quantized.py,test_qmv_wide,named,Quantize bits
test_quantized.py,test_qmv_wide,named,Quantize bits
test_quantized.py,test_qmv_wide,named,Quantize bits
test_quantized.py,test_qmv_wide,named,Quantize bits
test_quantized.py,test_qmv_wide,named,Quantize bits
test_quantized.py,test_qmv_wide,named,Quantize bits
test_quantized.py,test_qmv_wide,named,Quantize bits
test_quantized.py,test_qmv_wide,named,Quantize bits
test_quantized.py,test_qmv_wide,named,Quantize bits
test_quantized.py,test_qmv_wide,named,Quantize bits
test_quantized.py,test_qmv_wide,named,Quantize bits
test_quantized.py,test_qmv_wide,named,Quantize bits
test_quantized.py,test_qmv_wide,named,Quantize bits
test_quantized.py,test_qmv_wide,named,Quantize bits
test_quantized.py,test_qmv_wide,named,Quantize bits
test_quantized.py,test_qmv_wide,named,Quantize bits
test_quantized.py,test_qmv_wide,named,Quantize bits
test_quantized.py,test_qmv_wide,named,Quantize bits
test_quantized.py,test_qmv_wide,named,Quantize bits
test_quantized.py,test_qmv_wide,named,Quantize bits
test_quantized.py,test_qmv_wide,named,Quantize bits
test_quantized.py,test_qmv_wide,named,Quantize bits
test_quantized.py,test_qmv_wide,named,Quantize bits
test_quantized.py,test_qmv_wide,named,Quantize bits
test_quantized.py,test_qmv_wide,named,Quantize bits
test_quantized.py,test_qmv_wide,named,Quantize bits
test_quantized.py,test_qmv_wide,named,Quantize bits
test_quantized.py,test_qmv_wide,named,Quantize bits
test_quantized.py,test_qmv_wide,named,Quantize bits
test_quantized.py,test_qmv_wide,named,Quantize bits
test_quantized.py,test_qmv_wide,named,Quantize bits
test_quantized.py,test_qmv_wide,named,Quantize bits
test_quantized.py,test_qmv_wide,named,Quantize bits
test_quantized.py,test_qmv_wide,named,Quantize bits
test_quantized.py,test_qmv_wide,named,Quantize bits
test_quantized.py,test_qmv_wide,named,Quantize bits
test_quantized.py,test_qmv_wide,named,Quantize bits
test_quantized.py,test_qmv_wide,named,Quantize bits
test_quantized.py,test_qmv_wide,named,Quantize bits
test_quantized.py,test_qmv_wide,named,Quantize bits
test_quantized.py,test_qmv_wide,named,Quantize bits
test_quantized.py,test_qmv_wide,named,QuantizedMatmul group size
test_quantized.py,test_qmv_wide,named,QuantizedMatmul group size
test_quantized.py,test_qmv_wide,named,QuantizedMatmul group size
test_quantized.py,test_qmv_wide,named,QuantizedMatmul group size
test_quantized.py,test_qmv_wide,named,QuantizedMatmul group size
test_quantized.py,test_qmv_wide,named,QuantizedMatmul group size
test_quantized.py,test_qmv_wide,named,QuantizedMatmul group size
test_quantized.py,test_qmv_wide,named,QuantizedMatmul group size
test_quantized.py,test_qmv_wide,named,QuantizedMatmul group size
test_quantized.py,test_qmv_wide,named,QuantizedMatmul group size
test_quantized.py,test_qmv_wide,named,QuantizedMatmul group size
test_quantized.py,test_qmv_wide,named,QuantizedMatmul group size
test_quantized.py,test_qmv_wide,named,QuantizedMatmul group size
test_quantized.py,test_qmv_wide,named,QuantizedMatmul group size
test_quantized.py,test_qmv_wide,named,QuantizedMatmul group size
test_quantized.py,test_qmv_wide,named,QuantizedMatmul group size
test_quantized.py,test_qmv_wide,named,QuantizedMatmul group size
test_quantized.py,test_qmv_wide,named,QuantizedMatmul group size
test_quantized.py,test_qmv_wide,named,QuantizedMatmul group size
test_quantized.py,test_qmv_wide,named,QuantizedMatmul group size
test_quantized.py,test_qmv_wide,named,QuantizedMatmul group size
test_quantized.py,test_qmv_wide,named,QuantizedMatmul group size
test_quantized.py,test_qmv_wide,named,QuantizedMatmul group size
test_quantized.py,test_qmv_wide,named,QuantizedMatmul group size
test_quantized.py,test_qmv_wide,named,QuantizedMatmul group size
test_quantized.py,test_qmv_wide,named,QuantizedMatmul group size
test_quantized.py,test_qmv_wide,named,QuantizedMatmul group size
test_quantized.py,test_qmv_wide,named,QuantizedMatmul group size
test_quantized.py,test_qmv_wide,named,QuantizedMatmul group size
test_quantized.py,test_qmv_wide,named,QuantizedMatmul group size
test_quantized.py,test_qmv_wide,named,QuantizedMatmul group size
test_quantized.py,test_qmv_wide,named,QuantizedMatmul group size
test_quantized.py,test_qmv_wide,named,QuantizedMatmul group size
test_quantized.py,test_qmv_wide,named,QuantizedMatmul group size
test_quantized.py,test_qmv_wide,named,QuantizedMatmul group size
test_quantized.py,test_qmv_wide,named,QuantizedMatmul group size
test_quantized.py,test_qmv_wide,named,QuantizedMatmul group size
test_quantized.py,test_qmv_wide,named,QuantizedMatmul group size
test_quantized.py,test_qmv_wide,named,QuantizedMatmul group size
test_quantized.py,test_qmv_wide,named,QuantizedMatmul group size
test_quantized.py,test_qmv_wide,named,QuantizedMatmul group size
test_quantized.py,test_qmv_wide,named,QuantizedMatmul group size
test_quantized.py,test_qmv_wide,named,QuantizedMatmul group size
test_quantized.py,test_qmv_wide,named,QuantizedMatmul group size
test_quantized.py,test_qmv_wide,named,QuantizedMatmul group size
test_quantized.py,test_qmv_wide,named,QuantizedMatmul group size
test_quantized.py,test_qmv_wide,named,QuantizedMatmul group size
test_quantized.py,test_qmv_wide,named,QuantizedMatmul group size
test_quantized.py,test_qmv_wide,named,QuantizedMatmul group size
test_quantized.py,test_qmv_wide,named,QuantizedMatmul group size
test_quantized.py,test_qmv_wide,named,QuantizedMatmul group size
test_quantized.py,test_qmv_wide,named,QuantizedMatmul group size
test_quantized.py,test_qmv_wide,named,QuantizedMatmul group size
test_quantized.py,test_qmv_wide,named,QuantizedMatmul group size
test_quantized.py,test_qmv_wide,named,QuantizedMatmul group size
test_quantized.py,test_qmv_wide,named,QuantizedMatmul group size
test_quantized.py,test_qmv_wide,named,Quantize mode
test_quantized.py,test_qmv_wide,named,Quantize mode
test_quantized.py,test_qmv_wide,named,Quantize mode
test_quantized.py,test_qmv_wide,named,Quantize mode
test_quantized.py,test_qmv_wide,named,Quantize mode
test_quantized.py,test_qmv_wide,named,Quantize mode
test_quantized.py,test_qmv_wide,named,Quantize mode
test_quantized.py,test_qmv_wide,named,Quantize mode
test_quantized.py,test_qmv_wide,named,Quantize mode
test_quantized.py,test_qmv_wide,named,Quantize mode
test_quantized.py,test_qmv_wide,named,Quantize mode
test_quantized.py,test_qmv_wide,named,Quantize mode
test_quantized.py,test_qmv_wide,named,Quantize mode
test_quantized.py,test_qmv_wide,named,Quantize mode
test_quantized.py,test_qmv_wide,named,Quantize mode
test_quantized.py,test_qmv_wide,named,Quantize mode
test_quantized.py,test_qmv_wide,named,Quantize mode
test_quantized.py,test_qmv_wide,named,Quantize mode
test_quantized.py,test_qmv_wide,named,Quantize mode
test_quantized.py,test_qmv_wide,named,Quantize mode
test_quantized.py,test_qmv_wide,named,Quantize mode
test_quantized.py,test_qmv_wide,named,Quantize mode
test_quantized.py,test_qmv_wide,named,Quantize mode
test_quantized.py,test_qmv_wide,named,Quantize mode
test_quantized.py,test_qmv_wide,named,Quantize mode
test_quantized.py,test_qmv_wide,named,Quantize mode
test_quantized.py,test_qmv_wide,named,Quantize mode
test_quantized.py,test_qmv_wide,named,Quantize mode
test_quantized.py,test_qmv_wide,named,Quantize mode
test_quantized.py,test_qmv_wide,named,Quantize mode
test_quantized.py,test_qmv_wide,named,Quantize mode
test_quantized.py,test_qmv_wide,named,Quantize mode
test_quantized.py,test_qmv_wide,named,Quantize mode
test_quantized.py,test_qmv_wide,named,Quantize mode
test_quantized.py,test_qmv_wide,named,Quantize mode
test_quantized.py,test_qmv_wide,named,Quantize mode
test_quantized.py,test_qmv_wide,named,Quantize mode
test_quantized.py,test_qmv_wide,named,Quantize mode
test_quantized.py,test_qmv_wide,named,Quantize mode
test_quantized.py,test_qmv_wide,named,Quantize mode
test_quantized.py,test_qmv_wide,named,Quantize mode
test_quantized.py,test_qmv_wide,named,Quantize mode
test_quantized.py,test_qmv_wide,named,Quantize mode
test_quantized.py,test_qmv_wide,named,Quantize mode
test_quantized.py,test_qmv_wide,named,Quantize mode
test_quantized.py,test_qmv_wide,named,Quantize mode
test_quantized.py,test_qmv_wide,named,Quantize mode
test_quantized.py,test_qmv_wide,named,Quantize mode
test_quantized.py,test_qmv_wide,named,Quantize mode
test_quantized.py,test_qmv_wide,named,Quantize mode
test_quantized.py,test_qmv_wide,named,Quantize mode
test_quantized.py,test_qmv_wide,named,Quantize mode
test_quantized.py,test_qmv_wide,named,Quantize mode
test_quantized.py,test_qmv_wide,named,Quantize mode
test_quantized.py,test_qmv_wide,named,Quantize mode
test_quantized.py,test_qmv_wide,named,Quantize mode
test_quantized.py,test_qmv_wide,named,Quantize mode
test_quantized.py,test_qmv_wide,named,Quantize mode
test_quantized.py,test_qmv_wide,named,Quantize mode
test_quantized.py,test_qmv_wide,named,Quantize mode
test_quantized.py,test_qmv_wide,named,Quantize mode
test_quantized.py,test_qmv_wide,named,Quantize mode
test_quantized.py,test_qmv_wide,named,Quantize mode
test_quantized.py,test_qmv_wide,named,Quantize mode
test_quantized.py,test_qmv_wide,named,Quantize mode
test_quantized.py,test_qmv_wide,named,Quantize mode
test_quantized.py,test_qmv_wide,named,Quantize mode
test_quantized.py,test_qmv_wide,named,Quantize mode
test_quantized.py,test_qmv_wide,named,Quantize mode
test_quantized.py,test_qmv_wide,named,Quantize mode
test_quantized.py,test_qmv_wide,named,Quantize mode
test_quantized.py,test_qmv_wide,named,Quantize mode
test_quantized.py,test_qmv_wide,named,Quantize mode
test_quantized.py,test_qmv_wide,named,Quantize mode
test_quantized.py,test_qmv_wide,named,Quantize mode
test_quantized.py,test_qmv_wide,named,Quantize mode
test_quantized.py,test_qmv_wide,named,Quantize mode
test_quantized.py,test_qmv_wide,named,Quantize mode
test_quantized.py,test_qmv_wide,named,Quantize mode
test_quantized.py,test_qmv_wide,named,Quantize mode
test_quantized.py,test_qmv_wide,named,Quantize mode
test_quantized.py,test_qmv_wide,named,Quantize mode
test_quantized.py,test_qmv_wide,named,Quantize mode
test_quantized.py,test_qmv_wide,named,Quantize mode
test_quantized.py,test_qmv_wide,named,Quantize mode
test_quantized.py,test_qmv_wide,named,Quantize mode
test_quantized.py,test_qmv_wide,named,Quantize mode
test_quantized.py,test_qmv_wide,named,Quantize mode
test_quantized.py,test_qmv_wide,named,Quantize mode
test_quantized.py,test_qmv_wide,named,Quantize mode
test_quantized.py,test_qmv_wide,named,Quantize mode
test_quantized.py,test_qmv_wide,named,Quantize mode
test_quantized.py,test_qmv_wide,named,Quantize mode
test_quantized.py,test_qmv_wide,named,Quantize mode
test_quantized.py,test_qmv_wide,named,Quantize mode
test_quantized.py,test_qmv_wide,named,Quantize mode
test_quantized.py,test_qmv_wide,named,Quantize mode
test_quantized.py,test_qmv_wide,named,Quantize mode
test_quantized.py,test_qmv_wide,named,Quantize mode
test_quantized.py,test_qmv_wide,named,Quantize mode
test_quantized.py,test_qmv_wide,named,Quantize mode
test_quantized.py,test_qmv_wide,named,Quantize mode
test_quantized.py,test_qmv_wide,named,Quantize mode
test_quantized.py,test_qmv_wide,named,Quantize mode
test_quantized.py,test_qmv_wide,named,Quantize mode
test_quantized.py,test_qmv_wide,named,Quantize mode
test_quantized.py,test_qmv_wide,named,Quantize mode
test_quantized.py,test_qmv_wide,named,Quantize mode
test_quantized.py,test_qmv_wide,named,Quantize mode
test_quantized.py,test_qmv_wide,named,Quantize mode
test_quantized.py,test_qmv_wide,named,Quantize mode
test_quantized.py,test_qmv_wide,named,Quantize mode
test_quantized.py,test_qmv_wide,named,Quantize mode
test_quantized.py,test_qmv_wide,named,Quantize mode
test_quantized.py,test_qmv_wide,named,Quantize mode
test_quantized.py,test_qmv_wide,named,Quantize mode
test_quantized.py,test_qmv_wide,named,Quantize mode
test_quantized.py,test_qmv_wide,named,Quantize mode
test_quantized.py,test_qmv_wide,named,Quantize mode
test_quantized.py,test_qmv_wide,named,Quantize mode
test_quantized.py,test_qmv_wide,named,Quantize mode
test_quantized.py,test_qmv_wide,named,Quantize mode
test_quantized.py,test_qmv_wide,named,Quantize mode
test_quantized.py,test_qmv_wide,named,Quantize mode
test_quantized.py,test_qmv_wide,named,Quantize mode
test_quantized.py,test_qmv_wide,named,Quantize mode
test_quantized.py,test_qmv_wide,named,Quantize mode
test_quantized.py,test_qmv_wide,named,Quantize mode
test_quantized.py,test_qmv_wide,named,Quantize mode
test_quantized.py,test_qmv_wide,named,Quantize mode
test_quantized.py,test_qmv_wide,named,Quantize mode
test_quantized.py,test_qmv_wide,named,Quantize mode
test_quantized.py,test_qmv_wide,named,Quantize mode
test_quantized.py,test_qmv_wide,named,Quantize mode
test_quantized.py,test_qmv_wide,named,Quantize mode
test_quantized.py,test_qmv_wide,named,Quantize mode
test_quantized.py,test_qmv_wide,named,Quantize mode
test_quantized.py,test_qmv_wide,named,Quantize mode
test_quantized.py,test_qmv_wide,named,Quantize mode
test_quantized.py,test_qmv_wide,named,Quantize mode
test_quantized.py,test_qmv_wide,named,Quantize mode
test_quantized.py,test_qmv_wide,named,Quantize mode
test_quantized.py,test_qmv_wide,named,Quantize mode
test_quantized.py,test_qmv_wide,named,Quantize mode
test_quantized.py,test_qmv_wide,named,Quantize mode
test_quantized.py,test_qmv_wide,named,Quantize mode
test_quantized.py,test_qmv_wide,named,Quantize mode
test_quantized.py,test_qmv_wide,named,Quantize mode
test_quantized.py,test_qmv_wide,named,Quantize mode
test_quantized.py,test_qmv_wide,named,Quantize mode
test_quantized.py,test_qmv_wide,named,Quantize mode
test_quantized.py,test_qmv_wide,named,Quantize mode
test_quantized.py,test_qmv_wide,named,Quantize mode
test_quantized.py,test_qmv_wide,named,Quantize mode
test_quantized.py,test_qmv_wide,named,Quantize mode
test_quantized.py,test_qmv_wide,named,Quantize mode
test_quantized.py,test_qmv_wide,named,Quantize mode
test_quantized.py,test_qmv_wide,named,Quantize mode
test_quantized.py,test_qmv_wide,named,Quantize mode
test_quantized.py,test_qmv_wide,named,Quantize mode
test_quantized.py,test_qmv_wide,named,Quantize mode
test_quantized.py,test_qmv_wide,named,Quantize mode
test_quantized.py,test_qmv_wide,named,Quantize mode
test_quantized.py,test_qmv_wide,named,Quantize mode
test_quantized.py,test_qmv_wide,named,Quantize mode
test_quantized.py,test_qmv_wide,named,Quantize mode
test_quantized.py,test_qmv_wide,named,Quantize mode
test_quantized.py,test_qmv_wide,named,Quantize mode
test_quantized.py,test_qmv_wide,named,Quantize bits
test_quantized.py,test_qmv_wide,named,Quantize mode
test_quantized.py,test_qmv_wide,named,Quantize bits
test_quantized.py,test_qmv_wide,named,Quantize mode
test_quantized.py,test_qmv_wide,named,Quantize bits
test_quantized.py,test_qmv_wide,named,Quantize mode
test_quantized.py,test_qmv_wide,named,Quantize bits
test_quantized.py,test_qmv_wide,named,Quantize mode
test_quantized.py,test_qqmm,named,Quantize mode
test_quantized.py,test_qqmm,named,Quantize mode
test_quantized.py,test_qqmm,named,Quantize mode
test_quantized.py,test_qqmm,named,Quantize mode
test_quantized.py,test_qqmm,named,Quantize mode
test_quantized.py,test_qqmm,named,Quantize mode
test_quantized.py,test_qqmm,named,Quantize mode
test_quantized.py,test_qqmm,named,Quantize mode
test_quantized.py,test_qqmm,named,Quantize mode
test_quantized.py,test_qqmm,named,Quantize mode
test_quantized.py,test_qqmm,named,Quantize mode
test_quantized.py,test_qqmm,named,Quantize mode
test_quantized.py,test_qqmm,named,Quantize mode
test_quantized.py,test_qqmm,named,Quantize mode
test_quantized.py,test_qqmm,named,Quantize mode
test_quantized.py,test_qqmm,named,Quantize mode
test_quantized.py,test_qqmm,named,Quantize mode
test_quantized.py,test_qqmm,named,Quantize mode
test_quantized.py,test_qqmm,named,Quantize mode
test_quantized.py,test_qqmm,named,Quantize mode
test_quantized.py,test_qqmm,named,Quantize mode
test_quantized.py,test_qqmm,named,Quantize mode
test_quantized.py,test_qqmm,named,Quantize mode
test_quantized.py,test_qqmm,named,Quantize mode
test_quantized.py,test_qqmm,named,Quantize mode
test_quantized.py,test_qqmm,named,Quantize mode
test_quantized.py,test_qqmm,named,Quantize mode
test_quantized.py,test_qqmm,named,Quantize mode
test_quantized.py,test_qqmm,named,Quantize mode
test_quantized.py,test_qqmm,named,Quantize mode
test_quantized.py,test_qqmm,named,Quantize mode
test_quantized.py,test_qqmm,named,Quantize mode
test_quantized.py,test_qqmv,named,Quantize mode
test_quantized.py,test_qqmv,named,Quantize mode
test_quantized.py,test_qqmv,named,Quantize mode
test_quantized.py,test_qqmv,named,Quantize mode
test_quantized.py,test_qqmv,named,Quantize mode
test_quantized.py,test_qqmv,named,Quantize mode
test_quantized.py,test_qqmv,named,Quantize mode
test_quantized.py,test_qqmv,named,Quantize mode
test_quantized.py,test_qqmv,named,Quantize mode
test_quantized.py,test_qqmv,named,Quantize mode
test_quantized.py,test_qqmv,named,Quantize mode
test_quantized.py,test_qqmv,named,Quantize mode
test_quantized.py,test_qqmv,named,Quantize mode
test_quantized.py,test_qqmv,named,Quantize mode
test_quantized.py,test_qqmv,named,Quantize mode
test_quantized.py,test_qqmv,named,Quantize mode
test_quantized.py,test_qqmv,named,Quantize mode
test_quantized.py,test_qqmv,named,Quantize mode
test_quantized.py,test_quantize_dequantize,named,Quantize bits
test_quantized.py,test_quantize_dequantize,named,Quantize bits
test_quantized.py,test_quantize_dequantize,named,Quantize bits
test_quantized.py,test_quantize_dequantize,named,Quantize bits
test_quantized.py,test_quantize_dequantize,named,Quantize bits
test_quantized.py,test_quantize_dequantize,named,Quantize bits
test_quantized.py,test_quantize_dequantize,named,Quantize bits
test_quantized.py,test_quantize_dequantize,named,Quantize bits
test_quantized.py,test_quantize_dequantize,named,Quantize bits
test_quantized.py,test_quantize_dequantize,named,Quantize bits
test_quantized.py,test_quantize_strided,named,Quantize mode
test_quantized.py,test_qvm,named,QuantizedMatmul bits
test_quantized.py,test_qvm,named,QuantizedMatmul bits
test_quantized.py,test_qvm,named,QuantizedMatmul bits
test_quantized.py,test_qvm,named,QuantizedMatmul bits
test_quantized.py,test_qvm,named,QuantizedMatmul bits
test_quantized.py,test_qvm,named,QuantizedMatmul bits
test_quantized.py,test_qvm,named,QuantizedMatmul bits
test_quantized.py,test_qvm,named,QuantizedMatmul bits
test_quantized.py,test_qvm,named,QuantizedMatmul bits
test_quantized.py,test_qvm,named,QuantizedMatmul bits
test_quantized.py,test_qvm,named,QuantizedMatmul bits
test_quantized.py,test_qvm,named,QuantizedMatmul bits
test_quantized.py,test_qvm,named,QuantizedMatmul bits
test_quantized.py,test_qvm,named,QuantizedMatmul bits
test_quantized.py,test_qvm,named,QuantizedMatmul bits
test_quantized.py,test_qvm,named,QuantizedMatmul bits
test_quantized.py,test_qvm,named,QuantizedMatmul bits
test_quantized.py,test_qvm,named,QuantizedMatmul bits
test_quantized.py,test_qvm,named,QuantizedMatmul bits
test_quantized.py,test_qvm,named,QuantizedMatmul bits
test_quantized.py,test_qvm,named,QuantizedMatmul bits
test_quantized.py,test_qvm,named,QuantizedMatmul bits
test_quantized.py,test_qvm,named,QuantizedMatmul bits
test_quantized.py,test_qvm,named,QuantizedMatmul bits
test_quantized.py,test_qvm,named,Quantize bits
test_quantized.py,test_qvm,named,Quantize bits
test_quantized.py,test_qvm,named,Quantize bits
test_quantized.py,test_qvm,named,Quantize bits
test_quantized.py,test_qvm,named,Quantize bits
test_quantized.py,test_qvm,named,Quantize bits
test_quantized.py,test_qvm,named,Quantize bits
test_quantized.py,test_qvm,named,Quantize bits
test_quantized.py,test_qvm,named,Quantize bits
test_quantized.py,test_qvm,named,Quantize bits
test_quantized.py,test_qvm,named,Quantize bits
test_quantized.py,test_qvm,named,Quantize bits
test_quantized.py,test_qvm,named,Quantize bits
test_quantized.py,test_qvm,named,Quantize bits
test_quantized.py,test_qvm,named,Quantize bits
test_quantized.py,test_qvm,named,Quantize bits
test_quantized.py,test_qvm,named,Quantize bits
test_quantized.py,test_qvm,named,Quantize bits
test_quantized.py,test_qvm,named,Quantize bits
test_quantized.py,test_qvm,named,Quantize bits
test_quantized.py,test_qvm,named,Quantize bits
test_quantized.py,test_qvm,named,Quantize bits
test_quantized.py,test_qvm,named,Quantize bits
test_quantized.py,test_qvm,named,Quantize bits
test_quantized.py,test_qvm,named,QuantizedMatmul group size
test_quantized.py,test_qvm,named,QuantizedMatmul group size
test_quantized.py,test_qvm,named,QuantizedMatmul group size
test_quantized.py,test_qvm,named,QuantizedMatmul group size
test_quantized.py,test_qvm,named,QuantizedMatmul group size
test_quantized.py,test_qvm,named,QuantizedMatmul group size
test_quantized.py,test_qvm,named,QuantizedMatmul group size
test_quantized.py,test_qvm,named,QuantizedMatmul group size
test_quantized.py,test_qvm,named,QuantizedMatmul group size
test_quantized.py,test_qvm,named,QuantizedMatmul group size
test_quantized.py,test_qvm,named,QuantizedMatmul group size
test_quantized.py,test_qvm,named,QuantizedMatmul group size
test_quantized.py,test_qvm,named,QuantizedMatmul group size
test_quantized.py,test_qvm,named,QuantizedMatmul group size
test_quantized.py,test_qvm,named,QuantizedMatmul group size
test_quantized.py,test_qvm,named,QuantizedMatmul group size
test_quantized.py,test_qvm,named,QuantizedMatmul group size
test_quantized.py,test_qvm,named,QuantizedMatmul group size
test_quantized.py,test_qvm,named,QuantizedMatmul group size
test_quantized.py,test_qvm,named,QuantizedMatmul group size
test_quantized.py,test_qvm,named,QuantizedMatmul group size
test_quantized.py,test_qvm,named,QuantizedMatmul group size
test_quantized.py,test_qvm,named,QuantizedMatmul group size
test_quantized.py,test_qvm,named,QuantizedMatmul group size
test_quantized.py,test_qvm,named,Quantize bits
test_quantized.py,test_qvm,named,Quantize bits
test_quantized.py,test_qvm,named,Quantize bits
test_quantized.py,test_qvm,named,Quantize bits
test_quantized.py,test_qvm,named,Quantize bits
test_quantized.py,test_qvm,named,Quantize bits
test_quantized.py,test_qvm,named,Quantize bits
test_quantized.py,test_qvm,named,Quantize bits
test_quantized.py,test_qvm,named,Quantize bits
test_quantized.py,test_qvm,named,Quantize bits
test_quantized.py,test_qvm,named,Quantize bits
test_quantized.py,test_qvm,named,Quantize bits
test_quantized.py,test_qvm,named,Quantize bits
test_quantized.py,test_qvm,named,Quantize bits
test_quantized.py,test_qvm,named,Quantize bits
test_quantized.py,test_qvm,named,Quantize bits
test_quantized.py,test_qvm,named,Quantize bits
test_quantized.py,test_qvm,named,Quantize bits
test_quantized.py,test_qvm,named,Quantize bits
test_quantized.py,test_qvm,named,Quantize bits
test_quantized.py,test_qvm,named,Quantize bits
test_quantized.py,test_qvm,named,Quantize bits
test_quantized.py,test_qvm,named,Quantize bits
test_quantized.py,test_qvm,named,Quantize bits
test_quantized.py,test_qvm,named,Quantize bits
test_quantized.py,test_qvm,named,Quantize bits
test_quantized.py,test_qvm,named,Quantize bits
test_quantized.py,test_qvm,named,Quantize bits
test_quantized.py,test_qvm,named,Quantize bits
test_quantized.py,test_qvm,named,Quantize bits
test_quantized.py,test_qvm,named,Quantize bits
test_quantized.py,test_qvm,named,Quantize bits
test_quantized.py,test_qvm,named,Quantize bits
test_quantized.py,test_qvm,named,Quantize bits
test_quantized.py,test_qvm,named,Quantize bits
test_quantized.py,test_qvm,named,Quantize bits
test_quantized.py,test_qvm,named,Quantize bits
test_quantized.py,test_qvm,named,Quantize bits
test_quantized.py,test_qvm,named,Quantize bits
test_quantized.py,test_qvm,named,Quantize bits
test_quantized.py,test_qvm,named,Quantize bits
test_quantized.py,test_qvm,named,Quantize bits
test_quantized.py,test_qvm,named,Quantize bits
test_quantized.py,test_qvm,named,Quantize bits
test_quantized.py,test_qvm,named,Quantize bits
test_quantized.py,test_qvm,named,Quantize bits
test_quantized.py,test_qvm,named,Quantize bits
test_quantized.py,test_qvm,named,Quantize bits
test_quantized.py,test_qvm,named,QuantizedMatmul group size
test_quantized.py,test_qvm,named,QuantizedMatmul group size
test_quantized.py,test_qvm,named,QuantizedMatmul group size
test_quantized.py,test_qvm,named,QuantizedMatmul group size
test_quantized.py,test_qvm,named,QuantizedMatmul group size
test_quantized.py,test_qvm,named,QuantizedMatmul group size
test_quantized.py,test_qvm,named,QuantizedMatmul group size
test_quantized.py,test_qvm,named,QuantizedMatmul group size
test_quantized.py,test_qvm,named,QuantizedMatmul group size
test_quantized.py,test_qvm,named,QuantizedMatmul group size
test_quantized.py,test_qvm,named,QuantizedMatmul group size
test_quantized.py,test_qvm,named,QuantizedMatmul group size
test_quantized.py,test_qvm,named,QuantizedMatmul group size
test_quantized.py,test_qvm,named,QuantizedMatmul group size
test_quantized.py,test_qvm,named,QuantizedMatmul group size
test_quantized.py,test_qvm,named,QuantizedMatmul group size
test_quantized.py,test_qvm,named,QuantizedMatmul group size
test_quantized.py,test_qvm,named,QuantizedMatmul group size
test_quantized.py,test_qvm,named,QuantizedMatmul group size
test_quantized.py,test_qvm,named,QuantizedMatmul group size
test_quantized.py,test_qvm,named,QuantizedMatmul group size
test_quantized.py,test_qvm,named,QuantizedMatmul group size
test_quantized.py,test_qvm,named,QuantizedMatmul group size
test_quantized.py,test_qvm,named,QuantizedMatmul group size
test_quantized.py,test_qvm,named,QuantizedMatmul bits
test_quantized.py,test_qvm,named,QuantizedMatmul bits
test_quantized.py,test_qvm,named,QuantizedMatmul bits
test_quantized.py,test_qvm,named,QuantizedMatmul bits
test_quantized.py,test_qvm,named,QuantizedMatmul bits
test_quantized.py,test_qvm,named,QuantizedMatmul bits
test_quantized.py,test_qvm,named,QuantizedMatmul bits
test_quantized.py,test_qvm,named,QuantizedMatmul bits
test_quantized.py,test_qvm,named,QuantizedMatmul bits
test_quantized.py,test_qvm,named,QuantizedMatmul bits
test_quantized.py,test_qvm,named,QuantizedMatmul bits
test_quantized.py,test_qvm,named,QuantizedMatmul bits
test_quantized.py,test_qvm,named,QuantizedMatmul bits
test_quantized.py,test_qvm,named,QuantizedMatmul bits
test_quantized.py,test_qvm,named,QuantizedMatmul bits
test_quantized.py,test_qvm,named,QuantizedMatmul bits
test_quantized.py,test_qvm,named,QuantizedMatmul bits
test_quantized.py,test_qvm,named,QuantizedMatmul bits
test_quantized.py,test_qvm,named,QuantizedMatmul bits
test_quantized.py,test_qvm,named,QuantizedMatmul bits
test_quantized.py,test_qvm,named,QuantizedMatmul bits
test_quantized.py,test_qvm,named,QuantizedMatmul bits
test_quantized.py,test_qvm,named,QuantizedMatmul bits
test_quantized.py,test_qvm,named,QuantizedMatmul bits
test_quantized.py,test_qvm,named,Quantize bits
test_quantized.py,test_qvm,named,Quantize bits
test_quantized.py,test_qvm,named,Quantize bits
test_quantized.py,test_qvm,named,Quantize bits
test_quantized.py,test_qvm,named,Quantize bits
test_quantized.py,test_qvm,named,Quantize bits
test_quantized.py,test_qvm,named,Quantize bits
test_quantized.py,test_qvm,named,Quantize bits
test_quantized.py,test_qvm,named,Quantize bits
test_quantized.py,test_qvm,named,Quantize bits
test_quantized.py,test_qvm,named,Quantize bits
test_quantized.py,test_qvm,named,Quantize bits
test_quantized.py,test_qvm,named,Quantize bits
test_quantized.py,test_qvm,named,Quantize bits
test_quantized.py,test_qvm,named,Quantize bits
test_quantized.py,test_qvm,named,Quantize bits
test_quantized.py,test_qvm,named,Quantize bits
test_quantized.py,test_qvm,named,Quantize bits
test_quantized.py,test_qvm,named,Quantize bits
test_quantized.py,test_qvm,named,Quantize bits
test_quantized.py,test_qvm,named,Quantize bits
test_quantized.py,test_qvm,named,Quantize bits
test_quantized.py,test_qvm,named,Quantize bits
test_quantized.py,test_qvm,named,Quantize bits
test_quantized.py,test_qvm,named,QuantizedMatmul transpose
test_quantized.py,test_qvm,named,QuantizedMatmul transpose
test_quantized.py,test_qvm,named,QuantizedMatmul transpose
test_quantized.py,test_qvm,named,QuantizedMatmul transpose
test_quantized.py,test_qvm,named,QuantizedMatmul transpose
test_quantized.py,test_qvm,named,QuantizedMatmul transpose
test_quantized.py,test_qvm,named,QuantizedMatmul transpose
test_quantized.py,test_qvm,named,QuantizedMatmul transpose
test_quantized.py,test_qvm,named,QuantizedMatmul transpose
test_quantized.py,test_qvm,named,QuantizedMatmul transpose
test_quantized.py,test_qvm,named,QuantizedMatmul transpose
test_quantized.py,test_qvm,named,QuantizedMatmul transpose
test_quantized.py,test_qvm,named,QuantizedMatmul transpose
test_quantized.py,test_qvm,named,QuantizedMatmul transpose
test_quantized.py,test_qvm,named,QuantizedMatmul transpose
test_quantized.py,test_qvm,named,QuantizedMatmul transpose
test_quantized.py,test_qvm,named,QuantizedMatmul transpose
test_quantized.py,test_qvm,named,QuantizedMatmul transpose
test_quantized.py,test_qvm,named,QuantizedMatmul transpose
test_quantized.py,test_qvm,named,QuantizedMatmul transpose
test_quantized.py,test_qvm,named,QuantizedMatmul transpose
test_quantized.py,test_qvm,named,QuantizedMatmul transpose
test_quantized.py,test_qvm,named,QuantizedMatmul transpose
test_quantized.py,test_qvm,named,QuantizedMatmul transpose
test_quantized.py,test_qvm,named,Quantize bits
test_quantized.py,test_qvm,named,Quantize bits
test_quantized.py,test_qvm,named,Quantize bits
test_quantized.py,test_qvm,named,Quantize bits
test_quantized.py,test_qvm,named,Quantize bits
test_quantized.py,test_qvm,named,Quantize bits
test_quantized.py,test_qvm,named,Quantize bits
test_quantized.py,test_qvm,named,Quantize bits
test_quantized.py,test_qvm,named,Quantize bits
test_quantized.py,test_qvm,named,Quantize bits
test_quantized.py,test_qvm,named,Quantize bits
test_quantized.py,test_qvm,named,Quantize bits
test_quantized.py,test_qvm,named,Quantize bits
test_quantized.py,test_qvm,named,Quantize bits
test_quantized.py,test_qvm,named,Quantize bits
test_quantized.py,test_qvm,named,Quantize bits
test_quantized.py,test_qvm,named,Quantize bits
test_quantized.py,test_qvm,named,Quantize bits
test_quantized.py,test_qvm,named,Quantize bits
test_quantized.py,test_qvm,named,Quantize bits
test_quantized.py,test_qvm,named,Quantize bits
test_quantized.py,test_qvm,named,Quantize bits
test_quantized.py,test_qvm,named,Quantize bits
test_quantized.py,test_qvm,named,Quantize bits
test_quantized.py,test_qvm,named,Quantize bits
test_quantized.py,test_qvm,named,Quantize bits
test_quantized.py,test_qvm,named,Quantize bits
test_quantized.py,test_qvm,named,Quantize bits
test_quantized.py,test_qvm,named,Quantize bits
test_quantized.py,test_qvm,named,Quantize bits
test_quantized.py,test_qvm,named,Quantize bits
test_quantized.py,test_qvm,named,Quantize bits
test_quantized.py,test_qvm,named,Quantize bits
test_quantized.py,test_qvm,named,Quantize bits
test_quantized.py,test_qvm,named,Quantize bits
test_quantized.py,test_qvm,named,Quantize bits
test_quantized.py,test_qvm,named,Quantize bits
test_quantized.py,test_qvm,named,Quantize bits
test_quantized.py,test_qvm,named,Quantize bits
test_quantized.py,test_qvm,named,Quantize bits
test_quantized.py,test_qvm,named,Quantize bits
test_quantized.py,test_qvm,named,Quantize bits
test_quantized.py,test_qvm,named,Quantize bits
test_quantized.py,test_qvm,named,Quantize bits
test_quantized.py,test_qvm,named,Quantize bits
test_quantized.py,test_qvm,named,Quantize bits
test_quantized.py,test_qvm,named,Quantize bits
test_quantized.py,test_qvm,named,Quantize bits
test_quantized.py,test_qvm,named,QuantizedMatmul transpose
test_quantized.py,test_qvm,named,QuantizedMatmul transpose
test_quantized.py,test_qvm,named,QuantizedMatmul transpose
test_quantized.py,test_qvm,named,QuantizedMatmul transpose
test_quantized.py,test_qvm,named,QuantizedMatmul transpose
test_quantized.py,test_qvm,named,QuantizedMatmul transpose
test_quantized.py,test_qvm,named,QuantizedMatmul transpose
test_quantized.py,test_qvm,named,QuantizedMatmul transpose
test_quantized.py,test_qvm,named,QuantizedMatmul transpose
test_quantized.py,test_qvm,named,QuantizedMatmul transpose
test_quantized.py,test_qvm,named,QuantizedMatmul transpose
test_quantized.py,test_qvm,named,QuantizedMatmul transpose
test_quantized.py,test_qvm,named,QuantizedMatmul transpose
test_quantized.py,test_qvm,named,QuantizedMatmul transpose
test_quantized.py,test_qvm,named,QuantizedMatmul transpose
test_quantized.py,test_qvm,named,QuantizedMatmul transpose
test_quantized.py,test_qvm,named,QuantizedMatmul transpose
test_quantized.py,test_qvm,named,QuantizedMatmul transpose
test_quantized.py,test_qvm,named,QuantizedMatmul transpose
test_quantized.py,test_qvm,named,QuantizedMatmul transpose
test_quantized.py,test_qvm,named,QuantizedMatmul transpose
test_quantized.py,test_qvm,named,QuantizedMatmul transpose
test_quantized.py,test_qvm,named,QuantizedMatmul transpose
test_quantized.py,test_qvm,named,QuantizedMatmul transpose
test_quantized.py,test_qvm,named,QuantizedMatmul bits
test_quantized.py,test_qvm,named,QuantizedMatmul bits
test_quantized.py,test_qvm,named,QuantizedMatmul bits
test_quantized.py,test_qvm,named,QuantizedMatmul bits
test_quantized.py,test_qvm,named,QuantizedMatmul bits
test_quantized.py,test_qvm,named,QuantizedMatmul bits
test_quantized.py,test_qvm,named,QuantizedMatmul bits
test_quantized.py,test_qvm,named,QuantizedMatmul bits
test_quantized.py,test_qvm,named,QuantizedMatmul bits
test_quantized.py,test_qvm,named,QuantizedMatmul bits
test_quantized.py,test_qvm,named,QuantizedMatmul bits
test_quantized.py,test_qvm,named,QuantizedMatmul bits
test_quantized.py,test_qvm,named,QuantizedMatmul bits
test_quantized.py,test_qvm,named,QuantizedMatmul bits
test_quantized.py,test_qvm,named,QuantizedMatmul bits
test_quantized.py,test_qvm,named,QuantizedMatmul bits
test_quantized.py,test_qvm,named,QuantizedMatmul bits
test_quantized.py,test_qvm,named,QuantizedMatmul bits
test_quantized.py,test_qvm,named,QuantizedMatmul bits
test_quantized.py,test_qvm,named,QuantizedMatmul bits
test_quantized.py,test_qvm,named,QuantizedMatmul bits
test_quantized.py,test_qvm,named,QuantizedMatmul bits
test_quantized.py,test_qvm,named,QuantizedMatmul bits
test_quantized.py,test_qvm,named,QuantizedMatmul bits
test_quantized.py,test_qvm,named,QuantizedMatmul bits
test_quantized.py,test_qvm,named,QuantizedMatmul bits
test_quantized.py,test_qvm,named,QuantizedMatmul bits
test_quantized.py,test_qvm,named,QuantizedMatmul bits
test_quantized.py,test_qvm,named,QuantizedMatmul bits
test_quantized.py,test_qvm,named,QuantizedMatmul bits
test_quantized.py,test_qvm,named,QuantizedMatmul bits
test_quantized.py,test_qvm,named,QuantizedMatmul bits
test_quantized.py,test_qvm,named,QuantizedMatmul bits
test_quantized.py,test_qvm,named,QuantizedMatmul bits
test_quantized.py,test_qvm,named,QuantizedMatmul bits
test_quantized.py,test_qvm,named,QuantizedMatmul bits
test_quantized.py,test_qvm,named,Quantize bits
test_quantized.py,test_qvm,named,Quantize bits
test_quantized.py,test_qvm,named,Quantize bits
test_quantized.py,test_qvm,named,Quantize bits
test_quantized.py,test_qvm,named,Quantize bits
test_quantized.py,test_qvm,named,Quantize bits
test_quantized.py,test_qvm,named,Quantize bits
test_quantized.py,test_qvm,named,Quantize bits
test_quantized.py,test_qvm,named,Quantize bits
test_quantized.py,test_qvm,named,Quantize bits
test_quantized.py,test_qvm,named,Quantize bits
test_quantized.py,test_qvm,named,Quantize bits
test_quantized.py,test_qvm,named,Quantize bits
test_quantized.py,test_qvm,named,Quantize bits
test_quantized.py,test_qvm,named,Quantize bits
test_quantized.py,test_qvm,named,Quantize bits
test_quantized.py,test_qvm,named,Quantize bits
test_quantized.py,test_qvm,named,Quantize bits
test_quantized.py,test_qvm,named,Quantize bits
test_quantized.py,test_qvm,named,Quantize bits
test_quantized.py,test_qvm,named,Quantize bits
test_quantized.py,test_qvm,named,Quantize bits
test_quantized.py,test_qvm,named,Quantize bits
test_quantized.py,test_qvm,named,Quantize bits
test_quantized.py,test_qvm,named,Quantize bits
test_quantized.py,test_qvm,named,Quantize bits
test_quantized.py,test_qvm,named,Quantize bits
test_quantized.py,test_qvm,named,Quantize bits
test_quantized.py,test_qvm,named,Quantize bits
test_quantized.py,test_qvm,named,Quantize bits
test_quantized.py,test_qvm,named,Quantize bits
test_quantized.py,test_qvm,named,Quantize bits
test_quantized.py,test_qvm,named,Quantize bits
test_quantized.py,test_qvm,named,Quantize bits
test_quantized.py,test_qvm,named,Quantize bits
test_quantized.py,test_qvm,named,Quantize bits
test_quantized.py,test_qvm,named,QuantizedMatmul transpose
test_quantized.py,test_qvm,named,QuantizedMatmul transpose
test_quantized.py,test_qvm,named,QuantizedMatmul transpose
test_quantized.py,test_qvm,named,QuantizedMatmul transpose
test_quantized.py,test_qvm,named,QuantizedMatmul transpose
test_quantized.py,test_qvm,named,QuantizedMatmul transpose
test_quantized.py,test_qvm,named,QuantizedMatmul transpose
test_quantized.py,test_qvm,named,QuantizedMatmul transpose
test_quantized.py,test_qvm,named,QuantizedMatmul transpose
test_quantized.py,test_qvm,named,QuantizedMatmul transpose
test_quantized.py,test_qvm,named,QuantizedMatmul transpose
test_quantized.py,test_qvm,named,QuantizedMatmul transpose
test_quantized.py,test_qvm,named,QuantizedMatmul transpose
test_quantized.py,test_qvm,named,QuantizedMatmul transpose
test_quantized.py,test_qvm,named,QuantizedMatmul transpose
test_quantized.py,test_qvm,named,QuantizedMatmul transpose
test_quantized.py,test_qvm,named,QuantizedMatmul transpose
test_quantized.py,test_qvm,named,QuantizedMatmul transpose
test_quantized.py,test_qvm,named,QuantizedMatmul transpose
test_quantized.py,test_qvm,named,QuantizedMatmul transpose
test_quantized.py,test_qvm,named,QuantizedMatmul transpose
test_quantized.py,test_qvm,named,QuantizedMatmul transpose
test_quantized.py,test_qvm,named,QuantizedMatmul transpose
test_quantized.py,test_qvm,named,QuantizedMatmul transpose
test_quantized.py,test_qvm,named,QuantizedMatmul transpose
test_quantized.py,test_qvm,named,QuantizedMatmul transpose
test_quantized.py,test_qvm,named,QuantizedMatmul transpose
test_quantized.py,test_qvm,named,QuantizedMatmul transpose
test_quantized.py,test_qvm,named,QuantizedMatmul transpose
test_quantized.py,test_qvm,named,QuantizedMatmul transpose
test_quantized.py,test_qvm,named,QuantizedMatmul transpose
test_quantized.py,test_qvm,named,QuantizedMatmul transpose
test_quantized.py,test_qvm,named,QuantizedMatmul transpose
test_quantized.py,test_qvm,named,QuantizedMatmul transpose
test_quantized.py,test_qvm,named,QuantizedMatmul transpose
test_quantized.py,test_qvm,named,QuantizedMatmul transpose
test_quantized.py,test_qvm,named,Quantize bits
test_quantized.py,test_qvm,named,Quantize bits
test_quantized.py,test_qvm,named,Quantize bits
test_quantized.py,test_qvm,named,Quantize bits
test_quantized.py,test_qvm,named,Quantize bits
test_quantized.py,test_qvm,named,Quantize bits
test_quantized.py,test_qvm,named,Quantize bits
test_quantized.py,test_qvm,named,Quantize bits
test_quantized.py,test_qvm,named,Quantize bits
test_quantized.py,test_qvm,named,Quantize bits
test_quantized.py,test_qvm,named,Quantize bits
test_quantized.py,test_qvm,named,Quantize bits
test_quantized.py,test_qvm,named,Quantize bits
test_quantized.py,test_qvm,named,Quantize bits
test_quantized.py,test_qvm,named,Quantize bits
test_quantized.py,test_qvm,named,Quantize bits
test_quantized.py,test_qvm,named,Quantize bits
test_quantized.py,test_qvm,named,Quantize bits
test_quantized.py,test_qvm,named,Quantize bits
test_quantized.py,test_qvm,named,Quantize bits
test_quantized.py,test_qvm,named,Quantize bits
test_quantized.py,test_qvm,named,Quantize bits
test_quantized.py,test_qvm,named,Quantize bits
test_quantized.py,test_qvm,named,Quantize bits
test_quantized.py,test_qvm,named,Quantize bits
test_quantized.py,test_qvm,named,Quantize bits
test_quantized.py,test_qvm,named,Quantize bits
test_quantized.py,test_qvm,named,Quantize bits
test_quantized.py,test_qvm,named,Quantize bits
test_quantized.py,test_qvm,named,Quantize bits
test_quantized.py,test_qvm,named,Quantize bits
test_quantized.py,test_qvm,named,Quantize bits
test_quantized.py,test_qvm,named,Quantize bits
test_quantized.py,test_qvm,named,Quantize bits
test_quantized.py,test_qvm,named,Quantize bits
test_quantized.py,test_qvm,named,Quantize bits
test_quantized.py,test_qvm,named,Quantize bits
test_quantized.py,test_qvm,named,Quantize bits
test_quantized.py,test_qvm,named,Quantize bits
test_quantized.py,test_qvm,named,Quantize bits
test_quantized.py,test_qvm,named,Quantize bits
test_quantized.py,test_qvm,named,Quantize bits
test_quantized.py,test_qvm,named,Quantize bits
test_quantized.py,test_qvm,named,Quantize bits
test_quantized.py,test_qvm,named,Quantize bits
test_quantized.py,test_qvm,named,Quantize bits
test_quantized.py,test_qvm,named,Quantize bits
test_quantized.py,test_qvm,named,Quantize bits
test_quantized.py,test_qvm,named,Quantize bits
test_quantized.py,test_qvm,named,Quantize bits
test_quantized.py,test_qvm,named,Quantize bits
test_quantized.py,test_qvm,named,Quantize bits
test_quantized.py,test_qvm,named,Quantize bits
test_quantized.py,test_qvm,named,Quantize bits
test_quantized.py,test_qvm,named,Quantize bits
test_quantized.py,test_qvm,named,Quantize bits
test_quantized.py,test_qvm,named,Quantize bits
test_quantized.py,test_qvm,named,Quantize bits
test_quantized.py,test_qvm,named,Quantize bits
test_quantized.py,test_qvm,named,Quantize bits
test_quantized.py,test_qvm,named,Quantize bits
test_quantized.py,test_qvm,named,Quantize bits
test_quantized.py,test_qvm,named,Quantize bits
test_quantized.py,test_qvm,named,Quantize bits
test_quantized.py,test_qvm,named,Quantize bits
test_quantized.py,test_qvm,named,Quantize bits
test_quantized.py,test_qvm,named,Quantize bits
test_quantized.py,test_qvm,named,Quantize bits
test_quantized.py,test_qvm,named,Quantize bits
test_quantized.py,test_qvm,named,Quantize bits
test_quantized.py,test_qvm,named,Quantize bits
test_quantized.py,test_qvm,named,Quantize bits
test_quantized.py,test_qvm,named,QuantizedMatmul transpose
test_quantized.py,test_qvm,named,QuantizedMatmul transpose
test_quantized.py,test_qvm,named,QuantizedMatmul transpose
test_quantized.py,test_qvm,named,QuantizedMatmul transpose
test_quantized.py,test_qvm,named,QuantizedMatmul transpose
test_quantized.py,test_qvm,named,QuantizedMatmul transpose
test_quantized.py,test_qvm,named,QuantizedMatmul transpose
test_quantized.py,test_qvm,named,QuantizedMatmul transpose
test_quantized.py,test_qvm,named,QuantizedMatmul transpose
test_quantized.py,test_qvm,named,QuantizedMatmul transpose
test_quantized.py,test_qvm,named,QuantizedMatmul transpose
test_quantized.py,test_qvm,named,QuantizedMatmul transpose
test_quantized.py,test_qvm,named,QuantizedMatmul transpose
test_quantized.py,test_qvm,named,QuantizedMatmul transpose
test_quantized.py,test_qvm,named,QuantizedMatmul transpose
test_quantized.py,test_qvm,named,QuantizedMatmul transpose
test_quantized.py,test_qvm,named,QuantizedMatmul transpose
test_quantized.py,test_qvm,named,QuantizedMatmul transpose
test_quantized.py,test_qvm,named,QuantizedMatmul transpose
test_quantized.py,test_qvm,named,QuantizedMatmul transpose
test_quantized.py,test_qvm,named,QuantizedMatmul transpose
test_quantized.py,test_qvm,named,QuantizedMatmul transpose
test_quantized.py,test_qvm,named,QuantizedMatmul transpose
test_quantized.py,test_qvm,named,QuantizedMatmul transpose
test_quantized.py,test_qvm,named,QuantizedMatmul transpose
test_quantized.py,test_qvm,named,QuantizedMatmul transpose
test_quantized.py,test_qvm,named,QuantizedMatmul transpose
test_quantized.py,test_qvm,named,QuantizedMatmul transpose
test_quantized.py,test_qvm,named,QuantizedMatmul transpose
test_quantized.py,test_qvm,named,QuantizedMatmul transpose
test_quantized.py,test_qvm,named,QuantizedMatmul transpose
test_quantized.py,test_qvm,named,QuantizedMatmul transpose
test_quantized.py,test_qvm,named,QuantizedMatmul transpose
test_quantized.py,test_qvm,named,QuantizedMatmul transpose
test_quantized.py,test_qvm,named,QuantizedMatmul transpose
test_quantized.py,test_qvm,named,QuantizedMatmul transpose
test_quantized.py,test_qvm_splitk,named,QuantizedMatmul bits
test_quantized.py,test_qvm_splitk,named,QuantizedMatmul bits
test_quantized.py,test_qvm_splitk,named,QuantizedMatmul group size
test_quantized.py,test_qvm_splitk,named,QuantizedMatmul group size
test_quantized.py,test_qvm_splitk,named,QuantizedMatmul group size
test_quantized.py,test_qvm_splitk,named,QuantizedMatmul group size
test_quantized.py,test_qvm_splitk,named,QuantizedMatmul bits
test_quantized.py,test_qvm_splitk,named,QuantizedMatmul bits
test_quantized.py,test_qvm_splitk,named,QuantizedMatmul transpose
test_quantized.py,test_qvm_splitk,named,QuantizedMatmul transpose
test_quantized.py,test_qvm_splitk,named,QuantizedMatmul transpose
test_quantized.py,test_qvm_splitk,named,QuantizedMatmul transpose
test_quantized.py,test_qvm_splitk,named,QuantizedMatmul bits
test_quantized.py,test_qvm_splitk,named,QuantizedMatmul bits
test_quantized.py,test_qvm_splitk,named,QuantizedMatmul transpose
test_quantized.py,test_qvm_splitk,named,QuantizedMatmul transpose
test_quantized.py,test_qvm_splitk,named,QuantizedMatmul transpose
test_quantized.py,test_qvm_splitk,named,QuantizedMatmul transpose
test_quantized.py,test_qvm_splitk,named,QuantizedMatmul transpose
test_quantized.py,test_qvm_splitk_multi_row,named,QuantizedMatmul transpose
test_quantized.py,test_qvm_splitk_multi_row,named,QuantizedMatmul transpose
test_quantized.py,test_qvm_splitk_multi_row,named,QuantizedMatmul transpose
test_quantized.py,test_qvm_splitk_multi_row,named,QuantizedMatmul transpose
test_quantized.py,test_qvm_splitk_multi_row,named,QuantizedMatmul transpose
test_quantized.py,test_qvm_splitk_multi_row,named,QuantizedMatmul transpose
test_quantized.py,test_qvm_splitk_multi_row,named,QuantizedMatmul transpose
test_quantized.py,test_qvm_splitk_multi_row,named,QuantizedMatmul transpose
test_quantized.py,test_qvm_splitk_multi_row,named,QuantizedMatmul transpose
test_quantized.py,test_qvm_splitk_multi_row,named,QuantizedMatmul transpose
test_quantized.py,test_qvm_splitk_multi_row,named,QuantizedMatmul transpose
test_quantized.py,test_qvm_splitk_multi_row,named,QuantizedMatmul transpose
test_quantized.py,test_qvm_splitk_multi_row,named,QuantizedMatmul transpose
test_quantized.py,test_qvm_splitk_multi_row,named,QuantizedMatmul transpose
test_quantized.py,test_qvm_splitk_multi_row,named,QuantizedMatmul transpose
test_quantized.py,test_qvm_splitk_multi_row,named,QuantizedMatmul transpose
test_quantized.py,test_small_matrix,named,QuantizedMatmul transpose
test_quantized.py,test_small_matrix,named,QuantizedMatmul weight layout
test_quantized.py,test_small_matrix,named,QuantizedMatmul weight layout
test_random.py,test_permutation,named,sort row length ArgSort
test_random.py,test_randint,named,dtype converting copy
test_reduce.py,test_arg_reduce,named,ArgMin dtype
test_reduce.py,test_arg_reduce,named,ArgMin dtype
test_reduce.py,test_arg_reduce,named,ArgMin dtype
test_reduce.py,test_arg_reduce,named,ArgMin dtype
test_reduce.py,test_arg_reduce,named,ArgMin dtype
test_reduce.py,test_arg_reduce,named,ArgMin dtype
test_reduce.py,test_arg_reduce,named,ArgMin dtype
test_reduce.py,test_arg_reduce,named,ArgMin dtype
test_reduce.py,test_dtypes,named,Sum dtype
test_reduce.py,test_dtypes,named,Sum dtype
test_reduce.py,test_dtypes,named,Sum dtype
test_reduce.py,test_dtypes,named,Sum dtype
test_reduce.py,test_dtypes,named,Sum dtype
test_reduce.py,test_dtypes,named,Sum dtype
test_reduce.py,test_dtypes,named,Sum dtype
test_reduce.py,test_dtypes,named,Sum dtype
test_reduce.py,test_dtypes,named,Prod dtype
test_reduce.py,test_dtypes,named,Prod dtype
test_reduce.py,test_dtypes,named,Prod dtype
test_reduce.py,test_dtypes,named,Prod dtype
test_reduce.py,test_dtypes,named,Prod dtype
test_reduce.py,test_dtypes,named,Prod dtype
test_reduce.py,test_dtypes,named,Prod dtype
test_reduce.py,test_dtypes,named,Prod dtype
test_reduce.py,test_dtypes,named,Min dtype
test_reduce.py,test_dtypes,named,Min dtype
test_reduce.py,test_dtypes,named,Min dtype
test_reduce.py,test_dtypes,named,Min dtype
test_reduce.py,test_dtypes,named,Min dtype
test_reduce.py,test_dtypes,named,Min dtype
test_reduce.py,test_dtypes,named,Min dtype
test_reduce.py,test_dtypes,named,Min dtype
test_reduce.py,test_dtypes,named,Max dtype
test_reduce.py,test_dtypes,named,Max dtype
test_reduce.py,test_dtypes,named,Max dtype
test_reduce.py,test_dtypes,named,Max dtype
test_reduce.py,test_dtypes,named,Max dtype
test_reduce.py,test_dtypes,named,Max dtype
test_reduce.py,test_dtypes,named,Max dtype
test_reduce.py,test_dtypes,named,Max dtype
test_reduce.py,test_dtypes,named,Sum dtype
test_reduce.py,test_dtypes,named,Sum dtype
test_reduce.py,test_dtypes,named,Sum dtype
test_reduce.py,test_dtypes,named,Sum dtype
test_reduce.py,test_dtypes,named,Sum dtype
test_reduce.py,test_dtypes,named,Sum dtype
test_reduce.py,test_dtypes,named,Sum dtype
test_reduce.py,test_dtypes,named,Sum dtype
test_reduce.py,test_dtypes,named,Prod dtype
test_reduce.py,test_dtypes,named,Prod dtype
test_reduce.py,test_dtypes,named,Prod dtype
test_reduce.py,test_dtypes,named,Prod dtype
test_reduce.py,test_dtypes,named,Prod dtype
test_reduce.py,test_dtypes,named,Prod dtype
test_reduce.py,test_dtypes,named,Prod dtype
test_reduce.py,test_dtypes,named,Prod dtype
test_reduce.py,test_dtypes,named,Min dtype
test_reduce.py,test_dtypes,named,Min dtype
test_reduce.py,test_dtypes,named,Min dtype
test_reduce.py,test_dtypes,named,Min dtype
test_reduce.py,test_dtypes,named,Min dtype
test_reduce.py,test_dtypes,named,Min dtype
test_reduce.py,test_dtypes,named,Min dtype
test_reduce.py,test_dtypes,named,Min dtype
test_reduce.py,test_dtypes,named,Max dtype
test_reduce.py,test_dtypes,named,Max dtype
test_reduce.py,test_dtypes,named,Max dtype
test_reduce.py,test_dtypes,named,Max dtype
test_reduce.py,test_dtypes,named,Max dtype
test_reduce.py,test_dtypes,named,Max dtype
test_reduce.py,test_dtypes,named,Max dtype
test_reduce.py,test_dtypes,named,Max dtype
test_reduce.py,test_dtypes,named,Sum dtype
test_reduce.py,test_dtypes,named,Sum dtype
test_reduce.py,test_dtypes,named,Sum dtype
test_reduce.py,test_dtypes,named,Sum dtype
test_reduce.py,test_dtypes,named,Sum dtype
test_reduce.py,test_dtypes,named,Sum dtype
test_reduce.py,test_dtypes,named,Sum dtype
test_reduce.py,test_dtypes,named,Sum dtype
test_reduce.py,test_dtypes,named,Prod dtype
test_reduce.py,test_dtypes,named,Prod dtype
test_reduce.py,test_dtypes,named,Prod dtype
test_reduce.py,test_dtypes,named,Prod dtype
test_reduce.py,test_dtypes,named,Prod dtype
test_reduce.py,test_dtypes,named,Prod dtype
test_reduce.py,test_dtypes,named,Prod dtype
test_reduce.py,test_dtypes,named,Prod dtype
test_reduce.py,test_dtypes,named,Min dtype
test_reduce.py,test_dtypes,named,Min dtype
test_reduce.py,test_dtypes,named,Min dtype
test_reduce.py,test_dtypes,named,Min dtype
test_reduce.py,test_dtypes,named,Min dtype
test_reduce.py,test_dtypes,named,Min dtype
test_reduce.py,test_dtypes,named,Min dtype
test_reduce.py,test_dtypes,named,Min dtype
test_reduce.py,test_dtypes,named,Max dtype
test_reduce.py,test_dtypes,named,Max dtype
test_reduce.py,test_dtypes,named,Max dtype
test_reduce.py,test_dtypes,named,Max dtype
test_reduce.py,test_dtypes,named,Max dtype
test_reduce.py,test_dtypes,named,Max dtype
test_reduce.py,test_dtypes,named,Max dtype
test_reduce.py,test_dtypes,named,Max dtype
test_reduce.py,test_dtypes,named,Sum dtype
test_reduce.py,test_dtypes,named,Sum dtype
test_reduce.py,test_dtypes,named,Sum dtype
test_reduce.py,test_dtypes,named,Sum dtype
test_reduce.py,test_dtypes,named,Sum dtype
test_reduce.py,test_dtypes,named,Sum dtype
test_reduce.py,test_dtypes,named,Sum dtype
test_reduce.py,test_dtypes,named,Sum dtype
test_reduce.py,test_dtypes,named,Prod dtype
test_reduce.py,test_dtypes,named,Prod dtype
test_reduce.py,test_dtypes,named,Prod dtype
test_reduce.py,test_dtypes,named,Prod dtype
test_reduce.py,test_dtypes,named,Prod dtype
test_reduce.py,test_dtypes,named,Prod dtype
test_reduce.py,test_dtypes,named,Prod dtype
test_reduce.py,test_dtypes,named,Prod dtype
test_reduce.py,test_dtypes,named,Min dtype
test_reduce.py,test_dtypes,named,Min dtype
test_reduce.py,test_dtypes,named,Min dtype
test_reduce.py,test_dtypes,named,Min dtype
test_reduce.py,test_dtypes,named,Min dtype
test_reduce.py,test_dtypes,named,Min dtype
test_reduce.py,test_dtypes,named,Min dtype
test_reduce.py,test_dtypes,named,Min dtype
test_reduce.py,test_dtypes,named,Max dtype
test_reduce.py,test_dtypes,named,Max dtype
test_reduce.py,test_dtypes,named,Max dtype
test_reduce.py,test_dtypes,named,Max dtype
test_reduce.py,test_dtypes,named,Max dtype
test_reduce.py,test_dtypes,named,Max dtype
test_reduce.py,test_dtypes,named,Max dtype
test_reduce.py,test_dtypes,named,Max dtype
test_reduce.py,test_dtypes,named,Sum dtype
test_reduce.py,test_dtypes,named,Sum dtype
test_reduce.py,test_dtypes,named,Sum dtype
test_reduce.py,test_dtypes,named,Sum dtype
test_reduce.py,test_dtypes,named,Sum dtype
test_reduce.py,test_dtypes,named,Sum dtype
test_reduce.py,test_dtypes,named,Sum dtype
test_reduce.py,test_dtypes,named,Sum dtype
test_reduce.py,test_dtypes,named,Prod dtype
test_reduce.py,test_dtypes,named,Prod dtype
test_reduce.py,test_dtypes,named,Prod dtype
test_reduce.py,test_dtypes,named,Prod dtype
test_reduce.py,test_dtypes,named,Prod dtype
test_reduce.py,test_dtypes,named,Prod dtype
test_reduce.py,test_dtypes,named,Prod dtype
test_reduce.py,test_dtypes,named,Prod dtype
test_reduce.py,test_dtypes,named,Min dtype
test_reduce.py,test_dtypes,named,Min dtype
test_reduce.py,test_dtypes,named,Min dtype
test_reduce.py,test_dtypes,named,Min dtype
test_reduce.py,test_dtypes,named,Min dtype
test_reduce.py,test_dtypes,named,Min dtype
test_reduce.py,test_dtypes,named,Min dtype
test_reduce.py,test_dtypes,named,Min dtype
test_reduce.py,test_dtypes,named,Max dtype
test_reduce.py,test_dtypes,named,Max dtype
test_reduce.py,test_dtypes,named,Max dtype
test_reduce.py,test_dtypes,named,Max dtype
test_reduce.py,test_dtypes,named,Max dtype
test_reduce.py,test_dtypes,named,Max dtype
test_reduce.py,test_dtypes,named,Max dtype
test_reduce.py,test_dtypes,named,Max dtype
test_reduce.py,test_dtypes,named,Sum dtype
test_reduce.py,test_dtypes,named,Sum dtype
test_reduce.py,test_dtypes,named,Sum dtype
test_reduce.py,test_dtypes,named,Sum dtype
test_reduce.py,test_dtypes,named,Sum dtype
test_reduce.py,test_dtypes,named,Sum dtype
test_reduce.py,test_dtypes,named,Sum dtype
test_reduce.py,test_dtypes,named,Sum dtype
test_reduce.py,test_dtypes,named,Prod dtype
test_reduce.py,test_dtypes,named,Prod dtype
test_reduce.py,test_dtypes,named,Prod dtype
test_reduce.py,test_dtypes,named,Prod dtype
test_reduce.py,test_dtypes,named,Prod dtype
test_reduce.py,test_dtypes,named,Prod dtype
test_reduce.py,test_dtypes,named,Prod dtype
test_reduce.py,test_dtypes,named,Prod dtype
test_reduce.py,test_dtypes,named,Min dtype
test_reduce.py,test_dtypes,named,Min dtype
test_reduce.py,test_dtypes,named,Min dtype
test_reduce.py,test_dtypes,named,Min dtype
test_reduce.py,test_dtypes,named,Min dtype
test_reduce.py,test_dtypes,named,Min dtype
test_reduce.py,test_dtypes,named,Min dtype
test_reduce.py,test_dtypes,named,Min dtype
test_reduce.py,test_dtypes,named,Max dtype
test_reduce.py,test_dtypes,named,Max dtype
test_reduce.py,test_dtypes,named,Max dtype
test_reduce.py,test_dtypes,named,Max dtype
test_reduce.py,test_dtypes,named,Max dtype
test_reduce.py,test_dtypes,named,Max dtype
test_reduce.py,test_dtypes,named,Max dtype
test_reduce.py,test_dtypes,named,Max dtype
test_reduce.py,test_dtypes,named,Sum dtype
test_reduce.py,test_dtypes,named,Sum dtype
test_reduce.py,test_dtypes,named,Sum dtype
test_reduce.py,test_dtypes,named,Sum dtype
test_reduce.py,test_dtypes,named,Sum dtype
test_reduce.py,test_dtypes,named,Sum dtype
test_reduce.py,test_dtypes,named,Sum dtype
test_reduce.py,test_dtypes,named,Sum dtype
test_reduce.py,test_dtypes,named,Prod dtype
test_reduce.py,test_dtypes,named,Prod dtype
test_reduce.py,test_dtypes,named,Prod dtype
test_reduce.py,test_dtypes,named,Prod dtype
test_reduce.py,test_dtypes,named,Prod dtype
test_reduce.py,test_dtypes,named,Prod dtype
test_reduce.py,test_dtypes,named,Prod dtype
test_reduce.py,test_dtypes,named,Prod dtype
test_reduce.py,test_dtypes,named,Min dtype
test_reduce.py,test_dtypes,named,Min dtype
test_reduce.py,test_dtypes,named,Min dtype
test_reduce.py,test_dtypes,named,Min dtype
test_reduce.py,test_dtypes,named,Min dtype
test_reduce.py,test_dtypes,named,Min dtype
test_reduce.py,test_dtypes,named,Min dtype
test_reduce.py,test_dtypes,named,Min dtype
test_reduce.py,test_dtypes,named,Max dtype
test_reduce.py,test_dtypes,named,Max dtype
test_reduce.py,test_dtypes,named,Max dtype
test_reduce.py,test_dtypes,named,Max dtype
test_reduce.py,test_dtypes,named,Max dtype
test_reduce.py,test_dtypes,named,Max dtype
test_reduce.py,test_dtypes,named,Max dtype
test_reduce.py,test_dtypes,named,Max dtype
test_reduce.py,test_expand_sums,named,broadcast rank Divide
test_reduce.py,test_nan_propagation,named,dtype converting copy
test_reduce.py,test_nan_propagation,named,dtype converting copy
test_reduce.py,test_nan_propagation,named,dtype converting copy
test_reduce.py,test_nan_propagation,named,dtype converting copy
test_reduce.py,test_nan_propagation,named,dtype converting copy
test_reduce.py,test_nan_propagation_complex64,assert,
test_reduce.py,test_row_reduce_negative_stride,named,Sum stride
test_reduce.py,test_row_reduce_negative_stride,named,Max stride
test_reduce.py,test_row_reduce_negative_stride,named,Min stride
test_reduce.py,test_row_reduce_negative_stride,named,Sum stride
test_reduce.py,test_row_reduce_negative_stride,named,Sum stride
test_upsample.py,test_antialias_1d_smoke,named,BitwiseAnd dtype
test_upsample.py,test_antialias_1d_smoke,named,BitwiseAnd dtype
test_upsample.py,test_antialias_1d_smoke,named,BitwiseAnd dtype
test_upsample.py,test_antialias_1d_smoke,named,BitwiseAnd dtype
test_upsample.py,test_antialias_non_integer_scale_smoke,named,BitwiseAnd dtype
test_upsample.py,test_antialias_non_integer_scale_smoke,named,BitwiseAnd dtype
test_upsample.py,test_antialias_non_integer_scale_smoke,named,BitwiseAnd dtype
test_upsample.py,test_antialias_non_integer_scale_smoke,named,BitwiseAnd dtype
test_upsample.py,test_antialias_non_integer_scale_smoke,named,BitwiseAnd dtype
test_upsample.py,test_antialias_non_integer_scale_smoke,named,BitwiseAnd dtype
test_vmap.py,test_binary,named,dtype converting copy
test_vmap.py,test_binary,named,dtype converting copy
test_vmap.py,test_unary,named,Negative dtype
test_vmap.py,test_vmap_argreduce,named,ArgMin dtype
test_vmap.py,test_vmap_masked_scatter,assert,
test_vmap.py,test_vmap_matmul,named,broadcast AddMM
test_vmap.py,test_vmap_pad,named,non-zero fill
