   if_icmp 227h, #0, AGXWAITS: enter shader=(unnamed) blocks=79
AGXWAITS: blk1 ACCEPT frame=0 else=3
AGXWAITS: blk1 carry
AGXWAITS: blk3 else-arrival frame=0
AGXWAITS: blk3 carry
AGXWAITS: blk4 close frame=0
AGXWAITS: blk4 ACCEPT frame=0 else=6
AGXWAITS: blk4 carry
AGXWAITS: blk5 carry
AGXWAITS: blk6 else-arrival frame=0
AGXWAITS: blk6 reject target=NULL
AGXWAITS: blk7 ACCEPT frame=1 else=9
AGXWAITS: blk7 carry
AGXWAITS: blk9 else-arrival frame=1
AGXWAITS: blk9 carry
AGXWAITS: blk10 close frame=1
AGXWAITS: blk10 close frame=0
AGXWAITS: blk10 ACCEPT frame=0 else=12
AGXWAITS: blk10 carry
AGXWAITS: blk11 carry
AGXWAITS: blk12 else-arrival frame=0
AGXWAITS: blk12 carry
AGXWAITS: blk13 close frame=0
AGXWAITS: blk13 ACCEPT frame=0 else=15
AGXWAITS: blk13 carry
AGXWAITS: blk14 carry
AGXWAITS: blk15 else-arrival frame=0
AGXWAITS: blk15 carry
AGXWAITS: blk16 close frame=0
AGXWAITS: blk16 ACCEPT frame=0 else=18
AGXWAITS: blk16 carry
AGXWAITS: blk17 carry
AGXWAITS: blk18 else-arrival frame=0
AGXWAITS: blk18 carry
AGXWAITS: blk19 close frame=0
AGXWAITS: blk19 ACCEPT frame=0 else=21
AGXWAITS: blk19 carry
AGXWAITS: blk20 carry
AGXWAITS: blk21 else-arrival frame=0
AGXWAITS: blk21 carry
AGXWAITS: blk22 close frame=0
AGXWAITS: blk24 ACCEPT frame=0 else=26
AGXWAITS: blk24 carry
AGXWAITS: blk25 drain slots=2
AGXWAITS: blk26 else-arrival frame=0
AGXWAITS: blk26 carry
AGXWAITS: blk27 close frame=0
AGXWAITS: blk27 ACCEPT frame=0 else=32
AGXWAITS: blk27 carry
AGXWAITS: blk28 ACCEPT frame=1 else=30
AGXWAITS: blk28 carry
AGXWAITS: blk29 carry
AGXWAITS: blk30 else-arrival frame=1
AGXWAITS: blk30 carry
AGXWAITS: blk31 close frame=1
AGXWAITS: blk31 carry
AGXWAITS: blk32 else-arrival frame=0
AGXWAITS: blk32 carry
AGXWAITS: blk33 close frame=0
AGXWAITS: blk33 ACCEPT frame=0 else=38
AGXWAITS: blk33 carry
AGXWAITS: blk34 ACCEPT frame=1 else=36
AGXWAITS: blk34 carry
AGXWAITS: blk35 carry
AGXWAITS: blk36 else-arrival frame=1
AGXWAITS: blk36 carry
AGXWAITS: blk37 close frame=1
AGXWAITS: blk37 carry
AGXWAITS: blk38 else-arrival frame=0
AGXWAITS: blk38 carry
AGXWAITS: blk39 close frame=0
AGXWAITS: blk39 ACCEPT frame=0 else=47
AGXWAITS: blk39 carry
AGXWAITS: blk40 ACCEPT frame=1 else=42
AGXWAITS: blk40 carry
AGXWAITS: blk41 carry
AGXWAITS: blk42 else-arrival frame=1
AGXWAITS: blk42 carry
AGXWAITS: blk43 close frame=1
AGXWAITS: blk43 ACCEPT frame=1 else=45
AGXWAITS: blk43 carry
AGXWAITS: blk44 carry
AGXWAITS: blk45 else-arrival frame=1
AGXWAITS: blk45 carry
AGXWAITS: blk46 close frame=1
AGXWAITS: blk46 carry
AGXWAITS: blk47 else-arrival frame=0
AGXWAITS: blk47 carry
AGXWAITS: blk48 close frame=0
AGXWAITS: blk48 ACCEPT frame=0 else=73
AGXWAITS: blk48 carry
AGXWAITS: blk49 ACCEPT frame=1 else=71
AGXWAITS: blk49 carry
AGXWAITS: blk50 ACCEPT frame=2 else=69
AGXWAITS: blk50 carry
AGXWAITS: blk51 ACCEPT frame=3 else=53
AGXWAITS: blk51 carry
AGXWAITS: blk52 carry
AGXWAITS: blk53 else-arrival frame=3
AGXWAITS: blk53 ACCEPT frame=4 else=55
AGXWAITS: blk53 carry
AGXWAITS: blk54 carry
AGXWAITS: blk55 else-arrival frame=4
AGXWAITS: blk55 ACCEPT frame=5 else=65
AGXWAITS: blk55 carry
AGXWAITS: blk56 ACCEPT frame=6 else=63
AGXWAITS: blk56 carry
AGXWAITS: blk57 reject target=NULL
AGXWAITS: blk58 ACCEPT frame=7 else=60
AGXWAITS: blk58 carry
AGXWAITS: blk60 else-arrival frame=7
AGXWAITS: blk60 carry
AGXWAITS: blk61 close frame=7
AGXWAITS: blk61 carry
AGXWAITS: blk62 carry
AGXWAITS: blk63 else-arrival frame=6
AGXWAITS: blk63 carry
AGXWAITS: blk64 close frame=6
AGXWAITS: blk64 carry
AGXWAITS: blk65 else-arrival frame=5
AGXWAITS: blk65 carry
AGXWAITS: blk66 close frame=5
AGXWAITS: blk66 close frame=4
AGXWAITS: blk66 close frame=3
AGXWAITS: blk66 carry
AGXWAITS: blk67 carry
AGXWAITS: blk68 carry
AGXWAITS: blk69 else-arrival frame=2
AGXWAITS: blk69 carry
AGXWAITS: blk70 close frame=2
AGXWAITS: blk70 carry
AGXWAITS: blk71 else-arrival frame=1
AGXWAITS: blk71 carry
AGXWAITS: blk72 close frame=1
AGXWAITS: blk72 carry
AGXWAITS: blk73 else-arrival frame=0
AGXWAITS: blk73 carry
AGXWAITS: blk74 close frame=0
AGXWAITS: blk74 ACCEPT frame=0 else=76
AGXWAITS: blk74 carry
AGXWAITS: blk75 drain slots=1
AGXWAITS: blk76 else-arrival frame=0
AGXWAITS: blk76 carry
AGXWAITS: blk77 close frame=0
AGXWAITS: blk77 drain slots=1
#0xaaaba9987140, n=1
} -> block51 block69  from block49

block51 {
   if_fcmp 160.abs, u66, #0xaaaba997ec20, n=1
} -> block52 block53  from block50

block52 {
   2478 = icmpsel 1328h, 1390h, u66, #0, #0x0
   2480 = fcmpsel 158.abs, #48, u77, 2478, #0x0
} -> block68  from block51

block53 {
   else_fcmp #0.000000, #0.000000, #0xaaaba99868c0, n=1
   2481 = fmul 160.abs, #0.500000
   2482 = ffma #-2.000000, 2481, 160.abs
   2483 = ffma 2482, #0.500000, 2481
   2485 = fcmpsel 2481, #0, 2481, 2483, #0x0
   2487 = fcmpsel 2483, 2483, 2485, 2481, #0x0
   2488 = floor 2487
   2489 = ffma #-2.000000, 2488, 160.abs
   2491 = floor 160
   2493h = fcmp 2489, #48, #0x0
   2494h = fcmpsel 160, 2491, 2493h, #0, #0x0
   2496h = icmpsel 158, #0, 2494h, #0, #0x0
   2497h = fcmp 158.abs, u66, #0x0
   2498h = fcmp 158, #0, #0x0
   2499h = fcmpsel 158, #0, #1, 2497h, #0x0
   if_icmp 2499h, #0, #0xaaaba997fe30, n=1, inv
} -> block54 block55  from block51

block54 {
   2501 = icmpsel 2498h, 1388h, u66, #0, #0x0
   2502 = fadd 2501.neg, #-0.000000
   2503 = icmpsel 2496h, #0, 2501, 2502, #0x0
} -> block67  from block53

block55 {
   else_fcmp #0.000000, #0.000000, #0xaaaba9986430, n=1
   2504h = fcmpsel 160, 2491, #0, 1345h, #0x0
   if_icmp 2504h, #0, #0xaaaba9986250, n=1
} -> block56 block65  from block53

block56 {
   2507h = fcmp u150l, 160.abs, #0x0
   2508h = fcmpsel 160, 2491, 2507h, #0, #0x0
   if_icmp 2508h, #0, #0xaaaba9981c30, n=1, inv
} -> block57 block63  from block55

block57 {
   2509 = fcmpsel 160, #0, 1327, 1220, #0x0
   2510 = convert #9, 1348, #0x0
   if_fcmp #0.000000, #0.000000, #0x0, n=1
} -> block58  from block56

block58 {
   2511 = phi 2509, 2522
   2512 = phi u77, 2518
   2513 = phi 2510, 2520
   if_icmp #0, 2513, #0xaaaba99810c0, n=1, inv
} -> block59 block60  from block57 block61

block59 {
   break #0xaaaba99807b0, n=2
} -> block62  from block58

block60 {
   else_fcmp #0.000000, #0.000000, #0xaaaba99810c0, n=1
   pop_exec #0x0, n=1
} -> block61  from block58

block61 {
   2515 = fmul 2512, 2511
   2516 = and 2513, #1
   2518 = icmpsel 2516, #0, 2512, 2515, #0x0
   2519 = fmul 2511, 2511
   2520 = asr 2513, #1
   2522 = icmpsel 2520, #0, 2511, 2519, #0x0
   jmp_exec_any #0xaaaba99808f0
   pop_exec #0x0, n=1
} -> block58  from block60

block62 {
} -> block64  from block59

block63 {
   else_fcmp #0.000000, #0.000000, #0xaaaba9981c30, n=1
   2523 = and 1220, u80
   2524 = or 2523, u77
   2525 = fmul 2524, #0.500000
   2527 = fcmpsel u67, 2524, 2525, 2524, #0x0
   2532 = fadd 2527, #-1.000000
   2533 = fadd #2.000000, 2532
   2537 = rcp 2533
   2539 = ffma 2533.neg, 2537, #1.000000
   2540 = ffma 2539, 2537, 2537
   2542 = fcmpsel 2540, 2540, 2540, 2537, #0x0
   2543 = ffma 2533.neg, 2542, #1.000000
   2544 = ffma 2543, 2542, 2542
   2546 = fcmpsel 2544, 2544, 2544, 2542, #0x0
   2547 = fmul 2532, 2546
   2549 = ffma 2547.neg, 2533, 2532
   2550 = ffma 2549, 2546, 2547
   2534 = fadd 2533, #-2.000000
   2536 = fadd 2532, 2534.neg
   2552 = ffma 2550.neg, 2533, 2532
   2553 = fmul 2550, 2536
   2555 = fadd 2552, 2553.neg
   2556 = fmul 2555, 2546
   2557 = fmul 2550, 2550
   2559 = ffma 2550, 2550, 2557.neg
   2563 = fmul 2550, 2559
   2560 = fmul 2550, 2557
   2562 = ffma 2550, 2557, 2560.neg
   2564 = fadd 2562, 2563
   2565 = fmul 2556, #3.000000
   2566 = ffma 2565, 2557, 2564
   2567 = ffma u87, 2557, u86
   2568 = ffma 2567, 2557, u90
   2569 = ffma 2568, 2557, u91
   2570 = ffma 2569, 2557, u92
   2571 = ffma 2557, 2570, u85
   2572 = fadd u93, 2571
   2573 = fadd 2572, u89
   2575 = fadd 2571, 2573.neg
   2579 = fmul 2560, 2575
   2576 = fmul 2560, 2572
   2578 = ffma 2560, 2572, 2576.neg
   2581 = fmul 2566, 2572
   2580 = fadd 2578, 2579
   2582 = fadd 2580, 2581
   2583 = fmul 2550, #2.000000
   2584 = fmul 2583, u71
   2586 = ffma 2583, u71, 2584.neg
   2587 = ffma 2583, u123, 2586
   2593 = fmul #2.000000, 2582
   2592 = fmul 2556, #2.000000
   2594 = fadd 2592, 2593
   2529 = bfeil #0, 1220, #23, #0x0
   2530 = iadd 2529, #127.neg, #0x0
   2528 = fcmpsel u67, 2524, #1, #0, #0x0
   2531 = iadd 2528, 2530, #0x0
   2595 = ffma 2594, u71, 2587
   2597 = convert #11, 2531, #0x1
   2588 = fmul #2.000000, 2576
   2598 = fadd 2597, 2584
   2600 = fadd 2598, 2597.neg
   2589 = fmul 2588, u71
   2603 = fadd 2598, 2589
   2605 = fadd 2603, 2598.neg
   2591 = ffma 2588, u71, 2589.neg
   2607 = fadd 2589, 2605.neg
   2602 = fadd 2584, 2600.neg
   2596 = fadd 2595, 2591
   2608 = fadd 2602, 2607
   2609 = fadd 2608, 2596
   2612 = icmpsel u66, 1220, u73, u66, #0x0
   2613 = and 1220, u84
   2615 = icmpsel 2613, u70, u76, 2612, #0x0
   2610 = fadd 2603, 2609
   2616 = iadd 1220, u76, #0x0
   2618 = icmpsel 2616, u72, 2610, 2615, #0x0
   2619 = fmul 2618, 160
   2620 = exp2 2619
   pop_exec #0x0, n=1
} -> block64  from block56

block64 {
   2621 = phi 2512, 2620
   2622 = fadd 2621.neg, #-0.000000
   2623 = icmpsel 2496h, #0, 2621, 2622, #0x0
} -> block66  from block62 block63

block65 {
   else_fcmp #0.000000, #0.000000, #0xaaaba9986250, n=1
   pop_exec #0x0, n=1
} -> block66  from block55

block66 {
   2624 = phi 2623, u73
   pop_exec #0x0, n=1
} -> block67  from block64 block65

block67 {
   2625 = phi 2503, 2624
   pop_exec #0x0, n=1
} -> block68  from block54 block66

block68 {
   2626 = phi 2480, 2625
} -> block70  from block52 block67

block69 {
   else_fcmp #0.000000, #0.000000, #0xaaaba9987140, n=1
   pop_exec #0x0, n=1
} -> block70  from block50

block70 {
   2627 = phi 2626, u73
} -> block72  from block68 block69

block71 {
   else_fcmp #0.000000, #0.000000, #0xaaaba9987710, n=1
   pop_exec #0x0, n=1
} -> block72  from block49

block72 {
   2628 = phi 2627, u77
} -> block74  from block70 block71

block73 {
   else_fcmp #0.000000, #0.000000, #0xaaaba9987ce0, n=1
   pop_exec #0x0, n=1
} -> block74  from block48

block74 {
   2629 = phi 20, 2470
   2630 = phi 2628, 2471
   2631 = fcmpsel 158, #0, u155, #0, #0x0
   2632 = fcmpsel #0, 158, u77, 2631, #0x0
   2633 = icmpsel u55l, #0, 2630, 2632, #0x0
   2634 = icmpsel u55h, #0, 2633, 1220, #0x0
   2636 = icmpsel u61l, #0, 2629, 20, #0x0
   2637 = floor 221
   2638 = icmpsel u56l, #0, 2634, 2637, #0x0
   2641 = iadd u62, 21, #0x0
   device_store 2638, u64:u65, 2641.abs, x, #0x0, slot 0
   2642 = iadd u6, 21.neg, #0x0
   if_icmp u5, 2642, #0xaaaba99890c0, n=1, inv
} -> block75 block76  from block72 block73

block75 {
   break #0xaaaba97334c0, n=2
} -> block78  from block74

block76 {
   else_fcmp #0.000000, #0.000000, #0xaaaba99890c0, n=1
   pop_exec #0x0, n=1
} -> block77  from block74

block77 {
   2644 = iadd 21, u5, #0x0
   jmp_exec_any #0xaaaba972b310
   pop_exec #0x0, n=1
} -> block1  from block76

block78 {
   stop 
} from block2 block25 block75

block0 {
   $r1 = get_sr #0x50
   $r1 = iadd ^r1, u4, #0x0
   r0l = mov_imm #0x0
   r2 = mov_imm #0x0
   r3 = mov_imm #0x0
   r4 = mov1 ^r1, #0
   r1 = mov_imm #0x0
} -> block1 

block1 {
} -> block2 block3  from block0 block77

block2 {
} -> block78  from block1

block3 {
} -> block4  from block1

block4 {
   while_icmp r4, u6, #0x0, n=1
   jmp_exec_none_after #0xaaaba99892a0
   if_icmp u7l, #0, #0xaaaba972a800, n=1, inv
} -> block5 block6  from block3

block5 {
   r6:r7 = imad $r4.abs, u12.abs, #0, #0x0
   $r5 = imad r7, u10, #0, #0x0
   $r5 = iadd $r4, r5.neg, #0x0
   $r6 = iadd $r5, u13, #0x0
   $r5 = icmpsel r5, u10, r5, r6, #0x0
   $r6 = iadd $r5, u13, #0x0
   $r5 = icmpsel r5, u10, r5, r6, #0x0
   $r5 = icmpsel u14l, #0, r5, $r4, #0x0
   r6:r7 = imad $r4.abs, u15.abs, #0, #0x0
   $r6 = imad r7, u11, #0, #0x0
   $r6 = iadd $r4, r6.neg, #0x0
   $r7 = iadd $r6, u16, #0x0
   $r6 = icmpsel r6, u11, r6, r7, #0x0
   $r7 = iadd $r6, u16, #0x0
   $r6 = icmpsel r6, u11, r6, r7, #0x0
   $r6 = icmpsel u17l, #0, r6, r4, #0x0
   $r6 = icmpsel u17h, #0, r6, #0, #0x0
   r6 = iadd u9, r6, #0x0
   $r5 = icmpsel u14h, #0, r5, #0, #0x0
   r5 = iadd u8, r5, #0x0
} -> block24  from block4

block6 {
   else_fcmp #0.000000, #0.000000, #0xaaaba972a9d0, n=1
   jmp_exec_none_after #0xaaaba972a9d0
   r6 = mov1 u19, #0
   r5 = mov1 u18, #0
   r7 = mov1 r4, #0
   r8 = mov1 u20, #0
   if_fcmp #0.000000, #0.000000, #0x0, n=1
} -> block7  from block4

block7 {
} -> block8 block9  from block6 block22

block8 {
} -> block23  from block7

block9 {
} -> block10  from block7

block10 {
   while_icmp r8, #0, #0x0, n=1, inv
   if_icmp u22l, #0, #0xaaaba97e9850, n=1, inv
} -> block11 block12  from block9

block11 {
   r9 = iadd #140, r8, #0x0
   r9 = device_load u0:u1, r9.abs, x, #0x0, slot 0
} -> block13  from block10

block12 {
   else_fcmp #0.000000, #0.000000, #0xaaaba97e9850, n=1
   wait #0x0, slot 0
   r9 = device_load u24:u25, r8.abs, x, #0x0, slot 1
   pop_exec #0x0, n=1
} -> block13  from block10

block13 {
   wait #0x0, slot 1
   $r10 = convert #10, $r9, #0x1
   $r11 = rcp $r10
   $r12 = ffma $r10.neg, $r11, #1.000000
   $r12 = ffma r12, $r11, $r11
   $r11 = fcmpsel r12, r12, r12, r11, #0x0
   $r10 = ffma r10.neg, $r11, #1.000000
   $r10 = ffma r10, $r11, $r11
   $r10 = fcmpsel r10, r10, r10, r11, #0x0
   r10 = fmul r10, u156
   $r10 = convert #8, r10, #0x0
   $r11 = imad $r9, $r10, #0, #0x0
   $r11 = iadd #0, r11.neg, #0x0
   r12:r13 = imad $r10.abs, r11.abs, #0, #0x0
   $r10 = iadd r10, r13, #0x0
   r10:r11 = imad $r7.abs, r10.abs, #0, #0x0
   $r10 = imad r11, $r9, #0, #0x0
   $r10 = iadd r7, r10.neg, #0x0
   $r11 = iadd $r10, $r9.neg, #0x0
   $r10 = icmpsel r10, $r9, r10, r11, #0x0
   $r11 = iadd $r10, $r9.neg, #0x0
   r9 = icmpsel r10, r9, r10, r11, #0x0
   if_icmp u22l, #0, #0xaaaba9919650, n=1, inv
} -> block14 block15  from block11 block12

block14 {
   r10 = iadd #140, r8, #0x0
   r10 = device_load u0:u1, r10.abs, x, #0x0, slot 0
} -> block16  from block13

block15 {
   else_fcmp #0.000000, #0.000000, #0xaaaba9919650, n=1
   wait #0x0, slot 0
   r10 = device_load u26:u27, r8.abs, x, #0x0, slot 1
   pop_exec #0x0, n=1
} -> block16  from block13

block16 {
   wait #0x0, slot 1
   $r11 = convert #10, $r10, #0x1
   $r12 = rcp $r11
   $r13 = ffma $r11.neg, $r12, #1.000000
   $r13 = ffma r13, $r12, $r12
   $r12 = fcmpsel r13, r13, r13, r12, #0x0
   $r11 = ffma r11.neg, $r12, #1.000000
   $r11 = ffma r11, $r12, $r12
   $r11 = fcmpsel r11, r11, r11, r12, #0x0
   r11 = fmul r11, u156
   $r11 = convert #8, r11, #0x0
   $r12 = imad $r10, $r11, #0, #0x0
   $r12 = iadd #0, r12.neg, #0x0
   r12:r13 = imad $r11.abs, r12.abs, #0, #0x0
   $r11 = iadd r11, r13, #0x0
   r12:r13 = imad $r7.abs, r11.abs, #0, #0x0
   $r11 = imad $r13, $r10, #0, #0x0
   $r7 = iadd r7, r11.neg, #0x0
   $r11 = icmpsel $r7, $r10, #0, #1, #0x0
   $r11 = iadd r13, r11, #0x0
   $r12 = iadd $r7, $r10.neg, #0x0
   $r7 = icmpsel r7, $r10, r7, r12, #0x0
   $r7 = icmpsel r7, r10, #0, #1, #0x0
   r7 = iadd r7, r11, #0x0
   if_icmp u22l, #0, #0xaaaba9a10ac0, n=1, inv
} -> block17 block18  from block14 block15

block17 {
   r10 = iadd #144, r8, #0x0
   r10 = device_load u0:u1, r10.abs, x, #0x0, slot 0
} -> block19  from block16

block18 {
   else_fcmp #0.000000, #0.000000, #0xaaaba9a10ac0, n=1
   wait #0x0, slot 0
   r10 = iadd u21, r8, #0x0
   r10 = device_load u28:u29, r10.abs, x, #0x0, slot 0
   pop_exec #0x0, n=1
} -> block19  from block16

block19 {
   wait #0x0, slot 0
   r5 = imad r9, r10, r5, #0x0
   if_icmp u22l, #0, #0xaaaba9a1afb0, n=1, inv
} -> block20 block21  from block17 block18

block20 {
   r10 = iadd #148, r8, #0x0
   r10 = device_load u0:u1, r10.abs, x, #0x0, slot 0
} -> block22  from block19

block21 {
   else_fcmp #0.000000, #0.000000, #0xaaaba9a1afb0, n=1
   wait #0x0, slot 0
   r10 = iadd u30, r8, #0x0
   r10 = device_load u32:u33, r10.abs, x, #0x0, slot 0
   pop_exec #0x0, n=1
} -> block22  from block19

block22 {
   wait #0x0, slot 0
   r6 = imad r9, r10, r6, #0x0
   r8 = iadd r8, #1.neg, #0x0
   jmp_exec_any #0xaaaba972abb0
   pop_exec #0x0, n=1
} -> block7  from block20 block21

block23 {
   pop_exec #0x0, n=1
} -> block24  from block8

block24 {
   r5 = device_load u34:u35, r5.abs, x, #0x0, slot 0
   r6 = device_load u36:u37, r6.abs, x, #0x0, slot 1
   if_icmp u56h, #0, #0xaaaba990d8e0, n=1, inv
} -> block25 block26  from block5 block23

block25 {
   wait #0x0, slot 0
   wait #0x0, slot 1
   r0l = mov_imm #0x2
   pop_exec #0x0, n=0
} -> block78  from block24

block26 {
   pop_exec #0x0, n=1
} -> block27  from block24

block27 {
   wait #0x0, slot 0
   wait #0x0, slot 1
   $r7 = fadd $r5, $r6
   $r2 = icmpsel u57l, #0, r2, r7, #0x0
   $r8 = fmul $r5, $r6
   $r2 = icmpsel u57h, #0, r2, r8, #0x0
   $r8 = rcp $r6
   $r9 = ffma $r6.neg, $r8, #1.000000
   $r9 = ffma r9, $r8, $r8
   $r8 = fcmpsel r9, r9, r9, r8, #0x0
   $r9 = ffma $r6.neg, $r8, #1.000000
   $r9 = ffma r9, $r8, $r8
   $r8 = fcmpsel r9, r9, r9, r8, #0x0
   $r9 = fmul $r5, $r8
   $r10 = ffma $r6.neg, $r9, $r5
   $r8 = ffma r10, r8, $r9
   $r10 = fcmpsel $r9, #0, $r9, $r8, #0x0
   $r8 = fcmpsel r8, r8, r10, r9, #0x0
   $r2 = icmpsel u58l, #0, r2, r8, #0x0
   $r0h = fcmpsel $r6, $r6, #0, #1, #0x0
   $r0h = fcmpsel $r5, $r5, r0h, #1, #0x0
   $r9 = fcmpsel $r5, $r6, $r5, $r6, #0x0
   $r9 = fadd r9, #-0.000000
   $r9 = icmpsel r0h, #0, r9, u73, #0x0
   $r2 = icmpsel u58h, #0, r2, r9, #0x0
   $r10 = fmul $r5, u71
   $r11 = exp2 $r10
   $r2 = icmpsel u38l, #0, r2, r11, #0x0
   $r10 = exp2 r10.neg
   $r12 = fadd #1.000000, r10
   $r13 = rcp $r12
   $r14 = ffma $r12.neg, $r13, #1.000000
   $r14 = ffma r14, $r13, $r13
   $r13 = fcmpsel r14, r14, r14, r13, #0x0
   $r12 = ffma r12.neg, $r13, #1.000000
   $r12 = ffma r12, $r13, $r13
   $r12 = fcmpsel r12, r12, r12, r13, #0x0
   $r2 = icmpsel u38h, #0, r2, r12, #0x0
   $r12 = fmul $r5, $r5
   $r2 = icmpsel u39l, #0, r2, r12, #0x0
   $r13 = srsqrt $r5
   $r13 = fmul $r5, r13
   $r2 = icmpsel u39h, #0, r2, r13, #0x0
   $r13 = rsqrt $r5
   $r2 = icmpsel u40l, #0, r2, r13, #0x0
   $r13 = fadd $r5, r6.neg
   $r2 = icmpsel u40h, #0, r2, r13, #0x0
   r1 = icmpsel u59l, #0, r1, r3, #0x0
   $r14 = fadd r5.neg, #-0.000000
   r2 = icmpsel u41l, #0, r2, r14, #0x0
   if_icmp u41h, #0, #0xaaaba992d050, n=1, inv
   jmp_exec_none #0xaaaba992d050
} -> block28 block32  from block26

block28 {
   r1 = fadd r5.abs, #-0.000000
   if_fcmp r5.abs, u95, #0xaaaba9928b70, n=1
   jmp_exec_none #0xaaaba9928b70
} -> block29 block30  from block27

block29 {
   $r2 = bfeil #0, $r1, #23, #0x0
   $r2 = iadd r2, #126.neg, #0x0
   $r15 = bfeil #0, $r2, #5, #0x0
   $r16 = icmpsel $r15, #4, u74, u69, #0x0
   $r16 = icmpsel $r15, #3, u81, r16, #0x0
   $r16 = icmpsel $r15, #2, #0, r16, #0x0
   $r17 = icmpsel $r15, #4, u69, u78, #0x0
   $r17 = icmpsel $r15, #3, u74, r17, #0x0
   $r18 = icmpsel $r15, #1, #0, u81, #0x0
   $r17 = icmpsel $r15, #2, r18, r17, #0x0
   $r2 = and r2, #31
   $r16 = bfi #0, r16, $r2, #0x0
   $r18 = iadd #31, $r2.neg, #0x0
   $r18 = and r18, #31
   $r19 = bfeil #0, $r17, $r18, #0x0
   $r19 = bfeil #0, r19, #1, #0x0
   $r16 = or r16, r19
   $r19 = icmpsel $r15, #4, u78, u82, #0x0
   $r19 = icmpsel $r15, #3, u69, r19, #0x0
   $r20 = icmpsel $r15, #1, u81, u74, #0x0
   $r19 = icmpsel $r15, #2, r20, r19, #0x0
   $r17 = bfi #0, r17, $r2, #0x0
   $r20 = bfeil #0, $r19, $r18, #0x0
   $r20 = bfeil #0, r20, #1, #0x0
   $r17 = or r17, r20
   $r1 = and r1, u80
   $r1 = or r1, u70
   $r1 = bfi #0, r1, #8, #0x0
   r20:r21 = imad $r1.abs, $r17.abs, #0, #0x0
   $r20 = icmpsel $r15, #4, u82, u88, #0x0
   $r20 = icmpsel $r15, #3, u78, r20, #0x0
   $r22 = icmpsel $r15, #1, u74, u69, #0x0
   $r20 = icmpsel $r15, #2, r22, r20, #0x0
   $r19 = bfi #0, r19, $r2, #0x0
   $r22 = bfeil #0, $r20, $r18, #0x0
   $r22 = bfeil #0, r22, #1, #0x0
   $r19 = or r19, r22
   r22:r23 = imad $r1.abs, $r19.abs, #0, #0x0
   $r22 = icmpsel $r15, #4, u88, u106, #0x0
   $r22 = icmpsel $r15, #3, u82, r22, #0x0
   $r24 = icmpsel $r15, #1, u69, u78, #0x0
   $r15 = icmpsel r15, #2, r24, r22, #0x0
   $r2 = bfi #0, r20, r2, #0x0
   $r15 = bfeil #0, r15, r18, #0x0
   $r15 = bfeil #0, r15, #1, #0x0
   $r2 = or r2, r15
   r24:r25 = imad $r1.abs, r2.abs, #0, #0x0
   $r2 = imad $r1, r19, $r25, #0x0
   $r15 = imad $r1, r17, $r23, #0x0
   $r17 = icmpsel $r2, r25, #1, #0, #0x0
   $r17 = iadd $r15, r17, #0x0
   $r1 = imad r1, r16, r21, #0x0
   $r16 = icmpsel $r17, $r15, #1, #0, #0x0
   $r1 = iadd r1, r16, #0x0
   $r15 = icmpsel r15, r23, #1, #0, #0x0
   $r1 = iadd r1, r15, #0x0
   $r15 = bfeil #0, $r17, #31, #0x0
   $r1 = iadd r15, r1, #0x0
   $r15 = iadd #0, $r17.neg, #0x0
   $r16 = icmpsel $r2, #0, #0, #1, #0x0
   $r15 = iadd r15, r16.neg, #0x0
   $r16 = iadd #0, $r2.neg, #0x0
   $r2 = icmpsel $r17, #0, r16, r2, #0x0
   $r15 = icmpsel $r17, #0, r15, $r17, #0x0
   $r16 = ffs $r15
   $r16 = or r16, #32
   $r18 = ffs $r2
   $r16 = icmpsel r18, r16, r18, r16, #0x0
   $r16 = iadd r16, #23.neg, #0x0
   $r16 = icmpsel r16, #0, r16, #0, #0x0
   $r18 = and $r16, #63
   $r19 = iadd $r18, #32.neg, #0x0
   $r20 = iadd #0, $r19.neg, #0x0
   $r19 = icmpsel r19, r20, r19, r20, #0x0
   $r20 = and $r18, #31
   $r21 = bfeil #0, $r2, $r20, #0x0
   $r19 = and r19, #31
   $r22 = bfi #0, $r15, $r19, #0x0
   $r21 = or r21, r22
   $r22 = bfeil #0, $r15, $r19, #0x0
   $r21 = icmpsel $r18, #32, r21, r22, #0x0
   $r21 = icmpsel $r18, #0, $r2, r21, #0x0
   $r20 = bfi #0, #1, r20, #0x0
   $r20 = icmpsel $r18, #32, r20, #0, #0x0
   $r22 = bfeil #0, #1, $r19, #0x0
   $r19 = bfi #0, #1, r19, #0x0
   $r19 = icmpsel $r18, #32, r22, r19, #0x0
   $r22 = icmpsel $r18, #0, #1, r20, #0x0
   $r23 = icmpsel r18, #0, #0, r19, #0x0
   $r18 = extr $r22, $r23, #1, #0x0
   $r24 = mov1 $r22, #0
   $r25 = mov1 $r23, #0
   $r24:r25 = iadd r24:r25, #1.neg, #0x0
   $r19 = and $r2, r24
   $r20 = and $r15, r25
   $r24 = asr $r23, #1
   $r25l = icmpsel $r19, $r18, #1, #0, #0x0
   $r25l = icmpsel $r20, $r24, r25l, #0, #0x0
   $r25h = icmpsel r16, #0, #0, #1, #0x0
   $r25l = icmpsel r25l, #0, #0, r25h, #0x0
   $r2 = and r2, r22
   $r15 = and r15, r23
   $r2 = icmpsel r15, r2, r15, r2, #0x0
   $r15l = icmpsel r18, r19, #1, #0, #0x0
   $r15l = icmpsel $r20, $r24, r15l, #0, #0x0
   $r15l = icmpsel r24, r20, #1, r15l, #0x0
   $r2l = icmpsel r2, #0, #0, r25l, #0x0
   $r18 = icmpsel r15l, #0, #0, #1, #0x0
   $r15 = icmpsel r2l, #0, r18, #1, #0x0
   r2 = iadd r21, r15, #0x0
   $r15 = convert #10, r16, #0x1
   $r15 = exp2 r15
   $r2 = convert #10, r2, #0x1
   $r2 = fmul r2, r15
   $r15 = icmpsel r17, #0, u98, #0, #0x0
   $r2 = fmul r2, u104
   $r2 = xor r2, r15
   $r15 = iadd #0, $r1.neg, #0x0
   r1 = fcmpsel $r5, #0, r15, r1, #0x0
   $r15 = fadd $r2.neg, #-0.000000
   r2 = fcmpsel r5, #0, r15, r2, #0x0
   r15 = mov_imm #0x0
} -> block31  from block28

block30 {
   else_fcmp #0.000000, #0.000000, #0xaaaba9928b70, n=1
   r1 = fmul $r5, u75
   $r1 = roundeven r1
   $r2 = fmul $r1, u79
   $r15 = ffma $r1.neg, u68, r5
   $r16 = fadd $r15, $r2.neg
   $r17 = fadd $r16, $r15.neg
   $r18 = fadd $r16, $r17.neg
   $r15 = fadd r15, r18.neg
   $r17 = fadd $r2.neg, r17.neg
   $r15 = fadd r15, r17
   $r2 = ffma $r1, u79, r2.neg
   $r2 = fadd r15, r2.neg
   $r2 = ffma r1.neg, u113, r2
   $r15 = fmul $r16, u75
   $r17 = ffma $r16, u75, $r15.neg
   $r2 = ffma r2, u75, r17
   $r2 = ffma r16, u100, r2
   $r16 = fadd $r15, $r2
   $r15 = fadd $r16, r15.neg
   $r2 = fadd r2, r15.neg
   r1 = convert #9, r1, #0x0
   r15 = mov1 r2, #0
   r2 = mov1 r16, #0
   pop_exec #0x0, n=1
} -> block31  from block28

block31 {
   $r16 = fmul $r2, $r2
   $r17 = fmul $r16, u83
   $r18 = fmul $r16, u111
   $r19 = ffma $r16, u83, $r17.neg
   $r18 = fadd r19, r18
   $r19 = ffma $r2, $r2, $r16.neg
   $r19 = fmul r19, u83
   $r18 = fadd r18, r19
   $r19 = fmul $r2, u68
   $r20 = ffma $r2, u68, $r19.neg
   $r20 = ffma $r2, u79, r20
   $r20 = ffma $r15, u68, r20
   $r15 = fmul r15, u105
   $r15 = ffma r15, $r2, r18
   $r18 = ffma u116, $r16, u114
   $r18 = ffma r18, $r16, u112
   $r18 = ffma r18, $r16, u103
   $r18 = ffma r18, $r16, u117
   $r18 = ffma r18, $r16, u102
   $r2 = fmul r2, $r16
   $r2 = ffma r2, r18, r20
   $r18 = fadd #1.000000, $r17
   $r20 = fadd $r18, #-1.000000
   $r17 = fadd r17, r20.neg
   $r20 = ffma u108, $r16, u107
   $r20 = ffma r20, $r16, u109
   $r20 = ffma r20, $r16, u101
   $r20 = ffma r20, $r16, u110
   $r20 = ffma r20, $r16, u118
   $r16 = fmul r16, r16
   $r16 = fmul r16, r20
   $r15 = fadd r17, r15
   $r15 = fadd r15, r16
   $r15 = fadd r18, r15
   $r2 = fadd r19, r2
   $r1 = iadd r1, #1, #0x0
   $r16 = and $r1, #1
   $r2 = icmpsel r16, #0, r2, r15, #0x0
   $r1 = and r1, #2
   $r15 = fadd $r2.neg, #-0.000000
   $r1 = icmpsel r1, #0, r2, r15, #0x0
   r2 = fcmpsel r5.abs, u94l, r1, u73, #0x0
   r1 = mov1 r3, #0
} -> block33  from block29 block30

block32 {
   pop_exec #0x0, n=1
} -> block33  from block27

block33 {
   if_icmp u42l, #0, #0xaaaba9938980, n=1, inv
   jmp_exec_none #0xaaaba9938980
} -> block34 block38  from block31 block32

block34 {
   r1 = fadd r5.abs, #-0.000000
   if_fcmp r5.abs, u95, #0xaaaba9934270, n=1
   jmp_exec_none #0xaaaba9934270
} -> block35 block36  from block33

block35 {
   $r2 = bfeil #0, $r1, #23, #0x0
   $r2 = iadd r2, #126.neg, #0x0
   $r15 = bfeil #0, $r2, #5, #0x0
   $r16 = icmpsel $r15, #4, u74, u69, #0x0
   $r16 = icmpsel $r15, #3, u81, r16, #0x0
   $r16 = icmpsel $r15, #2, #0, r16, #0x0
   $r17 = icmpsel $r15, #4, u69, u78, #0x0
   $r17 = icmpsel $r15, #3, u74, r17, #0x0
   $r18 = icmpsel $r15, #1, #0, u81, #0x0
   $r17 = icmpsel $r15, #2, r18, r17, #0x0
   $r2 = and r2, #31
   $r16 = bfi #0, r16, $r2, #0x0
   $r18 = iadd #31, $r2.neg, #0x0
   $r18 = and r18, #31
   $r19 = bfeil #0, $r17, $r18, #0x0
   $r19 = bfeil #0, r19, #1, #0x0
   $r16 = or r16, r19
   $r19 = icmpsel $r15, #4, u78, u82, #0x0
   $r19 = icmpsel $r15, #3, u69, r19, #0x0
   $r20 = icmpsel $r15, #1, u81, u74, #0x0
   $r19 = icmpsel $r15, #2, r20, r19, #0x0
   $r17 = bfi #0, r17, $r2, #0x0
   $r20 = bfeil #0, $r19, $r18, #0x0
   $r20 = bfeil #0, r20, #1, #0x0
   $r17 = or r17, r20
   $r1 = and r1, u80
   $r1 = or r1, u70
   $r1 = bfi #0, r1, #8, #0x0
   r20:r21 = imad $r1.abs, $r17.abs, #0, #0x0
   $r20 = icmpsel $r15, #4, u82, u88, #0x0
   $r20 = icmpsel $r15, #3, u78, r20, #0x0
   $r22 = icmpsel $r15, #1, u74, u69, #0x0
   $r20 = icmpsel $r15, #2, r22, r20, #0x0
   $r19 = bfi #0, r19, $r2, #0x0
   $r22 = bfeil #0, $r20, $r18, #0x0
   $r22 = bfeil #0, r22, #1, #0x0
   $r19 = or r19, r22
   r22:r23 = imad $r1.abs, $r19.abs, #0, #0x0
   $r22 = icmpsel $r15, #4, u88, u106, #0x0
   $r22 = icmpsel $r15, #3, u82, r22, #0x0
   $r24 = icmpsel $r15, #1, u69, u78, #0x0
   $r15 = icmpsel r15, #2, r24, r22, #0x0
   $r2 = bfi #0, r20, r2, #0x0
   $r15 = bfeil #0, r15, r18, #0x0
   $r15 = bfeil #0, r15, #1, #0x0
   $r2 = or r2, r15
   r24:r25 = imad $r1.abs, r2.abs, #0, #0x0
   $r2 = imad $r1, r19, $r25, #0x0
   $r15 = imad $r1, r17, $r23, #0x0
   $r17 = icmpsel $r2, r25, #1, #0, #0x0
   $r17 = iadd $r15, r17, #0x0
   $r1 = imad r1, r16, r21, #0x0
   $r16 = icmpsel $r17, $r15, #1, #0, #0x0
   $r1 = iadd r1, r16, #0x0
   $r15 = icmpsel r15, r23, #1, #0, #0x0
   $r1 = iadd r1, r15, #0x0
   $r15 = bfeil #0, $r17, #31, #0x0
   $r1 = iadd r15, r1, #0x0
   $r15 = iadd #0, $r17.neg, #0x0
   $r16 = icmpsel $r2, #0, #0, #1, #0x0
   $r15 = iadd r15, r16.neg, #0x0
   $r16 = iadd #0, $r2.neg, #0x0
   $r2 = icmpsel $r17, #0, r16, r2, #0x0
   $r15 = icmpsel $r17, #0, r15, $r17, #0x0
   $r16 = ffs $r15
   $r16 = or r16, #32
   $r18 = ffs $r2
   $r16 = icmpsel r18, r16, r18, r16, #0x0
   $r16 = iadd r16, #23.neg, #0x0
   $r16 = icmpsel r16, #0, r16, #0, #0x0
   $r18 = and $r16, #63
   $r19 = iadd $r18, #32.neg, #0x0
   $r20 = iadd #0, $r19.neg, #0x0
   $r19 = icmpsel r19, r20, r19, r20, #0x0
   $r20 = and $r18, #31
   $r21 = bfeil #0, $r2, $r20, #0x0
   $r19 = and r19, #31
   $r22 = bfi #0, $r15, $r19, #0x0
   $r21 = or r21, r22
   $r22 = bfeil #0, $r15, $r19, #0x0
   $r21 = icmpsel $r18, #32, r21, r22, #0x0
   $r21 = icmpsel $r18, #0, $r2, r21, #0x0
   $r20 = bfi #0, #1, r20, #0x0
   $r20 = icmpsel $r18, #32, r20, #0, #0x0
   $r22 = bfeil #0, #1, $r19, #0x0
   $r19 = bfi #0, #1, r19, #0x0
   $r19 = icmpsel $r18, #32, r22, r19, #0x0
   $r22 = icmpsel $r18, #0, #1, r20, #0x0
   $r23 = icmpsel r18, #0, #0, r19, #0x0
   $r18 = extr $r22, $r23, #1, #0x0
   $r24 = mov1 $r22, #0
   $r25 = mov1 $r23, #0
   $r24:r25 = iadd r24:r25, #1.neg, #0x0
   $r19 = and $r2, r24
   $r20 = and $r15, r25
   $r24 = asr $r23, #1
   $r25l = icmpsel $r19, $r18, #1, #0, #0x0
   $r25l = icmpsel $r20, $r24, r25l, #0, #0x0
   $r25h = icmpsel r16, #0, #0, #1, #0x0
   $r25l = icmpsel r25l, #0, #0, r25h, #0x0
   $r2 = and r2, r22
   $r15 = and r15, r23
   $r2 = icmpsel r15, r2, r15, r2, #0x0
   $r15l = icmpsel r18, r19, #1, #0, #0x0
   $r15l = icmpsel $r20, $r24, r15l, #0, #0x0
   $r15l = icmpsel r24, r20, #1, r15l, #0x0
   $r2l = icmpsel r2, #0, #0, r25l, #0x0
   $r18 = icmpsel r15l, #0, #0, #1, #0x0
   $r15 = icmpsel r2l, #0, r18, #1, #0x0
   r2 = iadd r21, r15, #0x0
   $r15 = convert #10, r16, #0x1
   $r15 = exp2 r15
   $r2 = convert #10, r2, #0x1
   $r2 = fmul r2, r15
   $r15 = icmpsel r17, #0, u98, #0, #0x0
   $r2 = fmul r2, u104
   $r2 = xor r2, r15
   $r15 = iadd #0, $r1.neg, #0x0
   r1 = fcmpsel $r5, #0, r15, r1, #0x0
   $r15 = fadd $r2.neg, #-0.000000
   r2 = fcmpsel r5, #0, r15, r2, #0x0
   r15 = mov_imm #0x0
} -> block37  from block34

block36 {
   else_fcmp #0.000000, #0.000000, #0xaaaba9934270, n=1
   r1 = fmul $r5, u75
   $r1 = roundeven r1
   $r2 = fmul $r1, u79
   $r15 = ffma $r1.neg, u68, r5
   $r16 = fadd $r15, $r2.neg
   $r17 = fadd $r16, $r15.neg
   $r18 = fadd $r16, $r17.neg
   $r15 = fadd r15, r18.neg
   $r17 = fadd $r2.neg, r17.neg
   $r15 = fadd r15, r17
   $r2 = ffma $r1, u79, r2.neg
   $r2 = fadd r15, r2.neg
   $r2 = ffma r1.neg, u113, r2
   $r15 = fmul $r16, u75
   $r17 = ffma $r16, u75, $r15.neg
   $r2 = ffma r2, u75, r17
   $r2 = ffma r16, u100, r2
   $r16 = fadd $r15, $r2
   $r15 = fadd $r16, r15.neg
   $r2 = fadd r2, r15.neg
   r1 = convert #9, r1, #0x0
   r15 = mov1 r2, #0
   r2 = mov1 r16, #0
   pop_exec #0x0, n=1
} -> block37  from block34

block37 {
   $r16 = fmul $r2, $r2
   $r17 = fmul $r16, u83
   $r18 = fmul $r16, u111
   $r19 = ffma $r16, u83, $r17.neg
   $r18 = fadd r19, r18
   $r19 = ffma $r2, $r2, $r16.neg
   $r19 = fmul r19, u83
   $r18 = fadd r18, r19
   $r19 = fmul $r2, u68
   $r20 = ffma $r2, u68, $r19.neg
   $r20 = ffma $r2, u79, r20
   $r20 = ffma $r15, u68, r20
   $r15 = fmul r15, u105
   $r15 = ffma r15, $r2, r18
   $r18 = ffma u116, $r16, u114
   $r18 = ffma r18, $r16, u112
   $r18 = ffma r18, $r16, u103
   $r18 = ffma r18, $r16, u117
   $r18 = ffma r18, $r16, u102
   $r2 = fmul r2, $r16
   $r2 = ffma r2, r18, r20
   $r18 = fadd #1.000000, $r17
   $r20 = fadd $r18, #-1.000000
   $r17 = fadd r17, r20.neg
   $r20 = ffma u108, $r16, u107
   $r20 = ffma r20, $r16, u109
   $r20 = ffma r20, $r16, u101
   $r20 = ffma r20, $r16, u110
   $r20 = ffma r20, $r16, u118
   $r16 = fmul r16, r16
   $r16 = fmul r16, r20
   $r15 = fadd r17, r15
   $r15 = fadd r15, r16
   $r15 = fadd r18, r15
   $r2 = fadd r19, r2
   $r16 = and $r1, #1
   $r2 = icmpsel r16, #0, r2, r15, #0x0
   $r1 = and r1, #2
   $r15 = fadd $r2.neg, #-0.000000
   $r1 = icmpsel r1, #0, r2, r15, #0x0
   $r1 = fcmpsel $r5.abs, u94l, r1, u73, #0x0
   r2 = fcmpsel r5, #0, r5, r1, #0x0
   r1 = mov1 r3, #0
} -> block39  from block35 block36

block38 {
   pop_exec #0x0, n=1
} -> block39  from block33

block39 {
   $r15 = and $r5, u80
   $r15 = or r15, u77
   $r16 = fmul $r15, #0.500000
   $r16 = fcmpsel u67, $r15, r16, $r15, #0x0
   $r15 = fcmpsel u67, r15, #1, #0, #0x0
   $r17 = bfeil #0, $r5, #23, #0x0
   $r17 = iadd r17, #127.neg, #0x0
   r15 = iadd r15, r17, #0x0
   $r16 = fadd r16, #-1.000000
   $r17 = fadd #2.000000, $r16
   $r18 = fadd $r17, #-2.000000
   $r18 = fadd $r16, r18.neg
   $r19 = rcp $r17
   $r20 = ffma $r17.neg, $r19, #1.000000
   $r20 = ffma r20, $r19, $r19
   $r19 = fcmpsel r20, r20, r20, r19, #0x0
   $r20 = ffma $r17.neg, $r19, #1.000000
   $r20 = ffma r20, $r19, $r19
   $r19 = fcmpsel r20, r20, r20, r19, #0x0
   $r20 = fmul $r16, $r19
   $r21 = ffma $r20.neg, $r17, $r16
   $r20 = ffma r21, $r19, r20
   $r16 = ffma $r20.neg, r17, r16
   $r17 = fmul $r20, r18
   $r16 = fadd r16, r17.neg
   $r16 = fmul r16, r19
   $r17 = fmul $r20, $r20
   $r18 = ffma $r20, $r20, $r17.neg
   $r19 = fmul $r20, $r17
   $r21 = ffma $r20, $r17, $r19.neg
   $r18 = fmul $r20, r18
   $r18 = fadd r21, r18
   $r21 = fmul $r16, #3.000000
   $r18 = ffma r21, $r17, r18
   $r21 = ffma u87, $r17, u86
   $r21 = ffma r21, $r17, u90
   $r21 = ffma r21, $r17, u91
   $r21 = ffma r21, $r17, u92
   $r17 = ffma r17, r21, u85
   $r21 = fadd u93, $r17
   $r22 = fadd $r21, u89
   $r17 = fadd r17, r22.neg
   $r22 = fmul $r19, $r21
   $r23 = ffma $r19, $r21, $r22.neg
   $r17 = fmul r19, r17
   $r17 = fadd r23, r17
   $r18 = fmul r18, r21
   $r17 = fadd r17, r18
   $r18 = fmul r20, #2.000000
   $r19 = fmul $r18, u71
   $r20 = ffma $r18, u71, $r19.neg
   $r20 = ffma $r18, u123, r20
   $r21 = fmul #2.000000, r22
   $r22 = fmul $r21, u71
   $r23 = ffma $r21, u71, $r22.neg
   $r16 = fmul r16, #2.000000
   $r17 = fmul #2.000000, r17
   $r24 = fadd $r16, $r17
   $r20 = ffma r24, u71, r20
   $r20 = fadd r20, r23
   $r15 = convert #11, r15, #0x1
   $r23 = fadd $r15, $r19
   $r24 = fadd $r23, $r15.neg
   $r19 = fadd r19, r24.neg
   $r24 = fadd $r23, $r22
   $r23 = fadd $r24, r23.neg
   $r22 = fadd r22, r23.neg
   $r19 = fadd r19, r22
   $r19 = fadd r19, r20
   $r19 = fadd r24, r19
   $r20 = and $r5, u84
   $r22 = icmpsel u66, $r5, u73, u66, #0x0
   $r20 = icmpsel r20, u70, u76, r22, #0x0
   $r22 = iadd $r5, u76, #0x0
   $r19 = icmpsel $r22, u72, r19, $r20, #0x0
   $r23 = fmul $r15, u96
   $r24 = fadd $r23, $r18
   $r23 = fadd $r24, r23.neg
   $r18 = fadd r18, r23.neg
   $r23 = fadd $r24, $r21
   $r24 = fadd $r23, r24.neg
   $r21 = fadd r21, r24.neg
   $r18 = fadd r18, r21
   $r17 = fadd r18, r17
   $r16 = fadd r17, r16
   $r15 = ffma r15, u97, r16
   $r15 = fadd r23, r15
   $r15 = icmpsel r22, u72, r15, r20, #0x0
   $r2 = icmpsel u42h, #0, r2, r15, #0x0
   $r15 = fcmpsel $r5, $r6, $r5, $r6, #0x0
   $r15 = fadd r15, #-0.000000
   $r15 = icmpsel $r0h, #0, r15, u73, #0x0
   $r2 = icmpsel u43l, #0, r2, r15, #0x0
   $r1 = icmpsel u59h, #0, r1, $r3, #0x0
   $r2 = icmpsel u43h, #0, r2, $r19, #0x0
   $r15l = icmpsel $r5, u152, #1, #0, #0x0
   $r16 = icmpsel $r5, u152, u99, $r3, #0x0
   $r16 = icmpsel $r5, u129, u183, r16, #0x0
   $r15l = icmpsel $r5, u129, #1, r15l, #0x0
   $r16 = icmpsel $r5, u133, u161, r16, #0x0
   $r15l = icmpsel $r5, u133, #1, r15l, #0x0
   $r16 = icmpsel $r5, u121, u178, r16, #0x0
   $r15l = icmpsel $r5, u121, #1, r15l, #0x0
   $r16 = icmpsel $r5, u120, u174, r16, #0x0
   $r15l = icmpsel $r5, u120, #1, r15l, #0x0
   $r16 = icmpsel $r5, u132, u162, r16, #0x0
   $r15l = icmpsel $r5, u132, #1, r15l, #0x0
   $r16 = icmpsel $r5, u140, u195, r16, #0x0
   $r15l = icmpsel $r5, u140, #1, r15l, #0x0
   $r16 = icmpsel $r5, u135, u158, r16, #0x0
   $r15l = icmpsel $r5, u135, #1, r15l, #0x0
   $r16 = icmpsel $r5, u146, u177, r16, #0x0
   $r15l = icmpsel $r5, u146, #1, r15l, #0x0
   $r16 = icmpsel $r5, u99, u77, r16, #0x0
   $r15l = icmpsel $r5, u99, #1, r15l, #0x0
   $r16 = icmpsel $r5, u77, #0, r16, #0x0
   $r15l = icmpsel $r5, u77, #1, r15l, #0x0
   $r16 = icmpsel $r5, u124, u155, r16, #0x0
   $r15l = icmpsel $r5, u124, #1, r15l, #0x0
   $r16 = icmpsel $r5, u130, u169, r16, #0x0
   $r15l = icmpsel $r5, u130, #1, r15l, #0x0
   $r16 = icmpsel $r5, u122, u200, r16, #0x0
   $r15l = icmpsel $r5, u122, #1, r15l, #0x0
   $r16 = icmpsel $r5, u131, u179, r16, #0x0
   $r15l = icmpsel $r5, u131, #1, r15l, #0x0
   $r16 = icmpsel $r5, u126, u184, r16, #0x0
   $r15l = icmpsel $r5, u126, #1, r15l, #0x0
   $r16 = icmpsel $r5, u141, u191, r16, #0x0
   $r15l = icmpsel $r5, u141, #1, r15l, #0x0
   $r16 = icmpsel $r5, u136, u189, r16, #0x0
   $r15l = icmpsel $r5, u136, #1, r15l, #0x0
   $r16 = icmpsel $r5, u144, u206, r16, #0x0
   $r15l = icmpsel $r5, u144, #1, r15l, #0x0
   $r16 = icmpsel $r5, u128, u175, r16, #0x0
   $r15l = icmpsel $r5, u128, #1, r15l, #0x0
   $r16 = icmpsel $r5, u125, u147, r16, #0x0
   $r17 = fmul r19, u199
   $r17 = icmpsel r15l, #0, r17, $r16, #0x0
   $r15 = icmpsel $r5, u125, r16, r17, #0x0
   $r1 = icmpsel u44l, #0, r1, $r15, #0x0
   $r2 = icmpsel u44l, #0, r2, r15, #0x0
   $r15 = fadd #1.000000, $r12.neg
   $r16 = srsqrt $r15
   $r16 = fmul r15, r16
   $r17 = rcp $r16
   $r18 = ffma $r16.neg, $r17, #1.000000
   $r18 = ffma r18, $r17, $r17
   $r17 = fcmpsel r18, r18, r18, r17, #0x0
   $r18 = ffma $r16.neg, $r17, #1.000000
   $r18 = ffma r18, $r17, $r17
   $r17 = fcmpsel r18, r18, r18, r17, #0x0
   $r18 = fmul $r5, $r17
   $r16 = ffma r16.neg, $r18, $r5
   $r16 = ffma r16, r17, $r18
   $r17 = fcmpsel $r18, #0, $r18, $r16, #0x0
   $r16 = fcmpsel r16, r16, r17, r18, #0x0
   $r17 = fadd $r16.abs, #-0.000000
   $r18 = rcp $r16.abs
   $r19 = ffma $r16.abs.neg, $r18, #1.000000
   $r19 = ffma r19, $r18, $r18
   $r18 = fcmpsel r19, r19, r19, r18, #0x0
   $r19 = ffma $r16.abs.neg, $r18, #1.000000
   $r19 = ffma r19, $r18, $r18
   $r18 = fcmpsel r19, r19, r19, r18, #0x0
   $r17 = fcmpsel #48, $r16.abs, r18, r17, #0x0
   $r18 = fmul $r17, $r17
   $r19 = ffma u145, $r18, u139
   $r19 = ffma r19, $r18, u134
   $r19 = ffma r19, $r18, u137
   $r19 = ffma r19, $r18, u138
   $r19 = ffma r19, $r18, u119
   $r19 = ffma r19, $r18, u143
   $r19 = ffma r19, $r18, u142
   $r19 = ffma r19, $r18, u127
   $r18 = ffma r19, r18, #1.000000
   $r17 = fmul r17, r18
   $r18 = fadd u68, $r17.neg
   $r17 = fcmpsel #48, $r16.abs, r18, r17, #0x0
   $r16 = fcmpsel r16, #0, u98, #0, #0x0
   $r16 = xor r17, r16
   $r17 = fadd u68, $r16.neg
   $r2 = icmpsel u44h, #0, r2, r17, #0x0
   $r17 = fadd $r5, #1.000000
   $r18 = fadd $r5, #-1.000000
   $r18 = fmul r18, $r17
   $r19 = srsqrt $r18
   $r18 = fmul r18, r19
   $r18 = fadd $r5, r18
   $r19 = and $r18, u80
   $r19 = or r19, u77
   $r20 = fmul $r19, #0.500000
   $r20 = fcmpsel u67, $r19, r20, $r19, #0x0
   $r19 = fcmpsel u67, r19, #1, #0, #0x0
   $r21 = bfeil #0, $r18, #23, #0x0
   $r21 = iadd r21, #127.neg, #0x0
   r19 = iadd r19, r21, #0x0
   $r20 = fadd r20, #-1.000000
   $r21 = fadd #2.000000, $r20
   $r22 = fadd $r21, #-2.000000
   $r22 = fadd $r20, r22.neg
   $r23 = rcp $r21
   $r24 = ffma $r21.neg, $r23, #1.000000
   $r24 = ffma r24, $r23, $r23
   $r23 = fcmpsel r24, r24, r24, r23, #0x0
   $r24 = ffma $r21.neg, $r23, #1.000000
   $r24 = ffma r24, $r23, $r23
   $r23 = fcmpsel r24, r24, r24, r23, #0x0
   $r24 = fmul $r20, $r23
   $r25 = ffma $r24.neg, $r21, $r20
   $r24 = ffma r25, $r23, r24
   $r20 = ffma $r24.neg, r21, r20
   $r21 = fmul $r24, r22
   $r20 = fadd r20, r21.neg
   $r20 = fmul r20, r23
   $r21 = fmul $r24, $r24
   $r22 = ffma $r24, $r24, $r21.neg
   $r23 = fmul $r24, $r21
   $r25 = ffma $r24, $r21, $r23.neg
   $r22 = fmul $r24, r22
   $r22 = fadd r25, r22
   $r25 = fmul $r20, #3.000000
   $r22 = ffma r25, $r21, r22
   $r25 = ffma u87, $r21, u86
   $r25 = ffma r25, $r21, u90
   $r25 = ffma r25, $r21, u91
   $r25 = ffma r25, $r21, u92
   $r21 = ffma r21, r25, u85
   $r25 = fadd u93, $r21
   $r26 = fadd $r25, u89
   $r21 = fadd r21, r26.neg
   $r26 = fmul $r23, $r25
   $r27 = ffma $r23, $r25, $r26.neg
   $r21 = fmul r23, r21
   $r21 = fadd r27, r21
   $r22 = fmul r22, r25
   $r21 = fadd r21, r22
   $r22 = fmul r24, #2.000000
   $r19 = convert #11, r19, #0x1
   $r23 = fmul $r19, u96
   $r24 = fadd $r23, $r22
   $r23 = fadd $r24, r23.neg
   $r22 = fadd r22, r23.neg
   $r23 = fmul #2.000000, r26
   $r25 = fadd $r24, $r23
   $r24 = fadd $r25, r24.neg
   $r23 = fadd r23, r24.neg
   $r22 = fadd r22, r23
   $r21 = fmul #2.000000, r21
   $r21 = fadd r22, r21
   $r20 = fmul r20, #2.000000
   $r20 = fadd r21, r20
   $r19 = ffma r19, u97, r20
   $r19 = fadd r25, r19
   $r20 = icmpsel u66, $r18, u73, u66, #0x0
   $r21 = and $r18, u84
   $r20 = icmpsel r21, u70, u76, r20, #0x0
   $r18 = iadd r18, u76, #0x0
   $r18 = icmpsel r18, u72, r19, r20, #0x0
   $r2 = icmpsel u45l, #0, r2, r18, #0x0
   $r2 = icmpsel u45h, #0, r2, r16, #0x0
   $r16 = fadd #1.000000, $r12
   $r18 = srsqrt $r16
   $r16 = fmul r16, r18
   $r16 = fadd #1.000000, r16
   $r18 = rcp $r16
   $r19 = ffma $r16.neg, $r18, #1.000000
   $r19 = ffma r19, $r18, $r18
   $r18 = fcmpsel r19, r19, r19, r18, #0x0
   $r19 = ffma $r16.neg, $r18, #1.000000
   $r19 = ffma r19, $r18, $r18
   $r18 = fcmpsel r19, r19, r19, r18, #0x0
   $r19 = fmul $r12, $r18
   $r16 = ffma r16.neg, $r19, r12
   $r16 = ffma r16, r18, $r19
   $r18 = fcmpsel $r19, #0, $r19, $r16, #0x0
   $r16 = fcmpsel r16, r16, r18, r19, #0x0
   $r18 = fadd $r5.abs, #-0.000000
   $r16 = fadd $r5.abs, r16
   $r19 = fadd #1.000000, $r16
   $r20 = and $r19, u80
   $r20 = or r20, u77
   $r21 = fmul $r20, #0.500000
   $r21 = fcmpsel u67, $r20, r21, $r20, #0x0
   $r20 = fcmpsel u67, r20, #1, #0, #0x0
   $r22 = bfeil #0, $r19, #23, #0x0
   $r22 = iadd r22, #127.neg, #0x0
   r20 = iadd r20, r22, #0x0
   $r21 = fadd r21, #-1.000000
   $r22 = fadd #2.000000, $r21
   $r23 = fadd $r22, #-2.000000
   $r23 = fadd $r21, r23.neg
   $r24 = rcp $r22
   $r25 = ffma $r22.neg, $r24, #1.000000
   $r25 = ffma r25, $r24, $r24
   $r24 = fcmpsel r25, r25, r25, r24, #0x0
   $r25 = ffma $r22.neg, $r24, #1.000000
   $r25 = ffma r25, $r24, $r24
   $r24 = fcmpsel r25, r25, r25, r24, #0x0
   $r25 = fmul $r21, $r24
   $r26 = ffma $r25.neg, $r22, $r21
   $r25 = ffma r26, $r24, r25
   $r21 = ffma $r25.neg, r22, r21
   $r22 = fmul $r25, r23
   $r21 = fadd r21, r22.neg
   $r21 = fmul r21, r24
   $r22 = fmul $r25, $r25
   $r23 = ffma $r25, $r25, $r22.neg
   $r24 = fmul $r25, $r22
   $r26 = ffma $r25, $r22, $r24.neg
   $r23 = fmul $r25, r23
   $r23 = fadd r26, r23
   $r26 = fmul $r21, #3.000000
   $r23 = ffma r26, $r22, r23
   $r26 = ffma u87, $r22, u86
   $r26 = ffma r26, $r22, u90
   $r26 = ffma r26, $r22, u91
   $r26 = ffma r26, $r22, u92
   $r22 = ffma r22, r26, u85
   $r26 = fadd u93, $r22
   $r27 = fadd $r26, u89
   $r22 = fadd r22, r27.neg
   $r27 = fmul $r24, $r26
   $r28 = ffma $r24, $r26, $r27.neg
   $r22 = fmul r24, r22
   $r22 = fadd r28, r22
   $r23 = fmul r23, r26
   $r22 = fadd r22, r23
   $r23 = fmul r25, #2.000000
   $r20 = convert #11, r20, #0x1
   $r24 = fmul $r20, u96
   $r25 = fadd $r24, $r23
   $r24 = fadd $r25, r24.neg
   $r23 = fadd r23, r24.neg
   $r24 = fmul #2.000000, r27
   $r26 = fadd $r25, $r24
   $r25 = fadd $r26, r25.neg
   $r24 = fadd r24, r25.neg
   $r23 = fadd r23, r24
   $r22 = fmul #2.000000, r22
   $r22 = fadd r23, r22
   $r21 = fmul r21, #2.000000
   $r21 = fadd r22, r21
   $r20 = ffma r20, u97, r21
   $r20 = fadd r26, r20
   $r21 = icmpsel u66, $r19, u73, u66, #0x0
   $r22 = and $r19, u84
   $r21 = icmpsel r22, u70, u76, r21, #0x0
   $r22 = iadd $r19, u76, #0x0
   $r20 = icmpsel r22, u72, r20, r21, #0x0
   $r16 = fcmpsel r19, #48, r16, r20, #0x0
   $r19 = and $r5, u98
   $r16 = and r16, u84
   $r16 = or r16, r19
   $r2 = icmpsel u46l, #0, r2, r16, #0x0
   $r16 = rcp $r5.abs
   $r20 = ffma $r5.abs.neg, $r16, #1.000000
   $r20 = ffma r20, $r16, $r16
   $r16 = fcmpsel r20, r20, r20, r16, #0x0
   $r20 = ffma $r5.abs.neg, $r16, #1.000000
   $r20 = ffma r20, $r16, $r16
   $r16 = fcmpsel r20, r20, r20, r16, #0x0
   r20l = fcmpsel #48, $r5.abs, #1, #0, #0x0
   $r21 = fcmpsel #48, $r5.abs, r16, r18, #0x0
   $r22 = fmul $r21, $r21
   $r23 = ffma u145, $r22, u139
   $r23 = ffma r23, $r22, u134
   $r23 = ffma r23, $r22, u137
   $r23 = ffma r23, $r22, u138
   $r23 = ffma r23, $r22, u119
   $r23 = ffma r23, $r22, u143
   $r23 = ffma r23, $r22, u142
   $r23 = ffma r23, $r22, u127
   $r22 = ffma r23, r22, #1.000000
   $r21 = fmul r21, r22
   $r22 = fadd u68, $r21.neg
   $r21 = fcmpsel #48, $r5.abs, r22, r21, #0x0
   $r22 = fadd $r21.neg, #-0.000000
   r20h = fcmpsel $r5, #0, #1, #0, #0x0
   $r21 = fcmpsel $r5, #0, r22, r21, #0x0
   $r2 = icmpsel u46h, #0, r2, r21, #0x0
   r21 = fadd $r6.abs, #-0.000000
   $r22 = fadd $r6.abs, $r5.abs
   $r23 = fadd $r8.abs, #-0.000000
   $r24 = rcp $r8.abs
   $r25 = ffma $r8.abs.neg, $r24, #1.000000
   $r25 = ffma r25, $r24, $r24
   $r24 = fcmpsel r25, r25, r25, r24, #0x0
   $r25 = ffma $r8.abs.neg, $r24, #1.000000
   $r25 = ffma r25, $r24, $r24
   $r24 = fcmpsel r25, r25, r25, r24, #0x0
   $r23 = fcmpsel #48, $r8.abs, r24, r23, #0x0
   $r24 = fmul $r23, $r23
   $r25 = ffma u145, $r24, u139
   $r25 = ffma r25, $r24, u134
   $r25 = ffma r25, $r24, u137
   $r25 = ffma r25, $r24, u138
   $r25 = ffma r25, $r24, u119
   $r25 = ffma r25, $r24, u143
   $r25 = ffma r25, $r24, u142
   $r25 = ffma r25, $r24, u127
   $r24 = ffma r25, r24, #1.000000
   $r23 = fmul r23, r24
   $r24 = fadd u68, $r23.neg
   $r23 = fcmpsel #48, $r8.abs, r24, r23, #0x0
   $r24 = fcmpsel r8, #0, u98, #0, #0x0
   $r23 = xor r23, r24
   $r24 = fcmpsel $r5, #0, u173, u201, #0x0
   $r24 = fadd $r23, r24
   $r25 = fcmpsel #0, $r5, u68, u164, #0x0
   r26l = fcmpsel $r6, #0, #1, #0, #0x0
   $r24 = fcmpsel $r6, #0, r24, r25, #0x0
   r25l = fcmpsel #0, $r6, #1, #0, #0x0
   $r23 = fcmpsel #0, r6, r23, r24, #0x0
   $r22 = fcmpsel r22, #0, $r5, r23, #0x0
   $r7 = icmpsel r0h, #0, r22, r7, #0x0
   $r2 = icmpsel u47l, #0, r2, r7, #0x0
   $r7 = and $r17, u80
   $r7 = or r7, u77
   $r22 = fmul $r7, #0.500000
   $r22 = fcmpsel u67, $r7, r22, $r7, #0x0
   $r7 = fcmpsel u67, r7, #1, #0, #0x0
   $r23 = bfeil #0, $r17, #23, #0x0
   $r23 = iadd r23, #127.neg, #0x0
   r7 = iadd r7, r23, #0x0
   $r22 = fadd r22, #-1.000000
   $r23 = fadd #2.000000, $r22
   $r24 = fadd $r23, #-2.000000
   $r24 = fadd $r22, r24.neg
   $r27 = rcp $r23
   $r28 = ffma $r23.neg, $r27, #1.000000
   $r28 = ffma r28, $r27, $r27
   $r27 = fcmpsel r28, r28, r28, r27, #0x0
   $r28 = ffma $r23.neg, $r27, #1.000000
   $r28 = ffma r28, $r27, $r27
   $r27 = fcmpsel r28, r28, r28, r27, #0x0
   $r28 = fmul $r22, $r27
   $r29 = ffma $r28.neg, $r23, $r22
   $r28 = ffma r29, $r27, r28
   $r22 = ffma $r28.neg, r23, r22
   $r23 = fmul $r28, r24
   $r22 = fadd r22, r23.neg
   $r22 = fmul r22, r27
   $r23 = fmul $r28, $r28
   $r24 = ffma $r28, $r28, $r23.neg
   $r27 = fmul $r28, $r23
   $r29 = ffma $r28, $r23, $r27.neg
   $r24 = fmul $r28, r24
   $r24 = fadd r29, r24
   $r29 = fmul $r22, #3.000000
   $r24 = ffma r29, $r23, r24
   $r29 = ffma u87, $r23, u86
   $r29 = ffma r29, $r23, u90
   $r29 = ffma r29, $r23, u91
   $r29 = ffma r29, $r23, u92
   $r23 = ffma r23, r29, u85
   $r29 = fadd u93, $r23
   $r30 = fadd $r29, u89
   $r23 = fadd r23, r30.neg
   $r30 = fmul $r27, $r29
   $r31 = ffma $r27, $r29, $r30.neg
   $r23 = fmul r27, r23
   $r23 = fadd r31, r23
   $r24 = fmul r24, r29
   $r23 = fadd r23, r24
   $r24 = fmul r28, #2.000000
   $r7 = convert #11, r7, #0x1
   $r27 = fmul $r7, u96
   $r28 = fadd $r27, $r24
   $r27 = fadd $r28, r27.neg
   $r24 = fadd r24, r27.neg
   $r27 = fmul #2.000000, r30
   $r29 = fadd $r28, $r27
   $r28 = fadd $r29, r28.neg
   $r27 = fadd r27, r28.neg
   $r24 = fadd r24, r27
   $r23 = fmul #2.000000, r23
   $r23 = fadd r24, r23
   $r22 = fmul r22, #2.000000
   $r22 = fadd r23, r22
   $r7 = ffma r7, u97, r22
   $r7 = fadd r29, r7
   $r22 = icmpsel u66, $r17, u73, u66, #0x0
   $r23 = and $r17, u84
   $r22 = icmpsel r23, u70, u76, r22, #0x0
   $r23 = iadd $r17, u76, #0x0
   $r7 = icmpsel r23, u72, r7, r22, #0x0
   $r7 = fcmpsel r17, #48, $r5, r7, #0x0
   $r17 = fadd #1.000000, r5.neg
   $r22 = and $r17, u80
   $r22 = or r22, u77
   $r23 = fmul $r22, #0.500000
   $r23 = fcmpsel u67, $r22, r23, $r22, #0x0
   $r22 = fcmpsel u67, r22, #1, #0, #0x0
   $r24 = bfeil #0, $r17, #23, #0x0
   $r24 = iadd r24, #127.neg, #0x0
   r22 = iadd r22, r24, #0x0
   $r23 = fadd r23, #-1.000000
   $r24 = fadd #2.000000, $r23
   $r27 = fadd $r24, #-2.000000
   $r27 = fadd $r23, r27.neg
   $r28 = rcp $r24
   $r29 = ffma $r24.neg, $r28, #1.000000
   $r29 = ffma r29, $r28, $r28
   $r28 = fcmpsel r29, r29, r29, r28, #0x0
   $r29 = ffma $r24.neg, $r28, #1.000000
   $r29 = ffma r29, $r28, $r28
   $r28 = fcmpsel r29, r29, r29, r28, #0x0
   $r29 = fmul $r23, $r28
   $r30 = ffma $r29.neg, $r24, $r23
   $r29 = ffma r30, $r28, r29
   $r23 = ffma $r29.neg, r24, r23
   $r24 = fmul $r29, r27
   $r23 = fadd r23, r24.neg
   $r23 = fmul r23, r28
   $r24 = fmul $r29, $r29
   $r27 = ffma $r29, $r29, $r24.neg
   $r28 = fmul $r29, $r24
   $r30 = ffma $r29, $r24, $r28.neg
   $r27 = fmul $r29, r27
   $r27 = fadd r30, r27
   $r30 = fmul $r23, #3.000000
   $r27 = ffma r30, $r24, r27
   $r30 = ffma u87, $r24, u86
   $r30 = ffma r30, $r24, u90
   $r30 = ffma r30, $r24, u91
   $r30 = ffma r30, $r24, u92
   $r24 = ffma r24, r30, u85
   $r30 = fadd u93, $r24
   $r31 = fadd $r30, u89
   $r24 = fadd r24, r31.neg
   $r31 = fmul $r28, $r30
   $r32 = ffma $r28, $r30, $r31.neg
   $r24 = fmul r28, r24
   $r24 = fadd r32, r24
   $r27 = fmul r27, r30
   $r24 = fadd r24, r27
   $r27 = fmul r29, #2.000000
   $r22 = convert #11, r22, #0x1
   $r28 = fmul $r22, u96
   $r29 = fadd $r28, $r27
   $r28 = fadd $r29, r28.neg
   $r27 = fadd r27, r28.neg
   $r28 = fmul #2.000000, r31
   $r30 = fadd $r29, $r28
   $r29 = fadd $r30, r29.neg
   $r28 = fadd r28, r29.neg
   $r27 = fadd r27, r28
   $r24 = fmul #2.000000, r24
   $r24 = fadd r27, r24
   $r23 = fmul r23, #2.000000
   $r23 = fadd r24, r23
   $r22 = ffma r22, u97, r23
   $r22 = fadd r30, r22
   $r23 = icmpsel u66, $r17, u73, u66, #0x0
   $r24 = and $r17, u84
   $r23 = icmpsel r24, u70, u76, r23, #0x0
   $r24 = iadd $r17, u76, #0x0
   $r22 = icmpsel r24, u72, r22, r23, #0x0
   $r14 = fcmpsel r17, #48, r14, r22, #0x0
   $r14 = fadd r7, r14.neg
   $r14 = fmul #0.500000, r14
   $r2 = icmpsel u47h, #0, r2, r14, #0x0
   $r14 = fadd $r11, $r10
   $r14 = fmul r14, #0.500000
   $r2 = icmpsel u48l, #0, r2, r14, #0x0
   $r10 = fadd r11, r10.neg
   r1 = icmpsel u60l, #0, r1, r3, #0x0
   $r10 = fmul r10, #0.500000
   r2 = icmpsel u48h, #0, r2, r10, #0x0
   if_icmp u49l, #0, #0xaaaba996eb00, n=1, inv
   jmp_exec_none #0xaaaba996eb00
} -> block40 block47  from block37 block38

block40 {
   if_fcmp r5.abs, u95, #0xaaaba995f930, n=1
   jmp_exec_none #0xaaaba995f930
} -> block41 block42  from block39

block41 {
   $r1 = bfeil #0, $r18, #23, #0x0
   $r1 = iadd r1, #126.neg, #0x0
   $r2 = bfeil #0, $r1, #5, #0x0
   $r10 = icmpsel $r2, #4, u74, u69, #0x0
   $r10 = icmpsel $r2, #3, u81, r10, #0x0
   $r10 = icmpsel $r2, #2, #0, r10, #0x0
   $r14 = icmpsel $r2, #4, u69, u78, #0x0
   $r14 = icmpsel $r2, #3, u74, r14, #0x0
   $r17 = icmpsel $r2, #1, #0, u81, #0x0
   $r14 = icmpsel $r2, #2, r17, r14, #0x0
   $r1 = and r1, #31
   $r10 = bfi #0, r10, $r1, #0x0
   $r17 = iadd #31, $r1.neg, #0x0
   $r17 = and r17, #31
   $r22 = bfeil #0, $r14, $r17, #0x0
   $r22 = bfeil #0, r22, #1, #0x0
   $r10 = or r10, r22
   $r22 = icmpsel $r2, #4, u78, u82, #0x0
   $r22 = icmpsel $r2, #3, u69, r22, #0x0
   $r23 = icmpsel $r2, #1, u81, u74, #0x0
   $r22 = icmpsel $r2, #2, r23, r22, #0x0
   $r14 = bfi #0, r14, $r1, #0x0
   $r23 = bfeil #0, $r22, $r17, #0x0
   $r23 = bfeil #0, r23, #1, #0x0
   $r14 = or r14, r23
   $r23 = and r18, u80
   $r23 = or r23, u70
   $r23 = bfi #0, r23, #8, #0x0
   r28:r29 = imad $r23.abs, $r14.abs, #0, #0x0
   $r24 = icmpsel $r2, #4, u82, u88, #0x0
   $r24 = icmpsel $r2, #3, u78, r24, #0x0
   $r27 = icmpsel $r2, #1, u74, u69, #0x0
   $r24 = icmpsel $r2, #2, r27, r24, #0x0
   $r22 = bfi #0, r22, $r1, #0x0
   $r27 = bfeil #0, $r24, $r17, #0x0
   $r27 = bfeil #0, r27, #1, #0x0
   $r22 = or r22, r27
   r30:r31 = imad $r23.abs, $r22.abs, #0, #0x0
   $r27 = icmpsel $r2, #4, u88, u106, #0x0
   $r27 = icmpsel $r2, #3, u82, r27, #0x0
   $r28 = icmpsel $r2, #1, u69, u78, #0x0
   $r2 = icmpsel r2, #2, r28, r27, #0x0
   $r1 = bfi #0, r24, r1, #0x0
   $r2 = bfeil #0, r2, r17, #0x0
   $r2 = bfeil #0, r2, #1, #0x0
   $r1 = or r1, r2
   r32:r33 = imad $r23.abs, r1.abs, #0, #0x0
   $r1 = imad $r23, r22, $r33, #0x0
   $r2 = imad $r23, r14, $r31, #0x0
   $r14 = icmpsel $r1, r33, #1, #0, #0x0
   $r14 = iadd $r2, r14, #0x0
   $r10 = imad r23, r10, r29, #0x0
   $r17 = icmpsel $r14, $r2, #1, #0, #0x0
   $r10 = iadd r10, r17, #0x0
   $r2 = icmpsel r2, r31, #1, #0, #0x0
   $r2 = iadd r10, r2, #0x0
   $r10 = bfeil #0, $r14, #31, #0x0
   $r2 = iadd r10, r2, #0x0
   $r10 = iadd #0, $r14.neg, #0x0
   $r17 = icmpsel $r1, #0, #0, #1, #0x0
   $r10 = iadd r10, r17.neg, #0x0
   $r17 = iadd #0, $r1.neg, #0x0
   $r1 = icmpsel $r14, #0, r17, r1, #0x0
   $r10 = icmpsel $r14, #0, r10, $r14, #0x0
   $r17 = ffs $r10
   $r17 = or r17, #32
   $r22 = ffs $r1
   $r17 = icmpsel r22, r17, r22, r17, #0x0
   $r17 = iadd r17, #23.neg, #0x0
   $r17 = icmpsel r17, #0, r17, #0, #0x0
   $r22 = and $r17, #63
   $r23 = iadd $r22, #32.neg, #0x0
   $r24 = iadd #0, $r23.neg, #0x0
   $r23 = icmpsel r23, r24, r23, r24, #0x0
   $r24 = and $r22, #31
   $r27 = bfeil #0, $r1, $r24, #0x0
   $r23 = and r23, #31
   $r28 = bfi #0, $r10, $r23, #0x0
   $r27 = or r27, r28
   $r28 = bfeil #0, $r10, $r23, #0x0
   $r27 = icmpsel $r22, #32, r27, r28, #0x0
   $r27 = icmpsel $r22, #0, $r1, r27, #0x0
   $r24 = bfi #0, #1, r24, #0x0
   $r24 = icmpsel $r22, #32, r24, #0, #0x0
   $r28 = bfeil #0, #1, $r23, #0x0
   $r23 = bfi #0, #1, r23, #0x0
   $r23 = icmpsel $r22, #32, r28, r23, #0x0
   $r28 = icmpsel $r22, #0, #1, r24, #0x0
   $r29 = icmpsel r22, #0, #0, r23, #0x0
   $r22 = extr $r28, $r29, #1, #0x0
   $r30 = mov1 $r28, #0
   $r31 = mov1 $r29, #0
   $r30:r31 = iadd r30:r31, #1.neg, #0x0
   $r23 = and $r1, r30
   $r24 = and $r10, r31
   $r30 = asr $r29, #1
   $r25h = icmpsel $r23, $r22, #1, #0, #0x0
   $r25h = icmpsel $r24, $r30, r25h, #0, #0x0
   $r26h = icmpsel r17, #0, #0, #1, #0x0
   $r25h = icmpsel r25h, #0, #0, r26h, #0x0
   $r1 = and r1, r28
   $r10 = and r10, r29
   $r1 = icmpsel r10, r1, r10, r1, #0x0
   $r10l = icmpsel r22, r23, #1, #0, #0x0
   $r10l = icmpsel $r24, $r30, r10l, #0, #0x0
   $r10l = icmpsel r30, r24, #1, r10l, #0x0
   $r1l = icmpsel r1, #0, #0, r25h, #0x0
   $r22 = icmpsel r10l, #0, #0, #1, #0x0
   $r10 = icmpsel r1l, #0, r22, #1, #0x0
   r1 = iadd r27, r10, #0x0
   $r10 = convert #10, r17, #0x1
   $r10 = exp2 r10
   $r1 = convert #10, r1, #0x1
   $r1 = fmul r1, r10
   $r10 = icmpsel r14, #0, u98, #0, #0x0
   $r1 = fmul r1, u104
   $r1 = xor r1, r10
   $r10 = iadd #0, $r2.neg, #0x0
   r2 = fcmpsel $r5, #0, r10, r2, #0x0
   $r10 = fadd $r1.neg, #-0.000000
   r1 = fcmpsel r5, #0, r10, r1, #0x0
   r10 = mov_imm #0x0
} -> block43  from block40

block42 {
   else_fcmp #0.000000, #0.000000, #0xaaaba995f930, n=1
   r1 = fmul $r5, u75
   $r1 = roundeven r1
   $r2 = fmul $r1, u79
   $r10 = ffma $r1.neg, u68, r5
   $r14 = fadd $r10, $r2.neg
   $r17 = fadd $r14, $r10.neg
   $r22 = fadd $r14, $r17.neg
   $r10 = fadd r10, r22.neg
   $r17 = fadd $r2.neg, r17.neg
   $r10 = fadd r10, r17
   $r2 = ffma $r1, u79, r2.neg
   $r2 = fadd r10, r2.neg
   $r2 = ffma r1.neg, u113, r2
   $r10 = fmul $r14, u75
   $r17 = ffma $r14, u75, $r10.neg
   $r2 = ffma r2, u75, r17
   $r2 = ffma r14, u100, r2
   $r14 = fadd $r10, $r2
   $r10 = fadd $r14, r10.neg
   $r2 = fadd r2, r10.neg
   $r1 = convert #9, r1, #0x0
   r10 = mov1 r2, #0
   r2 = mov1 r1, #0
   r1 = mov1 r14, #0
   pop_exec #0x0, n=1
} -> block43  from block40

block43 {
   $r14 = fmul $r1, $r1
   $r17 = fmul $r14, u83
   $r22 = fmul $r14, u111
   $r23 = ffma $r14, u83, $r17.neg
   $r22 = fadd r23, r22
   $r23 = ffma $r1, $r1, $r14.neg
   $r23 = fmul r23, u83
   $r22 = fadd r22, r23
   $r23 = fmul $r1, u68
   $r24 = ffma $r1, u68, $r23.neg
   $r24 = ffma $r1, u79, r24
   $r24 = ffma $r10, u68, r24
   $r10 = fmul r10, u105
   $r10 = ffma r10, $r1, r22
   $r22 = ffma u116, $r14, u114
   $r22 = ffma r22, $r14, u112
   $r22 = ffma r22, $r14, u103
   $r22 = ffma r22, $r14, u117
   $r22 = ffma r22, $r14, u102
   $r1 = fmul r1, $r14
   $r1 = ffma r1, r22, r24
   $r22 = fadd #1.000000, $r17
   $r24 = fadd $r22, #-1.000000
   $r17 = fadd r17, r24.neg
   $r24 = ffma u108, $r14, u107
   $r24 = ffma r24, $r14, u109
   $r24 = ffma r24, $r14, u101
   $r24 = ffma r24, $r14, u110
   $r24 = ffma r24, $r14, u118
   $r14 = fmul r14, r14
   $r14 = fmul r14, r24
   $r10 = fadd r17, r10
   $r10 = fadd r10, r14
   $r10 = fadd r22, r10
   $r1 = fadd r23, r1
   $r14 = and $r2, #1
   $r1 = icmpsel r14, #0, r1, r10, #0x0
   $r2 = and r2, #2
   $r10 = fadd $r1.neg, #-0.000000
   $r1 = icmpsel r2, #0, r1, r10, #0x0
   $r1 = fcmpsel $r5.abs, u66, r1, u73, #0x0
   r1 = fcmpsel r5, #0, r5, r1, #0x0
   if_fcmp r5.abs, u95, #0xaaaba996a540, n=1
   jmp_exec_none #0xaaaba996a540
} -> block44 block45  from block41 block42

block44 {
   $r2 = bfeil #0, $r18, #23, #0x0
   $r2 = iadd r2, #126.neg, #0x0
   $r10 = bfeil #0, $r2, #5, #0x0
   $r14 = icmpsel $r10, #4, u74, u69, #0x0
   $r14 = icmpsel $r10, #3, u81, r14, #0x0
   $r14 = icmpsel $r10, #2, #0, r14, #0x0
   $r17 = icmpsel $r10, #4, u69, u78, #0x0
   $r17 = icmpsel $r10, #3, u74, r17, #0x0
   $r22 = icmpsel $r10, #1, #0, u81, #0x0
   $r17 = icmpsel $r10, #2, r22, r17, #0x0
   $r2 = and r2, #31
   $r14 = bfi #0, r14, $r2, #0x0
   $r22 = iadd #31, $r2.neg, #0x0
   $r22 = and r22, #31
   $r23 = bfeil #0, $r17, $r22, #0x0
   $r23 = bfeil #0, r23, #1, #0x0
   $r14 = or r14, r23
   $r23 = icmpsel $r10, #4, u78, u82, #0x0
   $r23 = icmpsel $r10, #3, u69, r23, #0x0
   $r24 = icmpsel $r10, #1, u81, u74, #0x0
   $r23 = icmpsel $r10, #2, r24, r23, #0x0
   $r17 = bfi #0, r17, $r2, #0x0
   $r24 = bfeil #0, $r23, $r22, #0x0
   $r24 = bfeil #0, r24, #1, #0x0
   $r17 = or r17, r24
   $r24 = and r18, u80
   $r24 = or r24, u70
   $r24 = bfi #0, r24, #8, #0x0
   r28:r29 = imad $r24.abs, $r17.abs, #0, #0x0
   $r27 = icmpsel $r10, #4, u82, u88, #0x0
   $r27 = icmpsel $r10, #3, u78, r27, #0x0
   $r28 = icmpsel $r10, #1, u74, u69, #0x0
   $r27 = icmpsel $r10, #2, r28, r27, #0x0
   $r23 = bfi #0, r23, $r2, #0x0
   $r28 = bfeil #0, $r27, $r22, #0x0
   $r28 = bfeil #0, r28, #1, #0x0
   $r23 = or r23, r28
   r30:r31 = imad $r24.abs, $r23.abs, #0, #0x0
   $r28 = icmpsel $r10, #4, u88, u106, #0x0
   $r28 = icmpsel $r10, #3, u82, r28, #0x0
   $r30 = icmpsel $r10, #1, u69, u78, #0x0
   $r10 = icmpsel r10, #2, r30, r28, #0x0
   $r2 = bfi #0, r27, r2, #0x0
   $r10 = bfeil #0, r10, r22, #0x0
   $r10 = bfeil #0, r10, #1, #0x0
   $r2 = or r2, r10
   r32:r33 = imad $r24.abs, r2.abs, #0, #0x0
   $r2 = imad $r24, r23, $r33, #0x0
   $r10 = imad $r24, r17, $r31, #0x0
   $r17 = icmpsel $r2, r33, #1, #0, #0x0
   $r17 = iadd $r10, r17, #0x0
   $r14 = imad r24, r14, r29, #0x0
   $r22 = icmpsel $r17, $r10, #1, #0, #0x0
   $r14 = iadd r14, r22, #0x0
   $r10 = icmpsel r10, r31, #1, #0, #0x0
   $r10 = iadd r14, r10, #0x0
   $r14 = bfeil #0, $r17, #31, #0x0
   $r10 = iadd r14, r10, #0x0
   $r14 = iadd #0, $r17.neg, #0x0
   $r22 = icmpsel $r2, #0, #0, #1, #0x0
   $r14 = iadd r14, r22.neg, #0x0
   $r22 = iadd #0, $r2.neg, #0x0
   $r2 = icmpsel $r17, #0, r22, r2, #0x0
   $r14 = icmpsel $r17, #0, r14, $r17, #0x0
   $r22 = ffs $r14
   $r22 = or r22, #32
   $r23 = ffs $r2
   $r22 = icmpsel r23, r22, r23, r22, #0x0
   $r22 = iadd r22, #23.neg, #0x0
   $r22 = icmpsel r22, #0, r22, #0, #0x0
   $r23 = and $r22, #63
   $r24 = iadd $r23, #32.neg, #0x0
   $r27 = iadd #0, $r24.neg, #0x0
   $r24 = icmpsel r24, r27, r24, r27, #0x0
   $r27 = and $r23, #31
   $r28 = bfeil #0, $r2, $r27, #0x0
   $r24 = and r24, #31
   $r29 = bfi #0, $r14, $r24, #0x0
   $r28 = or r28, r29
   $r29 = bfeil #0, $r14, $r24, #0x0
   $r28 = icmpsel $r23, #32, r28, r29, #0x0
   $r28 = icmpsel $r23, #0, $r2, r28, #0x0
   $r27 = bfi #0, #1, r27, #0x0
   $r27 = icmpsel $r23, #32, r27, #0, #0x0
   $r29 = bfeil #0, #1, $r24, #0x0
   $r24 = bfi #0, #1, r24, #0x0
   $r24 = icmpsel $r23, #32, r29, r24, #0x0
   $r30 = icmpsel $r23, #0, #1, r27, #0x0
   $r31 = icmpsel r23, #0, #0, r24, #0x0
   $r23 = extr $r30, $r31, #1, #0x0
   $r32 = mov1 $r30, #0
   $r33 = mov1 $r31, #0
   $r32:r33 = iadd r32:r33, #1.neg, #0x0
   $r24 = and $r2, r32
   $r27 = and $r14, r33
   $r29 = asr $r31, #1
   $r25h = icmpsel $r24, $r23, #1, #0, #0x0
   $r25h = icmpsel $r27, $r29, r25h, #0, #0x0
   $r26h = icmpsel r22, #0, #0, #1, #0x0
   $r25h = icmpsel r25h, #0, #0, r26h, #0x0
   $r2 = and r2, r30
   $r14 = and r14, r31
   $r2 = icmpsel r14, r2, r14, r2, #0x0
   $r14l = icmpsel r23, r24, #1, #0, #0x0
   $r14l = icmpsel $r27, $r29, r14l, #0, #0x0
   $r14l = icmpsel r29, r27, #1, r14l, #0x0
   $r2l = icmpsel r2, #0, #0, r25h, #0x0
   $r23 = icmpsel r14l, #0, #0, #1, #0x0
   $r14 = icmpsel r2l, #0, r23, #1, #0x0
   r2 = iadd r28, r14, #0x0
   $r14 = convert #10, r22, #0x1
   $r14 = exp2 r14
   $r2 = convert #10, r2, #0x1
   $r2 = fmul r2, r14
   $r14 = icmpsel r17, #0, u98, #0, #0x0
   $r2 = fmul r2, u104
   $r2 = xor r2, r14
   $r14 = iadd #0, $r10.neg, #0x0
   r10 = fcmpsel $r5, #0, r14, r10, #0x0
   $r14 = fadd $r2.neg, #-0.000000
   r2 = fcmpsel r5, #0, r14, r2, #0x0
   r14 = mov_imm #0x0
} -> block46  from block43

block45 {
   else_fcmp #0.000000, #0.000000, #0xaaaba996a540, n=1
   r2 = fmul $r5, u75
   $r2 = roundeven r2
   $r10 = fmul $r2, u79
   $r14 = ffma $r2.neg, u68, r5
   $r17 = fadd $r14, $r10.neg
   $r22 = fadd $r17, $r14.neg
   $r23 = fadd $r17, $r22.neg
   $r14 = fadd r14, r23.neg
   $r22 = fadd $r10.neg, r22.neg
   $r14 = fadd r14, r22
   $r10 = ffma $r2, u79, r10.neg
   $r10 = fadd r14, r10.neg
   $r10 = ffma r2.neg, u113, r10
   $r14 = fmul $r17, u75
   $r22 = ffma $r17, u75, $r14.neg
   $r10 = ffma r10, u75, r22
   $r10 = ffma r17, u100, r10
   $r17 = fadd $r14, $r10
   $r14 = fadd $r17, r14.neg
   $r10 = fadd r10, r14.neg
   $r2 = convert #9, r2, #0x0
   r14 = mov1 r10, #0
   r10 = mov1 r2, #0
   r2 = mov1 r17, #0
   pop_exec #0x0, n=1
} -> block46  from block43

block46 {
   $r17 = fmul $r2, $r2
   $r22 = fmul $r17, u83
   $r23 = fmul $r17, u111
   $r24 = ffma $r17, u83, $r22.neg
   $r23 = fadd r24, r23
   $r24 = ffma $r2, $r2, $r17.neg
   $r24 = fmul r24, u83
   $r23 = fadd r23, r24
   $r24 = fmul $r2, u68
   $r27 = ffma $r2, u68, $r24.neg
   $r27 = ffma $r2, u79, r27
   $r27 = ffma $r14, u68, r27
   $r14 = fmul r14, u105
   $r14 = ffma r14, $r2, r23
   $r23 = ffma u116, $r17, u114
   $r23 = ffma r23, $r17, u112
   $r23 = ffma r23, $r17, u103
   $r23 = ffma r23, $r17, u117
   $r23 = ffma r23, $r17, u102
   $r2 = fmul r2, $r17
   $r2 = ffma r2, r23, r27
   $r23 = fadd #1.000000, $r22
   $r27 = fadd $r23, #-1.000000
   $r22 = fadd r22, r27.neg
   $r27 = ffma u108, $r17, u107
   $r27 = ffma r27, $r17, u109
   $r27 = ffma r27, $r17, u101
   $r27 = ffma r27, $r17, u110
   $r27 = ffma r27, $r17, u118
   $r17 = fmul r17, r17
   $r17 = fmul r17, r27
   $r14 = fadd r22, r14
   $r14 = fadd r14, r17
   $r14 = fadd r23, r14
   $r2 = fadd r24, r2
   $r10 = iadd r10, #1, #0x0
   $r17 = and $r10, #1
   $r2 = icmpsel r17, #0, r2, r14, #0x0
   $r10 = and r10, #2
   $r14 = fadd $r2.neg, #-0.000000
   $r2 = icmpsel r10, #0, r2, r14, #0x0
   $r2 = fcmpsel r5.abs, u66, r2, u73, #0x0
   $r10 = rcp $r2
   $r14 = ffma $r2.neg, $r10, #1.000000
   $r14 = ffma r14, $r10, $r10
   $r10 = fcmpsel r14, r14, r14, r10, #0x0
   $r14 = ffma $r2.neg, $r10, #1.000000
   $r14 = ffma r14, $r10, $r10
   $r10 = fcmpsel r14, r14, r14, r10, #0x0
   $r14 = fmul $r1, $r10
   $r1 = ffma r2.neg, $r14, r1
   $r1 = ffma r1, r10, $r14
   $r2 = fcmpsel $r14, #0, $r14, $r1, #0x0
   r2 = fcmpsel r1, r1, r2, r14, #0x0
   r1 = mov1 r3, #0
} -> block48  from block44 block45

block47 {
   pop_exec #0x0, n=1
} -> block48  from block39

block48 {
   $r10 = fcmpsel $r5, #228, $r5, u147, #0x0
   $r14 = fadd $r10, #-0.000000
   $r10 = fcmpsel r10, #100, r14, u99, #0x0
   $r10 = fmul r10, u71
   $r14 = exp2 $r10.neg
   $r10 = exp2 r10
   $r17 = fadd $r10, $r14.neg
   $r10 = fadd r10, r14
   $r14 = rcp $r10
   $r22 = ffma $r10.neg, $r14, #1.000000
   $r22 = ffma r22, $r14, $r14
   $r14 = fcmpsel r22, r22, r22, r14, #0x0
   $r22 = ffma $r10.neg, $r14, #1.000000
   $r22 = ffma r22, $r14, $r14
   $r14 = fcmpsel r22, r22, r22, r14, #0x0
   $r22 = fmul $r17, $r14
   $r10 = ffma r10.neg, $r22, r17
   $r10 = ffma r10, r14, $r22
   $r14 = fcmpsel $r22, #0, $r22, $r10, #0x0
   $r10 = fcmpsel r10, r10, r14, r22, #0x0
   $r10 = fcmpsel #0, $r5.abs, r10, $r5, #0x0
   $r2 = icmpsel u49h, #0, r2, r10, #0x0
   $r10 = ffma u148l, $r5.abs, u171
   $r10 = ffma r10, $r12, u198
   $r10 = ffma u197, $r5.abs, r10
   $r10 = ffma r10, $r5.abs, u208
   $r10 = ffma r10, $r5.abs, u159
   $r10 = ffma r10, $r5.abs, u204
   $r10 = ffma r10, $r5.abs, $r5.abs.neg
   $r14 = ffma $r10, u154, u149
   $r14 = ffma $r10, r14, u153
   $r14 = ffma $r10, r14, u151
   $r14 = ffma $r10, r14, u157
   $r14 = ffma $r10, r14, #0.500000
   $r14 = ffma $r10, r14, #1.000000
   $r14 = fmul $r10, r14
   $r17 = fmul $r10, u71
   $r17 = exp2 r17
   $r17 = fadd r17, #-1.000000
   $r10 = fcmpsel r10.abs, #32, r14, r17, #0x0
   $r10 = fadd r10.neg, #-0.000000
   $r10 = and r10, u84
   $r10 = or r10, r19
   $r14 = ffma u194, $r12, u193
   $r14 = ffma r14, $r12, u196
   $r14 = ffma r14, $r12, u205
   $r14 = ffma r14, $r12, u180
   $r12 = ffma r14, r12, u192
   $r12 = ffma r12, $r5, $r5
   $r10 = fcmpsel u115l, $r5.abs, r10, r12, #0x0
   $r2 = icmpsel u50l, #0, r2, r10, #0x0
   $r10 = and $r15, u80
   $r10 = or r10, u77
   $r12 = fmul $r10, #0.500000
   $r12 = fcmpsel u67, $r10, r12, $r10, #0x0
   $r10 = fcmpsel u67, r10, #1, #0, #0x0
   $r14 = bfeil #0, $r15, #23, #0x0
   $r14 = iadd r14, #127.neg, #0x0
   r10 = iadd r10, r14, #0x0
   $r12 = fadd r12, #-1.000000
   $r14 = fadd #2.000000, $r12
   $r17 = fadd $r14, #-2.000000
   $r17 = fadd $r12, r17.neg
   $r19 = rcp $r14
   $r22 = ffma $r14.neg, $r19, #1.000000
   $r22 = ffma r22, $r19, $r19
   $r19 = fcmpsel r22, r22, r22, r19, #0x0
   $r22 = ffma $r14.neg, $r19, #1.000000
   $r22 = ffma r22, $r19, $r19
   $r19 = fcmpsel r22, r22, r22, r19, #0x0
   $r22 = fmul $r12, $r19
   $r23 = ffma $r22.neg, $r14, $r12
   $r22 = ffma r23, $r19, r22
   $r12 = ffma $r22.neg, r14, r12
   $r14 = fmul $r22, r17
   $r12 = fadd r12, r14.neg
   $r12 = fmul r12, r19
   $r14 = fmul $r22, $r22
   $r17 = ffma $r22, $r22, $r14.neg
   $r19 = fmul $r22, $r14
   $r23 = ffma $r22, $r14, $r19.neg
   $r17 = fmul $r22, r17
   $r17 = fadd r23, r17
   $r23 = fmul $r12, #3.000000
   $r17 = ffma r23, $r14, r17
   $r23 = ffma u87, $r14, u86
   $r23 = ffma r23, $r14, u90
   $r23 = ffma r23, $r14, u91
   $r23 = ffma r23, $r14, u92
   $r14 = ffma r14, r23, u85
   $r23 = fadd u93, $r14
   $r24 = fadd $r23, u89
   $r14 = fadd r14, r24.neg
   $r24 = fmul $r19, $r23
   $r27 = ffma $r19, $r23, $r24.neg
   $r14 = fmul r19, r14
   $r14 = fadd r27, r14
   $r17 = fmul r17, r23
   $r14 = fadd r14, r17
   $r17 = fmul r22, #2.000000
   $r19 = fmul $r17, u71
   $r22 = ffma $r17, u71, $r19.neg
   $r22 = ffma $r17, u123, r22
   $r23 = fmul #2.000000, r24
   $r24 = fmul $r23, u71
   $r27 = ffma $r23, u71, $r24.neg
   $r12 = fmul r12, #2.000000
   $r14 = fmul #2.000000, r14
   $r28 = fadd $r12, $r14
   $r22 = ffma r28, u71, r22
   $r22 = fadd r22, r27
   $r10 = convert #11, r10, #0x1
   $r27 = fadd $r10, $r19
   $r28 = fadd $r27, $r10.neg
   $r19 = fadd r19, r28.neg
   $r28 = fadd $r27, $r24
   $r27 = fadd $r28, r27.neg
   $r24 = fadd r24, r27.neg
   $r19 = fadd r19, r24
   $r19 = fadd r19, r22
   $r19 = fadd r28, r19
   $r22 = icmpsel u66, $r15, u73, u66, #0x0
   $r24 = and $r15, u84
   $r22 = icmpsel r24, u70, u76, r22, #0x0
   $r15 = iadd r15, u76, #0x0
   $r19 = icmpsel $r15, u72, r19, $r22, #0x0
   $r24 = fmul $r10, u96
   $r27 = fadd $r24, $r17
   $r24 = fadd $r27, r24.neg
   $r17 = fadd r17, r24.neg
   $r24 = fadd $r27, $r23
   $r27 = fadd $r24, r27.neg
   $r23 = fadd r23, r27.neg
   $r17 = fadd r17, r23
   $r14 = fadd r17, r14
   $r12 = fadd r14, r12
   $r10 = ffma r10, u97, r12
   $r10 = fadd r24, r10
   $r10 = icmpsel r15, u72, r10, r22, #0x0
   $r12 = ffma u181, $r19, u190
   $r12 = ffma r12, $r10, u188
   $r12 = ffma r12, $r10, u165
   $r12 = ffma r12, $r10, u163
   $r12 = ffma r12, $r10, u167
   $r12 = ffma r12, $r10, u186
   $r12 = ffma r12, $r10, u172
   $r14 = ffma u160, r19, u170
   $r14 = ffma r14, $r10, u176
   $r14 = ffma r14, $r10, u182
   $r14 = ffma r14, $r10, u185
   $r14 = ffma r14, $r10, u203
   $r14 = ffma r14, $r10, u207
   $r14 = ffma r14, $r10, u202
   $r14 = ffma r14, $r10, u187
   $r12 = ffma r12, $r10, u168
   $r14 = ffma r14, $r10, u166
   $r10 = fcmpsel r10, u115h, r12, r14, #0x0
   $r10 = fmul $r5, r10
   $r2 = icmpsel u50h, #0, r2, r10, #0x0
   $r10 = ffma $r5, u154, u149
   $r10 = ffma $r5, r10, u153
   $r10 = ffma $r5, r10, u151
   $r10 = ffma $r5, r10, u157
   $r10 = ffma $r5, r10, #0.500000
   $r10 = ffma $r5, r10, #1.000000
   $r10 = fmul $r5, r10
   $r11 = fadd r11, #-1.000000
   $r10 = fcmpsel $r5.abs, #32, r10, r11, #0x0
   $r2 = icmpsel u51l, #0, r2, r10, #0x0
   $r2 = icmpsel u51h, #0, r2, r7, #0x0
   $r7l = fcmpsel $r9.abs, u66, #0, #1, #0x0
   $r7h = fcmpsel $r9, $r9, #0, #1, #0x0
   $r7h = xor r7h, #1
   $r7l = fcmpsel $r9, $r9, r7l, r7h, #0x0
   $r10 = fmul r13.abs, u71
   $r10 = exp2 r10.neg
   $r11 = fadd #1.000000, $r10
   $r12 = and $r11, u80
   $r12 = or r12, u77
   $r13 = fmul $r12, #0.500000
   $r13 = fcmpsel u67, $r12, r13, $r12, #0x0
   $r12 = fcmpsel u67, r12, #1, #0, #0x0
   $r14 = bfeil #0, $r11, #23, #0x0
   $r14 = iadd r14, #127.neg, #0x0
   r12 = iadd r12, r14, #0x0
   $r13 = fadd r13, #-1.000000
   $r14 = fadd #2.000000, $r13
   $r15 = fadd $r14, #-2.000000
   $r15 = fadd $r13, r15.neg
   $r17 = rcp $r14
   $r19 = ffma $r14.neg, $r17, #1.000000
   $r19 = ffma r19, $r17, $r17
   $r17 = fcmpsel r19, r19, r19, r17, #0x0
   $r19 = ffma $r14.neg, $r17, #1.000000
   $r19 = ffma r19, $r17, $r17
   $r17 = fcmpsel r19, r19, r19, r17, #0x0
   $r19 = fmul $r13, $r17
   $r22 = ffma $r19.neg, $r14, $r13
   $r19 = ffma r22, $r17, r19
   $r13 = ffma $r19.neg, r14, r13
   $r14 = fmul $r19, r15
   $r13 = fadd r13, r14.neg
   $r13 = fmul r13, r17
   $r14 = fmul $r19, $r19
   $r15 = ffma $r19, $r19, $r14.neg
   $r17 = fmul $r19, $r14
   $r22 = ffma $r19, $r14, $r17.neg
   $r15 = fmul $r19, r15
   $r15 = fadd r22, r15
   $r22 = fmul $r13, #3.000000
   $r15 = ffma r22, $r14, r15
   $r22 = ffma u87, $r14, u86
   $r22 = ffma r22, $r14, u90
   $r22 = ffma r22, $r14, u91
   $r22 = ffma r22, $r14, u92
   $r14 = ffma r14, r22, u85
   $r22 = fadd u93, $r14
   $r23 = fadd $r22, u89
   $r14 = fadd r14, r23.neg
   $r23 = fmul $r17, $r22
   $r24 = ffma $r17, $r22, $r23.neg
   $r14 = fmul r17, r14
   $r14 = fadd r24, r14
   $r15 = fmul r15, r22
   $r14 = fadd r14, r15
   $r15 = fmul r19, #2.000000
   $r12 = convert #11, r12, #0x1
   $r17 = fmul $r12, u96
   $r19 = fadd $r17, $r15
   $r17 = fadd $r19, r17.neg
   $r15 = fadd r15, r17.neg
   $r17 = fmul #2.000000, r23
   $r22 = fadd $r19, $r17
   $r19 = fadd $r22, r19.neg
   $r17 = fadd r17, r19.neg
   $r15 = fadd r15, r17
   $r14 = fmul #2.000000, r14
   $r14 = fadd r15, r14
   $r13 = fmul r13, #2.000000
   $r13 = fadd r14, r13
   $r12 = ffma r12, u97, r13
   $r12 = fadd r22, r12
   $r13 = icmpsel u66, $r11, u73, u66, #0x0
   $r14 = and $r11, u84
   $r13 = icmpsel r14, u70, u76, r13, #0x0
   $r14 = iadd $r11, u76, #0x0
   $r12 = icmpsel r14, u72, r12, r13, #0x0
   $r10 = fcmpsel r11, #48, r10, r12, #0x0
   $r10 = fadd $r9, r10
   $r9 = icmpsel r7l, #0, r9, r10, #0x0
   $r2 = icmpsel u52l, #0, r2, r9, #0x0
   $r7 = ceil $r5
   $r2 = icmpsel u52h, #0, r2, r7, #0x0
   $r7 = floor $r5
   $r2 = icmpsel u53l, #0, r2, r7, #0x0
   $r7 = roundeven $r5
   $r2 = icmpsel u53h, #0, r2, r7, #0x0
   $r7 = trunc r8
   $r7 = ffma $r6.neg, r7, r5
   $r9 = fadd $r7, $r6
   $r10l = fcmpsel $r7, #0, #1, #0, #0x0
   $r9 = icmpsel r10l, r26l, $r7, r9, #0x0
   $r7 = fcmpsel r7, #0, r7, r9, #0x0
   $r7 = fcmpsel r6, #0, u73, r7, #0x0
   r1 = icmpsel u60h, #0, r1, r3, #0x0
   r2 = icmpsel u54l, #0, r2, r7, #0x0
   if_icmp u54h, #0, #0xaaaba9987ce0, n=1, inv
   jmp_exec_none #0xaaaba9987ce0
} -> block49 block73  from block46 block47

block49 {
   $r1l = fcmpsel r5, #48, #1, #0, #0x0
   r1l = fcmpsel r6, #0, #1, r1l, #0x0
   if_icmp r1l, #0, #0xaaaba9987710, n=1
   jmp_exec_none #0xaaaba9987710
} -> block50 block71  from block48

block50 {
   if_icmp r0h, #0, #0xaaaba9987140, n=1
   jmp_exec_none #0xaaaba9987140
} -> block51 block69  from block49

block51 {
   if_fcmp r6.abs, u66, #0xaaaba997ec20, n=1
} -> block52 block53  from block50

block52 {
   $r1 = icmpsel r20l, r25l, u66, #0, #0x0
   r2 = fcmpsel r5.abs, #48, u77, r1, #0x0
} -> block68  from block51

block53 {
   else_fcmp #0.000000, #0.000000, #0xaaaba99868c0, n=1
   jmp_exec_none_after #0xaaaba99868c0
   $r1 = fmul $r6.abs, #0.500000
   $r2 = ffma #-2.000000, $r1, $r6.abs
   $r2 = ffma r2, #0.500000, $r1
   $r7 = fcmpsel $r1, #0, $r1, $r2, #0x0
   $r1 = fcmpsel r2, r2, r7, r1, #0x0
   $r1 = floor r1
   $r1 = ffma #-2.000000, r1, $r6.abs
   $r2 = floor $r6
   $r0h = fcmpsel r1, #48, #1, #0, #0x0
   $r0h = fcmpsel r6, r2, r0h, #0, #0x0
   r0h = icmpsel $r5, #0, r0h, #0, #0x0
   $r1l = fcmpsel $r5.abs, u66, #1, #0, #0x0
   r1h = fcmpsel $r5, #0, #1, #0, #0x0
   r1l = fcmpsel r5, #0, #1, r1l, #0x0
   if_icmp r1l, #0, #0xaaaba997fe30, n=1, inv
} -> block54 block55  from block51

block54 {
   $r2 = icmpsel r1h, r26l, u66, #0, #0x0
   $r1 = fadd $r2.neg, #-0.000000
   r2 = icmpsel r0h, #0, r2, r1, #0x0
} -> block67  from block53

block55 {
   else_fcmp #0.000000, #0.000000, #0xaaaba9986430, n=1
   jmp_exec_none_after #0xaaaba9986430
   r1l = fcmpsel r6, r2, #0, r20h, #0x0
   if_icmp r1l, #0, #0xaaaba9986250, n=1
   jmp_exec_none #0xaaaba9986250
} -> block56 block65  from block53

block56 {
   $r1l = fcmpsel u150l, $r6.abs, #1, #0, #0x0
   r1l = fcmpsel r6, r2, r1l, #0, #0x0
   if_icmp r1l, #0, #0xaaaba9981c30, n=1, inv
} -> block57 block63  from block55

block57 {
   r1 = fcmpsel r6, #0, r16, r18, #0x0
   $r2 = convert #9, r21, #0x0
   r6 = mov1 r2, #0
   r2 = mov1 u77, #0
   if_fcmp #0.000000, #0.000000, #0x0, n=1
} -> block58  from block56

block58 {
} -> block59 block60  from block57 block61

block59 {
} -> block62  from block58

block60 {
} -> block61  from block58

block61 {
   while_icmp #0, $r6, #0x0, n=1
   $r7 = fmul $r2, $r1
   $r9 = and $r6, #1
   r2 = icmpsel r9, #0, r2, r7, #0x0
   $r7 = fmul $r1, $r1
   $r6 = asr r6, #1
   r1 = icmpsel r6, #0, r1, r7, #0x0
   jmp_exec_any #0xaaaba99808f0
   pop_exec #0x0, n=1
} -> block58  from block60

block62 {
} -> block64  from block59

block63 {
   else_fcmp #0.000000, #0.000000, #0xaaaba9981c30, n=1
   jmp_exec_none_after #0xaaaba9981c30
   $r1 = and $r18, u80
   $r1 = or r1, u77
   $r2 = fmul $r1, #0.500000
   $r2 = fcmpsel u67, $r1, r2, $r1, #0x0
   $r2 = fadd r2, #-1.000000
   $r7 = fadd #2.000000, $r2
   $r9 = rcp $r7
   $r10 = ffma $r7.neg, $r9, #1.000000
   $r10 = ffma r10, $r9, $r9
   $r9 = fcmpsel r10, r10, r10, r9, #0x0
   $r10 = ffma $r7.neg, $r9, #1.000000
   $r10 = ffma r10, $r9, $r9
   $r9 = fcmpsel r10, r10, r10, r9, #0x0
   $r10 = fmul $r2, $r9
   $r11 = ffma $r10.neg, $r7, $r2
   $r10 = ffma r11, $r9, r10
   $r11 = fadd $r7, #-2.000000
   $r11 = fadd $r2, r11.neg
   $r2 = ffma $r10.neg, r7, r2
   $r7 = fmul $r10, r11
   $r2 = fadd r2, r7.neg
   $r2 = fmul r2, r9
   $r7 = fmul $r10, $r10
   $r9 = ffma $r10, $r10, $r7.neg
   $r9 = fmul $r10, r9
   $r11 = fmul $r10, $r7
   $r12 = ffma $r10, $r7, $r11.neg
   $r9 = fadd r12, r9
   $r12 = fmul $r2, #3.000000
   $r9 = ffma r12, $r7, r9
   $r12 = ffma u87, $r7, u86
   $r12 = ffma r12, $r7, u90
   $r12 = ffma r12, $r7, u91
   $r12 = ffma r12, $r7, u92
   $r7 = ffma r7, r12, u85
   $r12 = fadd u93, $r7
   $r13 = fadd $r12, u89
   $r7 = fadd r7, r13.neg
   $r7 = fmul $r11, r7
   $r13 = fmul $r11, $r12
   $r11 = ffma r11, $r12, $r13.neg
   $r9 = fmul r9, r12
   $r7 = fadd r11, r7
   $r7 = fadd r7, r9
   $r9 = fmul r10, #2.000000
   $r10 = fmul $r9, u71
   $r11 = ffma $r9, u71, $r10.neg
   $r9 = ffma r9, u123, r11
   $r7 = fmul #2.000000, r7
   $r2 = fmul r2, #2.000000
   $r2 = fadd r2, r7
   $r7 = bfeil #0, $r18, #23, #0x0
   $r7 = iadd r7, #127.neg, #0x0
   $r1 = fcmpsel u67, r1, #1, #0, #0x0
   r1 = iadd r1, r7, #0x0
   $r2 = ffma r2, u71, r9
   $r1 = convert #11, r1, #0x1
   $r7 = fmul #2.000000, r13
   $r9 = fadd $r1, $r10
   $r1 = fadd $r9, r1.neg
   $r11 = fmul $r7, u71
   $r12 = fadd $r9, $r11
   $r9 = fadd $r12, r9.neg
   $r7 = ffma r7, u71, $r11.neg
   $r9 = fadd r11, r9.neg
   $r1 = fadd r10, r1.neg
   $r2 = fadd r2, r7
   $r1 = fadd r1, r9
   $r1 = fadd r1, r2
   $r2 = icmpsel u66, $r18, u73, u66, #0x0
   $r7 = and $r18, u84
   $r2 = icmpsel r7, u70, u76, r2, #0x0
   $r1 = fadd r12, r1
   $r7 = iadd r18, u76, #0x0
   $r1 = icmpsel r7, u72, r1, r2, #0x0
   $r1 = fmul r1, r6
   r2 = exp2 r1
   pop_exec #0x0, n=1
} -> block64  from block56

block64 {
   $r1 = fadd $r2.neg, #-0.000000
   r2 = icmpsel r0h, #0, r2, r1, #0x0
} -> block66  from block62 block63

block65 {
   else_fcmp #0.000000, #0.000000, #0xaaaba9986250, n=1
   r2 = mov1 u73, #0
   pop_exec #0x0, n=1
} -> block66  from block55

block66 {
   pop_exec #0x0, n=1
} -> block67  from block64 block65

block67 {
   pop_exec #0x0, n=1
} -> block68  from block54 block66

block68 {
} -> block70  from block52 block67

block69 {
   else_fcmp #0.000000, #0.000000, #0xaaaba9987140, n=1
   r2 = mov1 u73, #0
   pop_exec #0x0, n=1
} -> block70  from block50

block70 {
} -> block72  from block68 block69

block71 {
   else_fcmp #0.000000, #0.000000, #0xaaaba9987710, n=1
   r2 = mov1 u77, #0
   pop_exec #0x0, n=1
} -> block72  from block49

block72 {
   r1 = mov1 r3, #0
} -> block74  from block70 block71

block73 {
   pop_exec #0x0, n=1
} -> block74  from block48

block74 {
   $r6 = fcmpsel $r5, #0, u155, #0, #0x0
   $r5 = fcmpsel #0, r5, u77, r6, #0x0
   $r2 = icmpsel u55l, #0, r2, r5, #0x0
   $r2 = icmpsel u55h, #0, r2, r18, #0x0
   r1 = icmpsel u61l, #0, r1, r3, #0x0
   $r3 = floor r8
   r2 = icmpsel u56l, #0, r2, r3, #0x0
   r3 = iadd u62, $r4, #0x0
   device_store r2, u64:u65, r3.abs, x, #0x0, slot 0
   r3 = iadd u6, r4.neg, #0x0
   if_icmp u5, r3, #0xaaaba99890c0, n=1, inv
} -> block75 block76  from block72 block73

block75 {
   wait #0x0, slot 0
   r0l = mov_imm #0x2
   pop_exec #0x0, n=0
} -> block78  from block74

block76 {
   pop_exec #0x0, n=1
} -> block77  from block74

block77 {
   r4 = iadd r4, u5, #0x0
   r3 = mov1 r1, #0
   wait #0x0, slot 0
   jmp_exec_any #0xaaaba972b310
   pop_exec #0x0, n=1
} -> block1  from block76

block78 {
   stop 
} from block2 block25 block75

   0: f2051004               mov      $r1, thread_in_grid_x
   4: 8e05c28658000000       iadd     $r1, ^r1.sx, u4.sx
   c: 62000000               ldimm    r0l, 0
  10: 620900000000           ldimm    r2, 0
  16: 620d00000000           ldimm    r3, 0
  1c: 7e11c20a8000           mov      r4, ^r1
  22: 620500000000           ldimm    r1, 0
  28: 522c48c21800           while    r4, u6, 1, ult
  2e: 20c04a370000           jmp_none 14154
  34: 52090e010000           if       u7l, 0, 1, ine
  3a: 1e1b888219000000       imul     dr6, $r4, u12
  42: 9e154e4659000000       imul     $r5, r7.sx, u10.sx
  4a: 8e1588ae64000000       isub     $r5, $r4.sx, r5.sx
  52: 8e198aa659000000       iadd     $r6, $r5.sx, u13.sx
  5a: 92154a42194ac024       csel     $r5, r5, u10, r5, r6, ult
  62: 8e198aa659000000       iadd     $r6, $r5.sx, u13.sx
  6a: 92154a42194ac024       csel     $r5, r5, u10, r5, r6, ult
  72: 92151c01004a8008       csel     $r5, u14l, 0, r5, $r4, ieq
  7a: 1e1b88e219000000       imul     dr6, $r4, u15
  82: 9e194e6659000000       imul     $r6, r7.sx, u11.sx
  8a: 8e1988ce64000000       isub     $r6, $r4.sx, r6.sx
  92: 8e1d8c065a000000       iadd     $r7, $r6.sx, u16.sx
  9a: 92194c62194ce024       csel     $r6, r6, u11, r6, r7, ult
  a2: 8e1d8c065a000000       iadd     $r7, $r6.sx, u16.sx
  aa: 92194c62194ce024       csel     $r6, r6, u11, r6, r7, ult
  b2: 92192201004c8004       csel     $r6, u17l, 0, r6, r4, ieq
  ba: 92192301004c0010       csel     $r6, u17h, 0, r6, 0, ieq
  c2: 0e1992c564000000       iadd     r6, u9.sx, r6.sx
  ca: 92151d01004a0010       csel     $r5, u14h, 0, r5, 0, ieq
  d2: 0e1590a564000000       iadd     r5, u8.sx, r5.sx
  da: 420a00000000           else     0.0, 0.0, 1, feq
  e0: 20c05a020000           jmp_none 602
  e6: 7e19a6098000           mov      r6, u19
  ec: 7e15a4098000           mov      r5, u18
  f2: 7e1d480a8000           mov      r7, r4
  f8: 7e21a8098000           mov      r8, u20
  fe: 420800000000           if       0.0, 0.0, 1, feq
 104: 52ad50020000           while    r8, 0, 1, sgte
 10a: 52092c010000           if       u22l, 0, 1, ine
 110: 0e250c0065080000       iadd     r9, 140, r8.sx
 118: 0549200e01c01200       load     r9, du0, r9, i32, x, a
 120: 420a00000000           else     0.0, 0.0, 1, feq
 126: 3800                   wait     a
 128: 0549004e31c01200       load     r9, du24, r8, i32, x, b
 130: 520e00000000           pop_exec 1
 136: 3801                   wait     b
 138: bea90a242900           u32_to_f $r10, $r9, rte
 13e: 8a2d9482               rcp      $r11, $r10
 142: ba31946a2930           ffma     $r12, $r10.neg, $r11, 1.0
 148: bab1586229960200       ffma     $r12, r12, $r11, $r11
 150: 822d588225586005       csel     $r11, r12, r12, r12, r11, feq
 158: ba29546a2930           ffma     $r10, r10.neg, $r11, 1.0
 15e: baa9546229960200       ffma     $r10, r10, $r11, $r11
 166: 8229544225546005       csel     $r10, r10, r10, r10, r11, feq
 16e: 1aa954821f00           fmul     r10, r10, u156
 174: bea908402500           f_to_u32 $r10, r10, rtz
 17a: 9e2d924669000000       imul     $r11, $r9.sx, $r10.sx
 182: 8e2d006865000000       isub     $r11, 0, r11.sx
 18a: 1e33946225000000       imul     dr12, $r10, r11
 192: 8e2954a665000000       iadd     $r10, r10.sx, r13.sx
 19a: 1e2b8e4225000000       imul     dr10, $r7, r10
 1a2: 9e29562669000000       imul     $r10, r11.sx, $r9.sx
 1aa: 8e294e4e65000000       isub     $r10, r7.sx, r10.sx
 1b2: 8e2d942e69000000       isub     $r11, $r10.sx, $r9.sx
 1ba: 9229542229546025       csel     $r10, r10, $r9, r10, r11, ult
 1c2: 8e2d942e69000000       isub     $r11, $r10.sx, $r9.sx
 1ca: 1225542225546025       csel     r9, r10, r9, r10, r11, ult
 1d2: 52092c010000           if       u22l, 0, 1, ine
 1d8: 0e290c0065080000       iadd     r10, 140, r8.sx
 1e0: 0551400e01c01200       load     r10, du0, r10, i32, x, a
 1e8: 420a00000000           else     0.0, 0.0, 1, feq
 1ee: 3800                   wait     a
 1f0: 0551044e31c01200       load     r10, du26, r8, i32, x, b
 1f8: 520e00000000           pop_exec 1
 1fe: 3801                   wait     b
 200: bead0a442900           u32_to_f $r11, $r10, rte
 206: 8a319682               rcp      $r12, $r11
 20a: ba35968a2930           ffma     $r13, $r11.neg, $r12, 1.0
 210: bab55a8229980200       ffma     $r13, r13, $r12, $r12
 218: 82315aa2255a8005       csel     $r12, r13, r13, r13, r12, feq
 220: ba2d568a2930           ffma     $r11, r11.neg, $r12, 1.0
 226: baad568229980200       ffma     $r11, r11, $r12, $r12
 22e: 822d566225568005       csel     $r11, r11, r11, r11, r12, feq
 236: 1aad56821f00           fmul     r11, r11, u156
 23c: bead08602500           f_to_u32 $r11, r11, rtz
 242: 9e31946669000000       imul     $r12, $r10.sx, $r11.sx
 24a: 8e31008865000000       isub     $r12, 0, r12.sx
 252: 1e33968225000000       imul     dr12, $r11, r12
 25a: 8e2d56a665000000       iadd     $r11, r11.sx, r13.sx
 262: 1e338e6225000000       imul     dr12, $r7, r11
 26a: 9e2d9a4669000000       imul     $r11, $r13.sx, $r10.sx
 272: 8e1d4e6e65000000       isub     $r7, r7.sx, r11.sx
 27a: 922d8e4229001130       csel     $r11, $r7, $r10, 0, 1, ult
 282: 8e2d5a6665000000       iadd     $r11, r13.sx, r11.sx
 28a: 8e318e4e69000000       isub     $r12, $r7.sx, $r10.sx
 292: 921d4e42294e8025       csel     $r7, r7, $r10, r7, r12, ult
 29a: 921d4e4225001130       csel     $r7, r7, r10, 0, 1, ult
 2a2: 0e1d4e6665000000       iadd     r7, r7.sx, r11.sx
 2aa: 52092c010000           if       u22l, 0, 1, ine
 2b0: 0e29100065080000       iadd     r10, 144, r8.sx
 2b8: 0551400e01c01200       load     r10, du0, r10, i32, x, a
 2c0: 420a00000000           else     0.0, 0.0, 1, feq
 2c6: 3800                   wait     a
 2c8: 0e29aa0565000000       iadd     r10, u21.sx, r8.sx
 2d0: 0551480e31c01200       load     r10, du28, r10, i32, x, a
 2d8: 520e00000000           pop_exec 1
 2de: 3800                   wait     a
 2e0: 1e155246654a0600       imadd    r5, r9.sx, r10.sx, r5.sx
 2e8: 52092c010000           if       u22l, 0, 1, ine
 2ee: 0e29140065080000       iadd     r10, 148, r8.sx
 2f6: 0551400e01c01200       load     r10, du0, r10, i32, x, a
 2fe: 420a00000000           else     0.0, 0.0, 1, feq
 304: 3800                   wait     a
 306: 0e29bc0565000000       iadd     r10, u30.sx, r8.sx
 30e: 0551400e41c01200       load     r10, du32, r10, i32, x, a
 316: 520e00000000           pop_exec 1
 31c: 3800                   wait     a
 31e: 1e195246654c0600       imadd    r6, r9.sx, r10.sx, r6.sx
 326: 0e21501e00000000       isub     r8, r8.sx, 1
 32e: 00c0d6fdffff           jmp_any  -554
 334: 520e00000000           pop_exec 1
 33a: 520e00000000           pop_exec 1
 340: 0529a40e40c01200       load     r5, du34, r5, i32, x, a
 348: 0531c84e40c01200       load     r6, du36, r6, i32, x, b
 350: 520931010004           if       u56h, 0, 1, ine
 356: 3800                   wait     a
 358: 3801                   wait     b
 35a: 62000200               ldimm    r0l, 2
 35e: 520600000000           pop_exec 0
 364: 520e00000000           pop_exec 1
 36a: 3800                   wait     a
 36c: 3801                   wait     b
 36e: aa9d8ac22800           fadd     $r7, $r5, $r6
 374: 928932010044e0040004   csel     $r2, u57l, 0, r2, r7, ieq
 37e: 9aa18ac22800           fmul     $r8, $r5, $r6
 384: 92893301004400050004   csel     $r2, u57h, 0, r2, r8, ieq
 38e: 8a218c82               rcp      $r8, $r6
 392: ba258c0a2930           ffma     $r9, $r6.neg, $r8, 1.0
 398: baa5520229900200       ffma     $r9, r9, $r8, $r8
 3a0: 8221522225520005       csel     $r8, r9, r9, r9, r8, feq
 3a8: ba258c0a2930           ffma     $r9, $r6.neg, $r8, 1.0
 3ae: baa5520229900200       ffma     $r9, r9, $r8, $r8
 3b6: 8221522225520005       csel     $r8, r9, r9, r9, r8, feq
 3be: 9aa58a022900           fmul     $r9, $r5, $r8
 3c4: baa98c2a298a0200       ffma     $r10, $r6.neg, $r9, $r5
 3cc: baa1540225920200       ffma     $r8, r10, r8, $r9
 3d4: 8229920200920009       csel     $r10, $r9, 0.0, $r9, $r8, feq
 3dc: 8221500225542005       csel     $r8, r8, r8, r10, r9, feq
 3e4: 92893401004400050004   csel     $r2, u58l, 0, r2, r8, ieq
 3ee: 82028cc228001110       csel     $r0h, $r6, $r6, 0, 1, feq
 3f6: 82028aa228411010       csel     $r0h, $r5, $r5, r0h, 1, feq
 3fe: 82258ac2288ac0e8       csel     $r9, $r5, $r6, $r5, $r6, fgtn
 406: aaa552020002           fadd     $r9, r9, -0.0
 40c: 92a54100005220192000   csel     $r9, r0h, 0, r9, u73, ieq
 416: 92893501004420050004   csel     $r2, u58h, 0, r2, r9, ieq
 420: 9aa98ae21802           fmul     $r10, $r5, u71
 426: 8a2d94d2               exp2     $r11, $r10
 42a: 92890c01004460050004   csel     $r2, u38l, 0, r2, r11, ieq
 434: 8a2954da               exp2     $r10, r10.neg
 438: aab130402500           fadd     $r12, 1.0, r10
 43e: 8a359882               rcp      $r13, $r12
 442: ba3998aa2930           ffma     $r14, $r12.neg, $r13, 1.0
 448: bab95ca2299a0200       ffma     $r14, r14, $r13, $r13
 450: 82355cc2255ca005       csel     $r13, r14, r14, r14, r13, feq
 458: ba3158aa2930           ffma     $r12, r12.neg, $r13, 1.0
 45e: bab158a2299a0200       ffma     $r12, r12, $r13, $r13
 466: 823158822558a005       csel     $r12, r12, r12, r12, r13, feq
 46e: 92890d01004480050004   csel     $r2, u38h, 0, r2, r12, ieq
 478: 9ab18aa22800           fmul     $r12, $r5, $r5
 47e: 92890e01004480050004   csel     $r2, u39l, 0, r2, r12, ieq
 488: 8a358a12               rsqrts   $r13, $r5
 48c: 9ab58aa22500           fmul     $r13, $r5, r13
 492: 92890f010044a0050004   csel     $r2, u39h, 0, r2, r13, ieq
 49c: 8a358a92               rsqrt    $r13, $r5
 4a0: 928910010044a0050004   csel     $r2, u40l, 0, r2, r13, ieq
 4aa: aab58ac2a400           fadd     $r13, $r5, r6.neg
 4b0: 928911010044a0050004   csel     $r2, u40h, 0, r2, r13, ieq
 4ba: 12853601004260040004   csel     r1, u59l, 0, r1, r3, ieq
 4c4: aab94a0a0002           fadd     $r14, r5.neg, -0.0
 4ca: 128912010044c0050004   csel     r2, u41l, 0, r2, r14, ieq
 4d4: 520913010004           if       u41h, 0, 1, ine
 4da: 20c09a050000           jmp_none 1434
 4e0: 2a854a060002           fadd     r1, r5.abs, -0.0
 4e6: 42a84ae61b02           if       r5.abs, u95, 1, fgte
 4ec: 20c0b8030000           jmp_none 952
 4f2: ae89002028170000       shr      $r2, $r1, 23
 4fa: 8e0944ee03010000       isub     $r2, r2.sx, 126
 502: aebd004028050000       shr      $r15, $r2, 5
 50a: 92c19e420094a1b8a000   csel     $r16, $r15, 4, u74, u69, slt
 514: 92c19e3200a201a68000   csel     $r16, $r15, 3, u81, r16, slt
 51e: 92419e22000001a6       csel     $r16, $r15, 2, 0, r16, slt
 526: 92c59e42008ac1b9a000   csel     $r17, $r15, 4, u69, u78, slt
 530: 92c59e32009421a68000   csel     $r17, $r15, 3, u74, r17, slt
 53a: 92c99e12000021ba2000   csel     $r18, $r15, 1, 0, u81, slt
 544: 92459e22006420a6       csel     $r17, $r15, 2, r18, r17, slt
 54c: fe0944f28100           and      $r2, r2, 31
 552: ae41000026840200       shl      $r16, r16, $r2
 55a: 8e491f4868000000       isub     $r18, 31, $r2.sx
 562: fe4964f28100           and      $r18, r18, 31
 568: aecd00202aa40200       shr      $r19, $r17, $r18
 570: aecd006026010000       shr      $r19, r19, 1
 578: fe41606ae600           or       $r16, r16, r19
 57e: 92cd9e42009c41baa000   csel     $r19, $r15, 4, u78, u82, slt
 588: 92cd9e32008a61a68000   csel     $r19, $r15, 3, u69, r19, slt
 592: 92d19e1200a241b9a000   csel     $r20, $r15, 1, u81, u74, slt
 59c: 924d9e22006860a6       csel     $r19, $r15, 2, r20, r19, slt
 5a4: ae45002026840200       shl      $r17, r17, $r2
 5ac: aed100602aa40200       shr      $r20, $r19, $r18
 5b4: aed1008026010000       shr      $r20, r20, 1
 5bc: fe45628ae600           or       $r17, r17, r20
 5c2: fe0542029a02           and      $r1, r1, u80
 5c8: fe0542cad802           or       $r1, r1, u70
 5ce: ae05002024080000       shl      $r1, r1, 8
 5d6: 1e5382222a000000       imul     dr20, $r1, $r17
 5de: 92d19e4200a401bba000   csel     $r20, $r15, 4, u82, u88, slt
 5e8: 92d19e32009c81a68000   csel     $r20, $r15, 3, u78, r20, slt
 5f2: 92d99e120094a1b8a000   csel     $r22, $r15, 1, u74, u69, slt
 5fc: 92519e22006c80a6       csel     $r20, $r15, 2, r22, r20, slt
 604: ae4d006026840200       shl      $r19, r19, $r2
 60c: aed900802aa40200       shr      $r22, $r20, $r18
 614: aed900c026010000       shr      $r22, r22, 1
 61c: fe4d66cae600           or       $r19, r19, r22
 622: 1e5b82622a000000       imul     dr22, $r1, $r19
 62a: 92d99e4200b041b9b000   csel     $r22, $r15, 4, u88, u106, slt
 634: 92d99e3200a4c1a68000   csel     $r22, $r15, 3, u82, r22, slt
 63e: 92e19e12008ac1b9a000   csel     $r24, $r15, 1, u69, u78, slt
 648: 923d5e220070c0a6       csel     $r15, r15, 2, r24, r22, slt
 650: ae09008026440200       shl      $r2, r20, r2
 658: aebd00e025640200       shr      $r15, r15, r18
 660: aebd00e025010000       shr      $r15, r15, 1
 668: fe0944eae500           or       $r2, r2, r15
 66e: 1e63824224000000       imul     dr24, $r1, r2
 676: 9e09826666b20600       imadd    $r2, $r1.sx, r19.sx, $r25.sx
 67e: 9e3d822666ae0600       imadd    $r15, $r1.sx, r17.sx, $r23.sx
 686: 9245842227010130       csel     $r17, $r2, r25, 1, 0, ult
 68e: 8e459e2666000000       iadd     $r17, $r15.sx, r17.sx
 696: 9e054206666a0600       imadd    $r1, r1.sx, r16.sx, r21.sx
 69e: 9241a2e229010130       csel     $r16, $r17, $r15, 1, 0, ult
 6a6: 8e05420666000000       iadd     $r1, r1.sx, r16.sx
 6ae: 923d5ee226010130       csel     $r15, r15, r23, 1, 0, ult
 6b6: 8e0542e665000000       iadd     $r1, r1.sx, r15.sx
 6be: aebd00202a1f0000       shr      $r15, $r17, 31
 6c6: 8e055e2664000000       iadd     $r1, r15.sx, r1.sx
 6ce: 8e3d00286a000000       isub     $r15, 0, $r17.sx
 6d6: 9241840200001110       csel     $r16, $r2, 0, 0, 1, ieq
 6de: 8e3d5e0e66000000       isub     $r15, r15.sx, r16.sx
 6e6: 8e41004868000000       isub     $r16, 0, $r2.sx
 6ee: 9209a202006040a4       csel     $r2, $r17, 0, r16, r2, slt
 6f6: 923da202005e20aa       csel     $r15, $r17, 0, r15, $r17, slt
 6fe: be419e0e0000           ffs      $r16, $r15
 704: fe41600ac200           or       $r16, r16, 32
 70a: be49840e0000           ffs      $r18, $r2
 710: 92416402266400c6       csel     $r16, r18, r16, r18, r16, sgt
 718: 8e41607e01000000       isub     $r16, r16.sx, 23
 720: 92416002006000d0       csel     $r16, r16, 0, r16, 0, sgt
 728: fe49a0f28300           and      $r18, $r16, 63
 72e: 8e4da40e02000000       isub     $r19, $r18.sx, 32
 736: 8e5100686a000000       isub     $r20, 0, $r19.sx
 73e: 924d6682266680c6       csel     $r19, r19, r20, r19, r20, sgt
 746: fe51a4f28100           and      $r20, $r18, 31
 74c: aed5004028a80200       shr      $r21, $r2, $r20
 754: fe4d66f28100           and      $r19, r19, 31
 75a: ae5900e029a60200       shl      $r22, $r15, $r19
 762: fe556acae600           or       $r21, r21, r22
 768: aed900e029a60200       shr      $r22, $r15, $r19
 770: 9255a402026ac026       csel     $r21, $r18, 32, r21, r22, ult
 778: 9255a4020084a006       csel     $r21, $r18, 0, $r2, r21, ieq
 780: ae51001000680200       shl      $r20, 1, r20
 788: 9251a40202680030       csel     $r20, $r18, 32, r20, 0, ult
 790: aed9001000a60200       shr      $r22, 1, $r19
 798: ae4d001000660200       shl      $r19, 1, r19
 7a0: 924da402026c6026       csel     $r19, $r18, 32, r22, r19, ult
 7a8: 9259a40200018106       csel     $r22, $r18, 0, 1, r20, ieq
 7b0: 925d640200006106       csel     $r23, r18, 0, 0, r19, ieq
 7b8: ae49ace62a010000       extr     $r18, $r22, $r23, 1, 0
 7c0: fe61ac0a8000           mov      $r24, $r22
 7c6: fe65ae0a8000           mov      $r25, $r23
 7cc: 8e63701b00000000       isub     $dr24, dr24, 1
 7d4: fe4d8402a700           and      $r19, $r2, r24
 7da: fe519e22a700           and      $r20, $r15, r25
 7e0: aee1ae1600000000       asr      $r24, $r23, 1, 0, 0
 7e8: 9264a6422a010110       csel     $r25l, $r19, $r18, 1, 0, ieq
 7f0: 9264a8022b720010       csel     $r25l, $r20, $r24, r25l, 0, ieq
 7f8: 9266600200001110       csel     $r25h, r16, 0, 0, 1, ieq
 800: 9264720000003107       csel     $r25l, r25l, 0, 0, r25h, ieq
 808: fe0944c2a600           and      $r2, r2, r22
 80e: fe3d5ee2a600           and      $r15, r15, r23
 814: 92095e42245e4044       csel     $r2, r15, r2, r15, r2, ugt
 81c: 923c646226010130       csel     $r15l, r18, r19, 1, 0, ult
 824: 923ca8022b5e0010       csel     $r15l, $r20, $r24, r15l, 0, ieq
 82c: 923c70822601e1a5       csel     $r15l, r24, r20, 1, r15l, slt
 834: 9208440200002107       csel     $r2l, r2, 0, 0, r25l, ieq
 83c: 92495e0000001110       csel     $r18, r15l, 0, 0, 1, ieq
 844: 923d440000641010       csel     $r15, r2l, 0, r18, 1, ieq
 84c: 0e096ae665000000       iadd     r2, r21.sx, r15.sx
 854: bebd0a042600           u32_to_f $r15, r16, rte
 85a: 8a3d5ed2               exp2     $r15, r15
 85e: be890a442400           u32_to_f $r2, r2, rte
 864: 9a8944e22500           fmul     $r2, r2, r15
 86a: 92bd6202008401b0c000   csel     $r15, r17, 0, u98, 0, slt
 874: 9a8944021903           fmul     $r2, r2, u104
 87a: fe0944ea6500           xor      $r2, r2, r15
 880: 8e3d002868000000       isub     $r15, 0, $r1.sx
 888: 02058a02005e2024       csel     r1, $r5, 0.0, r15, r1, flt
 890: aabd840a0002           fadd     $r15, $r2.neg, -0.0
 896: 02094a02005e4024       csel     r2, r5, 0.0, r15, r2, flt
 89e: 623d00000000           ldimm    r15, 0
 8a4: 420a00000000           else     0.0, 0.0, 1, feq
 8aa: 1a858a621902           fmul     r1, $r5, u75
 8b0: 8a8542020300           rint     $r1, r1
 8b6: 9a8982e21902           fmul     $r2, $r1, u79
 8bc: babd828a184a0202       ffma     $r15, $r1.neg, u68, r5
 8c4: aac19e42a800           fadd     $r16, $r15, $r2.neg
 8ca: aac5a0e2a900           fadd     $r17, $r16, $r15.neg
 8d0: aac9a022aa00           fadd     $r18, $r16, $r17.neg
 8d6: aabd5e42a600           fadd     $r15, r15, r18.neg
 8dc: aac5842aa600           fadd     $r17, $r2.neg, r17.neg
 8e2: aabd5e222600           fadd     $r15, r15, r17
 8e8: ba8982e219440a02       ffma     $r2, $r1, u79, r2.neg
 8f0: aa895e42a400           fadd     $r2, r15, r2.neg
 8f6: ba89422a1a440203       ffma     $r2, r1.neg, u113, r2
 8fe: 9abda0621902           fmul     $r15, $r16, u75
 904: bac5a062199e0a02       ffma     $r17, $r16, u75, $r15.neg
 90c: ba89446219620202       ffma     $r2, r2, u75, r17
 914: ba89608218440203       ffma     $r2, r16, u100, r2
 91c: aac19e422800           fadd     $r16, $r15, $r2
 922: aabda0e2a500           fadd     $r15, $r16, r15.neg
 928: aa8944e2a500           fadd     $r2, r2, r15.neg
 92e: 3e8509202400           f_to_s32 r1, r1, rtz
 934: 7e3d440a8000           mov      r15, r2
 93a: 7e09600a8000           mov      r2, r16
 940: 520e00000000           pop_exec 1
 946: 9ac184422800           fmul     $r16, $r2, $r2
 94c: 9ac5a0621a02           fmul     $r17, $r16, u83
 952: 9ac9a0e21903           fmul     $r18, $r16, u111
 958: bacda0621aa20a02       ffma     $r19, $r16, u83, $r17.neg
 960: aac966422600           fadd     $r18, r19, r18
 966: bacd844228a00a00       ffma     $r19, $r2, $r2, $r16.neg
 96e: 9acd66621a02           fmul     $r19, r19, u83
 974: aac964622600           fadd     $r18, r18, r19
 97a: 9acd84821802           fmul     $r19, $r2, u68
 980: bad1848218a60a02       ffma     $r20, $r2, u68, $r19.neg
 988: bad184e219680202       ffma     $r20, $r2, u79, r20
 990: bad19e8218680202       ffma     $r20, $r15, u68, r20
 998: 9abd5e221903           fmul     $r15, r15, u105
 99e: babd5e4228640200       ffma     $r15, r15, $r2, r18
 9a6: bac9a8012aa4c10c       ffma     $r18, u116, $r16, u114
 9ae: bac964022aa0c100       ffma     $r18, r18, $r16, u112
 9b6: bac964022a8ec100       ffma     $r18, r18, $r16, u103
 9be: bac964022aaac100       ffma     $r18, r18, $r16, u117
 9c6: bac964022a8cc100       ffma     $r18, r18, $r16, u102
 9ce: 9a8944022a00           fmul     $r2, r2, $r16
 9d4: ba89444226680200       ffma     $r2, r2, r18, r20
 9dc: aac930202a00           fadd     $r18, 1.0, $r17
 9e2: aad1a4020302           fadd     $r20, $r18, -1.0
 9e8: aac56282a600           fadd     $r17, r17, r20.neg
 9ee: bad198012a96c10c       ffma     $r20, u108, $r16, u107
 9f6: bad168022a9ac100       ffma     $r20, r20, $r16, u109
 9fe: bad168022a8ac100       ffma     $r20, r20, $r16, u101
 a06: bad168022a9cc100       ffma     $r20, r20, $r16, u110
 a0e: bad168022aacc100       ffma     $r20, r20, $r16, u118
 a16: 9ac160022600           fmul     $r16, r16, r16
 a1c: 9ac160822600           fmul     $r16, r16, r20
 a22: aabd62e22500           fadd     $r15, r17, r15
 a28: aabd5e022600           fadd     $r15, r15, r16
 a2e: aabd64e22500           fadd     $r15, r18, r15
 a34: aa8966422400           fadd     $r2, r19, r2
 a3a: 8e05421600000000       iadd     $r1, r1.sx, 1
 a42: fe4182128000           and      $r16, $r1, 1
 a48: 920960020044e005       csel     $r2, r16, 0, r2, r15, ieq
 a50: fe0542228000           and      $r1, r1, 2
 a56: aabd840a0002           fadd     $r15, $r2.neg, -0.0
 a5c: 920542020044e005       csel     $r1, r1, 0, r2, r15, ieq
 a64: 02894ac6134220392002   csel     r2, r5.abs, u94l, r1, u73, flt
 a6e: 7e05460a8000           mov      r1, r3
 a74: 520e00000000           pop_exec 1
 a7a: 520914010004           if       u42l, 0, 1, ine
 a80: 20c09a050000           jmp_none 1434
 a86: 2a854a060002           fadd     r1, r5.abs, -0.0
 a8c: 42a84ae61b02           if       r5.abs, u95, 1, fgte
 a92: 20c0b8030000           jmp_none 952
 a98: ae89002028170000       shr      $r2, $r1, 23
 aa0: 8e0944ee03010000       isub     $r2, r2.sx, 126
 aa8: aebd004028050000       shr      $r15, $r2, 5
 ab0: 92c19e420094a1b8a000   csel     $r16, $r15, 4, u74, u69, slt
 aba: 92c19e3200a201a68000   csel     $r16, $r15, 3, u81, r16, slt
 ac4: 92419e22000001a6       csel     $r16, $r15, 2, 0, r16, slt
 acc: 92c59e42008ac1b9a000   csel     $r17, $r15, 4, u69, u78, slt
 ad6: 92c59e32009421a68000   csel     $r17, $r15, 3, u74, r17, slt
 ae0: 92c99e12000021ba2000   csel     $r18, $r15, 1, 0, u81, slt
 aea: 92459e22006420a6       csel     $r17, $r15, 2, r18, r17, slt
 af2: fe0944f28100           and      $r2, r2, 31
 af8: ae41000026840200       shl      $r16, r16, $r2
 b00: 8e491f4868000000       isub     $r18, 31, $r2.sx
 b08: fe4964f28100           and      $r18, r18, 31
 b0e: aecd00202aa40200       shr      $r19, $r17, $r18
 b16: aecd006026010000       shr      $r19, r19, 1
 b1e: fe41606ae600           or       $r16, r16, r19
 b24: 92cd9e42009c41baa000   csel     $r19, $r15, 4, u78, u82, slt
 b2e: 92cd9e32008a61a68000   csel     $r19, $r15, 3, u69, r19, slt
 b38: 92d19e1200a241b9a000   csel     $r20, $r15, 1, u81, u74, slt
 b42: 924d9e22006860a6       csel     $r19, $r15, 2, r20, r19, slt
 b4a: ae45002026840200       shl      $r17, r17, $r2
 b52: aed100602aa40200       shr      $r20, $r19, $r18
 b5a: aed1008026010000       shr      $r20, r20, 1
 b62: fe45628ae600           or       $r17, r17, r20
 b68: fe0542029a02           and      $r1, r1, u80
 b6e: fe0542cad802           or       $r1, r1, u70
 b74: ae05002024080000       shl      $r1, r1, 8
 b7c: 1e5382222a000000       imul     dr20, $r1, $r17
 b84: 92d19e4200a401bba000   csel     $r20, $r15, 4, u82, u88, slt
 b8e: 92d19e32009c81a68000   csel     $r20, $r15, 3, u78, r20, slt
 b98: 92d99e120094a1b8a000   csel     $r22, $r15, 1, u74, u69, slt
 ba2: 92519e22006c80a6       csel     $r20, $r15, 2, r22, r20, slt
 baa: ae4d006026840200       shl      $r19, r19, $r2
 bb2: aed900802aa40200       shr      $r22, $r20, $r18
 bba: aed900c026010000       shr      $r22, r22, 1
 bc2: fe4d66cae600           or       $r19, r19, r22
 bc8: 1e5b82622a000000       imul     dr22, $r1, $r19
 bd0: 92d99e4200b041b9b000   csel     $r22, $r15, 4, u88, u106, slt
 bda: 92d99e3200a4c1a68000   csel     $r22, $r15, 3, u82, r22, slt
 be4: 92e19e12008ac1b9a000   csel     $r24, $r15, 1, u69, u78, slt
 bee: 923d5e220070c0a6       csel     $r15, r15, 2, r24, r22, slt
 bf6: ae09008026440200       shl      $r2, r20, r2
 bfe: aebd00e025640200       shr      $r15, r15, r18
 c06: aebd00e025010000       shr      $r15, r15, 1
 c0e: fe0944eae500           or       $r2, r2, r15
 c14: 1e63824224000000       imul     dr24, $r1, r2
 c1c: 9e09826666b20600       imadd    $r2, $r1.sx, r19.sx, $r25.sx
 c24: 9e3d822666ae0600       imadd    $r15, $r1.sx, r17.sx, $r23.sx
 c2c: 9245842227010130       csel     $r17, $r2, r25, 1, 0, ult
 c34: 8e459e2666000000       iadd     $r17, $r15.sx, r17.sx
 c3c: 9e054206666a0600       imadd    $r1, r1.sx, r16.sx, r21.sx
 c44: 9241a2e229010130       csel     $r16, $r17, $r15, 1, 0, ult
 c4c: 8e05420666000000       iadd     $r1, r1.sx, r16.sx
 c54: 923d5ee226010130       csel     $r15, r15, r23, 1, 0, ult
 c5c: 8e0542e665000000       iadd     $r1, r1.sx, r15.sx
 c64: aebd00202a1f0000       shr      $r15, $r17, 31
 c6c: 8e055e2664000000       iadd     $r1, r15.sx, r1.sx
 c74: 8e3d00286a000000       isub     $r15, 0, $r17.sx
 c7c: 9241840200001110       csel     $r16, $r2, 0, 0, 1, ieq
 c84: 8e3d5e0e66000000       isub     $r15, r15.sx, r16.sx
 c8c: 8e41004868000000       isub     $r16, 0, $r2.sx
 c94: 9209a202006040a4       csel     $r2, $r17, 0, r16, r2, slt
 c9c: 923da202005e20aa       csel     $r15, $r17, 0, r15, $r17, slt
 ca4: be419e0e0000           ffs      $r16, $r15
 caa: fe41600ac200           or       $r16, r16, 32
 cb0: be49840e0000           ffs      $r18, $r2
 cb6: 92416402266400c6       csel     $r16, r18, r16, r18, r16, sgt
 cbe: 8e41607e01000000       isub     $r16, r16.sx, 23
 cc6: 92416002006000d0       csel     $r16, r16, 0, r16, 0, sgt
 cce: fe49a0f28300           and      $r18, $r16, 63
 cd4: 8e4da40e02000000       isub     $r19, $r18.sx, 32
 cdc: 8e5100686a000000       isub     $r20, 0, $r19.sx
 ce4: 924d6682266680c6       csel     $r19, r19, r20, r19, r20, sgt
 cec: fe51a4f28100           and      $r20, $r18, 31
 cf2: aed5004028a80200       shr      $r21, $r2, $r20
 cfa: fe4d66f28100           and      $r19, r19, 31
 d00: ae5900e029a60200       shl      $r22, $r15, $r19
 d08: fe556acae600           or       $r21, r21, r22
 d0e: aed900e029a60200       shr      $r22, $r15, $r19
 d16: 9255a402026ac026       csel     $r21, $r18, 32, r21, r22, ult
 d1e: 9255a4020084a006       csel     $r21, $r18, 0, $r2, r21, ieq
 d26: ae51001000680200       shl      $r20, 1, r20
 d2e: 9251a40202680030       csel     $r20, $r18, 32, r20, 0, ult
 d36: aed9001000a60200       shr      $r22, 1, $r19
 d3e: ae4d001000660200       shl      $r19, 1, r19
 d46: 924da402026c6026       csel     $r19, $r18, 32, r22, r19, ult
 d4e: 9259a40200018106       csel     $r22, $r18, 0, 1, r20, ieq
 d56: 925d640200006106       csel     $r23, r18, 0, 0, r19, ieq
 d5e: ae49ace62a010000       extr     $r18, $r22, $r23, 1, 0
 d66: fe61ac0a8000           mov      $r24, $r22
 d6c: fe65ae0a8000           mov      $r25, $r23
 d72: 8e63701b00000000       isub     $dr24, dr24, 1
 d7a: fe4d8402a700           and      $r19, $r2, r24
 d80: fe519e22a700           and      $r20, $r15, r25
 d86: aee1ae1600000000       asr      $r24, $r23, 1, 0, 0
 d8e: 9264a6422a010110       csel     $r25l, $r19, $r18, 1, 0, ieq
 d96: 9264a8022b720010       csel     $r25l, $r20, $r24, r25l, 0, ieq
 d9e: 9266600200001110       csel     $r25h, r16, 0, 0, 1, ieq
 da6: 9264720000003107       csel     $r25l, r25l, 0, 0, r25h, ieq
 dae: fe0944c2a600           and      $r2, r2, r22
 db4: fe3d5ee2a600           and      $r15, r15, r23
 dba: 92095e42245e4044       csel     $r2, r15, r2, r15, r2, ugt
 dc2: 923c646226010130       csel     $r15l, r18, r19, 1, 0, ult
 dca: 923ca8022b5e0010       csel     $r15l, $r20, $r24, r15l, 0, ieq
 dd2: 923c70822601e1a5       csel     $r15l, r24, r20, 1, r15l, slt
 dda: 9208440200002107       csel     $r2l, r2, 0, 0, r25l, ieq
 de2: 92495e0000001110       csel     $r18, r15l, 0, 0, 1, ieq
 dea: 923d440000641010       csel     $r15, r2l, 0, r18, 1, ieq
 df2: 0e096ae665000000       iadd     r2, r21.sx, r15.sx
 dfa: bebd0a042600           u32_to_f $r15, r16, rte
 e00: 8a3d5ed2               exp2     $r15, r15
 e04: be890a442400           u32_to_f $r2, r2, rte
 e0a: 9a8944e22500           fmul     $r2, r2, r15
 e10: 92bd6202008401b0c000   csel     $r15, r17, 0, u98, 0, slt
 e1a: 9a8944021903           fmul     $r2, r2, u104
 e20: fe0944ea6500           xor      $r2, r2, r15
 e26: 8e3d002868000000       isub     $r15, 0, $r1.sx
 e2e: 02058a02005e2024       csel     r1, $r5, 0.0, r15, r1, flt
 e36: aabd840a0002           fadd     $r15, $r2.neg, -0.0
 e3c: 02094a02005e4024       csel     r2, r5, 0.0, r15, r2, flt
 e44: 623d00000000           ldimm    r15, 0
 e4a: 420a00000000           else     0.0, 0.0, 1, feq
 e50: 1a858a621902           fmul     r1, $r5, u75
 e56: 8a8542020300           rint     $r1, r1
 e5c: 9a8982e21902           fmul     $r2, $r1, u79
 e62: babd828a184a0202       ffma     $r15, $r1.neg, u68, r5
 e6a: aac19e42a800           fadd     $r16, $r15, $r2.neg
 e70: aac5a0e2a900           fadd     $r17, $r16, $r15.neg
 e76: aac9a022aa00           fadd     $r18, $r16, $r17.neg
 e7c: aabd5e42a600           fadd     $r15, r15, r18.neg
 e82: aac5842aa600           fadd     $r17, $r2.neg, r17.neg
 e88: aabd5e222600           fadd     $r15, r15, r17
 e8e: ba8982e219440a02       ffma     $r2, $r1, u79, r2.neg
 e96: aa895e42a400           fadd     $r2, r15, r2.neg
 e9c: ba89422a1a440203       ffma     $r2, r1.neg, u113, r2
 ea4: 9abda0621902           fmul     $r15, $r16, u75
 eaa: bac5a062199e0a02       ffma     $r17, $r16, u75, $r15.neg
 eb2: ba89446219620202       ffma     $r2, r2, u75, r17
 eba: ba89608218440203       ffma     $r2, r16, u100, r2
 ec2: aac19e422800           fadd     $r16, $r15, $r2
 ec8: aabda0e2a500           fadd     $r15, $r16, r15.neg
 ece: aa8944e2a500           fadd     $r2, r2, r15.neg
 ed4: 3e8509202400           f_to_s32 r1, r1, rtz
 eda: 7e3d440a8000           mov      r15, r2
 ee0: 7e09600a8000           mov      r2, r16
 ee6: 520e00000000           pop_exec 1
 eec: 9ac184422800           fmul     $r16, $r2, $r2
 ef2: 9ac5a0621a02           fmul     $r17, $r16, u83
 ef8: 9ac9a0e21903           fmul     $r18, $r16, u111
 efe: bacda0621aa20a02       ffma     $r19, $r16, u83, $r17.neg
 f06: aac966422600           fadd     $r18, r19, r18
 f0c: bacd844228a00a00       ffma     $r19, $r2, $r2, $r16.neg
 f14: 9acd66621a02           fmul     $r19, r19, u83
 f1a: aac964622600           fadd     $r18, r18, r19
 f20: 9acd84821802           fmul     $r19, $r2, u68
 f26: bad1848218a60a02       ffma     $r20, $r2, u68, $r19.neg
 f2e: bad184e219680202       ffma     $r20, $r2, u79, r20
 f36: bad19e8218680202       ffma     $r20, $r15, u68, r20
 f3e: 9abd5e221903           fmul     $r15, r15, u105
 f44: babd5e4228640200       ffma     $r15, r15, $r2, r18
 f4c: bac9a8012aa4c10c       ffma     $r18, u116, $r16, u114
 f54: bac964022aa0c100       ffma     $r18, r18, $r16, u112
 f5c: bac964022a8ec100       ffma     $r18, r18, $r16, u103
 f64: bac964022aaac100       ffma     $r18, r18, $r16, u117
 f6c: bac964022a8cc100       ffma     $r18, r18, $r16, u102
 f74: 9a8944022a00           fmul     $r2, r2, $r16
 f7a: ba89444226680200       ffma     $r2, r2, r18, r20
 f82: aac930202a00           fadd     $r18, 1.0, $r17
 f88: aad1a4020302           fadd     $r20, $r18, -1.0
 f8e: aac56282a600           fadd     $r17, r17, r20.neg
 f94: bad198012a96c10c       ffma     $r20, u108, $r16, u107
 f9c: bad168022a9ac100       ffma     $r20, r20, $r16, u109
 fa4: bad168022a8ac100       ffma     $r20, r20, $r16, u101
 fac: bad168022a9cc100       ffma     $r20, r20, $r16, u110
 fb4: bad168022aacc100       ffma     $r20, r20, $r16, u118
 fbc: 9ac160022600           fmul     $r16, r16, r16
 fc2: 9ac160822600           fmul     $r16, r16, r20
 fc8: aabd62e22500           fadd     $r15, r17, r15
 fce: aabd5e022600           fadd     $r15, r15, r16
 fd4: aabd64e22500           fadd     $r15, r18, r15
 fda: aa8966422400           fadd     $r2, r19, r2
 fe0: fe4182128000           and      $r16, $r1, 1
 fe6: 920960020044e005       csel     $r2, r16, 0, r2, r15, ieq
 fee: fe0542228000           and      $r1, r1, 2
 ff4: aabd840a0002           fadd     $r15, $r2.neg, -0.0
 ffa: 920542020044e005       csel     $r1, r1, 0, r2, r15, ieq
1002: 82858ac6134220392002   csel     $r1, $r5.abs, u94l, r1, u73, flt
100c: 02094a02004a2004       csel     r2, r5, 0.0, r5, r1, feq
1014: 7e05460a8000           mov      r1, r3
101a: 520e00000000           pop_exec 1
1020: fe3d8a029a02           and      $r15, $r5, u80
1026: fe3d5eaad902           or       $r15, r15, u77
102c: 9ac19e020200           fmul     $r16, $r15, 0.5
1032: 82c186e12960e0290008   csel     $r16, u67, $r15, r16, $r15, flt
103c: 82bd86e1250101300008   csel     $r15, u67, r15, 1, 0, flt
1046: aec500a028170000       shr      $r17, $r5, 23
104e: 8e4562fe03010000       isub     $r17, r17.sx, 127
1056: 0e3d5e2666000000       iadd     r15, r15.sx, r17.sx
105e: aac160020302           fadd     $r16, r16, -1.0
1064: aac500002a04           fadd     $r17, 2.0, $r16
106a: aac9a2020003           fadd     $r18, $r17, -2.0
1070: aac9a042a600           fadd     $r18, $r16, r18.neg
1076: 8a4da282               rcp      $r19, $r17
107a: ba51a26a2a30           ffma     $r20, $r17.neg, $r19, 1.0
1080: bad168622aa60200       ffma     $r20, r20, $r19, $r19
1088: 824d688226686006       csel     $r19, r20, r20, r20, r19, feq
1090: ba51a26a2a30           ffma     $r20, $r17.neg, $r19, 1.0
1096: bad168622aa60200       ffma     $r20, r20, $r19, $r19
109e: 824d688226686006       csel     $r19, r20, r20, r20, r19, feq
10a6: 9ad1a0622a00           fmul     $r20, $r16, $r19
10ac: bad5a82a2aa00200       ffma     $r21, $r20.neg, $r17, $r16
10b4: bad16a622a680200       ffma     $r20, r21, $r19, r20
10bc: bac1a82a26600200       ffma     $r16, $r20.neg, r17, r16
10c4: 9ac5a8422600           fmul     $r17, $r20, r18
10ca: aac16022a600           fadd     $r16, r16, r17.neg
10d0: 9ac160622600           fmul     $r16, r16, r19
10d6: 9ac5a8822a00           fmul     $r17, $r20, $r20
10dc: bac9a8822aa20a00       ffma     $r18, $r20, $r20, $r17.neg
10e4: 9acda8222a00           fmul     $r19, $r20, $r17
10ea: bad5a8222aa60a00       ffma     $r21, $r20, $r17, $r19.neg
10f2: 9ac9a8422600           fmul     $r18, $r20, r18
10f8: aac96a422600           fadd     $r18, r21, r18
10fe: 9ad5a0820001           fmul     $r21, $r16, 3.0
1104: bac96a222a640200       ffma     $r18, r21, $r17, r18
110c: bad5ae212aac8108       ffma     $r21, u87, $r17, u86
1114: bad56a222ab48100       ffma     $r21, r21, $r17, u90
111c: bad56a222ab68100       ffma     $r21, r21, $r17, u91
1124: bad56a222ab88100       ffma     $r21, r21, $r17, u92
112c: bac562a226aa8100       ffma     $r17, r17, r21, u85
1134: aad5ba212a08           fadd     $r21, u93, $r17
113a: aad9aa221b02           fadd     $r22, $r21, u89
1140: aac562c2a600           fadd     $r17, r17, r22.neg
1146: 9ad9a6a22a00           fmul     $r22, $r19, $r21
114c: badda6a22aac0a00       ffma     $r23, $r19, $r21, $r22.neg
1154: 9ac566222600           fmul     $r17, r19, r17
115a: aac56e222600           fadd     $r17, r23, r17
1160: 9ac964a22600           fmul     $r18, r18, r21
1166: aac562422600           fadd     $r17, r17, r18
116c: 9ac968020001           fmul     $r18, r20, 2.0
1172: 9acda4e21802           fmul     $r19, $r18, u71
1178: bad1a4e218a60a02       ffma     $r20, $r18, u71, $r19.neg
1180: bad1a4621b680203       ffma     $r20, $r18, u123, r20
1188: 9ad500c02604           fmul     $r21, 2.0, r22
118e: 9ad9aae21802           fmul     $r22, $r21, u71
1194: baddaae218ac0a02       ffma     $r23, $r21, u71, $r22.neg
119c: 9ac160020001           fmul     $r16, r16, 2.0
11a2: 9ac500202604           fmul     $r17, 2.0, r17
11a8: aae1a0222a00           fadd     $r24, $r16, $r17
11ae: bad170e218680202       ffma     $r20, r24, u71, r20
11b6: aad168e22600           fadd     $r20, r20, r23
11bc: bebd0be42500           s32_to_f $r15, r15, rte
11c2: aadd9e622a00           fadd     $r23, $r15, $r19
11c8: aae1aee2a900           fadd     $r24, $r23, $r15.neg
11ce: aacd6602a700           fadd     $r19, r19, r24.neg
11d4: aae1aec22a00           fadd     $r24, $r23, $r22
11da: aaddb0e2a600           fadd     $r23, $r24, r23.neg
11e0: aad96ce2a600           fadd     $r22, r22, r23.neg
11e6: aacd66c22600           fadd     $r19, r19, r22
11ec: aacd66822600           fadd     $r19, r19, r20
11f2: aacd70622600           fadd     $r19, r24, r19
11f8: fe518a829a02           and      $r20, $r5, u84
11fe: 92d984a128924138a008   csel     $r22, u66, $r5, u73, u66, ult
1208: 92d168c21898c1268002   csel     $r20, r20, u70, u76, r22, ult
1212: 8e598a8659020000       iadd     $r22, $r5.sx, u76.sx
121a: 92cdac021966802a0002   csel     $r19, $r22, u72, r19, $r20, ult
1224: 9add9e021803           fmul     $r23, $r15, u96
122a: aae1ae422a00           fadd     $r24, $r23, $r18
1230: aaddb0e2a600           fadd     $r23, $r24, r23.neg
1236: aac964e2a600           fadd     $r18, r18, r23.neg
123c: aaddb0a22a00           fadd     $r23, $r24, $r21
1242: aae1ae02a700           fadd     $r24, $r23, r24.neg
1248: aad56a02a700           fadd     $r21, r21, r24.neg
124e: aac964a22600           fadd     $r18, r18, r21
1254: aac564222600           fadd     $r17, r18, r17
125a: aac162022600           fadd     $r16, r17, r16
1260: babd5e2218600203       ffma     $r15, r15, u97, r16
1268: aabd6ee22500           fadd     $r15, r23, r15
126e: 92bd6c02195e80260002   csel     $r15, r22, u72, r15, r20, ult
1278: 928915010044e0050004   csel     $r2, u42h, 0, r2, r15, ieq
1282: 823d8ac2288ac068       csel     $r15, $r5, $r6, $r5, $r6, fltn
128a: aabd5e020002           fadd     $r15, r15, -0.0
1290: 92bd8100005e20192000   csel     $r15, $r0h, 0, r15, u73, ieq
129a: 928916010044e0050004   csel     $r2, u43l, 0, r2, r15, ieq
12a4: 92853701004260080004   csel     $r1, u59h, 0, r1, $r3, ieq
12ae: 928917010044600a0004   csel     $r2, u43h, 0, r2, $r19, ieq
12b8: 923c8a021f010110       csel     $r15l, $r5, u152, 1, 0, ieq
12c0: 92c18a021f866108c000   csel     $r16, $r5, u152, u99, $r3, ieq
12ca: 92c18a221cee01064000   csel     $r16, $r5, u129, u183, r16, ieq
12d4: 923c8a221c01e105       csel     $r15l, $r5, u129, 1, r15l, ieq
12dc: 92c18aa21cc201064000   csel     $r16, $r5, u133, u161, r16, ieq
12e6: 923c8aa21c01e105       csel     $r15l, $r5, u133, 1, r15l, ieq
12ee: 92c18a221be401064003   csel     $r16, $r5, u121, u178, r16, ieq
12f8: 92bc8a221b01e1050003   csel     $r15l, $r5, u121, 1, r15l, ieq
1302: 92c18a021bdc01064003   csel     $r16, $r5, u120, u174, r16, ieq
130c: 92bc8a021b01e1050003   csel     $r15l, $r5, u120, 1, r15l, ieq
1316: 92c18a821cc401064000   csel     $r16, $r5, u132, u162, r16, ieq
1320: 923c8a821c01e105       csel     $r15l, $r5, u132, 1, r15l, ieq
1328: 92c18a821dc601068000   csel     $r16, $r5, u140, u195, r16, ieq
1332: 923c8a821d01e105       csel     $r15l, $r5, u140, 1, r15l, ieq
133a: 92418ae21cfc0106       csel     $r16, $r5, u135, u158, r16, ieq
1342: 923c8ae21c01e105       csel     $r15l, $r5, u135, 1, r15l, ieq
134a: 92c18a421ee201064000   csel     $r16, $r5, u146, u177, r16, ieq
1354: 923c8a421e01e105       csel     $r15l, $r5, u146, 1, r15l, ieq
135c: 92c18a62189a01068003   csel     $r16, $r5, u99, u77, r16, ieq
1366: 92bc8a621801e1050003   csel     $r15l, $r5, u99, 1, r15l, ieq
1370: 92c18aa2190001060002   csel     $r16, $r5, u77, 0, r16, ieq
137a: 92bc8aa21901e1050002   csel     $r15l, $r5, u77, 1, r15l, ieq
1384: 92c18a821bf601060003   csel     $r16, $r5, u124, u155, r16, ieq
138e: 92bc8a821b01e1050003   csel     $r15l, $r5, u124, 1, r15l, ieq
1398: 92c18a421cd201064000   csel     $r16, $r5, u130, u169, r16, ieq
13a2: 923c8a421c01e105       csel     $r15l, $r5, u130, 1, r15l, ieq
13aa: 92c18a421bd001068003   csel     $r16, $r5, u122, u200, r16, ieq
13b4: 92bc8a421b01e1050003   csel     $r15l, $r5, u122, 1, r15l, ieq
13be: 92c18a621ce601064000   csel     $r16, $r5, u131, u179, r16, ieq
13c8: 923c8a621c01e105       csel     $r15l, $r5, u131, 1, r15l, ieq
13d0: 92c18ac21bf001064003   csel     $r16, $r5, u126, u184, r16, ieq
13da: 92bc8ac21b01e1050003   csel     $r15l, $r5, u126, 1, r15l, ieq
13e4: 92c18aa21dfe01064000   csel     $r16, $r5, u141, u191, r16, ieq
13ee: 923c8aa21d01e105       csel     $r15l, $r5, u141, 1, r15l, ieq
13f6: 92c18a021dfa01064000   csel     $r16, $r5, u136, u189, r16, ieq
1400: 923c8a021d01e105       csel     $r15l, $r5, u136, 1, r15l, ieq
1408: 92c18a021edc01068000   csel     $r16, $r5, u144, u206, r16, ieq
1412: 923c8a021e01e105       csel     $r15l, $r5, u144, 1, r15l, ieq
141a: 92c18a021cde01064000   csel     $r16, $r5, u128, u175, r16, ieq
1424: 923c8a021c01e105       csel     $r15l, $r5, u128, 1, r15l, ieq
142c: 92c18aa21be601060003   csel     $r16, $r5, u125, u147, r16, ieq
1436: 9ac566e21c02           fmul     $r17, r19, u199
143c: 92455e000062000a       csel     $r17, r15l, 0, r17, $r16, ieq
1444: 92bd8aa21b6020060003   csel     $r15, $r5, u125, r16, r17, ieq
144e: 928518010042e0090004   csel     $r1, u44l, 0, r1, $r15, ieq
1458: 928918010044e0050004   csel     $r2, u44l, 0, r2, r15, ieq
1462: aabd3080a900           fadd     $r15, 1.0, $r12.neg
1468: 8a419e12               rsqrts   $r16, $r15
146c: 9ac15e022600           fmul     $r16, r15, r16
1472: 8a45a082               rcp      $r17, $r16
1476: ba49a02a2a30           ffma     $r18, $r16.neg, $r17, 1.0
147c: bac964222aa20200       ffma     $r18, r18, $r17, $r17
1484: 8245644226642006       csel     $r17, r18, r18, r18, r17, feq
148c: ba49a02a2a30           ffma     $r18, $r16.neg, $r17, 1.0
1492: bac964222aa20200       ffma     $r18, r18, $r17, $r17
149a: 8245644226642006       csel     $r17, r18, r18, r18, r17, feq
14a2: 9ac98a222a00           fmul     $r18, $r5, $r17
14a8: bac1604a2a8a0200       ffma     $r16, r16.neg, $r18, $r5
14b0: bac1602226a40200       ffma     $r16, r16, r17, $r18
14b8: 8245a40200a4000a       csel     $r17, $r18, 0.0, $r18, $r16, feq
14c0: 8241600226624006       csel     $r16, r16, r16, r17, r18, feq
14c8: aac5a0060002           fadd     $r17, $r16.abs, -0.0
14ce: 8a49a086               rcp      $r18, $r16.abs
14d2: ba4da04e2a30           ffma     $r19, $r16.abs.neg, $r18, 1.0
14d8: bacd66422aa40200       ffma     $r19, r19, $r18, $r18
14e0: 8249666226664006       csel     $r18, r19, r19, r19, r18, feq
14e8: ba4da04e2a30           ffma     $r19, $r16.abs.neg, $r18, 1.0
14ee: bacd66422aa40200       ffma     $r19, r19, $r18, $r18
14f6: 8249666226664006       csel     $r18, r19, r19, r19, r18, feq
14fe: 824530006a642026       csel     $r17, 1.0, $r16.abs, r18, r17, flt
1506: 9ac9a2222a00           fmul     $r18, $r17, $r17
150c: bacde2412ad60100       ffma     $r19, u145, $r18, u139
1514: bacd66422acc0100       ffma     $r19, r19, $r18, u134
151c: bacd66422ad20100       ffma     $r19, r19, $r18, u137
1524: bacd66422ad40100       ffma     $r19, r19, $r18, u138
152c: bacd66422aaec100       ffma     $r19, r19, $r18, u119
1534: bacd66422ade0100       ffma     $r19, r19, $r18, u143
153c: bacd66422adc0100       ffma     $r19, r19, $r18, u142
1544: bacd66422abec100       ffma     $r19, r19, $r18, u127
154c: ba4966422630           ffma     $r18, r19, r18, 1.0
1552: 9ac562422600           fmul     $r17, r17, r18
1558: aac98821aa08           fadd     $r18, u68, $r17.neg
155e: 824530006a642026       csel     $r17, 1.0, $r16.abs, r18, r17, flt
1566: 82c1600200840130c000   csel     $r16, r16, 0.0, u98, 0, flt
1570: fe41620a6600           xor      $r16, r17, r16
1576: aac58801aa08           fadd     $r17, u68, $r16.neg
157c: 92891901004420060004   csel     $r2, u44h, 0, r2, r17, ieq
1586: aac58a020300           fadd     $r17, $r5, 1.0
158c: aac98a020302           fadd     $r18, $r5, -1.0
1592: 9ac964222a00           fmul     $r18, r18, $r17
1598: 8a4da412               rsqrts   $r19, $r18
159c: 9ac964622600           fmul     $r18, r18, r19
15a2: aac98a422600           fadd     $r18, $r5, r18
15a8: fe4da4029a02           and      $r19, $r18, u80
15ae: fe4d66aad902           or       $r19, r19, u77
15b4: 9ad1a6020200           fmul     $r20, $r19, 0.5
15ba: 82d186612a68602a0008   csel     $r20, u67, $r19, r20, $r19, flt
15c4: 82cd8661260101300008   csel     $r19, u67, r19, 1, 0, flt
15ce: aed500402a170000       shr      $r21, $r18, 23
15d6: 8e556afe03010000       isub     $r21, r21.sx, 127
15de: 0e4d66a666000000       iadd     r19, r19.sx, r21.sx
15e6: aad168020302           fadd     $r20, r20, -1.0
15ec: aad500802a04           fadd     $r21, 2.0, $r20
15f2: aad9aa020003           fadd     $r22, $r21, -2.0
15f8: aad9a8c2a600           fadd     $r22, $r20, r22.neg
15fe: 8a5daa82               rcp      $r23, $r21
1602: ba61aaea2a30           ffma     $r24, $r21.neg, $r23, 1.0
1608: bae170e22aae0200       ffma     $r24, r24, $r23, $r23
1610: 825d70022770e006       csel     $r23, r24, r24, r24, r23, feq
1618: ba61aaea2a30           ffma     $r24, $r21.neg, $r23, 1.0
161e: bae170e22aae0200       ffma     $r24, r24, $r23, $r23
1626: 825d70022770e006       csel     $r23, r24, r24, r24, r23, feq
162e: 9ae1a8e22a00           fmul     $r24, $r20, $r23
1634: bae5b0aa2aa80200       ffma     $r25, $r24.neg, $r21, $r20
163c: bae172e22a700200       ffma     $r24, r25, $r23, r24
1644: bad1b0aa26680200       ffma     $r20, $r24.neg, r21, r20
164c: 9ad5b0c22600           fmul     $r21, $r24, r22
1652: aad168a2a600           fadd     $r20, r20, r21.neg
1658: 9ad168e22600           fmul     $r20, r20, r23
165e: 9ad5b0022b00           fmul     $r21, $r24, $r24
1664: bad9b0022baa0a00       ffma     $r22, $r24, $r24, $r21.neg
166c: 9addb0a22a00           fmul     $r23, $r24, $r21
1672: bae5b0a22aae0a00       ffma     $r25, $r24, $r21, $r23.neg
167a: 9ad9b0c22600           fmul     $r22, $r24, r22
1680: aad972c22600           fadd     $r22, r25, r22
1686: 9ae5a8820001           fmul     $r25, $r20, 3.0
168c: bad972a22a6c0200       ffma     $r22, r25, $r21, r22
1694: bae5aea12aac8108       ffma     $r25, u87, $r21, u86
169c: bae572a22ab48100       ffma     $r25, r25, $r21, u90
16a4: bae572a22ab68100       ffma     $r25, r25, $r21, u91
16ac: bae572a22ab88100       ffma     $r25, r25, $r21, u92
16b4: bad56a2227aa8100       ffma     $r21, r21, r25, u85
16bc: aae5baa12a08           fadd     $r25, u93, $r21
16c2: aae9b2221b02           fadd     $r26, $r25, u89
16c8: aad56a42a700           fadd     $r21, r21, r26.neg
16ce: 9ae9ae222b00           fmul     $r26, $r23, $r25
16d4: baedae222bb40a00       ffma     $r27, $r23, $r25, $r26.neg
16dc: 9ad56ea22600           fmul     $r21, r23, r21
16e2: aad576a22600           fadd     $r21, r27, r21
16e8: 9ad96c222700           fmul     $r22, r22, r25
16ee: aad56ac22600           fadd     $r21, r21, r22
16f4: 9ad970020001           fmul     $r22, r24, 2.0
16fa: becd0b642600           s32_to_f $r19, r19, rte
1700: 9adda6021803           fmul     $r23, $r19, u96
1706: aae1aec22a00           fadd     $r24, $r23, $r22
170c: aaddb0e2a600           fadd     $r23, $r24, r23.neg
1712: aad96ce2a600           fadd     $r22, r22, r23.neg
1718: 9add00402704           fmul     $r23, 2.0, r26
171e: aae5b0e22a00           fadd     $r25, $r24, $r23
1724: aae1b202a700           fadd     $r24, $r25, r24.neg
172a: aadd6e02a700           fadd     $r23, r23, r24.neg
1730: aad96ce22600           fadd     $r22, r22, r23
1736: 9ad500a02604           fmul     $r21, 2.0, r21
173c: aad56ca22600           fadd     $r21, r22, r21
1742: 9ad168020001           fmul     $r20, r20, 2.0
1748: aad16a822600           fadd     $r20, r21, r20
174e: bacd662218680203       ffma     $r19, r19, u97, r20
1756: aacd72622600           fadd     $r19, r25, r19
175c: 92d184412a924138a008   csel     $r20, u66, $r18, u73, u66, ult
1766: fe55a4829a02           and      $r21, $r18, u84
176c: 92d16ac2189881268002   csel     $r20, r21, u70, u76, r20, ult
1776: 8e49648659020000       iadd     $r18, r18.sx, u76.sx
177e: 92c96402196680260002   csel     $r18, r18, u72, r19, r20, ult
1788: 92891a01004440060004   csel     $r2, u45l, 0, r2, r18, ieq
1792: 92891b01004400060004   csel     $r2, u45h, 0, r2, r16, ieq
179c: aac130802900           fadd     $r16, 1.0, $r12
17a2: 8a49a012               rsqrts   $r18, $r16
17a6: 9ac160422600           fmul     $r16, r16, r18
17ac: aac130002600           fadd     $r16, 1.0, r16
17b2: 8a49a082               rcp      $r18, $r16
17b6: ba4da04a2a30           ffma     $r19, $r16.neg, $r18, 1.0
17bc: bacd66422aa40200       ffma     $r19, r19, $r18, $r18
17c4: 8249666226664006       csel     $r18, r19, r19, r19, r18, feq
17cc: ba4da04a2a30           ffma     $r19, $r16.neg, $r18, 1.0
17d2: bacd66422aa40200       ffma     $r19, r19, $r18, $r18
17da: 8249666226664006       csel     $r18, r19, r19, r19, r18, feq
17e2: 9acd98422a00           fmul     $r19, $r12, $r18
17e8: bac1606a2a580200       ffma     $r16, r16.neg, $r19, r12
17f0: bac1604226a60200       ffma     $r16, r16, r18, $r19
17f8: 8249a60200a6000a       csel     $r18, $r19, 0.0, $r19, $r16, feq
1800: 8241600226646006       csel     $r16, r16, r16, r18, r19, feq
1808: aac98a060002           fadd     $r18, $r5.abs, -0.0
180e: aac18a062600           fadd     $r16, $r5.abs, r16
1814: aacd30002a00           fadd     $r19, 1.0, $r16
181a: fe51a6029a02           and      $r20, $r19, u80
1820: fe5168aad902           or       $r20, r20, u77
1826: 9ad5a8020200           fmul     $r21, $r20, 0.5
182c: 82d586812a6a802a0008   csel     $r21, u67, $r20, r21, $r20, flt
1836: 82d18681260101300008   csel     $r20, u67, r20, 1, 0, flt
1840: aed900602a170000       shr      $r22, $r19, 23
1848: 8e596cfe03010000       isub     $r22, r22.sx, 127
1850: 0e5168c666000000       iadd     r20, r20.sx, r22.sx
1858: aad56a020302           fadd     $r21, r21, -1.0
185e: aad900a02a04           fadd     $r22, 2.0, $r21
1864: aaddac020003           fadd     $r23, $r22, -2.0
186a: aaddaae2a600           fadd     $r23, $r21, r23.neg
1870: 8a61ac82               rcp      $r24, $r22
1874: ba65ac0a2b30           ffma     $r25, $r22.neg, $r24, 1.0
187a: bae572022bb00200       ffma     $r25, r25, $r24, $r24
1882: 8261722227720007       csel     $r24, r25, r25, r25, r24, feq
188a: ba65ac0a2b30           ffma     $r25, $r22.neg, $r24, 1.0
1890: bae572022bb00200       ffma     $r25, r25, $r24, $r24
1898: 8261722227720007       csel     $r24, r25, r25, r25, r24, feq
18a0: 9ae5aa022b00           fmul     $r25, $r21, $r24
18a6: bae9b2ca2aaa0200       ffma     $r26, $r25.neg, $r22, $r21
18ae: bae574022b720200       ffma     $r25, r26, $r24, r25
18b6: bad5b2ca266a0200       ffma     $r21, $r25.neg, r22, r21
18be: 9ad9b2e22600           fmul     $r22, $r25, r23
18c4: aad56ac2a600           fadd     $r21, r21, r22.neg
18ca: 9ad56a022700           fmul     $r21, r21, r24
18d0: 9ad9b2222b00           fmul     $r22, $r25, $r25
18d6: baddb2222bac0a00       ffma     $r23, $r25, $r25, $r22.neg
18de: 9ae1b2c22a00           fmul     $r24, $r25, $r22
18e4: bae9b2c22ab00a00       ffma     $r26, $r25, $r22, $r24.neg
18ec: 9addb2e22600           fmul     $r23, $r25, r23
18f2: aadd74e22600           fadd     $r23, r26, r23
18f8: 9ae9aa820001           fmul     $r26, $r21, 3.0
18fe: badd74c22a6e0200       ffma     $r23, r26, $r22, r23
1906: bae9aec12aac8108       ffma     $r26, u87, $r22, u86
190e: bae974c22ab48100       ffma     $r26, r26, $r22, u90
1916: bae974c22ab68100       ffma     $r26, r26, $r22, u91
191e: bae974c22ab88100       ffma     $r26, r26, $r22, u92
1926: bad96c4227aa8100       ffma     $r22, r22, r26, u85
192e: aae9bac12a08           fadd     $r26, u93, $r22
1934: aaedb4221b02           fadd     $r27, $r26, u89
193a: aad96c62a700           fadd     $r22, r22, r27.neg
1940: 9aedb0422b00           fmul     $r27, $r24, $r26
1946: baf1b0422bb60a00       ffma     $r28, $r24, $r26, $r27.neg
194e: 9ad970c22600           fmul     $r22, r24, r22
1954: aad978c22600           fadd     $r22, r28, r22
195a: 9add6e422700           fmul     $r23, r23, r26
1960: aad96ce22600           fadd     $r22, r22, r23
1966: 9add72020001           fmul     $r23, r25, 2.0
196c: bed10b842600           s32_to_f $r20, r20, rte
1972: 9ae1a8021803           fmul     $r24, $r20, u96
1978: aae5b0e22a00           fadd     $r25, $r24, $r23
197e: aae1b202a700           fadd     $r24, $r25, r24.neg
1984: aadd6e02a700           fadd     $r23, r23, r24.neg
198a: 9ae100602704           fmul     $r24, 2.0, r27
1990: aae9b2022b00           fadd     $r26, $r25, $r24
1996: aae5b422a700           fadd     $r25, $r26, r25.neg
199c: aae17022a700           fadd     $r24, r24, r25.neg
19a2: aadd6e022700           fadd     $r23, r23, r24
19a8: 9ad900c02604           fmul     $r22, 2.0, r22
19ae: aad96ec22600           fadd     $r22, r23, r22
19b4: 9ad56a020001           fmul     $r21, r21, 2.0
19ba: aad56ca22600           fadd     $r21, r22, r21
19c0: bad16822186a0203       ffma     $r20, r20, u97, r21
19c8: aad174822600           fadd     $r20, r26, r20
19ce: 92d584612a924138a008   csel     $r21, u66, $r19, u73, u66, ult
19d8: fe59a6829a02           and      $r22, $r19, u84
19de: 92d56cc21898a1268002   csel     $r21, r22, u70, u76, r21, ult
19e8: 8e59a68659020000       iadd     $r22, $r19.sx, u76.sx
19f0: 92d16c021968a0260002   csel     $r20, r22, u72, r20, r21, ult
19fa: 8241660203608006       csel     $r16, r19, 1.0, r16, r20, feq
1a02: fe4d8a429803           and      $r19, $r5, u98
1a08: fe4160829a02           and      $r16, r16, u84
1a0e: fe41606ae600           or       $r16, r16, r19
1a14: 92891c01004400060004   csel     $r2, u46l, 0, r2, r16, ieq
1a1e: 8a418a86               rcp      $r16, $r5.abs
1a22: ba518a0e2a30           ffma     $r20, $r5.abs.neg, $r16, 1.0
1a28: bad168022aa00200       ffma     $r20, r20, $r16, $r16
1a30: 8241688226680006       csel     $r16, r20, r20, r20, r16, feq
1a38: ba518a0e2a30           ffma     $r20, $r5.abs.neg, $r16, 1.0
1a3e: bad168022aa00200       ffma     $r20, r20, $r16, $r16
1a46: 8241688226680006       csel     $r16, r20, r20, r20, r16, feq
1a4e: 025030a068010130       csel     r20l, 1.0, $r5.abs, 1, 0, flt
1a56: 825530a068604026       csel     $r21, 1.0, $r5.abs, r16, r18, flt
1a5e: 9ad9aaa22a00           fmul     $r22, $r21, $r21
1a64: badde2c12ad60100       ffma     $r23, u145, $r22, u139
1a6c: badd6ec22acc0100       ffma     $r23, r23, $r22, u134
1a74: badd6ec22ad20100       ffma     $r23, r23, $r22, u137
1a7c: badd6ec22ad40100       ffma     $r23, r23, $r22, u138
1a84: badd6ec22aaec100       ffma     $r23, r23, $r22, u119
1a8c: badd6ec22ade0100       ffma     $r23, r23, $r22, u143
1a94: badd6ec22adc0100       ffma     $r23, r23, $r22, u142
1a9c: badd6ec22abec100       ffma     $r23, r23, $r22, u127
1aa4: ba596ec22630           ffma     $r22, r23, r22, 1.0
1aaa: 9ad56ac22600           fmul     $r21, r21, r22
1ab0: aad988a1aa08           fadd     $r22, u68, $r21.neg
1ab6: 825530a0686ca026       csel     $r21, 1.0, $r5.abs, r22, r21, flt
1abe: aad9aa0a0002           fadd     $r22, $r21.neg, -0.0
1ac4: 02528a0200010130       csel     r20h, $r5, 0.0, 1, 0, flt
1acc: 82558a02006ca026       csel     $r21, $r5, 0.0, r22, r21, flt
1ad4: 92891d010044a0060004   csel     $r2, u46h, 0, r2, r21, ieq
1ade: 2ad58c060002           fadd     r21, $r6.abs, -0.0
1ae4: aad98ca66800           fadd     $r22, $r6.abs, $r5.abs
1aea: aadd90060002           fadd     $r23, $r8.abs, -0.0
1af0: 8a619086               rcp      $r24, $r8.abs
1af4: ba65900e2b30           ffma     $r25, $r8.abs.neg, $r24, 1.0
1afa: bae572022bb00200       ffma     $r25, r25, $r24, $r24
1b02: 8261722227720007       csel     $r24, r25, r25, r25, r24, feq
1b0a: ba65900e2b30           ffma     $r25, $r8.abs.neg, $r24, 1.0
1b10: bae572022bb00200       ffma     $r25, r25, $r24, $r24
1b18: 8261722227720007       csel     $r24, r25, r25, r25, r24, feq
1b20: 825d30006970e026       csel     $r23, 1.0, $r8.abs, r24, r23, flt
1b28: 9ae1aee22a00           fmul     $r24, $r23, $r23
1b2e: bae5e2012bd60100       ffma     $r25, u145, $r24, u139
1b36: bae572022bcc0100       ffma     $r25, r25, $r24, u134
1b3e: bae572022bd20100       ffma     $r25, r25, $r24, u137
1b46: bae572022bd40100       ffma     $r25, r25, $r24, u138
1b4e: bae572022baec100       ffma     $r25, r25, $r24, u119
1b56: bae572022bde0100       ffma     $r25, r25, $r24, u143
1b5e: bae572022bdc0100       ffma     $r25, r25, $r24, u142
1b66: bae572022bbec100       ffma     $r25, r25, $r24, u127
1b6e: ba6172022730           ffma     $r24, r25, r24, 1.0
1b74: 9add6e022700           fmul     $r23, r23, r24
1b7a: aae188e1aa08           fadd     $r24, u68, $r23.neg
1b80: 825d30006970e026       csel     $r23, 1.0, $r8.abs, r24, r23, flt
1b88: 82e1500200840130c000   csel     $r24, r8, 0.0, u98, 0, flt
1b92: fe5d6e0a6700           xor      $r23, r23, r24
1b98: 82e18a0200da21bd6000   csel     $r24, $r5, 0.0, u173, u201, fgte
1ba2: aae1ae022700           fadd     $r24, $r23, r24
1ba8: 82e500a02888813c9000   csel     $r25, 0.0, $r5, u68, u164, flt
1bb2: 02688c0200010130       csel     r26l, $r6, 0.0, 1, 0, flt
1bba: 82618c0200702027       csel     $r24, $r6, 0.0, r24, r25, flt
1bc2: 026400c028010130       csel     r25l, 0.0, $r6, 1, 0, flt
1bca: 825d00c0246e0027       csel     $r23, 0.0, r6, r23, r24, flt
1bd2: 82596c02008ae006       csel     $r22, r22, 0.0, $r5, r23, feq
1bda: 921d4100006ce004       csel     $r7, r0h, 0, r22, r7, ieq
1be2: 92891e010044e0040004   csel     $r2, u47l, 0, r2, r7, ieq
1bec: fe1da2029a02           and      $r7, $r17, u80
1bf2: fe1d4eaad902           or       $r7, r7, u77
1bf8: 9ad98e020200           fmul     $r22, $r7, 0.5
1bfe: 82d986e1286ce0280008   csel     $r22, u67, $r7, r22, $r7, flt
1c08: 829d86e1240101300008   csel     $r7, u67, r7, 1, 0, flt
1c12: aedd00202a170000       shr      $r23, $r17, 23
1c1a: 8e5d6efe03010000       isub     $r23, r23.sx, 127
1c22: 0e1d4ee666000000       iadd     r7, r7.sx, r23.sx
1c2a: aad96c020302           fadd     $r22, r22, -1.0
1c30: aadd00c02a04           fadd     $r23, 2.0, $r22
1c36: aae1ae020003           fadd     $r24, $r23, -2.0
1c3c: aae1ac02a700           fadd     $r24, $r22, r24.neg
1c42: 8a6dae82               rcp      $r27, $r23
1c46: ba71ae6a2b30           ffma     $r28, $r23.neg, $r27, 1.0
1c4c: baf178622bb60200       ffma     $r28, r28, $r27, $r27
1c54: 826d788227786007       csel     $r27, r28, r28, r28, r27, feq
1c5c: ba71ae6a2b30           ffma     $r28, $r23.neg, $r27, 1.0
1c62: baf178622bb60200       ffma     $r28, r28, $r27, $r27
1c6a: 826d788227786007       csel     $r27, r28, r28, r28, r27, feq
1c72: 9af1ac622b00           fmul     $r28, $r22, $r27
1c78: baf5b8ea2aac0200       ffma     $r29, $r28.neg, $r23, $r22
1c80: baf17a622b780200       ffma     $r28, r29, $r27, r28
1c88: bad9b8ea266c0200       ffma     $r22, $r28.neg, r23, r22
1c90: 9addb8022700           fmul     $r23, $r28, r24
1c96: aad96ce2a600           fadd     $r22, r22, r23.neg
1c9c: 9ad96c622700           fmul     $r22, r22, r27
1ca2: 9addb8822b00           fmul     $r23, $r28, $r28
1ca8: bae1b8822bae0a00       ffma     $r24, $r28, $r28, $r23.neg
1cb0: 9aedb8e22a00           fmul     $r27, $r28, $r23
1cb6: baf5b8e22ab60a00       ffma     $r29, $r28, $r23, $r27.neg
1cbe: 9ae1b8022700           fmul     $r24, $r28, r24
1cc4: aae17a022700           fadd     $r24, r29, r24
1cca: 9af5ac820001           fmul     $r29, $r22, 3.0
1cd0: bae17ae22a700200       ffma     $r24, r29, $r23, r24
1cd8: baf5aee12aac8108       ffma     $r29, u87, $r23, u86
1ce0: baf57ae22ab48100       ffma     $r29, r29, $r23, u90
1ce8: baf57ae22ab68100       ffma     $r29, r29, $r23, u91
1cf0: baf57ae22ab88100       ffma     $r29, r29, $r23, u92
1cf8: badd6ea227aa8100       ffma     $r23, r23, r29, u85
1d00: aaf5bae12a08           fadd     $r29, u93, $r23
1d06: aaf9ba221b02           fadd     $r30, $r29, u89
1d0c: aadd6ec2a700           fadd     $r23, r23, r30.neg
1d12: 9af9b6a22b00           fmul     $r30, $r27, $r29
1d18: bafdb6a22bbc0a00       ffma     $r31, $r27, $r29, $r30.neg
1d20: 9add76e22600           fmul     $r23, r27, r23
1d26: aadd7ee22600           fadd     $r23, r31, r23
1d2c: 9ae170a22700           fmul     $r24, r24, r29
1d32: aadd6e022700           fadd     $r23, r23, r24
1d38: 9ae178020001           fmul     $r24, r28, 2.0
1d3e: be9d0be42400           s32_to_f $r7, r7, rte
1d44: 9aed8e021803           fmul     $r27, $r7, u96
1d4a: aaf1b6022b00           fadd     $r28, $r27, $r24
1d50: aaedb862a700           fadd     $r27, $r28, r27.neg
1d56: aae17062a700           fadd     $r24, r24, r27.neg
1d5c: 9aed00c02704           fmul     $r27, 2.0, r30
1d62: aaf5b8622b00           fadd     $r29, $r28, $r27
1d68: aaf1ba82a700           fadd     $r28, $r29, r28.neg
1d6e: aaed7682a700           fadd     $r27, r27, r28.neg
1d74: aae170622700           fadd     $r24, r24, r27
1d7a: 9add00e02604           fmul     $r23, 2.0, r23
1d80: aadd70e22600           fadd     $r23, r24, r23
1d86: 9ad96c020001           fmul     $r22, r22, 2.0
1d8c: aad96ec22600           fadd     $r22, r23, r22
1d92: ba9d4e22186c0203       ffma     $r7, r7, u97, r22
1d9a: aa9d7ae22400           fadd     $r7, r29, r7
1da0: 92d984212a924138a008   csel     $r22, u66, $r17, u73, u66, ult
1daa: fe5da2829a02           and      $r23, $r17, u84
1db0: 92d96ec21898c1268002   csel     $r22, r23, u70, u76, r22, ult
1dba: 8e5da28659020000       iadd     $r23, $r17.sx, u76.sx
1dc2: 929d6e02194ec0260002   csel     $r7, r23, u72, r7, r22, ult
1dcc: 821d6202038ae004       csel     $r7, r17, 1.0, $r5, r7, feq
1dd4: aac530a0a400           fadd     $r17, 1.0, r5.neg
1dda: fe59a2029a02           and      $r22, $r17, u80
1de0: fe596caad902           or       $r22, r22, u77
1de6: 9addac020200           fmul     $r23, $r22, 0.5
1dec: 82dd86c12a6ec02a0008   csel     $r23, u67, $r22, r23, $r22, flt
1df6: 82d986c1260101300008   csel     $r22, u67, r22, 1, 0, flt
1e00: aee100202a170000       shr      $r24, $r17, 23
1e08: 8e6170fe03010000       isub     $r24, r24.sx, 127
1e10: 0e596c0667000000       iadd     r22, r22.sx, r24.sx
1e18: aadd6e020302           fadd     $r23, r23, -1.0
1e1e: aae100e02a04           fadd     $r24, 2.0, $r23
1e24: aaedb0020003           fadd     $r27, $r24, -2.0
1e2a: aaedae62a700           fadd     $r27, $r23, r27.neg
1e30: 8a71b082               rcp      $r28, $r24
1e34: ba75b08a2b30           ffma     $r29, $r24.neg, $r28, 1.0
1e3a: baf57a822bb80200       ffma     $r29, r29, $r28, $r28
1e42: 82717aa2277a8007       csel     $r28, r29, r29, r29, r28, feq
1e4a: ba75b08a2b30           ffma     $r29, $r24.neg, $r28, 1.0
1e50: baf57a822bb80200       ffma     $r29, r29, $r28, $r28
1e58: 82717aa2277a8007       csel     $r28, r29, r29, r29, r28, feq
1e60: 9af5ae822b00           fmul     $r29, $r23, $r28
1e66: baf9ba0a2bae0200       ffma     $r30, $r29.neg, $r24, $r23
1e6e: baf57c822b7a0200       ffma     $r29, r30, $r28, r29
1e76: baddba0a276e0200       ffma     $r23, $r29.neg, r24, r23
1e7e: 9ae1ba622700           fmul     $r24, $r29, r27
1e84: aadd6e02a700           fadd     $r23, r23, r24.neg
1e8a: 9add6e822700           fmul     $r23, r23, r28
1e90: 9ae1baa22b00           fmul     $r24, $r29, $r29
1e96: baedbaa22bb00a00       ffma     $r27, $r29, $r29, $r24.neg
1e9e: 9af1ba022b00           fmul     $r28, $r29, $r24
1ea4: baf9ba022bb80a00       ffma     $r30, $r29, $r24, $r28.neg
1eac: 9aedba622700           fmul     $r27, $r29, r27
1eb2: aaed7c622700           fadd     $r27, r30, r27
1eb8: 9af9ae820001           fmul     $r30, $r23, 3.0
1ebe: baed7c022b760200       ffma     $r27, r30, $r24, r27
1ec6: baf9ae012bac8108       ffma     $r30, u87, $r24, u86
1ece: baf97c022bb48100       ffma     $r30, r30, $r24, u90
1ed6: baf97c022bb68100       ffma     $r30, r30, $r24, u91
1ede: baf97c022bb88100       ffma     $r30, r30, $r24, u92
1ee6: bae170c227aa8100       ffma     $r24, r24, r30, u85
1eee: aaf9ba012b08           fadd     $r30, u93, $r24
1ef4: aafdbc221b02           fadd     $r31, $r30, u89
1efa: aae170e2a700           fadd     $r24, r24, r31.neg
1f00: 9afdb8c22b00           fmul     $r31, $r28, $r30
1f06: ba81b8c22bbe0a10       ffma     $r32, $r28, $r30, $r31.neg
1f0e: 9ae178022700           fmul     $r24, r28, r24
1f14: aae140022704           fadd     $r24, r32, r24
1f1a: 9aed76c22700           fmul     $r27, r27, r30
1f20: aae170622700           fadd     $r24, r24, r27
1f26: 9aed7a020001           fmul     $r27, r29, 2.0
1f2c: bed90bc42600           s32_to_f $r22, r22, rte
1f32: 9af1ac021803           fmul     $r28, $r22, u96
1f38: aaf5b8622b00           fadd     $r29, $r28, $r27
1f3e: aaf1ba82a700           fadd     $r28, $r29, r28.neg
1f44: aaed7682a700           fadd     $r27, r27, r28.neg
1f4a: 9af100e02704           fmul     $r28, 2.0, r31
1f50: aaf9ba822b00           fadd     $r30, $r29, $r28
1f56: aaf5bca2a700           fadd     $r29, $r30, r29.neg
1f5c: aaf178a2a700           fadd     $r28, r28, r29.neg
1f62: aaed76822700           fadd     $r27, r27, r28
1f68: 9ae100002704           fmul     $r24, 2.0, r24
1f6e: aae176022700           fadd     $r24, r27, r24
1f74: 9add6e020001           fmul     $r23, r23, 2.0
1f7a: aadd70e22600           fadd     $r23, r24, r23
1f80: bad96c22186e0203       ffma     $r22, r22, u97, r23
1f88: aad97cc22600           fadd     $r22, r30, r22
1f8e: 92dd84212a924138a008   csel     $r23, u66, $r17, u73, u66, ult
1f98: fe61a2829a02           and      $r24, $r17, u84
1f9e: 92dd70c21898e1268002   csel     $r23, r24, u70, u76, r23, ult
1fa8: 8e61a28659020000       iadd     $r24, $r17.sx, u76.sx
1fb0: 92d97002196ce0260002   csel     $r22, r24, u72, r22, r23, ult
1fba: 82396202035cc006       csel     $r14, r17, 1.0, r14, r22, feq
1fc2: aab94ec2a500           fadd     $r14, r7, r14.neg
1fc8: 9ab920c02500           fmul     $r14, 0.5, r14
1fce: 92891f010044c0050004   csel     $r2, u47h, 0, r2, r14, ieq
1fd8: aab996422900           fadd     $r14, $r11, $r10
1fde: 9ab95c020200           fmul     $r14, r14, 0.5
1fe4: 928920010044c0050004   csel     $r2, u48l, 0, r2, r14, ieq
1fee: aaa95642a500           fadd     $r10, r11, r10.neg
1ff4: 12853801004260040004   csel     r1, u60l, 0, r1, r3, ieq
1ffe: 9aa954020200           fmul     $r10, r10, 0.5
2004: 12892101004440050004   csel     r2, u48h, 0, r2, r10, ieq
200e: 520922010004           if       u49l, 0, 1, ine
2014: 20c0820b0000           jmp_none 2946
201a: 42a84ae61b02           if       r5.abs, u95, 1, fgte
2020: 20c0ba030000           jmp_none 954
2026: ae8500402a170000       shr      $r1, $r18, 23
202e: 8e0542ee03010000       isub     $r1, r1.sx, 126
2036: ae89002028050000       shr      $r2, $r1, 5
203e: 92a984420094a1b8a000   csel     $r10, $r2, 4, u74, u69, slt
2048: 92a9843200a241a58000   csel     $r10, $r2, 3, u81, r10, slt
2052: 92298422000041a5       csel     $r10, $r2, 2, 0, r10, slt
205a: 92b98442008ac1b9a000   csel     $r14, $r2, 4, u69, u78, slt
2064: 92b984320094c1a58000   csel     $r14, $r2, 3, u74, r14, slt
206e: 92c58412000021ba2000   csel     $r17, $r2, 1, 0, u81, slt
2078: 923984220062c0a5       csel     $r14, $r2, 2, r17, r14, slt
2080: fe0542f28100           and      $r1, r1, 31
2086: ae29004025820200       shl      $r10, r10, $r1
208e: 8e451f2868000000       isub     $r17, 31, $r1.sx
2096: fe4562f28100           and      $r17, r17, 31
209c: aed900c029a20200       shr      $r22, $r14, $r17
20a4: aed900c026010000       shr      $r22, r22, 1
20ac: fe2954cae600           or       $r10, r10, r22
20b2: 92d98442009c41baa000   csel     $r22, $r2, 4, u78, u82, slt
20bc: 92d98432008ac1a68000   csel     $r22, $r2, 3, u69, r22, slt
20c6: 92dd841200a241b9a000   csel     $r23, $r2, 1, u81, u74, slt
20d0: 92598422006ec0a6       csel     $r22, $r2, 2, r23, r22, slt
20d8: ae3900c025820200       shl      $r14, r14, $r1
20e0: aedd00c02aa20200       shr      $r23, $r22, $r17
20e8: aedd00e026010000       shr      $r23, r23, 1
20f0: fe395ceae600           or       $r14, r14, r23
20f6: fe5d64029a02           and      $r23, r18, u80
20fc: fe5d6ecad802           or       $r23, r23, u70
2102: ae5d00e026080000       shl      $r23, r23, 8
210a: 1e73aec229000000       imul     dr28, $r23, $r14
2112: 92e1844200a401bba000   csel     $r24, $r2, 4, u82, u88, slt
211c: 92e18432009c01a78000   csel     $r24, $r2, 3, u78, r24, slt
2126: 92ed84120094a1b8a000   csel     $r27, $r2, 1, u74, u69, slt
2130: 92618422007600a7       csel     $r24, $r2, 2, r27, r24, slt
2138: ae5900c026820200       shl      $r22, r22, $r1
2140: aeed00002ba20200       shr      $r27, $r24, $r17
2148: aeed006027010000       shr      $r27, r27, 1
2150: fe596c6ae700           or       $r22, r22, r27
2156: 1e7baec22a000000       imul     dr30, $r23, $r22
215e: 92ed844200b041b9b000   csel     $r27, $r2, 4, u88, u106, slt
2168: 92ed843200a461a78000   csel     $r27, $r2, 3, u82, r27, slt
2172: 92f18412008ac1b9a000   csel     $r28, $r2, 1, u69, u78, slt
217c: 92094422007860a7       csel     $r2, r2, 2, r28, r27, slt
2184: ae05000027420200       shl      $r1, r24, r1
218c: ae89004024620200       shr      $r2, r2, r17
2194: ae89004024010000       shr      $r2, r2, 1
219c: fe05424ae400           or       $r1, r1, r2
21a2: 1e03ae2224000010       imul     dr32, $r23, r1
21aa: 9e05aec666824600       imadd    $r1, $r23.sx, r22.sx, $r33.sx
21b2: 9e09aec665be0600       imadd    $r2, $r23.sx, r14.sx, $r31.sx
21ba: 92b98222240101300001   csel     $r14, $r1, r33, 1, 0, ult
21c4: 8e3984c665000000       iadd     $r14, $r2.sx, r14.sx
21cc: 9e296e46657a0600       imadd    $r10, r23.sx, r10.sx, r29.sx
21d4: 92459c4228010130       csel     $r17, $r14, $r2, 1, 0, ult
21dc: 8e29542666000000       iadd     $r10, r10.sx, r17.sx
21e4: 920944e227010130       csel     $r2, r2, r31, 1, 0, ult
21ec: 8e09544664000000       iadd     $r2, r10.sx, r2.sx
21f4: aea900c0291f0000       shr      $r10, $r14, 31
21fc: 8e09544664000000       iadd     $r2, r10.sx, r2.sx
2204: 8e2900c869000000       isub     $r10, 0, $r14.sx
220c: 9245820200001110       csel     $r17, $r1, 0, 0, 1, ieq
2214: 8e29542e66000000       isub     $r10, r10.sx, r17.sx
221c: 8e45002868000000       isub     $r17, 0, $r1.sx
2224: 92059c02006220a4       csel     $r1, $r14, 0, r17, r1, slt
222c: 92299c020054c0a9       csel     $r10, $r14, 0, r10, $r14, slt
2234: be45940e0000           ffs      $r17, $r10
223a: fe45620ac200           or       $r17, r17, 32
2240: be59820e0000           ffs      $r22, $r1
2246: 92456c22266c20c6       csel     $r17, r22, r17, r22, r17, sgt
224e: 8e45627e01000000       isub     $r17, r17.sx, 23
2256: 92456202006200d0       csel     $r17, r17, 0, r17, 0, sgt
225e: fe59a2f28300           and      $r22, $r17, 63
2264: 8e5dac0e02000000       isub     $r23, $r22.sx, 32
226c: 8e6100e86a000000       isub     $r24, 0, $r23.sx
2274: 925d6e02276e00c7       csel     $r23, r23, r24, r23, r24, sgt
227c: fe61acf28100           and      $r24, $r22, 31
2282: aeed002028b00200       shr      $r27, $r1, $r24
228a: fe5d6ef28100           and      $r23, r23, 31
2290: ae71004029ae0200       shl      $r28, $r10, $r23
2298: fe6d768ae700           or       $r27, r27, r28
229e: aef1004029ae0200       shr      $r28, $r10, $r23
22a6: 926dac0202768027       csel     $r27, $r22, 32, r27, r28, ult
22ae: 926dac0200826007       csel     $r27, $r22, 0, $r1, r27, ieq
22b6: ae61001000700200       shl      $r24, 1, r24
22be: 9261ac0202700030       csel     $r24, $r22, 32, r24, 0, ult
22c6: aef1001000ae0200       shr      $r28, 1, $r23
22ce: ae5d0010006e0200       shl      $r23, 1, r23
22d6: 925dac020278e026       csel     $r23, $r22, 32, r28, r23, ult
22de: 9271ac0200010107       csel     $r28, $r22, 0, 1, r24, ieq
22e6: 92756c020000e106       csel     $r29, r22, 0, 0, r23, ieq
22ee: ae59b8a62b010000       extr     $r22, $r28, $r29, 1, 0
22f6: fe79b80a8000           mov      $r30, $r28
22fc: fe7dba0a8000           mov      $r31, $r29
2302: 8e7b7c1b00000000       isub     $dr30, dr30, 1
230a: fe5d82c2a700           and      $r23, $r1, r30
2310: fe6194e2a700           and      $r24, $r10, r31
2316: aef9ba1600000000       asr      $r30, $r29, 1, 0, 0
231e: 9266aec22a010110       csel     $r25h, $r23, $r22, 1, 0, ieq
2326: 9266b0c22b730010       csel     $r25h, $r24, $r30, r25h, 0, ieq
232e: 926a620200001110       csel     $r26h, r17, 0, 0, 1, ieq
2336: 9266730000005107       csel     $r25h, r25h, 0, 0, r26h, ieq
233e: fe054282a700           and      $r1, r1, r28
2344: fe2954a2a700           and      $r10, r10, r29
234a: 9205542224542044       csel     $r1, r10, r1, r10, r1, ugt
2352: 92286ce226010130       csel     $r10l, r22, r23, 1, 0, ult
235a: 9228b0c22b540010       csel     $r10l, $r24, $r30, r10l, 0, ieq
2362: 92287c02270141a5       csel     $r10l, r30, r24, 1, r10l, slt
236a: 9204420200003107       csel     $r1l, r1, 0, 0, r25h, ieq
2372: 9259540000001110       csel     $r22, r10l, 0, 0, 1, ieq
237a: 92294200006c1010       csel     $r10, r1l, 0, r22, 1, ieq
2382: 0e05764665000000       iadd     r1, r27.sx, r10.sx
238a: bea90a242600           u32_to_f $r10, r17, rte
2390: 8a2954d2               exp2     $r10, r10
2394: be850a242400           u32_to_f $r1, r1, rte
239a: 9a8542422500           fmul     $r1, r1, r10
23a0: 92a95c02008401b0c000   csel     $r10, r14, 0, u98, 0, slt
23aa: 9a8542021903           fmul     $r1, r1, u104
23b0: fe05424a6500           xor      $r1, r1, r10
23b6: 8e29004868000000       isub     $r10, 0, $r2.sx
23be: 02098a0200544024       csel     r2, $r5, 0.0, r10, r2, flt
23c6: aaa9820a0002           fadd     $r10, $r1.neg, -0.0
23cc: 02054a0200542024       csel     r1, r5, 0.0, r10, r1, flt
23d4: 622900000000           ldimm    r10, 0
23da: 420a00000000           else     0.0, 0.0, 1, feq
23e0: 1a858a621902           fmul     r1, $r5, u75
23e6: 8a8542020300           rint     $r1, r1
23ec: 9a8982e21902           fmul     $r2, $r1, u79
23f2: baa9828a184a0202       ffma     $r10, $r1.neg, u68, r5
23fa: aab99442a800           fadd     $r14, $r10, $r2.neg
2400: aac59c42a900           fadd     $r17, $r14, $r10.neg
2406: aad99c22aa00           fadd     $r22, $r14, $r17.neg
240c: aaa954c2a600           fadd     $r10, r10, r22.neg
2412: aac5842aa600           fadd     $r17, $r2.neg, r17.neg
2418: aaa954222600           fadd     $r10, r10, r17
241e: ba8982e219440a02       ffma     $r2, $r1, u79, r2.neg
2426: aa895442a400           fadd     $r2, r10, r2.neg
242c: ba89422a1a440203       ffma     $r2, r1.neg, u113, r2
2434: 9aa99c621902           fmul     $r10, $r14, u75
243a: bac59c6219940a02       ffma     $r17, $r14, u75, $r10.neg
2442: ba89446219620202       ffma     $r2, r2, u75, r17
244a: ba895c8218440203       ffma     $r2, r14, u100, r2
2452: aab994422800           fadd     $r14, $r10, $r2
2458: aaa99c42a500           fadd     $r10, $r14, r10.neg
245e: aa894442a500           fadd     $r2, r2, r10.neg
2464: be8509202400           f_to_s32 $r1, r1, rtz
246a: 7e29440a8000           mov      r10, r2
2470: 7e09420a8000           mov      r2, r1
2476: 7e055c0a8000           mov      r1, r14
247c: 520e00000000           pop_exec 1
2482: 9ab982222800           fmul     $r14, $r1, $r1
2488: 9ac59c621a02           fmul     $r17, $r14, u83
248e: 9ad99ce21903           fmul     $r22, $r14, u111
2494: badd9c621aa20a02       ffma     $r23, $r14, u83, $r17.neg
249c: aad96ec22600           fadd     $r22, r23, r22
24a2: badd8222289c0a00       ffma     $r23, $r1, $r1, $r14.neg
24aa: 9add6e621a02           fmul     $r23, r23, u83
24b0: aad96ce22600           fadd     $r22, r22, r23
24b6: 9add82821802           fmul     $r23, $r1, u68
24bc: bae1828218ae0a02       ffma     $r24, $r1, u68, $r23.neg
24c4: bae182e219700202       ffma     $r24, $r1, u79, r24
24cc: bae1948218700202       ffma     $r24, $r10, u68, r24
24d4: 9aa954221903           fmul     $r10, r10, u105
24da: baa95422286c0200       ffma     $r10, r10, $r1, r22
24e2: bad9a8c129a4c10c       ffma     $r22, u116, $r14, u114
24ea: bad96cc229a0c100       ffma     $r22, r22, $r14, u112
24f2: bad96cc2298ec100       ffma     $r22, r22, $r14, u103
24fa: bad96cc229aac100       ffma     $r22, r22, $r14, u117
2502: bad96cc2298cc100       ffma     $r22, r22, $r14, u102
250a: 9a8542c22900           fmul     $r1, r1, $r14
2510: ba8542c226700200       ffma     $r1, r1, r22, r24
2518: aad930202a00           fadd     $r22, 1.0, $r17
251e: aae1ac020302           fadd     $r24, $r22, -1.0
2524: aac56202a700           fadd     $r17, r17, r24.neg
252a: bae198c12996c10c       ffma     $r24, u108, $r14, u107
2532: bae170c2299ac100       ffma     $r24, r24, $r14, u109
253a: bae170c2298ac100       ffma     $r24, r24, $r14, u101
2542: bae170c2299cc100       ffma     $r24, r24, $r14, u110
254a: bae170c229acc100       ffma     $r24, r24, $r14, u118
2552: 9ab95cc22500           fmul     $r14, r14, r14
2558: 9ab95c022700           fmul     $r14, r14, r24
255e: aaa962422500           fadd     $r10, r17, r10
2564: aaa954c22500           fadd     $r10, r10, r14
256a: aaa96c422500           fadd     $r10, r22, r10
2570: aa856e222400           fadd     $r1, r23, r1
2576: fe3984128000           and      $r14, $r2, 1
257c: 92055c0200424005       csel     $r1, r14, 0, r1, r10, ieq
2584: fe0944228000           and      $r2, r2, 2
258a: aaa9820a0002           fadd     $r10, $r1.neg, -0.0
2590: 9205440200424005       csel     $r1, r2, 0, r1, r10, ieq
2598: 82858a46184220392002   csel     $r1, $r5.abs, u66, r1, u73, flt
25a2: 02054a02004a2004       csel     r1, r5, 0.0, r5, r1, feq
25aa: 42a84ae61b02           if       r5.abs, u95, 1, fgte
25b0: 20c0ba030000           jmp_none 954
25b6: ae8900402a170000       shr      $r2, $r18, 23
25be: 8e0944ee03010000       isub     $r2, r2.sx, 126
25c6: aea9004028050000       shr      $r10, $r2, 5
25ce: 92b994420094a1b8a000   csel     $r14, $r10, 4, u74, u69, slt
25d8: 92b9943200a2c1a58000   csel     $r14, $r10, 3, u81, r14, slt
25e2: 923994220000c1a5       csel     $r14, $r10, 2, 0, r14, slt
25ea: 92c59442008ac1b9a000   csel     $r17, $r10, 4, u69, u78, slt
25f4: 92c59432009421a68000   csel     $r17, $r10, 3, u74, r17, slt
25fe: 92d99412000021ba2000   csel     $r22, $r10, 1, 0, u81, slt
2608: 92459422006c20a6       csel     $r17, $r10, 2, r22, r17, slt
2610: fe0944f28100           and      $r2, r2, 31
2616: ae3900c025840200       shl      $r14, r14, $r2
261e: 8e591f4868000000       isub     $r22, 31, $r2.sx
2626: fe596cf28100           and      $r22, r22, 31
262c: aedd00202aac0200       shr      $r23, $r17, $r22
2634: aedd00e026010000       shr      $r23, r23, 1
263c: fe395ceae600           or       $r14, r14, r23
2642: 92dd9442009c41baa000   csel     $r23, $r10, 4, u78, u82, slt
264c: 92dd9432008ae1a68000   csel     $r23, $r10, 3, u69, r23, slt
2656: 92e1941200a241b9a000   csel     $r24, $r10, 1, u81, u74, slt
2660: 925d94220070e0a6       csel     $r23, $r10, 2, r24, r23, slt
2668: ae45002026840200       shl      $r17, r17, $r2
2670: aee100e02aac0200       shr      $r24, $r23, $r22
2678: aee1000027010000       shr      $r24, r24, 1
2680: fe45620ae700           or       $r17, r17, r24
2686: fe6164029a02           and      $r24, r18, u80
268c: fe6170cad802           or       $r24, r24, u70
2692: ae61000027080000       shl      $r24, r24, 8
269a: 1e73b0222a000000       imul     dr28, $r24, $r17
26a2: 92ed944200a401bba000   csel     $r27, $r10, 4, u82, u88, slt
26ac: 92ed9432009c61a78000   csel     $r27, $r10, 3, u78, r27, slt
26b6: 92f194120094a1b8a000   csel     $r28, $r10, 1, u74, u69, slt
26c0: 926d9422007860a7       csel     $r27, $r10, 2, r28, r27, slt
26c8: ae5d00e026840200       shl      $r23, r23, $r2
26d0: aef100602bac0200       shr      $r28, $r27, $r22
26d8: aef1008027010000       shr      $r28, r28, 1
26e0: fe5d6e8ae700           or       $r23, r23, r28
26e6: 1e7bb0e22a000000       imul     dr30, $r24, $r23
26ee: 92f1944200b041b9b000   csel     $r28, $r10, 4, u88, u106, slt
26f8: 92f1943200a481a78000   csel     $r28, $r10, 3, u82, r28, slt
2702: 92f99412008ac1b9a000   csel     $r30, $r10, 1, u69, u78, slt
270c: 92295422007c80a7       csel     $r10, r10, 2, r30, r28, slt
2714: ae09006027440200       shl      $r2, r27, r2
271c: aea90040256c0200       shr      $r10, r10, r22
2724: aea9004025010000       shr      $r10, r10, 1
272c: fe09444ae500           or       $r2, r2, r10
2732: 1e03b04224000010       imul     dr32, $r24, r2
273a: 9e09b0e666824600       imadd    $r2, $r24.sx, r23.sx, $r33.sx
2742: 9e29b02666be0600       imadd    $r10, $r24.sx, r17.sx, $r31.sx
274a: 92c58422240101300001   csel     $r17, $r2, r33, 1, 0, ult
2754: 8e45942666000000       iadd     $r17, $r10.sx, r17.sx
275c: 9e3970c6657a0600       imadd    $r14, r24.sx, r14.sx, r29.sx
2764: 9259a24229010130       csel     $r22, $r17, $r10, 1, 0, ult
276c: 8e395cc666000000       iadd     $r14, r14.sx, r22.sx
2774: 922954e227010130       csel     $r10, r10, r31, 1, 0, ult
277c: 8e295c4665000000       iadd     $r10, r14.sx, r10.sx
2784: aeb900202a1f0000       shr      $r14, $r17, 31
278c: 8e295c4665000000       iadd     $r10, r14.sx, r10.sx
2794: 8e3900286a000000       isub     $r14, 0, $r17.sx
279c: 9259840200001110       csel     $r22, $r2, 0, 0, 1, ieq
27a4: 8e395cce66000000       isub     $r14, r14.sx, r22.sx
27ac: 8e59004868000000       isub     $r22, 0, $r2.sx
27b4: 9209a202006c40a4       csel     $r2, $r17, 0, r22, r2, slt
27bc: 9239a202005c20aa       csel     $r14, $r17, 0, r14, $r17, slt
27c4: be599c0e0000           ffs      $r22, $r14
27ca: fe596c0ac200           or       $r22, r22, 32
27d0: be5d840e0000           ffs      $r23, $r2
27d6: 92596ec2266ec0c6       csel     $r22, r23, r22, r23, r22, sgt
27de: 8e596c7e01000000       isub     $r22, r22.sx, 23
27e6: 92596c02006c00d0       csel     $r22, r22, 0, r22, 0, sgt
27ee: fe5dacf28300           and      $r23, $r22, 63
27f4: 8e61ae0e02000000       isub     $r24, $r23.sx, 32
27fc: 8e6d00086b000000       isub     $r27, 0, $r24.sx
2804: 92617062277060c7       csel     $r24, r24, r27, r24, r27, sgt
280c: fe6daef28100           and      $r27, $r23, 31
2812: aef1004028b60200       shr      $r28, $r2, $r27
281a: fe6170f28100           and      $r24, r24, 31
2820: ae7500c029b00200       shl      $r29, $r14, $r24
2828: fe7178aae700           or       $r28, r28, r29
282e: aef500c029b00200       shr      $r29, $r14, $r24
2836: 9271ae020278a027       csel     $r28, $r23, 32, r28, r29, ult
283e: 9271ae0200848007       csel     $r28, $r23, 0, $r2, r28, ieq
2846: ae6d001000760200       shl      $r27, 1, r27
284e: 926dae0202760030       csel     $r27, $r23, 32, r27, 0, ult
2856: aef5001000b00200       shr      $r29, 1, $r24
285e: ae61001000700200       shl      $r24, 1, r24
2866: 9261ae02027a0027       csel     $r24, $r23, 32, r29, r24, ult
286e: 9279ae0200016107       csel     $r30, $r23, 0, 1, r27, ieq
2876: 927d6e0200000107       csel     $r31, r23, 0, 0, r24, ieq
287e: ae5dbce62b010000       extr     $r23, $r30, $r31, 1, 0
2886: fe01bc0a8010           mov      $r32, $r30
288c: fe05be0a8010           mov      $r33, $r31
2892: 8e03401b00140000       isub     $dr32, dr32, 1
289a: fe618402a401           and      $r24, $r2, r32
28a0: fe6d9c22a401           and      $r27, $r14, r33
28a6: aef5be1600000000       asr      $r29, $r31, 1, 0, 0
28ae: 9266b0e22a010110       csel     $r25h, $r24, $r23, 1, 0, ieq
28b6: 9266b6a22b730010       csel     $r25h, $r27, $r29, r25h, 0, ieq
28be: 926a6c0200001110       csel     $r26h, r22, 0, 0, 1, ieq
28c6: 9266730000005107       csel     $r25h, r25h, 0, 0, r26h, ieq
28ce: fe0944c2a700           and      $r2, r2, r30
28d4: fe395ce2a700           and      $r14, r14, r31
28da: 92095c42245c4044       csel     $r2, r14, r2, r14, r2, ugt
28e2: 92386e0227010130       csel     $r14l, r23, r24, 1, 0, ult
28ea: 9238b6a22b5c0010       csel     $r14l, $r27, $r29, r14l, 0, ieq
28f2: 92387a622701c1a5       csel     $r14l, r29, r27, 1, r14l, slt
28fa: 9208440200003107       csel     $r2l, r2, 0, 0, r25h, ieq
2902: 925d5c0000001110       csel     $r23, r14l, 0, 0, 1, ieq
290a: 92394400006e1010       csel     $r14, r2l, 0, r23, 1, ieq
2912: 0e0978c665000000       iadd     r2, r28.sx, r14.sx
291a: beb90ac42600           u32_to_f $r14, r22, rte
2920: 8a395cd2               exp2     $r14, r14
2924: be890a442400           u32_to_f $r2, r2, rte
292a: 9a8944c22500           fmul     $r2, r2, r14
2930: 92b96202008401b0c000   csel     $r14, r17, 0, u98, 0, slt
293a: 9a8944021903           fmul     $r2, r2, u104
2940: fe0944ca6500           xor      $r2, r2, r14
2946: 8e39004869000000       isub     $r14, 0, $r10.sx
294e: 02298a02005c4025       csel     r10, $r5, 0.0, r14, r10, flt
2956: aab9840a0002           fadd     $r14, $r2.neg, -0.0
295c: 02094a02005c4024       csel     r2, r5, 0.0, r14, r2, flt
2964: 623900000000           ldimm    r14, 0
296a: 420a00000000           else     0.0, 0.0, 1, feq
2970: 1a898a621902           fmul     r2, $r5, u75
2976: 8a8944020300           rint     $r2, r2
297c: 9aa984e21902           fmul     $r10, $r2, u79
2982: bab9848a184a0202       ffma     $r14, $r2.neg, u68, r5
298a: aac59c42a900           fadd     $r17, $r14, $r10.neg
2990: aad9a2c2a900           fadd     $r22, $r17, $r14.neg
2996: aadda2c2aa00           fadd     $r23, $r17, $r22.neg
299c: aab95ce2a600           fadd     $r14, r14, r23.neg
29a2: aad994caa600           fadd     $r22, $r10.neg, r22.neg
29a8: aab95cc22600           fadd     $r14, r14, r22
29ae: baa984e219540a02       ffma     $r10, $r2, u79, r10.neg
29b6: aaa95c42a500           fadd     $r10, r14, r10.neg
29bc: baa9442a1a540203       ffma     $r10, r2.neg, u113, r10
29c4: 9ab9a2621902           fmul     $r14, $r17, u75
29ca: bad9a262199c0a02       ffma     $r22, $r17, u75, $r14.neg
29d2: baa95462196c0202       ffma     $r10, r10, u75, r22
29da: baa9628218540203       ffma     $r10, r17, u100, r10
29e2: aac59c422900           fadd     $r17, $r14, $r10
29e8: aab9a2c2a500           fadd     $r14, $r17, r14.neg
29ee: aaa954c2a500           fadd     $r10, r10, r14.neg
29f4: be8909402400           f_to_s32 $r2, r2, rtz
29fa: 7e39540a8000           mov      r14, r10
2a00: 7e29440a8000           mov      r10, r2
2a06: 7e09620a8000           mov      r2, r17
2a0c: 520e00000000           pop_exec 1
2a12: 9ac584422800           fmul     $r17, $r2, $r2
2a18: 9ad9a2621a02           fmul     $r22, $r17, u83
2a1e: 9adda2e21903           fmul     $r23, $r17, u111
2a24: bae1a2621aac0a02       ffma     $r24, $r17, u83, $r22.neg
2a2c: aadd70e22600           fadd     $r23, r24, r23
2a32: bae1844228a20a00       ffma     $r24, $r2, $r2, $r17.neg
2a3a: 9ae170621a02           fmul     $r24, r24, u83
2a40: aadd6e022700           fadd     $r23, r23, r24
2a46: 9ae184821802           fmul     $r24, $r2, u68
2a4c: baed848218b00a02       ffma     $r27, $r2, u68, $r24.neg
2a54: baed84e219760202       ffma     $r27, $r2, u79, r27
2a5c: baed9c8218760202       ffma     $r27, $r14, u68, r27
2a64: 9ab95c221903           fmul     $r14, r14, u105
2a6a: bab95c42286e0200       ffma     $r14, r14, $r2, r23
2a72: badda8212aa4c10c       ffma     $r23, u116, $r17, u114
2a7a: badd6e222aa0c100       ffma     $r23, r23, $r17, u112
2a82: badd6e222a8ec100       ffma     $r23, r23, $r17, u103
2a8a: badd6e222aaac100       ffma     $r23, r23, $r17, u117
2a92: badd6e222a8cc100       ffma     $r23, r23, $r17, u102
2a9a: 9a8944222a00           fmul     $r2, r2, $r17
2aa0: ba8944e226760200       ffma     $r2, r2, r23, r27
2aa8: aadd30c02a00           fadd     $r23, 1.0, $r22
2aae: aaedae020302           fadd     $r27, $r23, -1.0
2ab4: aad96c62a700           fadd     $r22, r22, r27.neg
2aba: baed98212a96c10c       ffma     $r27, u108, $r17, u107
2ac2: baed76222a9ac100       ffma     $r27, r27, $r17, u109
2aca: baed76222a8ac100       ffma     $r27, r27, $r17, u101
2ad2: baed76222a9cc100       ffma     $r27, r27, $r17, u110
2ada: baed76222aacc100       ffma     $r27, r27, $r17, u118
2ae2: 9ac562222600           fmul     $r17, r17, r17
2ae8: 9ac562622700           fmul     $r17, r17, r27
2aee: aab96cc22500           fadd     $r14, r22, r14
2af4: aab95c222600           fadd     $r14, r14, r17
2afa: aab96ec22500           fadd     $r14, r23, r14
2b00: aa8970422400           fadd     $r2, r24, r2
2b06: 8e29541600000000       iadd     $r10, r10.sx, 1
2b0e: fe4594128000           and      $r17, $r10, 1
2b14: 920962020044c005       csel     $r2, r17, 0, r2, r14, ieq
2b1c: fe2954228000           and      $r10, r10, 2
2b22: aab9840a0002           fadd     $r14, $r2.neg, -0.0
2b28: 920954020044c005       csel     $r2, r10, 0, r2, r14, ieq
2b30: 82894a46184420392002   csel     $r2, r5.abs, u66, r2, u73, flt
2b3a: 8a298482               rcp      $r10, $r2
2b3e: ba39844a2930           ffma     $r14, $r2.neg, $r10, 1.0
2b44: bab95c4229940200       ffma     $r14, r14, $r10, $r10
2b4c: 82295cc2255c4005       csel     $r10, r14, r14, r14, r10, feq
2b54: ba39844a2930           ffma     $r14, $r2.neg, $r10, 1.0
2b5a: bab95c4229940200       ffma     $r14, r14, $r10, $r10
2b62: 82295cc2255c4005       csel     $r10, r14, r14, r14, r10, feq
2b6a: 9ab982422900           fmul     $r14, $r1, $r10
2b70: ba8544ca29420200       ffma     $r1, r2.neg, $r14, r1
2b78: ba854242259c0200       ffma     $r1, r1, r10, $r14
2b80: 82099c02009c2008       csel     $r2, $r14, 0.0, $r14, $r1, feq
2b88: 020942222444c005       csel     r2, r1, r1, r2, r14, feq
2b90: 7e05460a8000           mov      r1, r3
2b96: 520e00000000           pop_exec 1
2b9c: 82a98a42028a60fe0003   csel     $r10, $r5, -10.0, $r5, u147, fgtn
2ba6: aab994020002           fadd     $r14, $r10, -0.0
2bac: 82a95442025c60783001   csel     $r10, r10, 10.0, r14, u99, fltn
2bb6: 9aa954e21802           fmul     $r10, r10, u71
2bbc: 8a3994da               exp2     $r14, $r10.neg
2bc0: 8a2954d2               exp2     $r10, r10
2bc4: aac594c2a900           fadd     $r17, $r10, $r14.neg
2bca: aaa954c22500           fadd     $r10, r10, r14
2bd0: 8a399482               rcp      $r14, $r10
2bd4: ba5994ca2930           ffma     $r22, $r10.neg, $r14, 1.0
2bda: bad96cc2299c0200       ffma     $r22, r22, $r14, $r14
2be2: 82396cc2266cc005       csel     $r14, r22, r22, r22, r14, feq
2bea: ba5994ca2930           ffma     $r22, $r10.neg, $r14, 1.0
2bf0: bad96cc2299c0200       ffma     $r22, r22, $r14, $r14
2bf8: 82396cc2266cc005       csel     $r14, r22, r22, r22, r14, feq
2c00: 9ad9a2c22900           fmul     $r22, $r17, $r14
2c06: baa954ca2a620200       ffma     $r10, r10.neg, $r22, r17
2c0e: baa954c225ac0200       ffma     $r10, r10, r14, $r22
2c16: 8239ac0200ac4009       csel     $r14, $r22, 0.0, $r22, $r10, feq
2c1e: 82295442255cc006       csel     $r10, r10, r10, r14, r22, feq
2c26: 822900a06854a028       csel     $r10, 0.0, $r5.abs, r10, $r5, flt
2c2e: 92892301004440050004   csel     $r2, u49h, 0, r2, r10, ieq
2c38: baa968a168d64100       ffma     $r10, u148l, $r5.abs, u171
2c40: baa9548229cc8100       ffma     $r10, r10, $r12, u198
2c48: baa9caa168540208       ffma     $r10, u197, $r5.abs, r10
2c50: baa954a268e08100       ffma     $r10, r10, $r5.abs, u208
2c58: baa954a268fe0100       ffma     $r10, r10, $r5.abs, u159
2c60: baa954a268d88100       ffma     $r10, r10, $r5.abs, u204
2c68: baa954a2688a0e00       ffma     $r10, r10, $r5.abs, $r5.abs.neg
2c70: bab994421fea0100       ffma     $r14, $r10, u154, u149
2c78: bab994c225f20100       ffma     $r14, $r10, r14, u153
2c80: bab994c225ee0100       ffma     $r14, $r10, r14, u151
2c88: bab994c225fa0100       ffma     $r14, $r10, r14, u157
2c90: ba3994c22520           ffma     $r14, $r10, r14, 0.5
2c96: ba3994c22530           ffma     $r14, $r10, r14, 1.0
2c9c: 9ab994c22500           fmul     $r14, $r10, r14
2ca2: 9ac594e21802           fmul     $r17, $r10, u71
2ca8: 8a4562d2               exp2     $r17, r17
2cac: aac562020302           fadd     $r17, r17, -1.0
2cb2: 82295406025c2026       csel     $r10, r10.abs, 0.5, r14, r17, flt
2cba: aaa9540a0002           fadd     $r10, r10.neg, -0.0
2cc0: fe2954829a02           and      $r10, r10, u84
2cc6: fe29546ae600           or       $r10, r10, r19
2ccc: bab9c48129c28108       ffma     $r14, u194, $r12, u193
2cd4: bab95c8229c88100       ffma     $r14, r14, $r12, u196
2cdc: bab95c8229da8100       ffma     $r14, r14, $r12, u205
2ce4: bab95c8229e84100       ffma     $r14, r14, $r12, u180
2cec: bab15c8225c08100       ffma     $r12, r14, r12, u192
2cf4: bab158a2288a0200       ffma     $r12, r12, $r5, $r5
2cfc: 82a926a168548025000c   csel     $r10, u115l, $r5.abs, r10, r12, flt
2d06: 92892401004440050004   csel     $r2, u50l, 0, r2, r10, ieq
2d10: fe299e029a02           and      $r10, $r15, u80
2d16: fe2954aad902           or       $r10, r10, u77
2d1c: 9ab194020200           fmul     $r12, $r10, 0.5
2d22: 82b18641295840290008   csel     $r12, u67, $r10, r12, $r10, flt
2d2c: 82a98641250101300008   csel     $r10, u67, r10, 1, 0, flt
2d36: aeb900e029170000       shr      $r14, $r15, 23
2d3e: 8e395cfe03010000       isub     $r14, r14.sx, 127
2d46: 0e2954c665000000       iadd     r10, r10.sx, r14.sx
2d4e: aab158020302           fadd     $r12, r12, -1.0
2d54: aab900802904           fadd     $r14, 2.0, $r12
2d5a: aac59c020003           fadd     $r17, $r14, -2.0
2d60: aac59822a600           fadd     $r17, $r12, r17.neg
2d66: 8a4d9c82               rcp      $r19, $r14
2d6a: ba599c6a2a30           ffma     $r22, $r14.neg, $r19, 1.0
2d70: bad96c622aa60200       ffma     $r22, r22, $r19, $r19
2d78: 824d6cc2266c6006       csel     $r19, r22, r22, r22, r19, feq
2d80: ba599c6a2a30           ffma     $r22, $r14.neg, $r19, 1.0
2d86: bad96c622aa60200       ffma     $r22, r22, $r19, $r19
2d8e: 824d6cc2266c6006       csel     $r19, r22, r22, r22, r19, feq
2d96: 9ad998622a00           fmul     $r22, $r12, $r19
2d9c: baddacca29980200       ffma     $r23, $r22.neg, $r14, $r12
2da4: bad96e622a6c0200       ffma     $r22, r23, $r19, r22
2dac: bab1acca25580200       ffma     $r12, $r22.neg, r14, r12
2db4: 9ab9ac222600           fmul     $r14, $r22, r17
2dba: aab158c2a500           fadd     $r12, r12, r14.neg
2dc0: 9ab158622600           fmul     $r12, r12, r19
2dc6: 9ab9acc22a00           fmul     $r14, $r22, $r22
2dcc: bac5acc22a9c0a00       ffma     $r17, $r22, $r22, $r14.neg
2dd4: 9acdacc22900           fmul     $r19, $r22, $r14
2dda: baddacc229a60a00       ffma     $r23, $r22, $r14, $r19.neg
2de2: 9ac5ac222600           fmul     $r17, $r22, r17
2de8: aac56e222600           fadd     $r17, r23, r17
2dee: 9add98820001           fmul     $r23, $r12, 3.0
2df4: bac56ec229620200       ffma     $r17, r23, $r14, r17
2dfc: baddaec129ac8108       ffma     $r23, u87, $r14, u86
2e04: badd6ec229b48100       ffma     $r23, r23, $r14, u90
2e0c: badd6ec229b68100       ffma     $r23, r23, $r14, u91
2e14: badd6ec229b88100       ffma     $r23, r23, $r14, u92
2e1c: bab95ce226aa8100       ffma     $r14, r14, r23, u85
2e24: aaddbac12908           fadd     $r23, u93, $r14
2e2a: aae1ae221b02           fadd     $r24, $r23, u89
2e30: aab95c02a700           fadd     $r14, r14, r24.neg
2e36: 9ae1a6e22a00           fmul     $r24, $r19, $r23
2e3c: baeda6e22ab00a00       ffma     $r27, $r19, $r23, $r24.neg
2e44: 9ab966c22500           fmul     $r14, r19, r14
2e4a: aab976c22500           fadd     $r14, r27, r14
2e50: 9ac562e22600           fmul     $r17, r17, r23
2e56: aab95c222600           fadd     $r14, r14, r17
2e5c: 9ac56c020001           fmul     $r17, r22, 2.0
2e62: 9acda2e21802           fmul     $r19, $r17, u71
2e68: bad9a2e218a60a02       ffma     $r22, $r17, u71, $r19.neg
2e70: bad9a2621b6c0203       ffma     $r22, $r17, u123, r22
2e78: 9add00002704           fmul     $r23, 2.0, r24
2e7e: 9ae1aee21802           fmul     $r24, $r23, u71
2e84: baedaee218b00a02       ffma     $r27, $r23, u71, $r24.neg
2e8c: 9ab158020001           fmul     $r12, r12, 2.0
2e92: 9ab900c02504           fmul     $r14, 2.0, r14
2e98: aaf198c22900           fadd     $r28, $r12, $r14
2e9e: bad978e2186c0202       ffma     $r22, r28, u71, r22
2ea6: aad96c622700           fadd     $r22, r22, r27
2eac: bea90b442500           s32_to_f $r10, r10, rte
2eb2: aaed94622a00           fadd     $r27, $r10, $r19
2eb8: aaf1b642a900           fadd     $r28, $r27, $r10.neg
2ebe: aacd6682a700           fadd     $r19, r19, r28.neg
2ec4: aaf1b6022b00           fadd     $r28, $r27, $r24
2eca: aaedb862a700           fadd     $r27, $r28, r27.neg
2ed0: aae17062a700           fadd     $r24, r24, r27.neg
2ed6: aacd66022700           fadd     $r19, r19, r24
2edc: aacd66c22600           fadd     $r19, r19, r22
2ee2: aacd78622600           fadd     $r19, r28, r19
2ee8: 92d984e129924138a008   csel     $r22, u66, $r15, u73, u66, ult
2ef2: fe619e829a02           and      $r24, $r15, u84
2ef8: 92d970c21898c1268002   csel     $r22, r24, u70, u76, r22, ult
2f02: 8e3d5e8659020000       iadd     $r15, r15.sx, u76.sx
2f0a: 92cd9e021966c02a0002   csel     $r19, $r15, u72, r19, $r22, ult
2f14: 9ae194021803           fmul     $r24, $r10, u96
2f1a: aaedb0222a00           fadd     $r27, $r24, $r17
2f20: aae1b602a700           fadd     $r24, $r27, r24.neg
2f26: aac56202a700           fadd     $r17, r17, r24.neg
2f2c: aae1b6e22a00           fadd     $r24, $r27, $r23
2f32: aaedb062a700           fadd     $r27, $r24, r27.neg
2f38: aadd6e62a700           fadd     $r23, r23, r27.neg
2f3e: aac562e22600           fadd     $r17, r17, r23
2f44: aab962c22500           fadd     $r14, r17, r14
2f4a: aab15c822500           fadd     $r12, r14, r12
2f50: baa9542218580203       ffma     $r10, r10, u97, r12
2f58: aaa970422500           fadd     $r10, r24, r10
2f5e: 92a95e021954c0260002   csel     $r10, r15, u72, r10, r22, ult
2f68: bab1ea612afc4104       ffma     $r12, u181, $r19, u190
2f70: bab1584229f84100       ffma     $r12, r12, $r10, u188
2f78: bab1584229ca4100       ffma     $r12, r12, $r10, u165
2f80: bab1584229c64100       ffma     $r12, r12, $r10, u163
2f88: bab1584229ce4100       ffma     $r12, r12, $r10, u167
2f90: bab1584229f44100       ffma     $r12, r12, $r10, u186
2f98: bab1584229d84100       ffma     $r12, r12, $r10, u172
2fa0: bab9c06126d44104       ffma     $r14, u160, r19, u170
2fa8: bab95c4229e04100       ffma     $r14, r14, $r10, u176
2fb0: bab95c4229ec4100       ffma     $r14, r14, $r10, u182
2fb8: bab95c4229f24100       ffma     $r14, r14, $r10, u185
2fc0: bab95c4229d68100       ffma     $r14, r14, $r10, u203
2fc8: bab95c4229de8100       ffma     $r14, r14, $r10, u207
2fd0: bab95c4229d48100       ffma     $r14, r14, $r10, u202
2fd8: bab95c4229f64100       ffma     $r14, r14, $r10, u187
2fe0: bab1584229d04100       ffma     $r12, r12, $r10, u168
2fe8: bab95c4229cc4100       ffma     $r14, r14, $r10, u166
2ff0: 82a954721258c0250003   csel     $r10, r10, u115h, r12, r14, flt
2ffa: 9aa98a422500           fmul     $r10, $r5, r10
3000: 92892501004440050004   csel     $r2, u50h, 0, r2, r10, ieq
300a: baa98a421fea0100       ffma     $r10, $r5, u154, u149
3012: baa98a4225f20100       ffma     $r10, $r5, r10, u153
301a: baa98a4225ee0100       ffma     $r10, $r5, r10, u151
3022: baa98a4225fa0100       ffma     $r10, $r5, r10, u157
302a: ba298a422520           ffma     $r10, $r5, r10, 0.5
3030: ba298a422530           ffma     $r10, $r5, r10, 1.0
3036: 9aa98a422500           fmul     $r10, $r5, r10
303c: aaad56020302           fadd     $r11, r11, -1.0
3042: 82298a0602546025       csel     $r10, $r5.abs, 0.5, r10, r11, flt
304a: 92892601004440050004   csel     $r2, u51l, 0, r2, r10, ieq
3054: 928927010044e0040004   csel     $r2, u51h, 0, r2, r7, ieq
305e: 829c9246180011100002   csel     $r7l, $r9.abs, u66, 0, 1, feq
3068: 821e922229001110       csel     $r7h, $r9, $r9, 0, 1, feq
3070: fe1e4f184000           xor      $r7h, r7h, 1
3076: 821c9222294ef004       csel     $r7l, $r9, $r9, r7l, r7h, feq
307e: 9aa95ae61802           fmul     $r10, r13.abs, u71
3084: 8a2954da               exp2     $r10, r10.neg
3088: aaad30402900           fadd     $r11, 1.0, $r10
308e: fe3196029a02           and      $r12, $r11, u80
3094: fe3158aad902           or       $r12, r12, u77
309a: 9ab598020200           fmul     $r13, $r12, 0.5
30a0: 82b58681295a80290008   csel     $r13, u67, $r12, r13, $r12, flt
30aa: 82b18681250101300008   csel     $r12, u67, r12, 1, 0, flt
30b4: aeb9006029170000       shr      $r14, $r11, 23
30bc: 8e395cfe03010000       isub     $r14, r14.sx, 127
30c4: 0e3158c665000000       iadd     r12, r12.sx, r14.sx
30cc: aab55a020302           fadd     $r13, r13, -1.0
30d2: aab900a02904           fadd     $r14, 2.0, $r13
30d8: aabd9c020003           fadd     $r15, $r14, -2.0
30de: aabd9ae2a500           fadd     $r15, $r13, r15.neg
30e4: 8a459c82               rcp      $r17, $r14
30e8: ba4d9c2a2a30           ffma     $r19, $r14.neg, $r17, 1.0
30ee: bacd66222aa20200       ffma     $r19, r19, $r17, $r17
30f6: 8245666226662006       csel     $r17, r19, r19, r19, r17, feq
30fe: ba4d9c2a2a30           ffma     $r19, $r14.neg, $r17, 1.0
3104: bacd66222aa20200       ffma     $r19, r19, $r17, $r17
310c: 8245666226662006       csel     $r17, r19, r19, r19, r17, feq
3114: 9acd9a222a00           fmul     $r19, $r13, $r17
311a: bad9a6ca299a0200       ffma     $r22, $r19.neg, $r14, $r13
3122: bacd6c222a660200       ffma     $r19, r22, $r17, r19
312a: bab5a6ca255a0200       ffma     $r13, $r19.neg, r14, r13
3132: 9ab9a6e22500           fmul     $r14, $r19, r15
3138: aab55ac2a500           fadd     $r13, r13, r14.neg
313e: 9ab55a222600           fmul     $r13, r13, r17
3144: 9ab9a6622a00           fmul     $r14, $r19, $r19
314a: babda6622a9c0a00       ffma     $r15, $r19, $r19, $r14.neg
3152: 9ac5a6c22900           fmul     $r17, $r19, $r14
3158: bad9a6c229a20a00       ffma     $r22, $r19, $r14, $r17.neg
3160: 9abda6e22500           fmul     $r15, $r19, r15
3166: aabd6ce22500           fadd     $r15, r22, r15
316c: 9ad99a820001           fmul     $r22, $r13, 3.0
3172: babd6cc2295e0200       ffma     $r15, r22, $r14, r15
317a: bad9aec129ac8108       ffma     $r22, u87, $r14, u86
3182: bad96cc229b48100       ffma     $r22, r22, $r14, u90
318a: bad96cc229b68100       ffma     $r22, r22, $r14, u91
3192: bad96cc229b88100       ffma     $r22, r22, $r14, u92
319a: bab95cc226aa8100       ffma     $r14, r14, r22, u85
31a2: aad9bac12908           fadd     $r22, u93, $r14
31a8: aaddac221b02           fadd     $r23, $r22, u89
31ae: aab95ce2a600           fadd     $r14, r14, r23.neg
31b4: 9adda2c22a00           fmul     $r23, $r17, $r22
31ba: bae1a2c22aae0a00       ffma     $r24, $r17, $r22, $r23.neg
31c2: 9ab962c22500           fmul     $r14, r17, r14
31c8: aab970c22500           fadd     $r14, r24, r14
31ce: 9abd5ec22600           fmul     $r15, r15, r22
31d4: aab95ce22500           fadd     $r14, r14, r15
31da: 9abd66020001           fmul     $r15, r19, 2.0
31e0: beb10b842500           s32_to_f $r12, r12, rte
31e6: 9ac598021803           fmul     $r17, $r12, u96
31ec: aacda2e22900           fadd     $r19, $r17, $r15
31f2: aac5a622a600           fadd     $r17, $r19, r17.neg
31f8: aabd5e22a600           fadd     $r15, r15, r17.neg
31fe: 9ac500e02604           fmul     $r17, 2.0, r23
3204: aad9a6222a00           fadd     $r22, $r19, $r17
320a: aacdac62a600           fadd     $r19, $r22, r19.neg
3210: aac56262a600           fadd     $r17, r17, r19.neg
3216: aabd5e222600           fadd     $r15, r15, r17
321c: 9ab900c02504           fmul     $r14, 2.0, r14
3222: aab95ec22500           fadd     $r14, r15, r14
3228: 9ab55a020001           fmul     $r13, r13, 2.0
322e: aab55ca22500           fadd     $r13, r14, r13
3234: bab15822185a0203       ffma     $r12, r12, u97, r13
323c: aab16c822500           fadd     $r12, r22, r12
3242: 92b5846129924138a008   csel     $r13, u66, $r11, u73, u66, ult
324c: fe3996829a02           and      $r14, $r11, u84
3252: 92b55cc21898a1258002   csel     $r13, r14, u70, u76, r13, ult
325c: 8e39968659020000       iadd     $r14, $r11.sx, u76.sx
3264: 92b15c021958a0250002   csel     $r12, r14, u72, r12, r13, ult
326e: 8229560203548005       csel     $r10, r11, 1.0, r10, r12, feq
3276: aaa992422500           fadd     $r10, $r9, r10
327c: 92254e0000524005       csel     $r9, r7l, 0, r9, r10, ieq
3284: 92892801004420050004   csel     $r2, u52l, 0, r2, r9, ieq
328e: 8a9d8a020100           ceil     $r7, $r5
3294: 928929010044e0040004   csel     $r2, u52h, 0, r2, r7, ieq
329e: 8a1d8a02               floor    $r7, $r5
32a2: 92892a010044e0040004   csel     $r2, u53l, 0, r2, r7, ieq
32ac: 8a9d8a020300           rint     $r7, $r5
32b2: 92892b010044e0040004   csel     $r2, u53h, 0, r2, r7, ieq
32bc: 8a9d50020200           trunc    $r7, r8
32c2: ba9d8cea244a0200       ffma     $r7, $r6.neg, r7, r5
32ca: aaa58ec22800           fadd     $r9, $r7, $r6
32d0: 82288e0200010130       csel     $r10l, $r7, 0.0, 1, 0, flt
32d8: 92255440078e2005       csel     $r9, r10l, r26l, $r7, r9, ieq
32e0: 821d4e02004e2005       csel     $r7, r7, 0.0, r7, r9, feq
32e8: 829d4c020092e1048000   csel     $r7, r6, 0.0, u73, r7, feq
32f2: 12853901004260040004   csel     r1, u60h, 0, r1, r3, ieq
32fc: 12892c010044e0040004   csel     r2, u54l, 0, r2, r7, ieq
3306: 52092d010004           if       u54h, 0, 1, ine
330c: 20c0e2030000           jmp_none 994
3312: 82044a0203010110       csel     $r1l, r5, 1.0, 1, 0, feq
331a: 02044c0200012104       csel     r1l, r6, 0.0, 1, r1l, feq
3322: 520842000000           if       r1l, 0, 1, ieq
3328: 20c0ae030000           jmp_none 942
332e: 520841000000           if       r0h, 0, 1, ieq
3334: 20c090030000           jmp_none 912
333a: 42084c461802           if       r6.abs, u66, 1, feq
3340: 92856820078401108000   csel     $r1, r20l, r25l, u66, 0, ieq
334a: 02894a06039a21048000   csel     r2, r5.abs, 1.0, u77, r1, feq
3354: 420a00000000           else     0.0, 0.0, 1, feq
335a: 20c064030000           jmp_none 868
3360: 9a858c060200           fmul     $r1, $r6.abs, 0.5
3366: ba890020288c060c       ffma     $r2, -2.0, $r1, $r6.abs
336e: ba89440202820200       ffma     $r2, r2, 0.5, $r1
3376: 821d820200824008       csel     $r7, $r1, 0.0, $r1, $r2, feq
337e: 82054442244e2004       csel     $r1, r2, r2, r7, r1, feq
3386: 8a054202               floor    $r1, r1
338a: ba850020248c060c       ffma     $r1, -2.0, r1, $r6.abs
3392: 8a098c02               floor    $r2, $r6
3396: 8202420203010110       csel     $r0h, r1, 1.0, 1, 0, feq
339e: 82024c4224410010       csel     $r0h, r6, r2, r0h, 0, feq
33a6: 12028a02004100b0       csel     r0h, $r5, 0, r0h, 0, slt
33ae: 82848a46180101100002   csel     $r1l, $r5.abs, u66, 1, 0, feq
33b8: 02068a0200010110       csel     r1h, $r5, 0.0, 1, 0, feq
33c0: 02044a0200012104       csel     r1l, r5, 0.0, 1, r1l, feq
33c8: 520942000000           if       r1l, 0, 1, ine
33ce: 92894340078401108000   csel     $r2, r1h, r26l, u66, 0, ieq
33d8: aa85840a0002           fadd     $r1, $r2.neg, -0.0
33de: 1209410000442004       csel     r2, r0h, 0, r2, r1, ieq
33e6: 420a00000000           else     0.0, 0.0, 1, feq
33ec: 20c0cc020000           jmp_none 716
33f2: 02044c4224009106       csel     r1l, r6, r2, 0, r20h, feq
33fa: 520842000000           if       r1l, 0, 1, ieq
3400: 20c0a6020000           jmp_none 678
3406: 82046cc1680101b0       csel     $r1l, u150l, $r6.abs, 1, 0, fgte
340e: 02044c4224420010       csel     r1l, r6, r2, r1l, 0, feq
3416: 520942000000           if       r1l, 0, 1, ine
341c: 02054c0200604026       csel     r1, r6, 0.0, r16, r18, flt
3424: be8909a02600           f_to_s32 $r2, r21, rtz
342a: 7e19440a8000           mov      r6, r2
3430: 7e099a098008           mov      r2, u77
3436: 420800000000           if       0.0, 0.0, 1, feq
343c: 52ac00c02800           while    0, $r6, 1, slt
3442: 9a9d84222800           fmul     $r7, $r2, $r1
3448: fe258c128000           and      $r9, $r6, 1
344e: 120952020044e004       csel     r2, r9, 0, r2, r7, ieq
3456: 9a9d82222800           fmul     $r7, $r1, $r1
345c: ae994c1600000000       asr      $r6, r6, 1, 0, 0
3464: 12054c020042e004       csel     r1, r6, 0, r1, r7, ieq
346c: 00c0d0ffffff           jmp_any  -48
3472: 520e00000000           pop_exec 1
3478: 420a00000000           else     0.0, 0.0, 1, feq
347e: 20c014020000           jmp_none 532
3484: fe05a4029a02           and      $r1, $r18, u80
348a: fe0542aad902           or       $r1, r1, u77
3490: 9a8982020200           fmul     $r2, $r1, 0.5
3496: 82898621284420280008   csel     $r2, u67, $r1, r2, $r1, flt
34a0: aa8944020302           fadd     $r2, r2, -1.0
34a6: aa9d00402804           fadd     $r7, 2.0, $r2
34ac: 8a258e82               rcp      $r9, $r7
34b0: ba298e2a2930           ffma     $r10, $r7.neg, $r9, 1.0
34b6: baa9542229920200       ffma     $r10, r10, $r9, $r9
34be: 8225544225542005       csel     $r9, r10, r10, r10, r9, feq
34c6: ba298e2a2930           ffma     $r10, $r7.neg, $r9, 1.0
34cc: baa9542229920200       ffma     $r10, r10, $r9, $r9
34d4: 8225544225542005       csel     $r9, r10, r10, r10, r9, feq
34dc: 9aa984222900           fmul     $r10, $r2, $r9
34e2: baad94ea28840200       ffma     $r11, $r10.neg, $r7, $r2
34ea: baa9562229540200       ffma     $r10, r11, $r9, r10
34f2: aaad8e020003           fadd     $r11, $r7, -2.0
34f8: aaad8462a500           fadd     $r11, $r2, r11.neg
34fe: ba8994ea24440200       ffma     $r2, $r10.neg, r7, r2
3506: 9a9d94622500           fmul     $r7, $r10, r11
350c: aa8944e2a400           fadd     $r2, r2, r7.neg
3512: 9a8944222500           fmul     $r2, r2, r9
3518: 9a9d94422900           fmul     $r7, $r10, $r10
351e: baa59442298e0a00       ffma     $r9, $r10, $r10, $r7.neg
3526: 9aa594222500           fmul     $r9, $r10, r9
352c: 9aad94e22800           fmul     $r11, $r10, $r7
3532: bab194e228960a00       ffma     $r12, $r10, $r7, $r11.neg
353a: aaa558222500           fadd     $r9, r12, r9
3540: 9ab184820001           fmul     $r12, $r2, 3.0
3546: baa558e228520200       ffma     $r9, r12, $r7, r9
354e: bab1aee128ac8108       ffma     $r12, u87, $r7, u86
3556: bab158e228b48100       ffma     $r12, r12, $r7, u90
355e: bab158e228b68100       ffma     $r12, r12, $r7, u91
3566: bab158e228b88100       ffma     $r12, r12, $r7, u92
356e: ba9d4e8225aa8100       ffma     $r7, r7, r12, u85
3576: aab1bae12808           fadd     $r12, u93, $r7
357c: aab598221b02           fadd     $r13, $r12, u89
3582: aa9d4ea2a500           fadd     $r7, r7, r13.neg
3588: 9a9d96e22400           fmul     $r7, $r11, r7
358e: 9ab596822900           fmul     $r13, $r11, $r12
3594: baad5682299a0a00       ffma     $r11, r11, $r12, $r13.neg
359c: 9aa552822500           fmul     $r9, r9, r12
35a2: aa9d56e22400           fadd     $r7, r11, r7
35a8: aa9d4e222500           fadd     $r7, r7, r9
35ae: 9aa554020001           fmul     $r9, r10, 2.0
35b4: 9aa992e21802           fmul     $r10, $r9, u71
35ba: baad92e218940a02       ffma     $r11, $r9, u71, $r10.neg
35c2: baa552621b560203       ffma     $r9, r9, u123, r11
35ca: 9a9d00e02404           fmul     $r7, 2.0, r7
35d0: 9a8944020001           fmul     $r2, r2, 2.0
35d6: aa8944e22400           fadd     $r2, r2, r7
35dc: ae9d00402a170000       shr      $r7, $r18, 23
35e4: 8e1d4efe03010000       isub     $r7, r7.sx, 127
35ec: 82858621240101300008   csel     $r1, u67, r1, 1, 0, flt
35f6: 0e0542e664000000       iadd     r1, r1.sx, r7.sx
35fe: ba8944e218520202       ffma     $r2, r2, u71, r9
3606: be850b242400           s32_to_f $r1, r1, rte
360c: 9a9d00a02504           fmul     $r7, 2.0, r13
3612: aaa582422900           fadd     $r9, $r1, $r10
3618: aa859222a400           fadd     $r1, $r9, r1.neg
361e: 9aad8ee21802           fmul     $r11, $r7, u71
3624: aab192622900           fadd     $r12, $r9, $r11
362a: aaa59822a500           fadd     $r9, $r12, r9.neg
3630: ba9d4ee218960a02       ffma     $r7, r7, u71, $r11.neg
3638: aaa55622a500           fadd     $r9, r11, r9.neg
363e: aa855422a400           fadd     $r1, r10, r1.neg
3644: aa8944e22400           fadd     $r2, r2, r7
364a: aa8542222500           fadd     $r1, r1, r9
3650: aa8542422400           fadd     $r1, r1, r2
3656: 928984412a924138a008   csel     $r2, u66, $r18, u73, u66, ult
3660: fe1da4829a02           and      $r7, $r18, u84
3666: 92894ec2189841248002   csel     $r2, r7, u70, u76, r2, ult
3670: aa8558222400           fadd     $r1, r12, r1
3676: 8e1d648659020000       iadd     $r7, r18.sx, u76.sx
367e: 92854e02194240240002   csel     $r1, r7, u72, r1, r2, ult
3688: 9a8542c22400           fmul     $r1, r1, r6
368e: 0a0942d2               exp2     r2, r1
3692: 520e00000000           pop_exec 1
3698: aa85840a0002           fadd     $r1, $r2.neg, -0.0
369e: 1209410000442004       csel     r2, r0h, 0, r2, r1, ieq
36a6: 420a00000000           else     0.0, 0.0, 1, feq
36ac: 7e0992098008           mov      r2, u73
36b2: 520e00000000           pop_exec 1
36b8: 520e00000000           pop_exec 1
36be: 520e00000000           pop_exec 1
36c4: 420a00000000           else     0.0, 0.0, 1, feq
36ca: 7e0992098008           mov      r2, u73
36d0: 520e00000000           pop_exec 1
36d6: 420a00000000           else     0.0, 0.0, 1, feq
36dc: 7e099a098008           mov      r2, u77
36e2: 520e00000000           pop_exec 1
36e8: 7e05460a8000           mov      r1, r3
36ee: 520e00000000           pop_exec 1
36f4: 82198a0200f60130       csel     $r6, $r5, 0.0, u155, 0, flt
36fc: 829500a0249ac1248000   csel     $r5, 0.0, r5, u77, r6, flt
3706: 92892e010044a0040004   csel     $r2, u55l, 0, r2, r5, ieq
3710: 92892f01004440060004   csel     $r2, u55h, 0, r2, r18, ieq
371a: 12853a01004260040004   csel     r1, u61l, 0, r1, r3, ieq
3724: 8a0d5002               floor    $r3, r8
3728: 12893001004460040004   csel     r2, u56l, 0, r2, r3, ieq
3732: 0e0dbc8568040000       iadd     r3, u62.sx, $r4.sx
373a: 4511600e80c01200       store    r2, du64, r3, i32, x, a
3742: 0e0d8c8d64000000       isub     r3, u6.sx, r4.sx
374a: 52298a612400           if       u5, r3, 1, ugte
3750: 3800                   wait     a
3752: 62000200               ldimm    r0l, 2
3756: 520600000000           pop_exec 0
375c: 520e00000000           pop_exec 1
3762: 0e1148a658000000       iadd     r4, r4.sx, u5.sx
376a: 7e0d420a8000           mov      r3, r1
3770: 3800                   wait     a
3772: 00c0b6c8ffff           jmp_any  -14154
3778: 520e00000000           pop_exec 1
377e: 8800                   stop
block0 {
   3 = device_load u0:u1, #9, xyz, #0x0, slot 0
   228, 229, 230 = split 3
   4 = bfi #0, 230, #8, #0x0
   uniform_store 4, #8, x, #0x0
   6d = collect 228, 229
   7 = device_load 6d, #0, xyz, #0x0, slot 0
   232, _, _ = split 7
   8 = bfi #0, 232, #8, #0x0
   uniform_store 8, #10, x, #0x0
   10 = device_load u0:u1, #61, x, #0x0, slot 0
   uniform_store 10, #12, x, #0x0
   12 = device_load u0:u1, #139, x, #0x0, slot 0
   13h = icmp 12, #0, #0x0
   uniform_store 13h, #14, x, #0x0
   15 = device_load u0:u1, #32, xy, #0x0, slot 0
   240, 241 = split 15
   242 = collect 240, 241
   uniform_store 242, #16, xy, #0x0
   17 = device_load u0:u1, #31, xy, #0x0, slot 0
   243, 244 = split 17
   245 = collect 243, 244
   uniform_store 245, #20, xy, #0x0
   18 = convert #10, 243, #0x1
   19 = rcp 18
   22 = ffma 18.neg, 19, #1.000000
   23 = ffma 22, 19, 19
   25 = fcmpsel 23, 23, 23, 19, #0x0
   26 = ffma 18.neg, 25, #1.000000
   27 = ffma 26, 25, 25
   29 = fcmpsel 27, 27, 27, 25, #0x0
   30 = mov_imm #0x4f7ffffe
   31 = fmul 29, 30
   32 = convert #8, 31, #0x0
   33 = imad 243, 32, #0, #0x0
   34 = iadd #0, 33.neg, #0x0
   246d = imad 32.abs, 34.abs, #0, #0x0
   _, 35 = split 246d
   36 = iadd 32, 35, #0x0
   uniform_store 36, #24, x, #0x0
   37 = iadd #0, 243.neg, #0x0
   uniform_store 37, #26, x, #0x0
   38h = icmp 243, 10, #0x0
   uniform_store 38h, #28, x, #0x0
   40h = icmp 243, #1, #0x0
   uniform_store 40h, #29, x, #0x0
   41 = convert #10, 244, #0x1
   42 = rcp 41
   44 = ffma 41.neg, 42, #1.000000
   45 = ffma 44, 42, 42
   47 = fcmpsel 45, 45, 45, 42, #0x0
   48 = ffma 41.neg, 47, #1.000000
   49 = ffma 48, 47, 47
   51 = fcmpsel 49, 49, 49, 47, #0x0
   52 = fmul 51, 30
   53 = convert #8, 52, #0x0
   54 = imad 244, 53, #0, #0x0
   55 = iadd #0, 54.neg, #0x0
   252d = imad 53.abs, 55.abs, #0, #0x0
   _, 56 = split 252d
   57 = iadd 53, 56, #0x0
   uniform_store 57, #30, x, #0x0
   58 = iadd #0, 244.neg, #0x0
   uniform_store 58, #32, x, #0x0
   59h = icmp 244, 10, #0x0
   uniform_store 59h, #34, x, #0x0
   60h = icmp 244, #1, #0x0
   uniform_store 60h, #35, x, #0x0
   uniform_store 240, #36, x, #0x0
   uniform_store 241, #38, x, #0x0
   64 = iadd 12, #1.neg, #0x0
   uniform_store 64, #40, x, #0x0
   66 = device_load u0:u1, #135, x, #0x0, slot 0
   uniform_store 66, #42, x, #0x0
   67h = icmp 66, #0, #0x0
   uniform_store 67h, #44, x, #0x0
   70 = device_load u2:u3, #3, xyzw, #0x0, slot 0
   264, 265, _, _ = split 70
   71d = collect 264, 265
   268d = mov 71d
   uniform_store 268d, #48, x, #0x0
   uniform_store 268d, #52, x, #0x0
   uniform_store 268d, #56, x, #0x0
   72 = iadd #0, 66, #0x0
   uniform_store 72, #60, x, #0x0
   uniform_store 268d, #64, x, #0x0
   73 = device_load u2:u3, #0, xyzw, #0x0, slot 0
   273, 274, _, _ = split 73
   74d = collect 273, 274
   277d = mov 74d
   uniform_store 277d, #68, x, #0x0
   75 = device_load u2:u3, #1, xyzw, #0x0, slot 0
   278, 279, _, _ = split 75
   76d = collect 278, 279
   282d = mov 76d
   uniform_store 282d, #72, x, #0x0
   78 = device_load u0:u1, #123, x, #0x0, slot 0
   80h = icmp 78, #4, #0x0
   uniform_store 80h, #76, x, #0x0
   83h = icmpsel #3, 78, 80h, #1, #0x0
   85h = icmp 78, #5, #0x0
   uniform_store 85h, #77, x, #0x0
   86h = icmpsel 83h, #0, 85h, #1, #0x0
   88h = icmp 78, #6, #0x0
   uniform_store 88h, #78, x, #0x0
   89h = icmpsel 86h, #0, 88h, #1, #0x0
   91h = icmp 78, #7, #0x0
   uniform_store 91h, #79, x, #0x0
   92h = icmpsel 89h, #0, 91h, #1, #0x0
   93h = icmp 78, #8, #0x0
   uniform_store 93h, #80, x, #0x0
   94h = icmpsel 92h, #0, 93h, #1, #0x0
   95h = icmp 78, #9, #0x0
   uniform_store 95h, #81, x, #0x0
   96h = icmpsel 94h, #0, 95h, #1, #0x0
   98h = icmp 78, #10, #0x0
   uniform_store 98h, #82, x, #0x0
   99h = icmpsel 78, #10, #1, 96h, #0x0
   101h = icmp 78, #11, #0x0
   uniform_store 101h, #83, x, #0x0
   102h = icmpsel 99h, #0, 101h, #1, #0x0
   104h = icmp 78, #12, #0x0
   uniform_store 104h, #84, x, #0x0
   105h = icmpsel 102h, #0, 104h, #1, #0x0
   107h = icmp 78, #13, #0x0
   uniform_store 107h, #85, x, #0x0
   108h = icmpsel 105h, #0, 107h, #1, #0x0
   110h = icmp 78, #14, #0x0
   uniform_store 110h, #86, x, #0x0
   111h = icmpsel 108h, #0, 110h, #1, #0x0
   113h = icmp 78, #15, #0x0
   uniform_store 113h, #87, x, #0x0
   114h = icmpsel 111h, #0, 113h, #1, #0x0
   116h = icmp 78, #16, #0x0
   uniform_store 116h, #88, x, #0x0
   117h = icmpsel 114h, #0, 116h, #1, #0x0
   119h = icmp 78, #17, #0x0
   uniform_store 119h, #89, x, #0x0
   120h = icmpsel 117h, #0, 119h, #1, #0x0
   122h = icmp 78, #18, #0x0
   uniform_store 122h, #90, x, #0x0
   123h = icmpsel 120h, #0, 122h, #1, #0x0
   125h = icmp 78, #19, #0x0
   uniform_store 125h, #91, x, #0x0
   126h = icmpsel 123h, #0, 125h, #1, #0x0
   128h = icmp 78, #20, #0x0
   uniform_store 128h, #92, x, #0x0
   129h = icmpsel 126h, #0, 128h, #1, #0x0
   131h = icmp 78, #21, #0x0
   uniform_store 131h, #93, x, #0x0
   132h = icmpsel 129h, #0, 131h, #1, #0x0
   134h = icmp 78, #22, #0x0
   uniform_store 134h, #94, x, #0x0
   135h = icmpsel 132h, #0, 134h, #1, #0x0
   137h = icmp 78, #23, #0x0
   uniform_store 137h, #95, x, #0x0
   138h = icmpsel 135h, #0, 137h, #1, #0x0
   140h = icmp 78, #24, #0x0
   uniform_store 140h, #96, x, #0x0
   141h = icmpsel 138h, #0, 140h, #1, #0x0
   143h = icmp 78, #25, #0x0
   uniform_store 143h, #97, x, #0x0
   144h = icmpsel 141h, #0, 143h, #1, #0x0
   146h = icmp 78, #26, #0x0
   uniform_store 146h, #98, x, #0x0
   147h = icmpsel 144h, #0, 146h, #1, #0x0
   149h = icmp 78, #27, #0x0
   uniform_store 149h, #99, x, #0x0
   150h = icmpsel 147h, #0, 149h, #1, #0x0
   152h = icmp 78, #28, #0x0
   uniform_store 152h, #100, x, #0x0
   153h = icmpsel 150h, #0, 152h, #1, #0x0
   155h = icmp 78, #29, #0x0
   uniform_store 155h, #101, x, #0x0
   156h = icmpsel 153h, #0, 155h, #1, #0x0
   158h = icmp 78, #30, #0x0
   uniform_store 158h, #102, x, #0x0
   159h = icmpsel 156h, #0, 158h, #1, #0x0
   160h = icmp 78, #31, #0x0
   uniform_store 160h, #103, x, #0x0
   161h = icmpsel 159h, #0, 160h, #1, #0x0
   162h = icmp 78, #32, #0x0
   uniform_store 162h, #104, x, #0x0
   163h = icmpsel 161h, #0, 162h, #1, #0x0
   165h = icmp 78, #33, #0x0
   uniform_store 165h, #105, x, #0x0
   166h = icmpsel 163h, #0, 165h, #1, #0x0
   168h = icmp 78, #34, #0x0
   uniform_store 168h, #106, x, #0x0
   169h = icmpsel 166h, #0, 168h, #1, #0x0
   171h = icmp 78, #35, #0x0
   uniform_store 171h, #107, x, #0x0
   172h = icmpsel 169h, #0, 171h, #1, #0x0
   174h = icmp 78, #36, #0x0
   uniform_store 174h, #108, x, #0x0
   175h = icmpsel 172h, #0, 174h, #1, #0x0
   177h = icmp 78, #37, #0x0
   uniform_store 177h, #109, x, #0x0
   178h = icmpsel 175h, #0, 177h, #1, #0x0
   180h = icmp 78, #38, #0x0
   uniform_store 180h, #110, x, #0x0
   181h = icmpsel 178h, #0, 180h, #1, #0x0
   183h = icmp 78, #39, #0x0
   uniform_store 183h, #111, x, #0x0
   184h = icmpsel 181h, #0, 183h, #1, #0x0
   186h = icmp 78, #40, #0x0
   uniform_store 186h, #112, x, #0x0
   187h = icmpsel 184h, #0, 186h, #1, #0x0
   188h = xor 187h, #1
   uniform_store 188h, #113, x, #0x0
   189h = icmp 78, #0, #0x0
   uniform_store 189h, #114, x, #0x0
   190h = icmp 78, #1, #0x0
   uniform_store 190h, #115, x, #0x0
   192h = icmp 78, #2, #0x0
   uniform_store 192h, #116, x, #0x0
   193h = icmp 78, #3, #0x0
   uniform_store 193h, #117, x, #0x0
   194h = icmpsel 78, #4, #1, 193h, #0x0
   195h = icmpsel 78, #6, #1, 85h, #0x0
   196h = icmpsel 195h, #0, 194h, #1, #0x0
   197h = icmpsel 78, #8, #1, 91h, #0x0
   198h = icmpsel 78, #10, #1, 95h, #0x0
   199h = icmpsel 198h, #0, 197h, #1, #0x0
   200h = icmpsel 199h, #0, 196h, #1, #0x0
   201h = icmp #2, 78, #0x0, inv
   202h = icmpsel 200h, #0, 201h, #1, #0x0
   uniform_store 202h, #118, x, #0x0
   203h = icmpsel 78, #13, #1, 110h, #0x0
   204h = icmpsel 78, #15, #1, 203h, #0x0
   uniform_store 204h, #119, x, #0x0
   205h = icmpsel 78, #19, #1, 122h, #0x0
   206h = icmpsel 205h, #0, 119h, #1, #0x0
   207h = icmpsel 78, #21, #1, 128h, #0x0
   208h = icmpsel 78, #22, #1, 207h, #0x0
   209h = icmpsel 78, #25, #1, 140h, #0x0
   210h = icmpsel 209h, #0, 137h, #1, #0x0
   211h = icmpsel 210h, #0, 208h, #1, #0x0
   212h = icmpsel 211h, #0, 206h, #1, #0x0
   uniform_store 212h, #120, x, #0x0
   213h = icmpsel 78, #28, #1, 149h, #0x0
   214h = icmpsel 78, #30, #1, 155h, #0x0
   215h = icmpsel 78, #32, #1, 160h, #0x0
   216h = icmpsel 215h, #0, 214h, #1, #0x0
   217h = icmpsel 78, #34, #1, 165h, #0x0
   218h = icmpsel 78, #36, #1, 171h, #0x0
   219h = icmpsel 218h, #0, 217h, #1, #0x0
   220h = icmpsel 219h, #0, 216h, #1, #0x0
   221h = icmpsel 220h, #0, 213h, #1, #0x0
   uniform_store 221h, #121, x, #0x0
   222h = icmpsel 78, #38, #1, 183h, #0x0
   223h = icmpsel 78, #40, #1, 222h, #0x0
   uniform_store 223h, #122, x, #0x0
   225 = device_load u0:u1, #65, x, #0x0, slot 0
   uniform_store 225, #124, x, #0x0
   226 = device_load u2:u3, #2, xyzw, #0x0, slot 0
   333, 334, _, _ = split 226
   227d = collect 333, 334
   337d = mov 227d
   uniform_store 337d, #128, x, #0x0
   stop 
}

block0 {
   3 = device_load u0:u1, #9, xyz, #0x0, slot 0
   228, 229, 230 = split 3
   4 = bfi #0, 230, #8, #0x0
   uniform_store 4, #8, x, #0x0
   6d = collect 228, 229
   7 = device_load 6d, #0, xyz, #0x0, slot 0
   232, _, _ = split 7
   8 = bfi #0, 232, #8, #0x0
   uniform_store 8, #10, x, #0x0
   10 = device_load u0:u1, #61, x, #0x0, slot 0
   uniform_store 10, #12, x, #0x0
   12 = device_load u0:u1, #139, x, #0x0, slot 0
   13h = icmp 12, #0, #0x0
   uniform_store 13h, #14, x, #0x0
   15 = device_load u0:u1, #32, xy, #0x0, slot 0
   240, 241 = split 15
   242 = collect 240, 241
   uniform_store 242, #16, xy, #0x0
   17 = device_load u0:u1, #31, xy, #0x0, slot 0
   243, 244 = split 17
   245 = collect 243, 244
   uniform_store 245, #20, xy, #0x0
   18 = convert #10, 243, #0x1
   19 = rcp 18
   22 = ffma 18.neg, 19, #1.000000
   23 = ffma 22, 19, 19
   25 = fcmpsel 23, 23, 23, 19, #0x0
   26 = ffma 18.neg, 25, #1.000000
   27 = ffma 26, 25, 25
   29 = fcmpsel 27, 27, 27, 25, #0x0
   30 = mov_imm #0x4f7ffffe
   31 = fmul 29, 30
   32 = convert #8, 31, #0x0
   33 = imad 243, 32, #0, #0x0
   34 = iadd #0, 33.neg, #0x0
   246d = imad 32.abs, 34.abs, #0, #0x0
   _, 35 = split 246d
   36 = iadd 32, 35, #0x0
   uniform_store 36, #24, x, #0x0
   37 = iadd #0, 243.neg, #0x0
   uniform_store 37, #26, x, #0x0
   38h = icmp 243, 10, #0x0
   uniform_store 38h, #28, x, #0x0
   40h = icmp 243, #1, #0x0
   uniform_store 40h, #29, x, #0x0
   41 = convert #10, 244, #0x1
   42 = rcp 41
   44 = ffma 41.neg, 42, #1.000000
   45 = ffma 44, 42, 42
   47 = fcmpsel 45, 45, 45, 42, #0x0
   48 = ffma 41.neg, 47, #1.000000
   49 = ffma 48, 47, 47
   51 = fcmpsel 49, 49, 49, 47, #0x0
   52 = fmul 51, 30
   53 = convert #8, 52, #0x0
   54 = imad 244, 53, #0, #0x0
   55 = iadd #0, 54.neg, #0x0
   252d = imad 53.abs, 55.abs, #0, #0x0
   _, 56 = split 252d
   57 = iadd 53, 56, #0x0
   uniform_store 57, #30, x, #0x0
   58 = iadd #0, 244.neg, #0x0
   uniform_store 58, #32, x, #0x0
   59h = icmp 244, 10, #0x0
   uniform_store 59h, #34, x, #0x0
   60h = icmp 244, #1, #0x0
   uniform_store 60h, #35, x, #0x0
   uniform_store 240, #36, x, #0x0
   uniform_store 241, #38, x, #0x0
   64 = iadd 12, #1.neg, #0x0
   uniform_store 64, #40, x, #0x0
   66 = device_load u0:u1, #135, x, #0x0, slot 0
   uniform_store 66, #42, x, #0x0
   67h = icmp 66, #0, #0x0
   uniform_store 67h, #44, x, #0x0
   70 = device_load u2:u3, #3, xyzw, #0x0, slot 0
   264, 265, _, _ = split 70
   71d = collect 264, 265
   268d = mov 71d
   uniform_store 268d, #48, x, #0x0
   uniform_store 268d, #52, x, #0x0
   uniform_store 268d, #56, x, #0x0
   72 = iadd #0, 66, #0x0
   uniform_store 72, #60, x, #0x0
   uniform_store 268d, #64, x, #0x0
   73 = device_load u2:u3, #0, xyzw, #0x0, slot 0
   273, 274, _, _ = split 73
   74d = collect 273, 274
   277d = mov 74d
   uniform_store 277d, #68, x, #0x0
   75 = device_load u2:u3, #1, xyzw, #0x0, slot 0
   278, 279, _, _ = split 75
   76d = collect 278, 279
   282d = mov 76d
   uniform_store 282d, #72, x, #0x0
   78 = device_load u0:u1, #123, x, #0x0, slot 0
   80h = icmp 78, #4, #0x0
   uniform_store 80h, #76, x, #0x0
   83h = icmpsel #3, 78, 80h, #1, #0x0
   85h = icmp 78, #5, #0x0
   uniform_store 85h, #77, x, #0x0
   86h = icmpsel 83h, #0, 85h, #1, #0x0
   88h = icmp 78, #6, #0x0
   uniform_store 88h, #78, x, #0x0
   89h = icmpsel 86h, #0, 88h, #1, #0x0
   91h = icmp 78, #7, #0x0
   uniform_store 91h, #79, x, #0x0
   92h = icmpsel 89h, #0, 91h, #1, #0x0
   93h = icmp 78, #8, #0x0
   uniform_store 93h, #80, x, #0x0
   94h = icmpsel 92h, #0, 93h, #1, #0x0
   95h = icmp 78, #9, #0x0
   uniform_store 95h, #81, x, #0x0
   96h = icmpsel 94h, #0, 95h, #1, #0x0
   98h = icmp 78, #10, #0x0
   uniform_store 98h, #82, x, #0x0
   99h = icmpsel 78, #10, #1, 96h, #0x0
   101h = icmp 78, #11, #0x0
   uniform_store 101h, #83, x, #0x0
   102h = icmpsel 99h, #0, 101h, #1, #0x0
   104h = icmp 78, #12, #0x0
   uniform_store 104h, #84, x, #0x0
   105h = icmpsel 102h, #0, 104h, #1, #0x0
   107h = icmp 78, #13, #0x0
   uniform_store 107h, #85, x, #0x0
   108h = icmpsel 105h, #0, 107h, #1, #0x0
   110h = icmp 78, #14, #0x0
   uniform_store 110h, #86, x, #0x0
   111h = icmpsel 108h, #0, 110h, #1, #0x0
   113h = icmp 78, #15, #0x0
   uniform_store 113h, #87, x, #0x0
   114h = icmpsel 111h, #0, 113h, #1, #0x0
   116h = icmp 78, #16, #0x0
   uniform_store 116h, #88, x, #0x0
   117h = icmpsel 114h, #0, 116h, #1, #0x0
   119h = icmp 78, #17, #0x0
   uniform_store 119h, #89, x, #0x0
   120h = icmpsel 117h, #0, 119h, #1, #0x0
   122h = icmp 78, #18, #0x0
   uniform_store 122h, #90, x, #0x0
   123h = icmpsel 120h, #0, 122h, #1, #0x0
   125h = icmp 78, #19, #0x0
   uniform_store 125h, #91, x, #0x0
   126h = icmpsel 123h, #0, 125h, #1, #0x0
   128h = icmp 78, #20, #0x0
   uniform_store 128h, #92, x, #0x0
   129h = icmpsel 126h, #0, 128h, #1, #0x0
   131h = icmp 78, #21, #0x0
   uniform_store 131h, #93, x, #0x0
   132h = icmpsel 129h, #0, 131h, #1, #0x0
   134h = icmp 78, #22, #0x0
   uniform_store 134h, #94, x, #0x0
   135h = icmpsel 132h, #0, 134h, #1, #0x0
   137h = icmp 78, #23, #0x0
   uniform_store 137h, #95, x, #0x0
   138h = icmpsel 135h, #0, 137h, #1, #0x0
   140h = icmp 78, #24, #0x0
   uniform_store 140h, #96, x, #0x0
   141h = icmpsel 138h, #0, 140h, #1, #0x0
   143h = icmp 78, #25, #0x0
   uniform_store 143h, #97, x, #0x0
   144h = icmpsel 141h, #0, 143h, #1, #0x0
   146h = icmp 78, #26, #0x0
   uniform_store 146h, #98, x, #0x0
   147h = icmpsel 144h, #0, 146h, #1, #0x0
   149h = icmp 78, #27, #0x0
   uniform_store 149h, #99, x, #0x0
   150h = icmpsel 147h, #0, 149h, #1, #0x0
   152h = icmp 78, #28, #0x0
   uniform_store 152h, #100, x, #0x0
   153h = icmpsel 150h, #0, 152h, #1, #0x0
   155h = icmp 78, #29, #0x0
   uniform_store 155h, #101, x, #0x0
   156h = icmpsel 153h, #0, 155h, #1, #0x0
   158h = icmp 78, #30, #0x0
   uniform_store 158h, #102, x, #0x0
   159h = icmpsel 156h, #0, 158h, #1, #0x0
   160h = icmp 78, #31, #0x0
   uniform_store 160h, #103, x, #0x0
   161h = icmpsel 159h, #0, 160h, #1, #0x0
   162h = icmp 78, #32, #0x0
   uniform_store 162h, #104, x, #0x0
   163h = icmpsel 161h, #0, 162h, #1, #0x0
   165h = icmp 78, #33, #0x0
   uniform_store 165h, #105, x, #0x0
   166h = icmpsel 163h, #0, 165h, #1, #0x0
   168h = icmp 78, #34, #0x0
   uniform_store 168h, #106, x, #0x0
   169h = icmpsel 166h, #0, 168h, #1, #0x0
   171h = icmp 78, #35, #0x0
   uniform_store 171h, #107, x, #0x0
   172h = icmpsel 169h, #0, 171h, #1, #0x0
   174h = icmp 78, #36, #0x0
   uniform_store 174h, #108, x, #0x0
   175h = icmpsel 172h, #0, 174h, #1, #0x0
   177h = icmp 78, #37, #0x0
   uniform_store 177h, #109, x, #0x0
   178h = icmpsel 175h, #0, 177h, #1, #0x0
   180h = icmp 78, #38, #0x0
   uniform_store 180h, #110, x, #0x0
   181h = icmpsel 178h, #0, 180h, #1, #0x0
   183h = icmp 78, #39, #0x0
   uniform_store 183h, #111, x, #0x0
   184h = icmpsel 181h, #0, 183h, #1, #0x0
   186h = icmp 78, #40, #0x0
   uniform_store 186h, #112, x, #0x0
   187h = icmpsel 184h, #0, 186h, #1, #0x0
   188h = xor 187h, #1
   uniform_store 188h, #113, x, #0x0
   189h = icmp 78, #0, #0x0
   uniform_store 189h, #114, x, #0x0
   190h = icmp 78, #1, #0x0
   uniform_store 190h, #115, x, #0x0
   192h = icmp 78, #2, #0x0
   uniform_store 192h, #116, x, #0x0
   193h = icmp 78, #3, #0x0
   uniform_store 193h, #117, x, #0x0
   194h = icmpsel 78, #4, #1, 193h, #0x0
   195h = icmpsel 78, #6, #1, 85h, #0x0
   196h = icmpsel 195h, #0, 194h, #1, #0x0
   197h = icmpsel 78, #8, #1, 91h, #0x0
   198h = icmpsel 78, #10, #1, 95h, #0x0
