[0/1] Re-running CMake...
-- Building MLX for aarch64 processor on Linux
-- Vulkan found: include /usr/include, libs /usr/lib/libvulkan.so
-- Downloading json
-- Using the multi-header code from /home/joshuawarren/src/mlx-omarchy-alpha-m1/.work/build-m1-alpha/_deps/json-src/include/
-- Downloading gguflib
-- {fmt} version: 12.1.0
-- Build type: 
CMake Warning (deprecated) at /home/joshuawarren/src/mlx-omarchy-alpha-m1/.work/build-m1-alpha/_deps/doctest-src/CMakeLists.txt:1 (cmake_minimum_required):
  Compatibility with CMake < 3.10 will be removed from a future version of
  CMake.

  Update the VERSION argument <min> value.  Or, use the <min>...<max> syntax
  to tell CMake that the project requires at least <min> but has been updated
  to work with policies introduced by <max> or earlier.
This warning is for project developers.  Use -Wno-author or -Wno-deprecated
to suppress it.

-- Configuring done (1.3s)
-- Generating done (0.2s)
-- Build files have been written to: /home/joshuawarren/src/mlx-omarchy-alpha-m1/.work/build-m1-alpha
[1/907] Generating shaders/anyall_bf16.spv
[2/907] Generating shaders/anyall_bool.spv
[3/907] Generating shaders/anyall_f16.spv
[4/907] Generating shaders/anyall_f32.spv
[5/907] Generating shaders/anyall_i32.spv
[6/907] Generating shaders/anyall_u32.spv
[7/907] Generating shaders/arange_f16.spv
[8/907] Generating shaders/arange_bf16.spv
[9/907] Generating shaders/arange_i32.spv
[10/907] Generating shaders/arange_f32.spv
[11/907] Generating shaders/arange_u32.spv
[12/907] Generating shaders/arange_i64.spv
[13/907] Generating shaders/arange_u64.spv
[14/907] Generating shaders/argreduce_bf16.spv
[15/907] Generating shaders/argreduce_f16.spv
[16/907] Generating shaders/argreduce_f32.spv
[17/907] Generating shaders/argreduce_i16.spv
[18/907] Generating shaders/argreduce_i32.spv
[19/907] Generating shaders/argreduce_i64.spv
[20/907] Generating shaders/argreduce_i8.spv
[21/907] Generating shaders/argreduce_u16.spv
[22/907] Generating shaders/argreduce_u32.spv
[23/907] Generating shaders/argreduce_u64.spv
[24/907] Generating shaders/argreduce_u8.spv
[25/907] Generating shaders/argsort_bf16.spv
[26/907] Generating shaders/argsort_c64.spv
[27/907] Generating shaders/argsort_f16.spv
[28/907] Generating shaders/argsort_f32.spv
[29/907] Generating shaders/argsort_i16.spv
[30/907] Generating shaders/argsort_i32.spv
[31/907] Generating shaders/argsort_i8.spv
[32/907] Generating shaders/argsort_merge_bf16.spv
[33/907] Generating shaders/argsort_merge_c64.spv
[34/907] Generating shaders/argsort_merge_f16.spv
[35/907] Generating shaders/argsort_merge_f32.spv
[36/907] Generating shaders/argsort_merge_i32.spv
[37/907] Generating shaders/argsort_merge_u32.spv
[38/907] Generating shaders/argsort_u16.spv
[39/907] Generating shaders/argsort_u32.spv
[40/907] Generating shaders/argsort_u8.spv
[41/907] Generating shaders/binary_vec_bf16.spv
[42/907] Generating shaders/binary_vec_f16.spv
[43/907] Generating shaders/block_mask_f32.spv
[44/907] Generating shaders/cast_bf16_c64.spv
[45/907] Generating shaders/cast_bf16_f16.spv
[46/907] Generating shaders/cast_bf16_f32.spv
[47/907] Generating shaders/cast_bf16_i32.spv
[48/907] Generating shaders/cast_bool_bf16.spv
[49/907] Generating shaders/cast_bool_c64.spv
[50/907] Generating shaders/cast_bool_f16.spv
[51/907] Generating shaders/cast_bool_f32.spv
[52/907] Generating shaders/cast_bool_i32.spv
[53/907] Generating shaders/cast_c64_f32.spv
[54/907] Generating shaders/cast_f16_bf16.spv
[55/907] Generating shaders/cast_f16_c64.spv
[56/907] Generating shaders/cast_f16_f32.spv
[57/907] Generating shaders/cast_f16_i32.spv
[58/907] Generating shaders/cast_f32_bf16.spv
[59/907] Generating shaders/cast_f32_c64.spv
[60/907] Generating shaders/cast_f32_f16.spv
[61/907] Generating shaders/cast_f32_i32.spv
[62/907] Generating shaders/cast_i32_bf16.spv
[63/907] Generating shaders/cast_i32_c64.spv
[64/907] Generating shaders/cast_i32_f16.spv
[65/907] Generating shaders/cast_i32_f32.spv
[66/907] Generating shaders/cast_int_w1_w1.spv
[67/907] Generating shaders/cast_int_w1_w2.spv
[68/907] Generating shaders/cast_int_w1_w4.spv
[69/907] Generating shaders/cast_int_w1_w8.spv
[70/907] Generating shaders/cast_int_w2_w1.spv
[71/907] Generating shaders/cast_int_w2_w2.spv
[72/907] Generating shaders/cast_int_w2_w4.spv
[73/907] Generating shaders/cast_int_w2_w8.spv
[74/907] Generating shaders/cast_int_w4_w1.spv
[75/907] Generating shaders/cast_int_w4_w2.spv
[76/907] Generating shaders/cast_int_w4_w4.spv
[77/907] Generating shaders/cast_int_w4_w8.spv
[78/907] Generating shaders/cast_int_w8_w1.spv
[79/907] Generating shaders/cast_int_w8_w2.spv
[80/907] Generating shaders/cast_int_w8_w4.spv
[81/907] Generating shaders/cast_int_w8_w8.spv
[82/907] Generating shaders/cast_u32_c64.spv
[83/907] Generating shaders/cast_u32_f32.spv
[84/907] Generating shaders/clear_u32.spv
[85/907] Generating shaders/compare_bf16.spv
[86/907] Generating shaders/compare_bool.spv
[87/907] Generating shaders/compare_complex.spv
[88/907] Generating shaders/compare_f16.spv
[89/907] Generating shaders/compare_f32.spv
[90/907] Generating shaders/compare_i16.spv
[91/907] Generating shaders/compare_i32.spv
[92/907] Generating shaders/compare_i64.spv
[93/907] Generating shaders/compare_i8.spv
[94/907] Generating shaders/compare_u16.spv
[95/907] Generating shaders/compare_u32.spv
[96/907] Generating shaders/compare_u64.spv
[97/907] Generating shaders/compare_u8.spv
[98/907] Generating shaders/complex_abs.spv
[99/907] Generating shaders/complex_abs_as_complex.spv
[100/907] Generating shaders/complex_elementwise.spv
[101/907] Generating shaders/complex_imag.spv
[102/907] Generating shaders/complex_real.spv
[103/907] Generating shaders/conv_bf16.spv
[104/907] Generating shaders/conv_f16.spv
[105/907] Generating shaders/conv_f32.spv
[106/907] Generating shaders/copy_general_bf16.spv
[107/907] Generating shaders/copy_general_bool.spv
[108/907] Generating shaders/copy_general_c64.spv
[109/907] Generating shaders/copy_general_f16.spv
[110/907] Generating shaders/copy_general_f32.spv
[111/907] Generating shaders/copy_general_u16.spv
[112/907] Generating shaders/copy_general_u32.spv
[113/907] Generating shaders/copy_general_u64.spv
[114/907] Generating shaders/copy_general_u8.spv
[115/907] Generating shaders/dequant_f16.spv
[116/907] Generating shaders/dequant_f32.spv
[117/907] Generating shaders/dequant_fp_bf16.spv
[118/907] Generating shaders/dequant_fp_f16.spv
[119/907] Generating shaders/dequant_fp_f32.spv
[120/907] Generating shaders/elementwise_bf16.spv
[121/907] Generating shaders/elementwise_f16.spv
[122/907] Generating shaders/elementwise_f32.spv
[123/907] Generating shaders/elementwise_i16.spv
[124/907] Generating shaders/elementwise_i32.spv
[125/907] Generating shaders/elementwise_i64.spv
[126/907] Generating shaders/elementwise_u16.spv
[127/907] Generating shaders/elementwise_i8.spv
[128/907] Generating shaders/elementwise_u64.spv
[129/907] Generating shaders/elementwise_u32.spv
[130/907] Generating shaders/fast_cross_entropy_bf16.spv
[131/907] Generating shaders/elementwise_u8.spv
[132/907] Generating shaders/fast_cross_entropy_f16.spv
[133/907] Generating shaders/fast_cross_entropy_f32.spv
[134/907] Generating shaders/fast_cross_entropy_vjp_bf16.spv
[135/907] Generating shaders/fast_cross_entropy_vjp_f16.spv
[136/907] Generating shaders/fast_cross_entropy_vjp_f32.spv
[137/907] Generating shaders/fast_layer_norm_bf16.spv
[138/907] Generating shaders/fast_layer_norm_f16.spv
[139/907] Generating shaders/fast_layer_norm_f32.spv
[140/907] Generating shaders/fast_layer_norm_vjp_dw_bf16.spv
[141/907] Generating shaders/fast_layer_norm_vjp_dw_f16.spv
[142/907] Generating shaders/fast_layer_norm_vjp_dw_f32.spv
[143/907] Generating shaders/fast_layer_norm_vjp_dx_bf16.spv
[144/907] Generating shaders/fast_layer_norm_vjp_dx_f16.spv
[145/907] Generating shaders/fast_layer_norm_vjp_dx_f32.spv
[146/907] Generating shaders/fast_rms_norm_bf16.spv
[147/907] Generating shaders/fast_rms_norm_f16.spv
[148/907] Generating shaders/fast_rms_norm_f32.spv
[149/907] Generating shaders/fast_rms_norm_vjp_dw_bf16.spv
[150/907] Generating shaders/fast_rms_norm_vjp_dw_f16.spv
[151/907] Generating shaders/fast_rms_norm_vjp_dw_f32.spv
[152/907] Generating shaders/fast_rms_norm_vjp_dw_reduce_bf16.spv
[153/907] Generating shaders/fast_rms_norm_vjp_dw_reduce_f16.spv
[154/907] Generating shaders/fast_rms_norm_vjp_dw_reduce_f32.spv
[155/907] Generating shaders/fast_rms_norm_vjp_dx_bf16.spv
[156/907] Generating shaders/fast_rms_norm_vjp_dx_f16.spv
[157/907] Generating shaders/fast_rms_norm_vjp_dx_f32.spv
[158/907] Generating shaders/fast_rope_bf16.spv
[159/907] Generating shaders/fast_rope_f16.spv
[160/907] Generating shaders/fast_rope_f32.spv
[161/907] Generating shaders/fast_rope_freqs_bf16.spv
[162/907] Generating shaders/fast_rope_freqs_f16.spv
[163/907] Generating shaders/fast_rope_freqs_f32.spv
[164/907] Generating shaders/fft_f32.spv
[165/907] Generating shaders/fft_real_f32.spv
[166/907] Generating shaders/fill_bf16.spv
[167/907] Generating shaders/fft_stage_f32.spv
[168/907] Generating shaders/fill_c64.spv
[169/907] Generating shaders/fill_f16.spv
[170/907] Generating shaders/fill_f32.spv
[171/907] Generating shaders/fill_u16.spv
[172/907] Generating shaders/fp8_from_bf16.spv
[173/907] Generating shaders/fill_u64.spv
[174/907] Generating shaders/fp8_from_f16.spv
[175/907] Generating shaders/fp8_from_f32.spv
[176/907] Generating shaders/fp8_to_bf16.spv
[177/907] Generating shaders/fp8_to_f16.spv
[178/907] Generating shaders/fp8_to_f32.spv
[179/907] Generating shaders/fused_chain_bf16.spv
[180/907] Generating shaders/fused_chain_f16.spv
[181/907] Generating shaders/fused_chain_f32.spv
[182/907] Generating shaders/gather_axis_bf16.spv
[183/907] Generating shaders/gather_axis_c64.spv
[184/907] Generating shaders/gather_axis_f16.spv
[185/907] Generating shaders/gather_axis_i64.spv
[186/907] Generating shaders/gather_axis_u32.spv
[187/907] Generating shaders/gather_mm_bf16.spv
[188/907] Generating shaders/gather_mm_f16.spv
[189/907] Generating shaders/gather_mm_f32.spv
[190/907] Generating shaders/gather_qmm_bf16.spv
[191/907] Generating shaders/gather_qmm_f16.spv
[192/907] Generating shaders/gather_qmm_f32.spv
[193/907] Generating shaders/gather_qmm_nb_bf16.spv
[194/907] Generating shaders/gather_qmm_nb_f16.spv
[195/907] Generating shaders/gather_qmm_nb_f32.spv
[196/907] Generating shaders/gather_qmm_nb_fp_bf16.spv
[197/907] Generating shaders/gather_qmm_nb_fp_f16.spv
[198/907] Generating shaders/gather_qmm_nb_fp_f32.spv
[199/907] Generating shaders/gather_qmm_nb_fp_hgs_bf16.spv
[200/907] Generating shaders/gather_qmm_nb_fp_hgs_f16.spv
[201/907] Generating shaders/gather_qmm_nb_fp_hgs_f32.spv
[202/907] Generating shaders/hadamard_bf16.spv
[203/907] Generating shaders/hadamard_f16.spv
[204/907] Generating shaders/hadamard_f32.spv
[205/907] Generating shaders/linalg_cholesky_f32.spv
[206/907] Generating shaders/linalg_eigh_f32.spv
[207/907] Generating shaders/linalg_eig_f32.spv
[208/907] Generating shaders/linalg_inverse_f32.spv
[209/907] Generating shaders/linalg_lu_f32.spv
[210/907] Generating shaders/linalg_qr_f32.spv
[211/907] Generating shaders/linalg_svd_f32.spv
[212/907] Generating shaders/linalg_svd_finalize_f32.spv
[213/907] Generating shaders/logical_or_bool.spv
[214/907] Generating shaders/logsumexp_bf16.spv
[215/907] Generating shaders/logsumexp_f16.spv
[216/907] Generating shaders/logsumexp_f32.spv
[217/907] Generating shaders/masked_scatter_bf16.spv
[218/907] Generating shaders/masked_scatter_u32.spv
[219/907] Generating shaders/masked_scatter_f16.spv
[220/907] Generating shaders/matmul_complex64.spv
[221/907] Generating shaders/matmul_bf16.spv
[222/907] Generating shaders/matmul_f16.spv
[223/907] Generating shaders/matmul_f32.spv
[224/907] Generating shaders/matmul_f32_coopmat.spv
[225/907] Generating shaders/matmul_f32_coopmat_bf16.spv
[226/907] Generating shaders/matmul_rb_f16.spv
[227/907] Generating shaders/matmul_vec_bf16.spv
[228/907] Generating shaders/matmul_vec_f16.spv
[229/907] Generating shaders/matmul_vec_f32.spv
[230/907] Generating shaders/qmm_coopmat_f16.spv
[231/907] Generating shaders/qmm_bf16.spv
[232/907] Generating shaders/qmm_f16.spv
[233/907] Generating shaders/qmm_f32.spv
[234/907] Generating shaders/qmm_fp_bf16.spv
[235/907] Generating shaders/qmm_fp_f16.spv
[236/907] Generating shaders/qmm_fp_f32.spv
[237/907] Generating shaders/qmm_tile_bf16.spv
[238/907] Generating shaders/qmm_tile_f16.spv
[239/907] Generating shaders/qmm_tile_f32.spv
[240/907] Generating shaders/qmm_tile_fp_bf16.spv
[241/907] Generating shaders/qmm_tile_fp_f16.spv
[242/907] Generating shaders/qmm_tile_fp_f32.spv
[243/907] Generating shaders/qmm_tile_rb_f16.spv
[244/907] Generating shaders/qmm_tile_rb_precise_f16.spv
[245/907] Generating shaders/qmm_vec_bf16.spv
[246/907] Generating shaders/qmm_vec_f16.spv
[247/907] Generating shaders/qmm_vec_f32.spv
[248/907] Generating shaders/qmm_vec_fp_bf16.spv
[249/907] Generating shaders/qmm_vec_fp_f16.spv
[250/907] Generating shaders/qmm_vec_fp_f32.spv
[251/907] Generating shaders/qmm_vec_q4_multi_bf16.spv
[252/907] Generating shaders/qmm_vec_q4_multi_f16.spv
[253/907] Generating shaders/qmm_vec_q4_multi_f32.spv
[254/907] Generating shaders/qmm_vec_q4_multi_subgroup_bf16.spv
[255/907] Generating shaders/qmm_vec_q4_multi_subgroup_f16.spv
[256/907] Generating shaders/qmm_vec_q4_multi_subgroup_f32.spv
[257/907] Generating shaders/qmm_vec_q4_word_bf16.spv
[258/907] Generating shaders/qmm_vec_q4_word_f16.spv
[259/907] Generating shaders/qmm_vec_q4_word_f32.spv
[260/907] Generating shaders/qmm_vec_q4_word_subgroup_bf16.spv
[261/907] Generating shaders/qmm_vec_q4_word_subgroup_f16.spv
[262/907] Generating shaders/qmm_vec_q4_word_subgroup_f32.spv
[263/907] Generating shaders/qmm_vec_subgroup_bf16.spv
[264/907] Generating shaders/qmm_vec_subgroup_f16.spv
[265/907] Generating shaders/qmm_vec_subgroup_f32.spv
[266/907] Generating shaders/qmm_vec_subgroup_fp_bf16.spv
[267/907] Generating shaders/qmm_vec_subgroup_fp_f16.spv
[268/907] Generating shaders/qmm_vec_subgroup_fp_f32.spv
[269/907] Generating shaders/quantize_f16.spv
[270/907] Generating shaders/quantize_f32.spv
[271/907] Generating shaders/quantize_fp_bf16.spv
[272/907] Generating shaders/quantize_fp_f16.spv
[273/907] Generating shaders/quantize_fp_f32.spv
[274/907] Generating shaders/random_bits_u32.spv
[275/907] Generating shaders/reduce_bf16.spv
[276/907] Generating shaders/reduce_f16.spv
[277/907] Generating shaders/reduce_f32.spv
[278/907] Generating shaders/reduce_general_bf16.spv
[279/907] Generating shaders/reduce_general_bool.spv
[280/907] Generating shaders/reduce_general_complex.spv
[281/907] Generating shaders/reduce_general_f16.spv
[282/907] Generating shaders/reduce_general_f32.spv
[283/907] Generating shaders/reduce_general_i16.spv
[284/907] Generating shaders/reduce_general_i32.spv
[285/907] Generating shaders/reduce_general_i64.spv
[286/907] Generating shaders/reduce_general_i8.spv
[287/907] Generating shaders/reduce_general_u16.spv
[288/907] Generating shaders/reduce_general_u32.spv
[289/907] Generating shaders/reduce_general_u64.spv
[290/907] Generating shaders/reduce_general_u8.spv
[291/907] Generating shaders/scan_bf16.spv
[292/907] Generating shaders/scan_f16.spv
[293/907] Generating shaders/scan_f32.spv
[294/907] Generating shaders/scan_general_bf16.spv
[295/907] Generating shaders/scan_general_bool.spv
[296/907] Generating shaders/scan_general_complex.spv
[297/907] Generating shaders/scan_general_f16.spv
[298/907] Generating shaders/scan_general_f32.spv
[299/907] Generating shaders/scan_general_i16.spv
[300/907] Generating shaders/scan_general_i32.spv
[301/907] Generating shaders/scan_general_i64.spv
[302/907] Generating shaders/scan_general_i8.spv
[303/907] Generating shaders/scan_general_u16.spv
[304/907] Generating shaders/scan_general_u32.spv
[305/907] Generating shaders/scan_general_u64.spv
[306/907] Generating shaders/scan_general_u8.spv
[307/907] Generating shaders/scatter_axis_bf16.spv
[308/907] Generating shaders/scatter_axis_bool.spv
[309/907] Generating shaders/scatter_axis_c64.spv
[310/907] Generating shaders/scatter_axis_f16.spv
[311/907] Generating shaders/scatter_axis_fadd_bf16.spv
[312/907] Generating shaders/scatter_axis_fadd_f16.spv
[313/907] Generating shaders/scatter_axis_fadd_f32.spv
[314/907] Generating shaders/scatter_axis_fcas_bf16.spv
[315/907] Generating shaders/scatter_axis_fcas_f16.spv
[316/907] Generating shaders/scatter_axis_fcas_f32.spv
[317/907] Generating shaders/scatter_axis_u32.spv
[318/907] Generating shaders/scatter_bf16.spv
[319/907] Generating shaders/scatter_bool.spv
[320/907] Generating shaders/scatter_bool_multi.spv
[321/907] Generating shaders/scatter_bool_triple.spv
[322/907] Generating shaders/scatter_c64.spv
[323/907] Generating shaders/scatter_f16.spv
[324/907] Generating shaders/scatter_fadd_bf16.spv
[325/907] Generating shaders/scatter_fadd_f16.spv
[326/907] Generating shaders/scatter_fadd_f32.spv
[327/907] Generating shaders/scatter_fadd_general_f32.spv
[328/907] Generating shaders/scatter_fadd_multi_f32.spv
[329/907] Generating shaders/scatter_fadd_triple_f32.spv
[330/907] Generating shaders/scatter_fcas_bf16.spv
[331/907] Generating shaders/scatter_fcas_f16.spv
[332/907] Generating shaders/scatter_fcas_f32.spv
[333/907] Generating shaders/scatter_fcas_general_f32.spv
[334/907] Generating shaders/scatter_fcas_multi_f32.spv
[335/907] Generating shaders/scatter_fcas_triple_f32.spv
[336/907] Generating shaders/scatter_general_bf16.spv
[337/907] Generating shaders/scatter_general_bool.spv
[338/907] Generating shaders/scatter_general_f16.spv
[339/907] Generating shaders/scatter_general_i16.spv
[340/907] Generating shaders/scatter_general_i8.spv
[341/907] Generating shaders/scatter_general_u16.spv
[342/907] Generating shaders/scatter_general_u32.spv
[343/907] Generating shaders/scatter_general_u8.spv
[344/907] Generating shaders/scatter_i16.spv
[345/907] Generating shaders/scatter_i8.spv
[346/907] Generating shaders/scatter_multi_bf16.spv
[347/907] Generating shaders/scatter_multi_f16.spv
[348/907] Generating shaders/scatter_multi_i16.spv
[349/907] Generating shaders/scatter_multi_i8.spv
[350/907] Generating shaders/scatter_multi_u16.spv
[351/907] Generating shaders/scatter_multi_u32.spv
[352/907] Generating shaders/scatter_multi_u8.spv
[353/907] Generating shaders/scatter_triple_bf16.spv
[354/907] Generating shaders/scatter_triple_f16.spv
[355/907] Generating shaders/scatter_triple_i16.spv
[356/907] Generating shaders/scatter_triple_i8.spv
[357/907] Generating shaders/scatter_triple_u16.spv
[358/907] Generating shaders/scatter_triple_u32.spv
[359/907] Generating shaders/scatter_triple_u8.spv
[360/907] Generating shaders/scatter_u16.spv
[361/907] Generating shaders/scatter_u32.spv
[362/907] Generating shaders/scatter_u8.spv
[363/907] Generating shaders/sdpa_decode_native_f16.spv
[364/907] Generating shaders/searchsorted_bf16.spv
[365/907] Generating shaders/searchsorted_f16.spv
[366/907] Generating shaders/searchsorted_f32.spv
[367/907] Generating shaders/searchsorted_i32.spv
[368/907] Generating shaders/searchsorted_u32.spv
[369/907] Generating shaders/segmented_mm_bf16.spv
[370/907] Generating shaders/segmented_mm_f16.spv
[371/907] Generating shaders/segmented_mm_f32.spv
[372/907] Generating shaders/select_bf16.spv
[373/907] Generating shaders/select_bool.spv
[374/907] Generating shaders/select_complex64.spv
[375/907] Generating shaders/select_f16.spv
[376/907] Generating shaders/select_f32.spv
[377/907] Generating shaders/select_i32.spv
[378/907] Generating shaders/slice_update_pair_f16.spv
[379/907] Generating shaders/slice_update_reduce_bf16.spv
[380/907] Generating shaders/slice_update_reduce_f16.spv
[381/907] Generating shaders/slice_update_reduce_f32.spv
[382/907] Generating shaders/slice_update_reduce_u32.spv
[383/907] Generating shaders/softmax_bf16.spv
[384/907] Generating shaders/softmax_f16.spv
[385/907] Generating shaders/softmax_f32.spv
[386/907] Generating shaders/sort_bf16.spv
[387/907] Generating shaders/sort_c64.spv
[388/907] Generating shaders/sort_f16.spv
[389/907] Generating shaders/sort_f32.spv
[390/907] Generating shaders/sort_i16.spv
[391/907] Generating shaders/sort_i32.spv
[392/907] Generating shaders/sort_i8.spv
[393/907] Generating shaders/sort_merge_bf16.spv
[394/907] Generating shaders/sort_merge_f16.spv
[395/907] Generating shaders/sort_merge_f32.spv
[396/907] Generating shaders/sort_merge_i32.spv
[397/907] Generating shaders/sort_merge_u32.spv
[398/907] Generating shaders/sort_u16.spv
[399/907] Generating shaders/sort_u32.spv
[400/907] Generating shaders/sort_u8.spv
[401/907] Generating shaders/swiglu_bf16.spv
[402/907] Generating shaders/swiglu_f16.spv
[403/907] Generating shaders/take_bf16.spv
[404/907] Generating shaders/take_c64.spv
[405/907] Generating shaders/take_f16.spv
[406/907] Generating shaders/take_f32.spv
[407/907] Generating shaders/take_i64.spv
[408/907] Generating shaders/take_multi_bf16.spv
[409/907] Generating shaders/take_multi_c64.spv
[410/907] Generating shaders/take_multi_f16.spv
[411/907] Generating shaders/take_multi_f32.spv
[412/907] Generating shaders/take_multi_i64.spv
[413/907] Generating shaders/take_multi_u16.spv
[414/907] Generating shaders/take_multi_u32.spv
[415/907] Generating shaders/take_u16.spv
[416/907] Generating shaders/anyall_bf16.h
[417/907] Generating shaders/anyall_bool.h
[418/907] Generating shaders/take_u32.spv
[419/907] Generating shaders/anyall_f16.h
[420/907] Generating shaders/anyall_f32.h
[421/907] Generating shaders/anyall_i32.h
[422/907] Generating shaders/arange_bf16.h
[423/907] Generating shaders/anyall_u32.h
[424/907] Generating shaders/arange_f16.h
[425/907] Generating shaders/arange_f32.h
[426/907] Generating shaders/arange_i32.h
[427/907] Generating shaders/arange_i64.h
[428/907] Generating shaders/arange_u32.h
[429/907] Generating shaders/arange_u64.h
[430/907] Generating shaders/argreduce_bf16.h
[431/907] Generating shaders/argreduce_f16.h
[432/907] Generating shaders/argreduce_f32.h
[433/907] Generating shaders/argreduce_i16.h
[434/907] Generating shaders/argreduce_i32.h
[435/907] Generating shaders/argreduce_i64.h
[436/907] Generating shaders/argreduce_i8.h
[437/907] Generating shaders/argreduce_u16.h
[438/907] Generating shaders/argreduce_u32.h
[439/907] Generating shaders/argreduce_u64.h
[440/907] Generating shaders/argreduce_u8.h
[441/907] Generating shaders/argsort_bf16.h
[442/907] Generating shaders/argsort_c64.h
[443/907] Generating shaders/argsort_f16.h
[444/907] Generating shaders/argsort_f32.h
[445/907] Generating shaders/argsort_i16.h
[446/907] Generating shaders/argsort_i32.h
[447/907] Generating shaders/argsort_i8.h
[448/907] Generating shaders/argsort_merge_bf16.h
[449/907] Generating shaders/argsort_merge_f16.h
[450/907] Generating shaders/argsort_merge_c64.h
[451/907] Generating shaders/argsort_merge_i32.h
[452/907] Generating shaders/argsort_merge_f32.h
[453/907] Generating shaders/argsort_merge_u32.h
[454/907] Generating shaders/argsort_u16.h
[455/907] Generating shaders/argsort_u32.h
[456/907] Generating shaders/argsort_u8.h
[457/907] Generating shaders/binary_vec_bf16.h
[458/907] Generating shaders/binary_vec_f16.h
[459/907] Generating shaders/cast_bf16_c64.h
[460/907] Generating shaders/block_mask_f32.h
[461/907] Generating shaders/cast_bf16_f32.h
[462/907] Generating shaders/cast_bf16_f16.h
[463/907] Generating shaders/cast_bf16_i32.h
[464/907] Generating shaders/cast_bool_bf16.h
[465/907] Generating shaders/cast_bool_c64.h
[466/907] Generating shaders/cast_bool_f16.h
[467/907] Generating shaders/cast_bool_i32.h
[468/907] Generating shaders/cast_bool_f32.h
[469/907] Generating shaders/cast_c64_f32.h
[470/907] Generating shaders/cast_f16_bf16.h
[471/907] Generating shaders/cast_f16_f32.h
[472/907] Generating shaders/cast_f16_c64.h
[473/907] Generating shaders/cast_f16_i32.h
[474/907] Generating shaders/cast_f32_bf16.h
[475/907] Generating shaders/cast_f32_f16.h
[476/907] Generating shaders/cast_f32_c64.h
[477/907] Generating shaders/cast_f32_i32.h
[478/907] Generating shaders/cast_i32_bf16.h
[479/907] Generating shaders/cast_i32_f16.h
[480/907] Generating shaders/cast_i32_c64.h
[481/907] Generating shaders/cast_i32_f32.h
[482/907] Generating shaders/cast_int_w1_w1.h
[483/907] Generating shaders/cast_int_w1_w2.h
[484/907] Generating shaders/cast_int_w1_w4.h
[485/907] Generating shaders/cast_int_w1_w8.h
[486/907] Generating shaders/cast_int_w2_w1.h
[487/907] Generating shaders/cast_int_w2_w2.h
[488/907] Generating shaders/cast_int_w2_w4.h
[489/907] Generating shaders/cast_int_w2_w8.h
[490/907] Generating shaders/cast_int_w4_w1.h
[491/907] Generating shaders/cast_int_w4_w2.h
[492/907] Generating shaders/cast_int_w4_w4.h
[493/907] Generating shaders/cast_int_w4_w8.h
[494/907] Generating shaders/cast_int_w8_w1.h
[495/907] Generating shaders/cast_int_w8_w2.h
[496/907] Generating shaders/cast_int_w8_w4.h
[497/907] Generating shaders/cast_u32_c64.h
[498/907] Generating shaders/cast_int_w8_w8.h
[499/907] Generating shaders/cast_u32_f32.h
[500/907] Generating shaders/clear_u32.h
[501/907] Generating shaders/compare_bf16.h
[502/907] Generating shaders/compare_bool.h
[503/907] Generating shaders/compare_f16.h
[504/907] Generating shaders/compare_complex.h
[505/907] Generating shaders/compare_f32.h
[506/907] Generating shaders/compare_i16.h
[507/907] Generating shaders/compare_i32.h
[508/907] Generating shaders/compare_i64.h
[509/907] Generating shaders/compare_u16.h
[510/907] Generating shaders/compare_u32.h
[511/907] Generating shaders/compare_i8.h
[512/907] Generating shaders/compare_u64.h
[513/907] Generating shaders/complex_abs.h
[514/907] Generating shaders/complex_abs_as_complex.h
[515/907] Generating shaders/compare_u8.h
[516/907] Generating shaders/complex_imag.h
[517/907] Generating shaders/complex_real.h
[518/907] Generating shaders/conv_bf16.h
[519/907] Generating shaders/complex_elementwise.h
[520/907] Generating shaders/conv_f16.h
[521/907] Generating shaders/copy_general_bf16.h
[522/907] Generating shaders/conv_f32.h
[523/907] Generating shaders/copy_general_bool.h
[524/907] Generating shaders/copy_general_c64.h
[525/907] Generating shaders/copy_general_f16.h
[526/907] Generating shaders/copy_general_f32.h
[527/907] Generating shaders/copy_general_u16.h
[528/907] Generating shaders/copy_general_u32.h
[529/907] Generating shaders/copy_general_u64.h
[530/907] Generating shaders/copy_general_u8.h
[531/907] Generating shaders/dequant_f16.h
[532/907] Generating shaders/dequant_f32.h
[533/907] Generating shaders/dequant_fp_bf16.h
[534/907] Generating shaders/dequant_fp_f16.h
[535/907] Generating shaders/dequant_fp_f32.h
[536/907] Generating shaders/elementwise_bf16.h
[537/907] Generating shaders/elementwise_f16.h
[538/907] Generating shaders/elementwise_i16.h
[539/907] Generating shaders/elementwise_f32.h
[540/907] Generating shaders/elementwise_i32.h
[541/907] Generating shaders/elementwise_i64.h
[542/907] Generating shaders/elementwise_i8.h
[543/907] Generating shaders/elementwise_u16.h
[544/907] Generating shaders/elementwise_u32.h
[545/907] Generating shaders/elementwise_u64.h
[546/907] Generating shaders/elementwise_u8.h
[547/907] Generating shaders/fast_cross_entropy_bf16.h
[548/907] Generating shaders/fast_cross_entropy_f16.h
[549/907] Generating shaders/fast_cross_entropy_f32.h
[550/907] Generating shaders/fast_cross_entropy_vjp_bf16.h
[551/907] Generating shaders/fast_cross_entropy_vjp_f16.h
[552/907] Generating shaders/fast_cross_entropy_vjp_f32.h
[553/907] Generating shaders/fast_layer_norm_bf16.h
[554/907] Generating shaders/fast_layer_norm_f16.h
[555/907] Generating shaders/fast_layer_norm_f32.h
[556/907] Generating shaders/fast_layer_norm_vjp_dw_bf16.h
[557/907] Generating shaders/fast_layer_norm_vjp_dw_f16.h
[558/907] Generating shaders/fast_layer_norm_vjp_dw_f32.h
[559/907] Generating shaders/fast_layer_norm_vjp_dx_bf16.h
[560/907] Generating shaders/fast_layer_norm_vjp_dx_f16.h
[561/907] Generating shaders/fast_rms_norm_bf16.h
[562/907] Generating shaders/fast_layer_norm_vjp_dx_f32.h
[563/907] Generating shaders/fast_rms_norm_f16.h
[564/907] Generating shaders/fast_rms_norm_f32.h
[565/907] Generating shaders/fast_rms_norm_vjp_dw_f16.h
[566/907] Generating shaders/fast_rms_norm_vjp_dw_bf16.h
[567/907] Generating shaders/fast_rms_norm_vjp_dw_reduce_bf16.h
[568/907] Generating shaders/fast_rms_norm_vjp_dw_f32.h
[569/907] Generating shaders/fast_rms_norm_vjp_dw_reduce_f16.h
[570/907] Generating shaders/fast_rms_norm_vjp_dw_reduce_f32.h
[571/907] Generating shaders/fast_rms_norm_vjp_dx_f16.h
[572/907] Generating shaders/fast_rms_norm_vjp_dx_bf16.h
[573/907] Generating shaders/fast_rms_norm_vjp_dx_f32.h
[574/907] Generating shaders/fast_rope_bf16.h
[575/907] Generating shaders/fast_rope_f16.h
[576/907] Generating shaders/fast_rope_f32.h
[577/907] Generating shaders/fast_rope_freqs_bf16.h
[578/907] Generating shaders/fast_rope_freqs_f16.h
[579/907] Generating shaders/fast_rope_freqs_f32.h
[580/907] Generating shaders/fft_f32.h
[581/907] Generating shaders/fft_real_f32.h
[582/907] Generating shaders/fill_bf16.h
[583/907] Generating shaders/fill_c64.h
[584/907] Generating shaders/fft_stage_f32.h
[585/907] Generating shaders/fill_f16.h
[586/907] Generating shaders/fill_f32.h
[587/907] Generating shaders/fill_u16.h
[588/907] Generating shaders/fill_u64.h
[589/907] Generating shaders/fp8_from_bf16.h
[590/907] Generating shaders/fp8_from_f16.h
[591/907] Generating shaders/fp8_from_f32.h
[592/907] Generating shaders/fp8_to_bf16.h
[593/907] Generating shaders/fp8_to_f16.h
[594/907] Generating shaders/fp8_to_f32.h
[595/907] Generating shaders/fused_chain_bf16.h
[596/907] Generating shaders/fused_chain_f16.h
[597/907] Generating shaders/gather_axis_bf16.h
[598/907] Generating shaders/fused_chain_f32.h
[599/907] Generating shaders/gather_axis_c64.h
[600/907] Generating shaders/gather_axis_f16.h
[601/907] Generating shaders/gather_axis_u32.h
[602/907] Generating shaders/gather_axis_i64.h
[603/907] Generating shaders/gather_mm_f16.h
[604/907] Generating shaders/gather_mm_bf16.h
[605/907] Generating shaders/gather_mm_f32.h
[606/907] Generating shaders/gather_qmm_bf16.h
[607/907] Generating shaders/gather_qmm_f16.h
[608/907] Generating shaders/gather_qmm_f32.h
[609/907] Generating shaders/gather_qmm_nb_f16.h
[610/907] Generating shaders/gather_qmm_nb_bf16.h
[611/907] Generating shaders/gather_qmm_nb_f32.h
[612/907] Generating shaders/gather_qmm_nb_fp_bf16.h
[613/907] Generating shaders/gather_qmm_nb_fp_f16.h
[614/907] Generating shaders/gather_qmm_nb_fp_f32.h
[615/907] Generating shaders/gather_qmm_nb_fp_hgs_bf16.h
[616/907] Generating shaders/gather_qmm_nb_fp_hgs_f16.h
[617/907] Generating shaders/gather_qmm_nb_fp_hgs_f32.h
[618/907] Generating shaders/hadamard_bf16.h
[619/907] Generating shaders/hadamard_f32.h
[620/907] Generating shaders/hadamard_f16.h
[621/907] Generating shaders/linalg_cholesky_f32.h
[622/907] Generating shaders/linalg_eigh_f32.h
[623/907] Generating shaders/linalg_inverse_f32.h
[624/907] Generating shaders/linalg_eig_f32.h
[625/907] Generating shaders/linalg_lu_f32.h
[626/907] Generating shaders/linalg_qr_f32.h
[627/907] Generating shaders/linalg_svd_f32.h
[628/907] Generating shaders/logical_or_bool.h
[629/907] Generating shaders/linalg_svd_finalize_f32.h
[630/907] Generating shaders/logsumexp_bf16.h
[631/907] Generating shaders/logsumexp_f16.h
[632/907] Generating shaders/logsumexp_f32.h
[633/907] Generating shaders/masked_scatter_bf16.h
[634/907] Generating shaders/masked_scatter_f16.h
[635/907] Generating shaders/masked_scatter_u32.h
[636/907] Generating shaders/matmul_bf16.h
[637/907] Generating shaders/matmul_complex64.h
[638/907] Generating shaders/matmul_f16.h
[639/907] Generating shaders/matmul_f32.h
[640/907] Generating shaders/matmul_f32_coopmat.h
[641/907] Generating shaders/matmul_f32_coopmat_bf16.h
[642/907] Generating shaders/matmul_rb_f16.h
[643/907] Generating shaders/matmul_vec_bf16.h
[644/907] Generating shaders/matmul_vec_f16.h
[645/907] Generating shaders/matmul_vec_f32.h
[646/907] Generating shaders/qmm_coopmat_f16.h
[647/907] Generating shaders/qmm_bf16.h
[648/907] Generating shaders/qmm_f32.h
[649/907] Generating shaders/qmm_f16.h
[650/907] Generating shaders/qmm_fp_f16.h
[651/907] Generating shaders/qmm_fp_bf16.h
[652/907] Generating shaders/qmm_fp_f32.h
[653/907] Generating shaders/qmm_tile_bf16.h
[654/907] Generating shaders/qmm_tile_f16.h
[655/907] Generating shaders/qmm_tile_f32.h
[656/907] Generating shaders/qmm_tile_fp_bf16.h
[657/907] Generating shaders/qmm_tile_fp_f16.h
[658/907] Generating shaders/qmm_tile_fp_f32.h
[659/907] Generating shaders/qmm_tile_rb_f16.h
[660/907] Generating shaders/qmm_tile_rb_precise_f16.h
[661/907] Generating shaders/qmm_vec_bf16.h
[662/907] Generating shaders/qmm_vec_f16.h
[663/907] Generating shaders/qmm_vec_fp_bf16.h
[664/907] Generating shaders/qmm_vec_f32.h
[665/907] Generating shaders/qmm_vec_fp_f16.h
[666/907] Generating shaders/qmm_vec_fp_f32.h
[667/907] Generating shaders/qmm_vec_q4_multi_f16.h
[668/907] Generating shaders/qmm_vec_q4_multi_bf16.h
[669/907] Generating shaders/qmm_vec_q4_multi_f32.h
[670/907] Generating shaders/qmm_vec_q4_multi_subgroup_bf16.h
[671/907] Generating shaders/qmm_vec_q4_multi_subgroup_f16.h
[672/907] Generating shaders/qmm_vec_q4_multi_subgroup_f32.h
[673/907] Generating shaders/qmm_vec_q4_word_bf16.h
[674/907] Generating shaders/qmm_vec_q4_word_f16.h
[675/907] Generating shaders/qmm_vec_q4_word_f32.h
[676/907] Generating shaders/qmm_vec_q4_word_subgroup_bf16.h
[677/907] Generating shaders/qmm_vec_q4_word_subgroup_f16.h
[678/907] Generating shaders/qmm_vec_q4_word_subgroup_f32.h
[679/907] Generating shaders/qmm_vec_subgroup_bf16.h
[680/907] Generating shaders/qmm_vec_subgroup_f16.h
[681/907] Generating shaders/qmm_vec_subgroup_fp_bf16.h
[682/907] Generating shaders/qmm_vec_subgroup_f32.h
[683/907] Generating shaders/qmm_vec_subgroup_fp_f16.h
[684/907] Generating shaders/qmm_vec_subgroup_fp_f32.h
[685/907] Generating shaders/quantize_f16.h
[686/907] Generating shaders/quantize_f32.h
[687/907] Generating shaders/quantize_fp_bf16.h
[688/907] Generating shaders/quantize_fp_f16.h
[689/907] Generating shaders/random_bits_u32.h
[690/907] Generating shaders/quantize_fp_f32.h
[691/907] Generating shaders/reduce_bf16.h
[692/907] Generating shaders/reduce_f16.h
[693/907] Generating shaders/reduce_f32.h
[694/907] Generating shaders/reduce_general_bf16.h
[695/907] Generating shaders/reduce_general_bool.h
[696/907] Generating shaders/reduce_general_complex.h
[697/907] Generating shaders/reduce_general_f16.h
[698/907] Generating shaders/reduce_general_f32.h
[699/907] Generating shaders/reduce_general_i16.h
[700/907] Generating shaders/reduce_general_i32.h
[701/907] Generating shaders/reduce_general_i64.h
[702/907] Generating shaders/reduce_general_i8.h
[703/907] Generating shaders/reduce_general_u16.h
[704/907] Generating shaders/reduce_general_u32.h
[705/907] Generating shaders/reduce_general_u64.h
[706/907] Generating shaders/reduce_general_u8.h
[707/907] Generating shaders/scan_bf16.h
[708/907] Generating shaders/scan_f32.h
[709/907] Generating shaders/scan_f16.h
[710/907] Generating shaders/scan_general_bf16.h
[711/907] Generating shaders/scan_general_bool.h
[712/907] Generating shaders/scan_general_f16.h
[713/907] Generating shaders/scan_general_complex.h
[714/907] Generating shaders/scan_general_f32.h
[715/907] Generating shaders/scan_general_i16.h
[716/907] Generating shaders/scan_general_i32.h
[717/907] Generating shaders/scan_general_i64.h
[718/907] Generating shaders/scan_general_i8.h
[719/907] Generating shaders/scan_general_u16.h
[720/907] Generating shaders/scan_general_u32.h
[721/907] Generating shaders/scan_general_u64.h
[722/907] Generating shaders/scan_general_u8.h
[723/907] Generating shaders/scatter_axis_bf16.h
[724/907] Generating shaders/scatter_axis_bool.h
[725/907] Generating shaders/scatter_axis_c64.h
[726/907] Generating shaders/scatter_axis_f16.h
[727/907] Generating shaders/scatter_axis_fadd_bf16.h
[728/907] Generating shaders/scatter_axis_fadd_f16.h
[729/907] Generating shaders/scatter_axis_fadd_f32.h
[730/907] Generating shaders/scatter_axis_fcas_f16.h
[731/907] Generating shaders/scatter_axis_fcas_bf16.h
[732/907] Generating shaders/scatter_axis_u32.h
[733/907] Generating shaders/scatter_axis_fcas_f32.h
[734/907] Generating shaders/scatter_bf16.h
[735/907] Generating shaders/scatter_bool.h
[736/907] Generating shaders/scatter_bool_multi.h
[737/907] Generating shaders/scatter_bool_triple.h
[738/907] Generating shaders/scatter_c64.h
[739/907] Generating shaders/scatter_f16.h
[740/907] Generating shaders/scatter_fadd_bf16.h
[741/907] Generating shaders/scatter_fadd_f16.h
[742/907] Generating shaders/scatter_fadd_f32.h
[743/907] Generating shaders/scatter_fadd_general_f32.h
[744/907] Generating shaders/scatter_fadd_multi_f32.h
[745/907] Generating shaders/scatter_fadd_triple_f32.h
[746/907] Generating shaders/scatter_fcas_bf16.h
[747/907] Generating shaders/scatter_fcas_f16.h
[748/907] Generating shaders/scatter_fcas_f32.h
[749/907] Generating shaders/scatter_fcas_general_f32.h
[750/907] Generating shaders/scatter_fcas_multi_f32.h
[751/907] Generating shaders/scatter_fcas_triple_f32.h
[752/907] Generating shaders/scatter_general_bf16.h
[753/907] Generating shaders/scatter_general_bool.h
[754/907] Generating shaders/scatter_general_f16.h
[755/907] Generating shaders/scatter_general_i16.h
[756/907] Generating shaders/scatter_general_i8.h
[757/907] Generating shaders/scatter_general_u16.h
[758/907] Generating shaders/scatter_general_u32.h
[759/907] Generating shaders/scatter_general_u8.h
[760/907] Generating shaders/scatter_i16.h
[761/907] Generating shaders/scatter_i8.h
[762/907] Generating shaders/scatter_multi_bf16.h
[763/907] Generating shaders/scatter_multi_f16.h
[764/907] Generating shaders/scatter_multi_i16.h
[765/907] Generating shaders/scatter_multi_i8.h
[766/907] Generating shaders/scatter_multi_u16.h
[767/907] Generating shaders/scatter_multi_u32.h
[768/907] Generating shaders/scatter_multi_u8.h
[769/907] Generating shaders/scatter_triple_bf16.h
[770/907] Generating shaders/scatter_triple_f16.h
[771/907] Generating shaders/scatter_triple_i16.h
[772/907] Generating shaders/scatter_triple_i8.h
[773/907] Generating shaders/scatter_triple_u16.h
[774/907] Generating shaders/scatter_triple_u32.h
[775/907] Generating shaders/scatter_u16.h
[776/907] Generating shaders/scatter_triple_u8.h
[777/907] Generating shaders/scatter_u32.h
[778/907] Generating shaders/scatter_u8.h
[779/907] Generating shaders/searchsorted_bf16.h
[780/907] Generating shaders/sdpa_decode_native_f16.h
[781/907] Generating shaders/searchsorted_f16.h
[782/907] Generating shaders/searchsorted_f32.h
[783/907] Generating shaders/searchsorted_i32.h
[784/907] Generating shaders/searchsorted_u32.h
[785/907] Generating shaders/segmented_mm_bf16.h
[786/907] Generating shaders/segmented_mm_f16.h
[787/907] Generating shaders/segmented_mm_f32.h
[788/907] Generating shaders/select_bf16.h
[789/907] Generating shaders/select_bool.h
[790/907] Generating shaders/select_complex64.h
[791/907] Generating shaders/select_f16.h
[792/907] Generating shaders/select_f32.h
[793/907] Generating shaders/select_i32.h
[794/907] Generating shaders/slice_update_pair_f16.h
[795/907] Generating shaders/slice_update_reduce_bf16.h
[796/907] Generating shaders/slice_update_reduce_f16.h
[797/907] Generating shaders/slice_update_reduce_f32.h
[798/907] Generating shaders/slice_update_reduce_u32.h
[799/907] Generating shaders/softmax_bf16.h
[800/907] Generating shaders/softmax_f16.h
[801/907] Generating shaders/softmax_f32.h
[802/907] Generating shaders/sort_bf16.h
[803/907] Generating shaders/sort_f16.h
[804/907] Generating shaders/sort_c64.h
[805/907] Generating shaders/sort_i16.h
[806/907] Generating shaders/sort_f32.h
[807/907] Generating shaders/sort_i32.h
[808/907] Generating shaders/sort_i8.h
[809/907] Generating shaders/sort_merge_bf16.h
[810/907] Generating shaders/sort_merge_f16.h
[811/907] Generating shaders/sort_merge_f32.h
[812/907] Generating shaders/sort_merge_i32.h
[813/907] Generating shaders/sort_merge_u32.h
[814/907] Generating shaders/sort_u16.h
[815/907] Generating shaders/sort_u32.h
[816/907] Generating shaders/sort_u8.h
[817/907] Generating shaders/swiglu_f16.h
[818/907] Generating shaders/swiglu_bf16.h
[819/907] Generating shaders/take_bf16.h
[820/907] Generating shaders/take_c64.h
[821/907] Generating shaders/take_f16.h
[822/907] Generating shaders/take_f32.h
[823/907] Generating shaders/take_i64.h
[824/907] Generating shaders/take_multi_bf16.h
[825/907] Generating shaders/take_multi_c64.h
[826/907] Generating shaders/take_multi_f16.h
[827/907] Generating shaders/take_multi_f32.h
[828/907] Generating shaders/take_multi_i64.h
[829/907] Generating shaders/take_multi_u16.h
[830/907] Generating shaders/take_multi_u32.h
[831/907] Generating shaders/take_u32.h
[832/907] Generating shaders/take_u16.h
[833/907] Building CXX object mlx/CMakeFiles/mlx_version.dir/version.cpp.o
[834/907] Building CXX object CMakeFiles/mlx.dir/mlx/array.cpp.o
In file included from /home/joshuawarren/src/mlx-omarchy-alpha-m1/.work/mlx/mlx/event.h:8,
                 from /home/joshuawarren/src/mlx-omarchy-alpha-m1/.work/mlx/mlx/array.h:13,
                 from /home/joshuawarren/src/mlx-omarchy-alpha-m1/.work/mlx/mlx/array.cpp:5:
/home/joshuawarren/src/mlx-omarchy-alpha-m1/.work/mlx/mlx/error.h: In member function 'void mlx::core::Error::set_message(Message)':
/home/joshuawarren/src/mlx-omarchy-alpha-m1/.work/mlx/mlx/error.h:17:22: warning: 'void std::atomic_store(shared_ptr<_Tp>*, shared_ptr<_Tp>) [with _Tp = __cxx11::basic_string<char>]' is deprecated: use 'std::atomic<std::shared_ptr<T>>' instead [-Wdeprecated-declarations]
   17 |     std::atomic_store(&message_, std::move(msg));
      |     ~~~~~~~~~~~~~~~~~^~~~~~~~~~~~~~~~~~~~~~~~~~~
In file included from /usr/include/c++/16.1.1/memory:83,
                 from /home/joshuawarren/src/mlx-omarchy-alpha-m1/.work/mlx/mlx/array.h:7:
/usr/include/c++/16.1.1/bits/shared_ptr_atomic.h:183:5: note: declared here
  183 |     atomic_store(shared_ptr<_Tp>* __p, shared_ptr<_Tp> __r)
      |     ^~~~~~~~~~~~
/home/joshuawarren/src/mlx-omarchy-alpha-m1/.work/mlx/mlx/error.h: In member function 'bool mlx::core::Error::valid() const':
/home/joshuawarren/src/mlx-omarchy-alpha-m1/.work/mlx/mlx/error.h:21:32: warning: 'std::shared_ptr<_Tp> std::atomic_load(const shared_ptr<_Tp>*) [with _Tp = __cxx11::basic_string<char>]' is deprecated: use 'std::atomic<std::shared_ptr<T>>' instead [-Wdeprecated-declarations]
   21 |     auto msg = std::atomic_load(&message_);
      |                ~~~~~~~~~~~~~~~~^~~~~~~~~~~
/usr/include/c++/16.1.1/bits/shared_ptr_atomic.h:142:5: note: declared here
  142 |     atomic_load(const shared_ptr<_Tp>* __p)
      |     ^~~~~~~~~~~
/home/joshuawarren/src/mlx-omarchy-alpha-m1/.work/mlx/mlx/error.h: In member function 'bool mlx::core::Error::store_if_valid(const mlx::core::Error*)':
/home/joshuawarren/src/mlx-omarchy-alpha-m1/.work/mlx/mlx/error.h:28:37: warning: 'std::shared_ptr<_Tp> std::atomic_load(const shared_ptr<_Tp>*) [with _Tp = __cxx11::basic_string<char>]' is deprecated: use 'std::atomic<std::shared_ptr<T>>' instead [-Wdeprecated-declarations]
   28 |       Message msg = std::atomic_load(&ptr->message_);
      |                     ~~~~~~~~~~~~~~~~^~~~~~~~~~~~~~~~
/usr/include/c++/16.1.1/bits/shared_ptr_atomic.h:142:5: note: declared here
  142 |     atomic_load(const shared_ptr<_Tp>* __p)
      |     ^~~~~~~~~~~
/home/joshuawarren/src/mlx-omarchy-alpha-m1/.work/mlx/mlx/error.h: In member function 'void mlx::core::Error::check()':
/home/joshuawarren/src/mlx-omarchy-alpha-m1/.work/mlx/mlx/error.h:39:36: warning: 'std::shared_ptr<_Tp> std::atomic_exchange(shared_ptr<_Tp>*, shared_ptr<_Tp>) [with _Tp = __cxx11::basic_string<char>]' is deprecated: use 'std::atomic<std::shared_ptr<T>>' instead [-Wdeprecated-declarations]
   39 |     auto msg = std::atomic_exchange(&message_, {});
      |                ~~~~~~~~~~~~~~~~~~~~^~~~~~~~~~~~~~~
/usr/include/c++/16.1.1/bits/shared_ptr_atomic.h:225:5: note: declared here
  225 |     atomic_exchange(shared_ptr<_Tp>* __p, shared_ptr<_Tp> __r)
      |     ^~~~~~~~~~~~~~~
[835/907] Building CXX object CMakeFiles/mlx.dir/mlx/device.cpp.o
[836/907] Building CXX object CMakeFiles/mlx.dir/mlx/dtype.cpp.o
[837/907] Building CXX object CMakeFiles/mlx.dir/mlx/compile.cpp.o
In file included from /home/joshuawarren/src/mlx-omarchy-alpha-m1/.work/mlx/mlx/event.h:8,
                 from /home/joshuawarren/src/mlx-omarchy-alpha-m1/.work/mlx/mlx/array.h:13,
                 from /home/joshuawarren/src/mlx-omarchy-alpha-m1/.work/mlx/mlx/backend/common/compiled.h:8,
                 from /home/joshuawarren/src/mlx-omarchy-alpha-m1/.work/mlx/mlx/compile.cpp:12:
/home/joshuawarren/src/mlx-omarchy-alpha-m1/.work/mlx/mlx/error.h: In member function 'void mlx::core::Error::set_message(Message)':
/home/joshuawarren/src/mlx-omarchy-alpha-m1/.work/mlx/mlx/error.h:17:22: warning: 'void std::atomic_store(shared_ptr<_Tp>*, shared_ptr<_Tp>) [with _Tp = __cxx11::basic_string<char>]' is deprecated: use 'std::atomic<std::shared_ptr<T>>' instead [-Wdeprecated-declarations]
   17 |     std::atomic_store(&message_, std::move(msg));
      |     ~~~~~~~~~~~~~~~~~^~~~~~~~~~~~~~~~~~~~~~~~~~~
In file included from /usr/include/c++/16.1.1/memory:83,
                 from /home/joshuawarren/src/mlx-omarchy-alpha-m1/.work/mlx/mlx/array.h:7:
/usr/include/c++/16.1.1/bits/shared_ptr_atomic.h:183:5: note: declared here
  183 |     atomic_store(shared_ptr<_Tp>* __p, shared_ptr<_Tp> __r)
      |     ^~~~~~~~~~~~
/home/joshuawarren/src/mlx-omarchy-alpha-m1/.work/mlx/mlx/error.h: In member function 'bool mlx::core::Error::valid() const':
/home/joshuawarren/src/mlx-omarchy-alpha-m1/.work/mlx/mlx/error.h:21:32: warning: 'std::shared_ptr<_Tp> std::atomic_load(const shared_ptr<_Tp>*) [with _Tp = __cxx11::basic_string<char>]' is deprecated: use 'std::atomic<std::shared_ptr<T>>' instead [-Wdeprecated-declarations]
   21 |     auto msg = std::atomic_load(&message_);
      |                ~~~~~~~~~~~~~~~~^~~~~~~~~~~
/usr/include/c++/16.1.1/bits/shared_ptr_atomic.h:142:5: note: declared here
  142 |     atomic_load(const shared_ptr<_Tp>* __p)
      |     ^~~~~~~~~~~
/home/joshuawarren/src/mlx-omarchy-alpha-m1/.work/mlx/mlx/error.h: In member function 'bool mlx::core::Error::store_if_valid(const mlx::core::Error*)':
/home/joshuawarren/src/mlx-omarchy-alpha-m1/.work/mlx/mlx/error.h:28:37: warning: 'std::shared_ptr<_Tp> std::atomic_load(const shared_ptr<_Tp>*) [with _Tp = __cxx11::basic_string<char>]' is deprecated: use 'std::atomic<std::shared_ptr<T>>' instead [-Wdeprecated-declarations]
   28 |       Message msg = std::atomic_load(&ptr->message_);
      |                     ~~~~~~~~~~~~~~~~^~~~~~~~~~~~~~~~
/usr/include/c++/16.1.1/bits/shared_ptr_atomic.h:142:5: note: declared here
  142 |     atomic_load(const shared_ptr<_Tp>* __p)
      |     ^~~~~~~~~~~
/home/joshuawarren/src/mlx-omarchy-alpha-m1/.work/mlx/mlx/error.h: In member function 'void mlx::core::Error::check()':
/home/joshuawarren/src/mlx-omarchy-alpha-m1/.work/mlx/mlx/error.h:39:36: warning: 'std::shared_ptr<_Tp> std::atomic_exchange(shared_ptr<_Tp>*, shared_ptr<_Tp>) [with _Tp = __cxx11::basic_string<char>]' is deprecated: use 'std::atomic<std::shared_ptr<T>>' instead [-Wdeprecated-declarations]
   39 |     auto msg = std::atomic_exchange(&message_, {});
      |                ~~~~~~~~~~~~~~~~~~~~^~~~~~~~~~~~~~~
/usr/include/c++/16.1.1/bits/shared_ptr_atomic.h:225:5: note: declared here
  225 |     atomic_exchange(shared_ptr<_Tp>* __p, shared_ptr<_Tp> __r)
      |     ^~~~~~~~~~~~~~~
[838/907] Building CXX object CMakeFiles/mlx.dir/mlx/dtype_utils.cpp.o
In file included from /home/joshuawarren/src/mlx-omarchy-alpha-m1/.work/mlx/mlx/event.h:8,
                 from /home/joshuawarren/src/mlx-omarchy-alpha-m1/.work/mlx/mlx/array.h:13,
                 from /home/joshuawarren/src/mlx-omarchy-alpha-m1/.work/mlx/mlx/utils.h:13,
                 from /home/joshuawarren/src/mlx-omarchy-alpha-m1/.work/mlx/mlx/dtype_utils.h:8,
                 from /home/joshuawarren/src/mlx-omarchy-alpha-m1/.work/mlx/mlx/dtype_utils.cpp:3:
/home/joshuawarren/src/mlx-omarchy-alpha-m1/.work/mlx/mlx/error.h: In member function 'void mlx::core::Error::set_message(Message)':
/home/joshuawarren/src/mlx-omarchy-alpha-m1/.work/mlx/mlx/error.h:17:22: warning: 'void std::atomic_store(shared_ptr<_Tp>*, shared_ptr<_Tp>) [with _Tp = __cxx11::basic_string<char>]' is deprecated: use 'std::atomic<std::shared_ptr<T>>' instead [-Wdeprecated-declarations]
   17 |     std::atomic_store(&message_, std::move(msg));
      |     ~~~~~~~~~~~~~~~~~^~~~~~~~~~~~~~~~~~~~~~~~~~~
In file included from /usr/include/c++/16.1.1/memory:83,
                 from /home/joshuawarren/src/mlx-omarchy-alpha-m1/.work/mlx/mlx/array.h:7:
/usr/include/c++/16.1.1/bits/shared_ptr_atomic.h:183:5: note: declared here
  183 |     atomic_store(shared_ptr<_Tp>* __p, shared_ptr<_Tp> __r)
      |     ^~~~~~~~~~~~
/home/joshuawarren/src/mlx-omarchy-alpha-m1/.work/mlx/mlx/error.h: In member function 'bool mlx::core::Error::valid() const':
/home/joshuawarren/src/mlx-omarchy-alpha-m1/.work/mlx/mlx/error.h:21:32: warning: 'std::shared_ptr<_Tp> std::atomic_load(const shared_ptr<_Tp>*) [with _Tp = __cxx11::basic_string<char>]' is deprecated: use 'std::atomic<std::shared_ptr<T>>' instead [-Wdeprecated-declarations]
   21 |     auto msg = std::atomic_load(&message_);
      |                ~~~~~~~~~~~~~~~~^~~~~~~~~~~
/usr/include/c++/16.1.1/bits/shared_ptr_atomic.h:142:5: note: declared here
  142 |     atomic_load(const shared_ptr<_Tp>* __p)
      |     ^~~~~~~~~~~
/home/joshuawarren/src/mlx-omarchy-alpha-m1/.work/mlx/mlx/error.h: In member function 'bool mlx::core::Error::store_if_valid(const mlx::core::Error*)':
/home/joshuawarren/src/mlx-omarchy-alpha-m1/.work/mlx/mlx/error.h:28:37: warning: 'std::shared_ptr<_Tp> std::atomic_load(const shared_ptr<_Tp>*) [with _Tp = __cxx11::basic_string<char>]' is deprecated: use 'std::atomic<std::shared_ptr<T>>' instead [-Wdeprecated-declarations]
   28 |       Message msg = std::atomic_load(&ptr->message_);
      |                     ~~~~~~~~~~~~~~~~^~~~~~~~~~~~~~~~
/usr/include/c++/16.1.1/bits/shared_ptr_atomic.h:142:5: note: declared here
  142 |     atomic_load(const shared_ptr<_Tp>* __p)
      |     ^~~~~~~~~~~
/home/joshuawarren/src/mlx-omarchy-alpha-m1/.work/mlx/mlx/error.h: In member function 'void mlx::core::Error::check()':
/home/joshuawarren/src/mlx-omarchy-alpha-m1/.work/mlx/mlx/error.h:39:36: warning: 'std::shared_ptr<_Tp> std::atomic_exchange(shared_ptr<_Tp>*, shared_ptr<_Tp>) [with _Tp = __cxx11::basic_string<char>]' is deprecated: use 'std::atomic<std::shared_ptr<T>>' instead [-Wdeprecated-declarations]
   39 |     auto msg = std::atomic_exchange(&message_, {});
      |                ~~~~~~~~~~~~~~~~~~~~^~~~~~~~~~~~~~~
/usr/include/c++/16.1.1/bits/shared_ptr_atomic.h:225:5: note: declared here
  225 |     atomic_exchange(shared_ptr<_Tp>* __p, shared_ptr<_Tp> __r)
      |     ^~~~~~~~~~~~~~~
[839/907] Building CXX object CMakeFiles/mlx.dir/mlx/einsum.cpp.o
In file included from /home/joshuawarren/src/mlx-omarchy-alpha-m1/.work/mlx/mlx/event.h:8,
                 from /home/joshuawarren/src/mlx-omarchy-alpha-m1/.work/mlx/mlx/array.h:13,
                 from /home/joshuawarren/src/mlx-omarchy-alpha-m1/.work/mlx/mlx/einsum.h:9,
                 from /home/joshuawarren/src/mlx-omarchy-alpha-m1/.work/mlx/mlx/einsum.cpp:7:
/home/joshuawarren/src/mlx-omarchy-alpha-m1/.work/mlx/mlx/error.h: In member function 'void mlx::core::Error::set_message(Message)':
/home/joshuawarren/src/mlx-omarchy-alpha-m1/.work/mlx/mlx/error.h:17:22: warning: 'void std::atomic_store(shared_ptr<_Tp>*, shared_ptr<_Tp>) [with _Tp = __cxx11::basic_string<char>]' is deprecated: use 'std::atomic<std::shared_ptr<T>>' instead [-Wdeprecated-declarations]
   17 |     std::atomic_store(&message_, std::move(msg));
      |     ~~~~~~~~~~~~~~~~~^~~~~~~~~~~~~~~~~~~~~~~~~~~
In file included from /usr/include/c++/16.1.1/memory:83,
                 from /home/joshuawarren/src/mlx-omarchy-alpha-m1/.work/mlx/mlx/array.h:7:
/usr/include/c++/16.1.1/bits/shared_ptr_atomic.h:183:5: note: declared here
  183 |     atomic_store(shared_ptr<_Tp>* __p, shared_ptr<_Tp> __r)
      |     ^~~~~~~~~~~~
/home/joshuawarren/src/mlx-omarchy-alpha-m1/.work/mlx/mlx/error.h: In member function 'bool mlx::core::Error::valid() const':
/home/joshuawarren/src/mlx-omarchy-alpha-m1/.work/mlx/mlx/error.h:21:32: warning: 'std::shared_ptr<_Tp> std::atomic_load(const shared_ptr<_Tp>*) [with _Tp = __cxx11::basic_string<char>]' is deprecated: use 'std::atomic<std::shared_ptr<T>>' instead [-Wdeprecated-declarations]
   21 |     auto msg = std::atomic_load(&message_);
      |                ~~~~~~~~~~~~~~~~^~~~~~~~~~~
/usr/include/c++/16.1.1/bits/shared_ptr_atomic.h:142:5: note: declared here
  142 |     atomic_load(const shared_ptr<_Tp>* __p)
      |     ^~~~~~~~~~~
/home/joshuawarren/src/mlx-omarchy-alpha-m1/.work/mlx/mlx/error.h: In member function 'bool mlx::core::Error::store_if_valid(const mlx::core::Error*)':
/home/joshuawarren/src/mlx-omarchy-alpha-m1/.work/mlx/mlx/error.h:28:37: warning: 'std::shared_ptr<_Tp> std::atomic_load(const shared_ptr<_Tp>*) [with _Tp = __cxx11::basic_string<char>]' is deprecated: use 'std::atomic<std::shared_ptr<T>>' instead [-Wdeprecated-declarations]
   28 |       Message msg = std::atomic_load(&ptr->message_);
      |                     ~~~~~~~~~~~~~~~~^~~~~~~~~~~~~~~~
/usr/include/c++/16.1.1/bits/shared_ptr_atomic.h:142:5: note: declared here
  142 |     atomic_load(const shared_ptr<_Tp>* __p)
      |     ^~~~~~~~~~~
/home/joshuawarren/src/mlx-omarchy-alpha-m1/.work/mlx/mlx/error.h: In member function 'void mlx::core::Error::check()':
/home/joshuawarren/src/mlx-omarchy-alpha-m1/.work/mlx/mlx/error.h:39:36: warning: 'std::shared_ptr<_Tp> std::atomic_exchange(shared_ptr<_Tp>*, shared_ptr<_Tp>) [with _Tp = __cxx11::basic_string<char>]' is deprecated: use 'std::atomic<std::shared_ptr<T>>' instead [-Wdeprecated-declarations]
   39 |     auto msg = std::atomic_exchange(&message_, {});
      |                ~~~~~~~~~~~~~~~~~~~~^~~~~~~~~~~~~~~
/usr/include/c++/16.1.1/bits/shared_ptr_atomic.h:225:5: note: declared here
  225 |     atomic_exchange(shared_ptr<_Tp>* __p, shared_ptr<_Tp> __r)
      |     ^~~~~~~~~~~~~~~
[840/907] Building CXX object CMakeFiles/mlx.dir/mlx/fast.cpp.o
In file included from /home/joshuawarren/src/mlx-omarchy-alpha-m1/.work/mlx/mlx/event.h:8,
                 from /home/joshuawarren/src/mlx-omarchy-alpha-m1/.work/mlx/mlx/array.h:13,
                 from /home/joshuawarren/src/mlx-omarchy-alpha-m1/.work/mlx/mlx/utils.h:13,
                 from /home/joshuawarren/src/mlx-omarchy-alpha-m1/.work/mlx/mlx/fast.h:10,
                 from /home/joshuawarren/src/mlx-omarchy-alpha-m1/.work/mlx/mlx/fast.cpp:5:
/home/joshuawarren/src/mlx-omarchy-alpha-m1/.work/mlx/mlx/error.h: In member function 'void mlx::core::Error::set_message(Message)':
/home/joshuawarren/src/mlx-omarchy-alpha-m1/.work/mlx/mlx/error.h:17:22: warning: 'void std::atomic_store(shared_ptr<_Tp>*, shared_ptr<_Tp>) [with _Tp = __cxx11::basic_string<char>]' is deprecated: use 'std::atomic<std::shared_ptr<T>>' instead [-Wdeprecated-declarations]
   17 |     std::atomic_store(&message_, std::move(msg));
      |     ~~~~~~~~~~~~~~~~~^~~~~~~~~~~~~~~~~~~~~~~~~~~
In file included from /usr/include/c++/16.1.1/memory:83,
                 from /home/joshuawarren/src/mlx-omarchy-alpha-m1/.work/mlx/mlx/array.h:7:
/usr/include/c++/16.1.1/bits/shared_ptr_atomic.h:183:5: note: declared here
  183 |     atomic_store(shared_ptr<_Tp>* __p, shared_ptr<_Tp> __r)
      |     ^~~~~~~~~~~~
/home/joshuawarren/src/mlx-omarchy-alpha-m1/.work/mlx/mlx/error.h: In member function 'bool mlx::core::Error::valid() const':
/home/joshuawarren/src/mlx-omarchy-alpha-m1/.work/mlx/mlx/error.h:21:32: warning: 'std::shared_ptr<_Tp> std::atomic_load(const shared_ptr<_Tp>*) [with _Tp = __cxx11::basic_string<char>]' is deprecated: use 'std::atomic<std::shared_ptr<T>>' instead [-Wdeprecated-declarations]
   21 |     auto msg = std::atomic_load(&message_);
      |                ~~~~~~~~~~~~~~~~^~~~~~~~~~~
/usr/include/c++/16.1.1/bits/shared_ptr_atomic.h:142:5: note: declared here
  142 |     atomic_load(const shared_ptr<_Tp>* __p)
      |     ^~~~~~~~~~~
/home/joshuawarren/src/mlx-omarchy-alpha-m1/.work/mlx/mlx/error.h: In member function 'bool mlx::core::Error::store_if_valid(const mlx::core::Error*)':
/home/joshuawarren/src/mlx-omarchy-alpha-m1/.work/mlx/mlx/error.h:28:37: warning: 'std::shared_ptr<_Tp> std::atomic_load(const shared_ptr<_Tp>*) [with _Tp = __cxx11::basic_string<char>]' is deprecated: use 'std::atomic<std::shared_ptr<T>>' instead [-Wdeprecated-declarations]
   28 |       Message msg = std::atomic_load(&ptr->message_);
      |                     ~~~~~~~~~~~~~~~~^~~~~~~~~~~~~~~~
/usr/include/c++/16.1.1/bits/shared_ptr_atomic.h:142:5: note: declared here
  142 |     atomic_load(const shared_ptr<_Tp>* __p)
      |     ^~~~~~~~~~~
/home/joshuawarren/src/mlx-omarchy-alpha-m1/.work/mlx/mlx/error.h: In member function 'void mlx::core::Error::check()':
/home/joshuawarren/src/mlx-omarchy-alpha-m1/.work/mlx/mlx/error.h:39:36: warning: 'std::shared_ptr<_Tp> std::atomic_exchange(shared_ptr<_Tp>*, shared_ptr<_Tp>) [with _Tp = __cxx11::basic_string<char>]' is deprecated: use 'std::atomic<std::shared_ptr<T>>' instead [-Wdeprecated-declarations]
   39 |     auto msg = std::atomic_exchange(&message_, {});
      |                ~~~~~~~~~~~~~~~~~~~~^~~~~~~~~~~~~~~
/usr/include/c++/16.1.1/bits/shared_ptr_atomic.h:225:5: note: declared here
  225 |     atomic_exchange(shared_ptr<_Tp>* __p, shared_ptr<_Tp> __r)
      |     ^~~~~~~~~~~~~~~
[841/907] Building CXX object CMakeFiles/mlx.dir/mlx/fft.cpp.o
In file included from /home/joshuawarren/src/mlx-omarchy-alpha-m1/.work/mlx/mlx/event.h:8,
                 from /home/joshuawarren/src/mlx-omarchy-alpha-m1/.work/mlx/mlx/array.h:13,
                 from /home/joshuawarren/src/mlx-omarchy-alpha-m1/.work/mlx/mlx/fft.h:8,
                 from /home/joshuawarren/src/mlx-omarchy-alpha-m1/.work/mlx/mlx/fft.cpp:7:
/home/joshuawarren/src/mlx-omarchy-alpha-m1/.work/mlx/mlx/error.h: In member function 'void mlx::core::Error::set_message(Message)':
/home/joshuawarren/src/mlx-omarchy-alpha-m1/.work/mlx/mlx/error.h:17:22: warning: 'void std::atomic_store(shared_ptr<_Tp>*, shared_ptr<_Tp>) [with _Tp = __cxx11::basic_string<char>]' is deprecated: use 'std::atomic<std::shared_ptr<T>>' instead [-Wdeprecated-declarations]
   17 |     std::atomic_store(&message_, std::move(msg));
      |     ~~~~~~~~~~~~~~~~~^~~~~~~~~~~~~~~~~~~~~~~~~~~
In file included from /usr/include/c++/16.1.1/memory:83,
                 from /home/joshuawarren/src/mlx-omarchy-alpha-m1/.work/mlx/mlx/array.h:7:
/usr/include/c++/16.1.1/bits/shared_ptr_atomic.h:183:5: note: declared here
  183 |     atomic_store(shared_ptr<_Tp>* __p, shared_ptr<_Tp> __r)
      |     ^~~~~~~~~~~~
/home/joshuawarren/src/mlx-omarchy-alpha-m1/.work/mlx/mlx/error.h: In member function 'bool mlx::core::Error::valid() const':
/home/joshuawarren/src/mlx-omarchy-alpha-m1/.work/mlx/mlx/error.h:21:32: warning: 'std::shared_ptr<_Tp> std::atomic_load(const shared_ptr<_Tp>*) [with _Tp = __cxx11::basic_string<char>]' is deprecated: use 'std::atomic<std::shared_ptr<T>>' instead [-Wdeprecated-declarations]
   21 |     auto msg = std::atomic_load(&message_);
      |                ~~~~~~~~~~~~~~~~^~~~~~~~~~~
/usr/include/c++/16.1.1/bits/shared_ptr_atomic.h:142:5: note: declared here
  142 |     atomic_load(const shared_ptr<_Tp>* __p)
      |     ^~~~~~~~~~~
/home/joshuawarren/src/mlx-omarchy-alpha-m1/.work/mlx/mlx/error.h: In member function 'bool mlx::core::Error::store_if_valid(const mlx::core::Error*)':
/home/joshuawarren/src/mlx-omarchy-alpha-m1/.work/mlx/mlx/error.h:28:37: warning: 'std::shared_ptr<_Tp> std::atomic_load(const shared_ptr<_Tp>*) [with _Tp = __cxx11::basic_string<char>]' is deprecated: use 'std::atomic<std::shared_ptr<T>>' instead [-Wdeprecated-declarations]
   28 |       Message msg = std::atomic_load(&ptr->message_);
      |                     ~~~~~~~~~~~~~~~~^~~~~~~~~~~~~~~~
/usr/include/c++/16.1.1/bits/shared_ptr_atomic.h:142:5: note: declared here
  142 |     atomic_load(const shared_ptr<_Tp>* __p)
      |     ^~~~~~~~~~~
/home/joshuawarren/src/mlx-omarchy-alpha-m1/.work/mlx/mlx/error.h: In member function 'void mlx::core::Error::check()':
/home/joshuawarren/src/mlx-omarchy-alpha-m1/.work/mlx/mlx/error.h:39:36: warning: 'std::shared_ptr<_Tp> std::atomic_exchange(shared_ptr<_Tp>*, shared_ptr<_Tp>) [with _Tp = __cxx11::basic_string<char>]' is deprecated: use 'std::atomic<std::shared_ptr<T>>' instead [-Wdeprecated-declarations]
   39 |     auto msg = std::atomic_exchange(&message_, {});
      |                ~~~~~~~~~~~~~~~~~~~~^~~~~~~~~~~~~~~
/usr/include/c++/16.1.1/bits/shared_ptr_atomic.h:225:5: note: declared here
  225 |     atomic_exchange(shared_ptr<_Tp>* __p, shared_ptr<_Tp> __r)
      |     ^~~~~~~~~~~~~~~
[842/907] Building CXX object CMakeFiles/mlx.dir/mlx/export.cpp.o
In file included from /home/joshuawarren/src/mlx-omarchy-alpha-m1/.work/mlx/mlx/event.h:8,
                 from /home/joshuawarren/src/mlx-omarchy-alpha-m1/.work/mlx/mlx/array.h:13,
                 from /home/joshuawarren/src/mlx-omarchy-alpha-m1/.work/mlx/mlx/export.h:10,
                 from /home/joshuawarren/src/mlx-omarchy-alpha-m1/.work/mlx/mlx/export.cpp:2:
/home/joshuawarren/src/mlx-omarchy-alpha-m1/.work/mlx/mlx/error.h: In member function 'void mlx::core::Error::set_message(Message)':
/home/joshuawarren/src/mlx-omarchy-alpha-m1/.work/mlx/mlx/error.h:17:22: warning: 'void std::atomic_store(shared_ptr<_Tp>*, shared_ptr<_Tp>) [with _Tp = __cxx11::basic_string<char>]' is deprecated: use 'std::atomic<std::shared_ptr<T>>' instead [-Wdeprecated-declarations]
   17 |     std::atomic_store(&message_, std::move(msg));
      |     ~~~~~~~~~~~~~~~~~^~~~~~~~~~~~~~~~~~~~~~~~~~~
In file included from /usr/include/c++/16.1.1/memory:83,
                 from /home/joshuawarren/src/mlx-omarchy-alpha-m1/.work/mlx/mlx/array.h:7:
/usr/include/c++/16.1.1/bits/shared_ptr_atomic.h:183:5: note: declared here
  183 |     atomic_store(shared_ptr<_Tp>* __p, shared_ptr<_Tp> __r)
      |     ^~~~~~~~~~~~
/home/joshuawarren/src/mlx-omarchy-alpha-m1/.work/mlx/mlx/error.h: In member function 'bool mlx::core::Error::valid() const':
/home/joshuawarren/src/mlx-omarchy-alpha-m1/.work/mlx/mlx/error.h:21:32: warning: 'std::shared_ptr<_Tp> std::atomic_load(const shared_ptr<_Tp>*) [with _Tp = __cxx11::basic_string<char>]' is deprecated: use 'std::atomic<std::shared_ptr<T>>' instead [-Wdeprecated-declarations]
   21 |     auto msg = std::atomic_load(&message_);
      |                ~~~~~~~~~~~~~~~~^~~~~~~~~~~
/usr/include/c++/16.1.1/bits/shared_ptr_atomic.h:142:5: note: declared here
  142 |     atomic_load(const shared_ptr<_Tp>* __p)
      |     ^~~~~~~~~~~
/home/joshuawarren/src/mlx-omarchy-alpha-m1/.work/mlx/mlx/error.h: In member function 'bool mlx::core::Error::store_if_valid(const mlx::core::Error*)':
/home/joshuawarren/src/mlx-omarchy-alpha-m1/.work/mlx/mlx/error.h:28:37: warning: 'std::shared_ptr<_Tp> std::atomic_load(const shared_ptr<_Tp>*) [with _Tp = __cxx11::basic_string<char>]' is deprecated: use 'std::atomic<std::shared_ptr<T>>' instead [-Wdeprecated-declarations]
   28 |       Message msg = std::atomic_load(&ptr->message_);
      |                     ~~~~~~~~~~~~~~~~^~~~~~~~~~~~~~~~
/usr/include/c++/16.1.1/bits/shared_ptr_atomic.h:142:5: note: declared here
  142 |     atomic_load(const shared_ptr<_Tp>* __p)
      |     ^~~~~~~~~~~
/home/joshuawarren/src/mlx-omarchy-alpha-m1/.work/mlx/mlx/error.h: In member function 'void mlx::core::Error::check()':
/home/joshuawarren/src/mlx-omarchy-alpha-m1/.work/mlx/mlx/error.h:39:36: warning: 'std::shared_ptr<_Tp> std::atomic_exchange(shared_ptr<_Tp>*, shared_ptr<_Tp>) [with _Tp = __cxx11::basic_string<char>]' is deprecated: use 'std::atomic<std::shared_ptr<T>>' instead [-Wdeprecated-declarations]
   39 |     auto msg = std::atomic_exchange(&message_, {});
      |                ~~~~~~~~~~~~~~~~~~~~^~~~~~~~~~~~~~~
/usr/include/c++/16.1.1/bits/shared_ptr_atomic.h:225:5: note: declared here
  225 |     atomic_exchange(shared_ptr<_Tp>* __p, shared_ptr<_Tp> __r)
      |     ^~~~~~~~~~~~~~~
[843/907] Building CXX object CMakeFiles/mlx.dir/mlx/graph_utils.cpp.o
In file included from /home/joshuawarren/src/mlx-omarchy-alpha-m1/.work/mlx/mlx/event.h:8,
                 from /home/joshuawarren/src/mlx-omarchy-alpha-m1/.work/mlx/mlx/array.h:13,
                 from /home/joshuawarren/src/mlx-omarchy-alpha-m1/.work/mlx/mlx/graph_utils.h:8,
                 from /home/joshuawarren/src/mlx-omarchy-alpha-m1/.work/mlx/mlx/graph_utils.cpp:9:
/home/joshuawarren/src/mlx-omarchy-alpha-m1/.work/mlx/mlx/error.h: In member function 'void mlx::core::Error::set_message(Message)':
/home/joshuawarren/src/mlx-omarchy-alpha-m1/.work/mlx/mlx/error.h:17:22: warning: 'void std::atomic_store(shared_ptr<_Tp>*, shared_ptr<_Tp>) [with _Tp = __cxx11::basic_string<char>]' is deprecated: use 'std::atomic<std::shared_ptr<T>>' instead [-Wdeprecated-declarations]
   17 |     std::atomic_store(&message_, std::move(msg));
      |     ~~~~~~~~~~~~~~~~~^~~~~~~~~~~~~~~~~~~~~~~~~~~
In file included from /usr/include/c++/16.1.1/memory:83,
                 from /home/joshuawarren/src/mlx-omarchy-alpha-m1/.work/mlx/mlx/array.h:7:
/usr/include/c++/16.1.1/bits/shared_ptr_atomic.h:183:5: note: declared here
  183 |     atomic_store(shared_ptr<_Tp>* __p, shared_ptr<_Tp> __r)
      |     ^~~~~~~~~~~~
/home/joshuawarren/src/mlx-omarchy-alpha-m1/.work/mlx/mlx/error.h: In member function 'bool mlx::core::Error::valid() const':
/home/joshuawarren/src/mlx-omarchy-alpha-m1/.work/mlx/mlx/error.h:21:32: warning: 'std::shared_ptr<_Tp> std::atomic_load(const shared_ptr<_Tp>*) [with _Tp = __cxx11::basic_string<char>]' is deprecated: use 'std::atomic<std::shared_ptr<T>>' instead [-Wdeprecated-declarations]
   21 |     auto msg = std::atomic_load(&message_);
      |                ~~~~~~~~~~~~~~~~^~~~~~~~~~~
/usr/include/c++/16.1.1/bits/shared_ptr_atomic.h:142:5: note: declared here
  142 |     atomic_load(const shared_ptr<_Tp>* __p)
      |     ^~~~~~~~~~~
/home/joshuawarren/src/mlx-omarchy-alpha-m1/.work/mlx/mlx/error.h: In member function 'bool mlx::core::Error::store_if_valid(const mlx::core::Error*)':
/home/joshuawarren/src/mlx-omarchy-alpha-m1/.work/mlx/mlx/error.h:28:37: warning: 'std::shared_ptr<_Tp> std::atomic_load(const shared_ptr<_Tp>*) [with _Tp = __cxx11::basic_string<char>]' is deprecated: use 'std::atomic<std::shared_ptr<T>>' instead [-Wdeprecated-declarations]
   28 |       Message msg = std::atomic_load(&ptr->message_);
      |                     ~~~~~~~~~~~~~~~~^~~~~~~~~~~~~~~~
/usr/include/c++/16.1.1/bits/shared_ptr_atomic.h:142:5: note: declared here
  142 |     atomic_load(const shared_ptr<_Tp>* __p)
      |     ^~~~~~~~~~~
/home/joshuawarren/src/mlx-omarchy-alpha-m1/.work/mlx/mlx/error.h: In member function 'void mlx::core::Error::check()':
/home/joshuawarren/src/mlx-omarchy-alpha-m1/.work/mlx/mlx/error.h:39:36: warning: 'std::shared_ptr<_Tp> std::atomic_exchange(shared_ptr<_Tp>*, shared_ptr<_Tp>) [with _Tp = __cxx11::basic_string<char>]' is deprecated: use 'std::atomic<std::shared_ptr<T>>' instead [-Wdeprecated-declarations]
   39 |     auto msg = std::atomic_exchange(&message_, {});
      |                ~~~~~~~~~~~~~~~~~~~~^~~~~~~~~~~~~~~
/usr/include/c++/16.1.1/bits/shared_ptr_atomic.h:225:5: note: declared here
  225 |     atomic_exchange(shared_ptr<_Tp>* __p, shared_ptr<_Tp> __r)
      |     ^~~~~~~~~~~~~~~
[844/907] Building CXX object CMakeFiles/mlx.dir/mlx/ops.cpp.o
In file included from /home/joshuawarren/src/mlx-omarchy-alpha-m1/.work/mlx/mlx/event.h:8,
                 from /home/joshuawarren/src/mlx-omarchy-alpha-m1/.work/mlx/mlx/array.h:13,
                 from /home/joshuawarren/src/mlx-omarchy-alpha-m1/.work/mlx/mlx/backend/omarchy/unsupported.h:10,
                 from /home/joshuawarren/src/mlx-omarchy-alpha-m1/.work/mlx/mlx/ops.cpp:15:
/home/joshuawarren/src/mlx-omarchy-alpha-m1/.work/mlx/mlx/error.h: In member function 'void mlx::core::Error::set_message(Message)':
/home/joshuawarren/src/mlx-omarchy-alpha-m1/.work/mlx/mlx/error.h:17:22: warning: 'void std::atomic_store(shared_ptr<_Tp>*, shared_ptr<_Tp>) [with _Tp = __cxx11::basic_string<char>]' is deprecated: use 'std::atomic<std::shared_ptr<T>>' instead [-Wdeprecated-declarations]
   17 |     std::atomic_store(&message_, std::move(msg));
      |     ~~~~~~~~~~~~~~~~~^~~~~~~~~~~~~~~~~~~~~~~~~~~
In file included from /usr/include/c++/16.1.1/memory:83,
                 from /home/joshuawarren/src/mlx-omarchy-alpha-m1/.work/mlx/mlx/array.h:7:
/usr/include/c++/16.1.1/bits/shared_ptr_atomic.h:183:5: note: declared here
  183 |     atomic_store(shared_ptr<_Tp>* __p, shared_ptr<_Tp> __r)
      |     ^~~~~~~~~~~~
/home/joshuawarren/src/mlx-omarchy-alpha-m1/.work/mlx/mlx/error.h: In member function 'bool mlx::core::Error::valid() const':
/home/joshuawarren/src/mlx-omarchy-alpha-m1/.work/mlx/mlx/error.h:21:32: warning: 'std::shared_ptr<_Tp> std::atomic_load(const shared_ptr<_Tp>*) [with _Tp = __cxx11::basic_string<char>]' is deprecated: use 'std::atomic<std::shared_ptr<T>>' instead [-Wdeprecated-declarations]
   21 |     auto msg = std::atomic_load(&message_);
      |                ~~~~~~~~~~~~~~~~^~~~~~~~~~~
/usr/include/c++/16.1.1/bits/shared_ptr_atomic.h:142:5: note: declared here
  142 |     atomic_load(const shared_ptr<_Tp>* __p)
      |     ^~~~~~~~~~~
/home/joshuawarren/src/mlx-omarchy-alpha-m1/.work/mlx/mlx/error.h: In member function 'bool mlx::core::Error::store_if_valid(const mlx::core::Error*)':
/home/joshuawarren/src/mlx-omarchy-alpha-m1/.work/mlx/mlx/error.h:28:37: warning: 'std::shared_ptr<_Tp> std::atomic_load(const shared_ptr<_Tp>*) [with _Tp = __cxx11::basic_string<char>]' is deprecated: use 'std::atomic<std::shared_ptr<T>>' instead [-Wdeprecated-declarations]
   28 |       Message msg = std::atomic_load(&ptr->message_);
      |                     ~~~~~~~~~~~~~~~~^~~~~~~~~~~~~~~~
/usr/include/c++/16.1.1/bits/shared_ptr_atomic.h:142:5: note: declared here
  142 |     atomic_load(const shared_ptr<_Tp>* __p)
      |     ^~~~~~~~~~~
/home/joshuawarren/src/mlx-omarchy-alpha-m1/.work/mlx/mlx/error.h: In member function 'void mlx::core::Error::check()':
/home/joshuawarren/src/mlx-omarchy-alpha-m1/.work/mlx/mlx/error.h:39:36: warning: 'std::shared_ptr<_Tp> std::atomic_exchange(shared_ptr<_Tp>*, shared_ptr<_Tp>) [with _Tp = __cxx11::basic_string<char>]' is deprecated: use 'std::atomic<std::shared_ptr<T>>' instead [-Wdeprecated-declarations]
   39 |     auto msg = std::atomic_exchange(&message_, {});
      |                ~~~~~~~~~~~~~~~~~~~~^~~~~~~~~~~~~~~
/usr/include/c++/16.1.1/bits/shared_ptr_atomic.h:225:5: note: declared here
  225 |     atomic_exchange(shared_ptr<_Tp>* __p, shared_ptr<_Tp> __r)
      |     ^~~~~~~~~~~~~~~
[845/907] Building CXX object CMakeFiles/mlx.dir/mlx/primitives.cpp.o
In file included from /home/joshuawarren/src/mlx-omarchy-alpha-m1/.work/mlx/mlx/event.h:8,
                 from /home/joshuawarren/src/mlx-omarchy-alpha-m1/.work/mlx/mlx/array.h:13,
                 from /home/joshuawarren/src/mlx-omarchy-alpha-m1/.work/mlx/mlx/backend/common/utils.h:9,
                 from /home/joshuawarren/src/mlx-omarchy-alpha-m1/.work/mlx/mlx/primitives.cpp:13:
/home/joshuawarren/src/mlx-omarchy-alpha-m1/.work/mlx/mlx/error.h: In member function 'void mlx::core::Error::set_message(Message)':
/home/joshuawarren/src/mlx-omarchy-alpha-m1/.work/mlx/mlx/error.h:17:22: warning: 'void std::atomic_store(shared_ptr<_Tp>*, shared_ptr<_Tp>) [with _Tp = __cxx11::basic_string<char>]' is deprecated: use 'std::atomic<std::shared_ptr<T>>' instead [-Wdeprecated-declarations]
   17 |     std::atomic_store(&message_, std::move(msg));
      |     ~~~~~~~~~~~~~~~~~^~~~~~~~~~~~~~~~~~~~~~~~~~~
In file included from /usr/include/c++/16.1.1/memory:83,
                 from /home/joshuawarren/src/mlx-omarchy-alpha-m1/.work/mlx/mlx/array.h:7:
/usr/include/c++/16.1.1/bits/shared_ptr_atomic.h:183:5: note: declared here
  183 |     atomic_store(shared_ptr<_Tp>* __p, shared_ptr<_Tp> __r)
      |     ^~~~~~~~~~~~
/home/joshuawarren/src/mlx-omarchy-alpha-m1/.work/mlx/mlx/error.h: In member function 'bool mlx::core::Error::valid() const':
/home/joshuawarren/src/mlx-omarchy-alpha-m1/.work/mlx/mlx/error.h:21:32: warning: 'std::shared_ptr<_Tp> std::atomic_load(const shared_ptr<_Tp>*) [with _Tp = __cxx11::basic_string<char>]' is deprecated: use 'std::atomic<std::shared_ptr<T>>' instead [-Wdeprecated-declarations]
   21 |     auto msg = std::atomic_load(&message_);
      |                ~~~~~~~~~~~~~~~~^~~~~~~~~~~
/usr/include/c++/16.1.1/bits/shared_ptr_atomic.h:142:5: note: declared here
  142 |     atomic_load(const shared_ptr<_Tp>* __p)
      |     ^~~~~~~~~~~
/home/joshuawarren/src/mlx-omarchy-alpha-m1/.work/mlx/mlx/error.h: In member function 'bool mlx::core::Error::store_if_valid(const mlx::core::Error*)':
/home/joshuawarren/src/mlx-omarchy-alpha-m1/.work/mlx/mlx/error.h:28:37: warning: 'std::shared_ptr<_Tp> std::atomic_load(const shared_ptr<_Tp>*) [with _Tp = __cxx11::basic_string<char>]' is deprecated: use 'std::atomic<std::shared_ptr<T>>' instead [-Wdeprecated-declarations]
   28 |       Message msg = std::atomic_load(&ptr->message_);
      |                     ~~~~~~~~~~~~~~~~^~~~~~~~~~~~~~~~
/usr/include/c++/16.1.1/bits/shared_ptr_atomic.h:142:5: note: declared here
  142 |     atomic_load(const shared_ptr<_Tp>* __p)
      |     ^~~~~~~~~~~
/home/joshuawarren/src/mlx-omarchy-alpha-m1/.work/mlx/mlx/error.h: In member function 'void mlx::core::Error::check()':
/home/joshuawarren/src/mlx-omarchy-alpha-m1/.work/mlx/mlx/error.h:39:36: warning: 'std::shared_ptr<_Tp> std::atomic_exchange(shared_ptr<_Tp>*, shared_ptr<_Tp>) [with _Tp = __cxx11::basic_string<char>]' is deprecated: use 'std::atomic<std::shared_ptr<T>>' instead [-Wdeprecated-declarations]
   39 |     auto msg = std::atomic_exchange(&message_, {});
      |                ~~~~~~~~~~~~~~~~~~~~^~~~~~~~~~~~~~~
/usr/include/c++/16.1.1/bits/shared_ptr_atomic.h:225:5: note: declared here
  225 |     atomic_exchange(shared_ptr<_Tp>* __p, shared_ptr<_Tp> __r)
      |     ^~~~~~~~~~~~~~~
[846/907] Building CXX object CMakeFiles/mlx.dir/mlx/random.cpp.o
In file included from /home/joshuawarren/src/mlx-omarchy-alpha-m1/.work/mlx/mlx/event.h:8,
                 from /home/joshuawarren/src/mlx-omarchy-alpha-m1/.work/mlx/mlx/array.h:13,
                 from /home/joshuawarren/src/mlx-omarchy-alpha-m1/.work/mlx/mlx/linalg.h:8,
                 from /home/joshuawarren/src/mlx-omarchy-alpha-m1/.work/mlx/mlx/random.cpp:7:
/home/joshuawarren/src/mlx-omarchy-alpha-m1/.work/mlx/mlx/error.h: In member function 'void mlx::core::Error::set_message(Message)':
/home/joshuawarren/src/mlx-omarchy-alpha-m1/.work/mlx/mlx/error.h:17:22: warning: 'void std::atomic_store(shared_ptr<_Tp>*, shared_ptr<_Tp>) [with _Tp = __cxx11::basic_string<char>]' is deprecated: use 'std::atomic<std::shared_ptr<T>>' instead [-Wdeprecated-declarations]
   17 |     std::atomic_store(&message_, std::move(msg));
      |     ~~~~~~~~~~~~~~~~~^~~~~~~~~~~~~~~~~~~~~~~~~~~
In file included from /usr/include/c++/16.1.1/memory:83,
                 from /home/joshuawarren/src/mlx-omarchy-alpha-m1/.work/mlx/mlx/array.h:7:
/usr/include/c++/16.1.1/bits/shared_ptr_atomic.h:183:5: note: declared here
  183 |     atomic_store(shared_ptr<_Tp>* __p, shared_ptr<_Tp> __r)
      |     ^~~~~~~~~~~~
/home/joshuawarren/src/mlx-omarchy-alpha-m1/.work/mlx/mlx/error.h: In member function 'bool mlx::core::Error::valid() const':
/home/joshuawarren/src/mlx-omarchy-alpha-m1/.work/mlx/mlx/error.h:21:32: warning: 'std::shared_ptr<_Tp> std::atomic_load(const shared_ptr<_Tp>*) [with _Tp = __cxx11::basic_string<char>]' is deprecated: use 'std::atomic<std::shared_ptr<T>>' instead [-Wdeprecated-declarations]
   21 |     auto msg = std::atomic_load(&message_);
      |                ~~~~~~~~~~~~~~~~^~~~~~~~~~~
/usr/include/c++/16.1.1/bits/shared_ptr_atomic.h:142:5: note: declared here
  142 |     atomic_load(const shared_ptr<_Tp>* __p)
      |     ^~~~~~~~~~~
/home/joshuawarren/src/mlx-omarchy-alpha-m1/.work/mlx/mlx/error.h: In member function 'bool mlx::core::Error::store_if_valid(const mlx::core::Error*)':
/home/joshuawarren/src/mlx-omarchy-alpha-m1/.work/mlx/mlx/error.h:28:37: warning: 'std::shared_ptr<_Tp> std::atomic_load(const shared_ptr<_Tp>*) [with _Tp = __cxx11::basic_string<char>]' is deprecated: use 'std::atomic<std::shared_ptr<T>>' instead [-Wdeprecated-declarations]
   28 |       Message msg = std::atomic_load(&ptr->message_);
      |                     ~~~~~~~~~~~~~~~~^~~~~~~~~~~~~~~~
/usr/include/c++/16.1.1/bits/shared_ptr_atomic.h:142:5: note: declared here
  142 |     atomic_load(const shared_ptr<_Tp>* __p)
      |     ^~~~~~~~~~~
/home/joshuawarren/src/mlx-omarchy-alpha-m1/.work/mlx/mlx/error.h: In member function 'void mlx::core::Error::check()':
/home/joshuawarren/src/mlx-omarchy-alpha-m1/.work/mlx/mlx/error.h:39:36: warning: 'std::shared_ptr<_Tp> std::atomic_exchange(shared_ptr<_Tp>*, shared_ptr<_Tp>) [with _Tp = __cxx11::basic_string<char>]' is deprecated: use 'std::atomic<std::shared_ptr<T>>' instead [-Wdeprecated-declarations]
   39 |     auto msg = std::atomic_exchange(&message_, {});
      |                ~~~~~~~~~~~~~~~~~~~~^~~~~~~~~~~~~~~
/usr/include/c++/16.1.1/bits/shared_ptr_atomic.h:225:5: note: declared here
  225 |     atomic_exchange(shared_ptr<_Tp>* __p, shared_ptr<_Tp> __r)
      |     ^~~~~~~~~~~~~~~
[847/907] Building CXX object CMakeFiles/mlx.dir/mlx/stream.cpp.o
In file included from /home/joshuawarren/src/mlx-omarchy-alpha-m1/.work/mlx/mlx/event.h:8,
                 from /home/joshuawarren/src/mlx-omarchy-alpha-m1/.work/mlx/mlx/array.h:13,
                 from /home/joshuawarren/src/mlx-omarchy-alpha-m1/.work/mlx/mlx/backend/cpu/eval.h:5,
                 from /home/joshuawarren/src/mlx-omarchy-alpha-m1/.work/mlx/mlx/stream.cpp:5:
/home/joshuawarren/src/mlx-omarchy-alpha-m1/.work/mlx/mlx/error.h: In member function 'void mlx::core::Error::set_message(Message)':
/home/joshuawarren/src/mlx-omarchy-alpha-m1/.work/mlx/mlx/error.h:17:22: warning: 'void std::atomic_store(shared_ptr<_Tp>*, shared_ptr<_Tp>) [with _Tp = __cxx11::basic_string<char>]' is deprecated: use 'std::atomic<std::shared_ptr<T>>' instead [-Wdeprecated-declarations]
   17 |     std::atomic_store(&message_, std::move(msg));
      |     ~~~~~~~~~~~~~~~~~^~~~~~~~~~~~~~~~~~~~~~~~~~~
In file included from /usr/include/c++/16.1.1/memory:83,
                 from /home/joshuawarren/src/mlx-omarchy-alpha-m1/.work/mlx/mlx/array.h:7:
/usr/include/c++/16.1.1/bits/shared_ptr_atomic.h:183:5: note: declared here
  183 |     atomic_store(shared_ptr<_Tp>* __p, shared_ptr<_Tp> __r)
      |     ^~~~~~~~~~~~
/home/joshuawarren/src/mlx-omarchy-alpha-m1/.work/mlx/mlx/error.h: In member function 'bool mlx::core::Error::valid() const':
/home/joshuawarren/src/mlx-omarchy-alpha-m1/.work/mlx/mlx/error.h:21:32: warning: 'std::shared_ptr<_Tp> std::atomic_load(const shared_ptr<_Tp>*) [with _Tp = __cxx11::basic_string<char>]' is deprecated: use 'std::atomic<std::shared_ptr<T>>' instead [-Wdeprecated-declarations]
   21 |     auto msg = std::atomic_load(&message_);
      |                ~~~~~~~~~~~~~~~~^~~~~~~~~~~
/usr/include/c++/16.1.1/bits/shared_ptr_atomic.h:142:5: note: declared here
  142 |     atomic_load(const shared_ptr<_Tp>* __p)
      |     ^~~~~~~~~~~
/home/joshuawarren/src/mlx-omarchy-alpha-m1/.work/mlx/mlx/error.h: In member function 'bool mlx::core::Error::store_if_valid(const mlx::core::Error*)':
/home/joshuawarren/src/mlx-omarchy-alpha-m1/.work/mlx/mlx/error.h:28:37: warning: 'std::shared_ptr<_Tp> std::atomic_load(const shared_ptr<_Tp>*) [with _Tp = __cxx11::basic_string<char>]' is deprecated: use 'std::atomic<std::shared_ptr<T>>' instead [-Wdeprecated-declarations]
   28 |       Message msg = std::atomic_load(&ptr->message_);
      |                     ~~~~~~~~~~~~~~~~^~~~~~~~~~~~~~~~
/usr/include/c++/16.1.1/bits/shared_ptr_atomic.h:142:5: note: declared here
  142 |     atomic_load(const shared_ptr<_Tp>* __p)
      |     ^~~~~~~~~~~
/home/joshuawarren/src/mlx-omarchy-alpha-m1/.work/mlx/mlx/error.h: In member function 'void mlx::core::Error::check()':
/home/joshuawarren/src/mlx-omarchy-alpha-m1/.work/mlx/mlx/error.h:39:36: warning: 'std::shared_ptr<_Tp> std::atomic_exchange(shared_ptr<_Tp>*, shared_ptr<_Tp>) [with _Tp = __cxx11::basic_string<char>]' is deprecated: use 'std::atomic<std::shared_ptr<T>>' instead [-Wdeprecated-declarations]
   39 |     auto msg = std::atomic_exchange(&message_, {});
      |                ~~~~~~~~~~~~~~~~~~~~^~~~~~~~~~~~~~~
/usr/include/c++/16.1.1/bits/shared_ptr_atomic.h:225:5: note: declared here
  225 |     atomic_exchange(shared_ptr<_Tp>* __p, shared_ptr<_Tp> __r)
      |     ^~~~~~~~~~~~~~~
[848/907] Building CXX object CMakeFiles/mlx.dir/mlx/scheduler.cpp.o
In file included from /home/joshuawarren/src/mlx-omarchy-alpha-m1/.work/mlx/mlx/event.h:8,
                 from /home/joshuawarren/src/mlx-omarchy-alpha-m1/.work/mlx/mlx/array.h:13,
                 from /home/joshuawarren/src/mlx-omarchy-alpha-m1/.work/mlx/mlx/backend/cpu/eval.h:5,
                 from /home/joshuawarren/src/mlx-omarchy-alpha-m1/.work/mlx/mlx/scheduler.cpp:6:
/home/joshuawarren/src/mlx-omarchy-alpha-m1/.work/mlx/mlx/error.h: In member function 'void mlx::core::Error::set_message(Message)':
/home/joshuawarren/src/mlx-omarchy-alpha-m1/.work/mlx/mlx/error.h:17:22: warning: 'void std::atomic_store(shared_ptr<_Tp>*, shared_ptr<_Tp>) [with _Tp = __cxx11::basic_string<char>]' is deprecated: use 'std::atomic<std::shared_ptr<T>>' instead [-Wdeprecated-declarations]
   17 |     std::atomic_store(&message_, std::move(msg));
      |     ~~~~~~~~~~~~~~~~~^~~~~~~~~~~~~~~~~~~~~~~~~~~
In file included from /usr/include/c++/16.1.1/memory:83,
                 from /home/joshuawarren/src/mlx-omarchy-alpha-m1/.work/mlx/mlx/array.h:7:
/usr/include/c++/16.1.1/bits/shared_ptr_atomic.h:183:5: note: declared here
  183 |     atomic_store(shared_ptr<_Tp>* __p, shared_ptr<_Tp> __r)
      |     ^~~~~~~~~~~~
/home/joshuawarren/src/mlx-omarchy-alpha-m1/.work/mlx/mlx/error.h: In member function 'bool mlx::core::Error::valid() const':
/home/joshuawarren/src/mlx-omarchy-alpha-m1/.work/mlx/mlx/error.h:21:32: warning: 'std::shared_ptr<_Tp> std::atomic_load(const shared_ptr<_Tp>*) [with _Tp = __cxx11::basic_string<char>]' is deprecated: use 'std::atomic<std::shared_ptr<T>>' instead [-Wdeprecated-declarations]
   21 |     auto msg = std::atomic_load(&message_);
      |                ~~~~~~~~~~~~~~~~^~~~~~~~~~~
/usr/include/c++/16.1.1/bits/shared_ptr_atomic.h:142:5: note: declared here
  142 |     atomic_load(const shared_ptr<_Tp>* __p)
      |     ^~~~~~~~~~~
/home/joshuawarren/src/mlx-omarchy-alpha-m1/.work/mlx/mlx/error.h: In member function 'bool mlx::core::Error::store_if_valid(const mlx::core::Error*)':
/home/joshuawarren/src/mlx-omarchy-alpha-m1/.work/mlx/mlx/error.h:28:37: warning: 'std::shared_ptr<_Tp> std::atomic_load(const shared_ptr<_Tp>*) [with _Tp = __cxx11::basic_string<char>]' is deprecated: use 'std::atomic<std::shared_ptr<T>>' instead [-Wdeprecated-declarations]
   28 |       Message msg = std::atomic_load(&ptr->message_);
      |                     ~~~~~~~~~~~~~~~~^~~~~~~~~~~~~~~~
/usr/include/c++/16.1.1/bits/shared_ptr_atomic.h:142:5: note: declared here
  142 |     atomic_load(const shared_ptr<_Tp>* __p)
      |     ^~~~~~~~~~~
/home/joshuawarren/src/mlx-omarchy-alpha-m1/.work/mlx/mlx/error.h: In member function 'void mlx::core::Error::check()':
/home/joshuawarren/src/mlx-omarchy-alpha-m1/.work/mlx/mlx/error.h:39:36: warning: 'std::shared_ptr<_Tp> std::atomic_exchange(shared_ptr<_Tp>*, shared_ptr<_Tp>) [with _Tp = __cxx11::basic_string<char>]' is deprecated: use 'std::atomic<std::shared_ptr<T>>' instead [-Wdeprecated-declarations]
   39 |     auto msg = std::atomic_exchange(&message_, {});
      |                ~~~~~~~~~~~~~~~~~~~~^~~~~~~~~~~~~~~
/usr/include/c++/16.1.1/bits/shared_ptr_atomic.h:225:5: note: declared here
  225 |     atomic_exchange(shared_ptr<_Tp>* __p, shared_ptr<_Tp> __r)
      |     ^~~~~~~~~~~~~~~
[849/907] Building CXX object CMakeFiles/mlx.dir/mlx/utils.cpp.o
In file included from /home/joshuawarren/src/mlx-omarchy-alpha-m1/.work/mlx/mlx/event.h:8,
                 from /home/joshuawarren/src/mlx-omarchy-alpha-m1/.work/mlx/mlx/array.h:13,
                 from /home/joshuawarren/src/mlx-omarchy-alpha-m1/.work/mlx/mlx/utils.h:13,
                 from /home/joshuawarren/src/mlx-omarchy-alpha-m1/.work/mlx/mlx/dtype_utils.h:8,
                 from /home/joshuawarren/src/mlx-omarchy-alpha-m1/.work/mlx/mlx/utils.cpp:10:
/home/joshuawarren/src/mlx-omarchy-alpha-m1/.work/mlx/mlx/error.h: In member function 'void mlx::core::Error::set_message(Message)':
/home/joshuawarren/src/mlx-omarchy-alpha-m1/.work/mlx/mlx/error.h:17:22: warning: 'void std::atomic_store(shared_ptr<_Tp>*, shared_ptr<_Tp>) [with _Tp = __cxx11::basic_string<char>]' is deprecated: use 'std::atomic<std::shared_ptr<T>>' instead [-Wdeprecated-declarations]
   17 |     std::atomic_store(&message_, std::move(msg));
      |     ~~~~~~~~~~~~~~~~~^~~~~~~~~~~~~~~~~~~~~~~~~~~
In file included from /usr/include/c++/16.1.1/memory:83,
                 from /home/joshuawarren/src/mlx-omarchy-alpha-m1/.work/mlx/mlx/array.h:7:
/usr/include/c++/16.1.1/bits/shared_ptr_atomic.h:183:5: note: declared here
  183 |     atomic_store(shared_ptr<_Tp>* __p, shared_ptr<_Tp> __r)
      |     ^~~~~~~~~~~~
/home/joshuawarren/src/mlx-omarchy-alpha-m1/.work/mlx/mlx/error.h: In member function 'bool mlx::core::Error::valid() const':
/home/joshuawarren/src/mlx-omarchy-alpha-m1/.work/mlx/mlx/error.h:21:32: warning: 'std::shared_ptr<_Tp> std::atomic_load(const shared_ptr<_Tp>*) [with _Tp = __cxx11::basic_string<char>]' is deprecated: use 'std::atomic<std::shared_ptr<T>>' instead [-Wdeprecated-declarations]
   21 |     auto msg = std::atomic_load(&message_);
      |                ~~~~~~~~~~~~~~~~^~~~~~~~~~~
/usr/include/c++/16.1.1/bits/shared_ptr_atomic.h:142:5: note: declared here
  142 |     atomic_load(const shared_ptr<_Tp>* __p)
      |     ^~~~~~~~~~~
/home/joshuawarren/src/mlx-omarchy-alpha-m1/.work/mlx/mlx/error.h: In member function 'bool mlx::core::Error::store_if_valid(const mlx::core::Error*)':
/home/joshuawarren/src/mlx-omarchy-alpha-m1/.work/mlx/mlx/error.h:28:37: warning: 'std::shared_ptr<_Tp> std::atomic_load(const shared_ptr<_Tp>*) [with _Tp = __cxx11::basic_string<char>]' is deprecated: use 'std::atomic<std::shared_ptr<T>>' instead [-Wdeprecated-declarations]
   28 |       Message msg = std::atomic_load(&ptr->message_);
      |                     ~~~~~~~~~~~~~~~~^~~~~~~~~~~~~~~~
/usr/include/c++/16.1.1/bits/shared_ptr_atomic.h:142:5: note: declared here
  142 |     atomic_load(const shared_ptr<_Tp>* __p)
      |     ^~~~~~~~~~~
/home/joshuawarren/src/mlx-omarchy-alpha-m1/.work/mlx/mlx/error.h: In member function 'void mlx::core::Error::check()':
/home/joshuawarren/src/mlx-omarchy-alpha-m1/.work/mlx/mlx/error.h:39:36: warning: 'std::shared_ptr<_Tp> std::atomic_exchange(shared_ptr<_Tp>*, shared_ptr<_Tp>) [with _Tp = __cxx11::basic_string<char>]' is deprecated: use 'std::atomic<std::shared_ptr<T>>' instead [-Wdeprecated-declarations]
   39 |     auto msg = std::atomic_exchange(&message_, {});
      |                ~~~~~~~~~~~~~~~~~~~~^~~~~~~~~~~~~~~
/usr/include/c++/16.1.1/bits/shared_ptr_atomic.h:225:5: note: declared here
  225 |     atomic_exchange(shared_ptr<_Tp>* __p, shared_ptr<_Tp> __r)
      |     ^~~~~~~~~~~~~~~
[850/907] Building CXX object CMakeFiles/mlx.dir/mlx/linalg.cpp.o
In file included from /home/joshuawarren/src/mlx-omarchy-alpha-m1/.work/mlx/mlx/event.h:8,
                 from /home/joshuawarren/src/mlx-omarchy-alpha-m1/.work/mlx/mlx/array.h:13,
                 from /home/joshuawarren/src/mlx-omarchy-alpha-m1/.work/mlx/mlx/linalg.h:8,
                 from /home/joshuawarren/src/mlx-omarchy-alpha-m1/.work/mlx/mlx/linalg.cpp:7:
/home/joshuawarren/src/mlx-omarchy-alpha-m1/.work/mlx/mlx/error.h: In member function 'void mlx::core::Error::set_message(Message)':
/home/joshuawarren/src/mlx-omarchy-alpha-m1/.work/mlx/mlx/error.h:17:22: warning: 'void std::atomic_store(shared_ptr<_Tp>*, shared_ptr<_Tp>) [with _Tp = __cxx11::basic_string<char>]' is deprecated: use 'std::atomic<std::shared_ptr<T>>' instead [-Wdeprecated-declarations]
   17 |     std::atomic_store(&message_, std::move(msg));
      |     ~~~~~~~~~~~~~~~~~^~~~~~~~~~~~~~~~~~~~~~~~~~~
In file included from /usr/include/c++/16.1.1/memory:83,
                 from /home/joshuawarren/src/mlx-omarchy-alpha-m1/.work/mlx/mlx/array.h:7:
/usr/include/c++/16.1.1/bits/shared_ptr_atomic.h:183:5: note: declared here
  183 |     atomic_store(shared_ptr<_Tp>* __p, shared_ptr<_Tp> __r)
      |     ^~~~~~~~~~~~
/home/joshuawarren/src/mlx-omarchy-alpha-m1/.work/mlx/mlx/error.h: In member function 'bool mlx::core::Error::valid() const':
/home/joshuawarren/src/mlx-omarchy-alpha-m1/.work/mlx/mlx/error.h:21:32: warning: 'std::shared_ptr<_Tp> std::atomic_load(const shared_ptr<_Tp>*) [with _Tp = __cxx11::basic_string<char>]' is deprecated: use 'std::atomic<std::shared_ptr<T>>' instead [-Wdeprecated-declarations]
   21 |     auto msg = std::atomic_load(&message_);
      |                ~~~~~~~~~~~~~~~~^~~~~~~~~~~
/usr/include/c++/16.1.1/bits/shared_ptr_atomic.h:142:5: note: declared here
  142 |     atomic_load(const shared_ptr<_Tp>* __p)
      |     ^~~~~~~~~~~
/home/joshuawarren/src/mlx-omarchy-alpha-m1/.work/mlx/mlx/error.h: In member function 'bool mlx::core::Error::store_if_valid(const mlx::core::Error*)':
/home/joshuawarren/src/mlx-omarchy-alpha-m1/.work/mlx/mlx/error.h:28:37: warning: 'std::shared_ptr<_Tp> std::atomic_load(const shared_ptr<_Tp>*) [with _Tp = __cxx11::basic_string<char>]' is deprecated: use 'std::atomic<std::shared_ptr<T>>' instead [-Wdeprecated-declarations]
   28 |       Message msg = std::atomic_load(&ptr->message_);
      |                     ~~~~~~~~~~~~~~~~^~~~~~~~~~~~~~~~
/usr/include/c++/16.1.1/bits/shared_ptr_atomic.h:142:5: note: declared here
  142 |     atomic_load(const shared_ptr<_Tp>* __p)
      |     ^~~~~~~~~~~
/home/joshuawarren/src/mlx-omarchy-alpha-m1/.work/mlx/mlx/error.h: In member function 'void mlx::core::Error::check()':
/home/joshuawarren/src/mlx-omarchy-alpha-m1/.work/mlx/mlx/error.h:39:36: warning: 'std::shared_ptr<_Tp> std::atomic_exchange(shared_ptr<_Tp>*, shared_ptr<_Tp>) [with _Tp = __cxx11::basic_string<char>]' is deprecated: use 'std::atomic<std::shared_ptr<T>>' instead [-Wdeprecated-declarations]
   39 |     auto msg = std::atomic_exchange(&message_, {});
      |                ~~~~~~~~~~~~~~~~~~~~^~~~~~~~~~~~~~~
/usr/include/c++/16.1.1/bits/shared_ptr_atomic.h:225:5: note: declared here
  225 |     atomic_exchange(shared_ptr<_Tp>* __p, shared_ptr<_Tp> __r)
      |     ^~~~~~~~~~~~~~~
[851/907] Building CXX object CMakeFiles/mlx.dir/mlx/transforms.cpp.o
In file included from /home/joshuawarren/src/mlx-omarchy-alpha-m1/.work/mlx/mlx/event.h:8,
                 from /home/joshuawarren/src/mlx-omarchy-alpha-m1/.work/mlx/mlx/array.h:13,
                 from /home/joshuawarren/src/mlx-omarchy-alpha-m1/.work/mlx/mlx/backend/cpu/eval.h:5,
                 from /home/joshuawarren/src/mlx-omarchy-alpha-m1/.work/mlx/mlx/transforms.cpp:12:
/home/joshuawarren/src/mlx-omarchy-alpha-m1/.work/mlx/mlx/error.h: In member function 'void mlx::core::Error::set_message(Message)':
/home/joshuawarren/src/mlx-omarchy-alpha-m1/.work/mlx/mlx/error.h:17:22: warning: 'void std::atomic_store(shared_ptr<_Tp>*, shared_ptr<_Tp>) [with _Tp = __cxx11::basic_string<char>]' is deprecated: use 'std::atomic<std::shared_ptr<T>>' instead [-Wdeprecated-declarations]
   17 |     std::atomic_store(&message_, std::move(msg));
      |     ~~~~~~~~~~~~~~~~~^~~~~~~~~~~~~~~~~~~~~~~~~~~
In file included from /usr/include/c++/16.1.1/memory:83,
                 from /home/joshuawarren/src/mlx-omarchy-alpha-m1/.work/mlx/mlx/array.h:7:
/usr/include/c++/16.1.1/bits/shared_ptr_atomic.h:183:5: note: declared here
  183 |     atomic_store(shared_ptr<_Tp>* __p, shared_ptr<_Tp> __r)
      |     ^~~~~~~~~~~~
/home/joshuawarren/src/mlx-omarchy-alpha-m1/.work/mlx/mlx/error.h: In member function 'bool mlx::core::Error::valid() const':
/home/joshuawarren/src/mlx-omarchy-alpha-m1/.work/mlx/mlx/error.h:21:32: warning: 'std::shared_ptr<_Tp> std::atomic_load(const shared_ptr<_Tp>*) [with _Tp = __cxx11::basic_string<char>]' is deprecated: use 'std::atomic<std::shared_ptr<T>>' instead [-Wdeprecated-declarations]
   21 |     auto msg = std::atomic_load(&message_);
      |                ~~~~~~~~~~~~~~~~^~~~~~~~~~~
/usr/include/c++/16.1.1/bits/shared_ptr_atomic.h:142:5: note: declared here
  142 |     atomic_load(const shared_ptr<_Tp>* __p)
      |     ^~~~~~~~~~~
/home/joshuawarren/src/mlx-omarchy-alpha-m1/.work/mlx/mlx/error.h: In member function 'bool mlx::core::Error::store_if_valid(const mlx::core::Error*)':
/home/joshuawarren/src/mlx-omarchy-alpha-m1/.work/mlx/mlx/error.h:28:37: warning: 'std::shared_ptr<_Tp> std::atomic_load(const shared_ptr<_Tp>*) [with _Tp = __cxx11::basic_string<char>]' is deprecated: use 'std::atomic<std::shared_ptr<T>>' instead [-Wdeprecated-declarations]
   28 |       Message msg = std::atomic_load(&ptr->message_);
      |                     ~~~~~~~~~~~~~~~~^~~~~~~~~~~~~~~~
/usr/include/c++/16.1.1/bits/shared_ptr_atomic.h:142:5: note: declared here
  142 |     atomic_load(const shared_ptr<_Tp>* __p)
      |     ^~~~~~~~~~~
/home/joshuawarren/src/mlx-omarchy-alpha-m1/.work/mlx/mlx/error.h: In member function 'void mlx::core::Error::check()':
/home/joshuawarren/src/mlx-omarchy-alpha-m1/.work/mlx/mlx/error.h:39:36: warning: 'std::shared_ptr<_Tp> std::atomic_exchange(shared_ptr<_Tp>*, shared_ptr<_Tp>) [with _Tp = __cxx11::basic_string<char>]' is deprecated: use 'std::atomic<std::shared_ptr<T>>' instead [-Wdeprecated-declarations]
   39 |     auto msg = std::atomic_exchange(&message_, {});
      |                ~~~~~~~~~~~~~~~~~~~~^~~~~~~~~~~~~~~
/usr/include/c++/16.1.1/bits/shared_ptr_atomic.h:225:5: note: declared here
  225 |     atomic_exchange(shared_ptr<_Tp>* __p, shared_ptr<_Tp> __r)
      |     ^~~~~~~~~~~~~~~
[852/907] Building CXX object CMakeFiles/mlx.dir/mlx/backend/common/broadcasting.cpp.o
In file included from /home/joshuawarren/src/mlx-omarchy-alpha-m1/.work/mlx/mlx/event.h:8,
                 from /home/joshuawarren/src/mlx-omarchy-alpha-m1/.work/mlx/mlx/array.h:13,
                 from /home/joshuawarren/src/mlx-omarchy-alpha-m1/.work/mlx/mlx/backend/common/utils.h:9,
                 from /home/joshuawarren/src/mlx-omarchy-alpha-m1/.work/mlx/mlx/backend/common/broadcasting.cpp:3:
/home/joshuawarren/src/mlx-omarchy-alpha-m1/.work/mlx/mlx/error.h: In member function 'void mlx::core::Error::set_message(Message)':
/home/joshuawarren/src/mlx-omarchy-alpha-m1/.work/mlx/mlx/error.h:17:22: warning: 'void std::atomic_store(shared_ptr<_Tp>*, shared_ptr<_Tp>) [with _Tp = __cxx11::basic_string<char>]' is deprecated: use 'std::atomic<std::shared_ptr<T>>' instead [-Wdeprecated-declarations]
   17 |     std::atomic_store(&message_, std::move(msg));
      |     ~~~~~~~~~~~~~~~~~^~~~~~~~~~~~~~~~~~~~~~~~~~~
In file included from /usr/include/c++/16.1.1/memory:83,
                 from /home/joshuawarren/src/mlx-omarchy-alpha-m1/.work/mlx/mlx/array.h:7:
/usr/include/c++/16.1.1/bits/shared_ptr_atomic.h:183:5: note: declared here
  183 |     atomic_store(shared_ptr<_Tp>* __p, shared_ptr<_Tp> __r)
      |     ^~~~~~~~~~~~
/home/joshuawarren/src/mlx-omarchy-alpha-m1/.work/mlx/mlx/error.h: In member function 'bool mlx::core::Error::valid() const':
/home/joshuawarren/src/mlx-omarchy-alpha-m1/.work/mlx/mlx/error.h:21:32: warning: 'std::shared_ptr<_Tp> std::atomic_load(const shared_ptr<_Tp>*) [with _Tp = __cxx11::basic_string<char>]' is deprecated: use 'std::atomic<std::shared_ptr<T>>' instead [-Wdeprecated-declarations]
   21 |     auto msg = std::atomic_load(&message_);
      |                ~~~~~~~~~~~~~~~~^~~~~~~~~~~
/usr/include/c++/16.1.1/bits/shared_ptr_atomic.h:142:5: note: declared here
  142 |     atomic_load(const shared_ptr<_Tp>* __p)
      |     ^~~~~~~~~~~
/home/joshuawarren/src/mlx-omarchy-alpha-m1/.work/mlx/mlx/error.h: In member function 'bool mlx::core::Error::store_if_valid(const mlx::core::Error*)':
/home/joshuawarren/src/mlx-omarchy-alpha-m1/.work/mlx/mlx/error.h:28:37: warning: 'std::shared_ptr<_Tp> std::atomic_load(const shared_ptr<_Tp>*) [with _Tp = __cxx11::basic_string<char>]' is deprecated: use 'std::atomic<std::shared_ptr<T>>' instead [-Wdeprecated-declarations]
   28 |       Message msg = std::atomic_load(&ptr->message_);
      |                     ~~~~~~~~~~~~~~~~^~~~~~~~~~~~~~~~
/usr/include/c++/16.1.1/bits/shared_ptr_atomic.h:142:5: note: declared here
  142 |     atomic_load(const shared_ptr<_Tp>* __p)
      |     ^~~~~~~~~~~
/home/joshuawarren/src/mlx-omarchy-alpha-m1/.work/mlx/mlx/error.h: In member function 'void mlx::core::Error::check()':
/home/joshuawarren/src/mlx-omarchy-alpha-m1/.work/mlx/mlx/error.h:39:36: warning: 'std::shared_ptr<_Tp> std::atomic_exchange(shared_ptr<_Tp>*, shared_ptr<_Tp>) [with _Tp = __cxx11::basic_string<char>]' is deprecated: use 'std::atomic<std::shared_ptr<T>>' instead [-Wdeprecated-declarations]
   39 |     auto msg = std::atomic_exchange(&message_, {});
      |                ~~~~~~~~~~~~~~~~~~~~^~~~~~~~~~~~~~~
/usr/include/c++/16.1.1/bits/shared_ptr_atomic.h:225:5: note: declared here
  225 |     atomic_exchange(shared_ptr<_Tp>* __p, shared_ptr<_Tp> __r)
      |     ^~~~~~~~~~~~~~~
[853/907] Building CXX object CMakeFiles/mlx.dir/mlx/backend/common/compiled.cpp.o
In file included from /home/joshuawarren/src/mlx-omarchy-alpha-m1/.work/mlx/mlx/event.h:8,
                 from /home/joshuawarren/src/mlx-omarchy-alpha-m1/.work/mlx/mlx/array.h:13,
                 from /home/joshuawarren/src/mlx-omarchy-alpha-m1/.work/mlx/mlx/backend/common/compiled.h:8,
                 from /home/joshuawarren/src/mlx-omarchy-alpha-m1/.work/mlx/mlx/backend/common/compiled.cpp:3:
/home/joshuawarren/src/mlx-omarchy-alpha-m1/.work/mlx/mlx/error.h: In member function 'void mlx::core::Error::set_message(Message)':
/home/joshuawarren/src/mlx-omarchy-alpha-m1/.work/mlx/mlx/error.h:17:22: warning: 'void std::atomic_store(shared_ptr<_Tp>*, shared_ptr<_Tp>) [with _Tp = __cxx11::basic_string<char>]' is deprecated: use 'std::atomic<std::shared_ptr<T>>' instead [-Wdeprecated-declarations]
   17 |     std::atomic_store(&message_, std::move(msg));
      |     ~~~~~~~~~~~~~~~~~^~~~~~~~~~~~~~~~~~~~~~~~~~~
In file included from /usr/include/c++/16.1.1/memory:83,
                 from /home/joshuawarren/src/mlx-omarchy-alpha-m1/.work/mlx/mlx/array.h:7:
/usr/include/c++/16.1.1/bits/shared_ptr_atomic.h:183:5: note: declared here
  183 |     atomic_store(shared_ptr<_Tp>* __p, shared_ptr<_Tp> __r)
      |     ^~~~~~~~~~~~
/home/joshuawarren/src/mlx-omarchy-alpha-m1/.work/mlx/mlx/error.h: In member function 'bool mlx::core::Error::valid() const':
/home/joshuawarren/src/mlx-omarchy-alpha-m1/.work/mlx/mlx/error.h:21:32: warning: 'std::shared_ptr<_Tp> std::atomic_load(const shared_ptr<_Tp>*) [with _Tp = __cxx11::basic_string<char>]' is deprecated: use 'std::atomic<std::shared_ptr<T>>' instead [-Wdeprecated-declarations]
   21 |     auto msg = std::atomic_load(&message_);
      |                ~~~~~~~~~~~~~~~~^~~~~~~~~~~
/usr/include/c++/16.1.1/bits/shared_ptr_atomic.h:142:5: note: declared here
  142 |     atomic_load(const shared_ptr<_Tp>* __p)
      |     ^~~~~~~~~~~
/home/joshuawarren/src/mlx-omarchy-alpha-m1/.work/mlx/mlx/error.h: In member function 'bool mlx::core::Error::store_if_valid(const mlx::core::Error*)':
/home/joshuawarren/src/mlx-omarchy-alpha-m1/.work/mlx/mlx/error.h:28:37: warning: 'std::shared_ptr<_Tp> std::atomic_load(const shared_ptr<_Tp>*) [with _Tp = __cxx11::basic_string<char>]' is deprecated: use 'std::atomic<std::shared_ptr<T>>' instead [-Wdeprecated-declarations]
   28 |       Message msg = std::atomic_load(&ptr->message_);
      |                     ~~~~~~~~~~~~~~~~^~~~~~~~~~~~~~~~
/usr/include/c++/16.1.1/bits/shared_ptr_atomic.h:142:5: note: declared here
  142 |     atomic_load(const shared_ptr<_Tp>* __p)
      |     ^~~~~~~~~~~
/home/joshuawarren/src/mlx-omarchy-alpha-m1/.work/mlx/mlx/error.h: In member function 'void mlx::core::Error::check()':
/home/joshuawarren/src/mlx-omarchy-alpha-m1/.work/mlx/mlx/error.h:39:36: warning: 'std::shared_ptr<_Tp> std::atomic_exchange(shared_ptr<_Tp>*, shared_ptr<_Tp>) [with _Tp = __cxx11::basic_string<char>]' is deprecated: use 'std::atomic<std::shared_ptr<T>>' instead [-Wdeprecated-declarations]
   39 |     auto msg = std::atomic_exchange(&message_, {});
      |                ~~~~~~~~~~~~~~~~~~~~^~~~~~~~~~~~~~~
/usr/include/c++/16.1.1/bits/shared_ptr_atomic.h:225:5: note: declared here
  225 |     atomic_exchange(shared_ptr<_Tp>* __p, shared_ptr<_Tp> __r)
      |     ^~~~~~~~~~~~~~~
[854/907] Building CXX object CMakeFiles/mlx.dir/mlx/backend/common/common.cpp.o
In file included from /home/joshuawarren/src/mlx-omarchy-alpha-m1/.work/mlx/mlx/event.h:8,
                 from /home/joshuawarren/src/mlx-omarchy-alpha-m1/.work/mlx/mlx/array.h:13,
                 from /home/joshuawarren/src/mlx-omarchy-alpha-m1/.work/mlx/mlx/backend/common/broadcasting.h:5,
                 from /home/joshuawarren/src/mlx-omarchy-alpha-m1/.work/mlx/mlx/backend/common/common.cpp:4:
/home/joshuawarren/src/mlx-omarchy-alpha-m1/.work/mlx/mlx/error.h: In member function 'void mlx::core::Error::set_message(Message)':
/home/joshuawarren/src/mlx-omarchy-alpha-m1/.work/mlx/mlx/error.h:17:22: warning: 'void std::atomic_store(shared_ptr<_Tp>*, shared_ptr<_Tp>) [with _Tp = __cxx11::basic_string<char>]' is deprecated: use 'std::atomic<std::shared_ptr<T>>' instead [-Wdeprecated-declarations]
   17 |     std::atomic_store(&message_, std::move(msg));
      |     ~~~~~~~~~~~~~~~~~^~~~~~~~~~~~~~~~~~~~~~~~~~~
In file included from /usr/include/c++/16.1.1/memory:83,
                 from /home/joshuawarren/src/mlx-omarchy-alpha-m1/.work/mlx/mlx/array.h:7:
/usr/include/c++/16.1.1/bits/shared_ptr_atomic.h:183:5: note: declared here
  183 |     atomic_store(shared_ptr<_Tp>* __p, shared_ptr<_Tp> __r)
      |     ^~~~~~~~~~~~
/home/joshuawarren/src/mlx-omarchy-alpha-m1/.work/mlx/mlx/error.h: In member function 'bool mlx::core::Error::valid() const':
/home/joshuawarren/src/mlx-omarchy-alpha-m1/.work/mlx/mlx/error.h:21:32: warning: 'std::shared_ptr<_Tp> std::atomic_load(const shared_ptr<_Tp>*) [with _Tp = __cxx11::basic_string<char>]' is deprecated: use 'std::atomic<std::shared_ptr<T>>' instead [-Wdeprecated-declarations]
   21 |     auto msg = std::atomic_load(&message_);
      |                ~~~~~~~~~~~~~~~~^~~~~~~~~~~
/usr/include/c++/16.1.1/bits/shared_ptr_atomic.h:142:5: note: declared here
  142 |     atomic_load(const shared_ptr<_Tp>* __p)
      |     ^~~~~~~~~~~
/home/joshuawarren/src/mlx-omarchy-alpha-m1/.work/mlx/mlx/error.h: In member function 'bool mlx::core::Error::store_if_valid(const mlx::core::Error*)':
/home/joshuawarren/src/mlx-omarchy-alpha-m1/.work/mlx/mlx/error.h:28:37: warning: 'std::shared_ptr<_Tp> std::atomic_load(const shared_ptr<_Tp>*) [with _Tp = __cxx11::basic_string<char>]' is deprecated: use 'std::atomic<std::shared_ptr<T>>' instead [-Wdeprecated-declarations]
   28 |       Message msg = std::atomic_load(&ptr->message_);
      |                     ~~~~~~~~~~~~~~~~^~~~~~~~~~~~~~~~
/usr/include/c++/16.1.1/bits/shared_ptr_atomic.h:142:5: note: declared here
  142 |     atomic_load(const shared_ptr<_Tp>* __p)
      |     ^~~~~~~~~~~
/home/joshuawarren/src/mlx-omarchy-alpha-m1/.work/mlx/mlx/error.h: In member function 'void mlx::core::Error::check()':
/home/joshuawarren/src/mlx-omarchy-alpha-m1/.work/mlx/mlx/error.h:39:36: warning: 'std::shared_ptr<_Tp> std::atomic_exchange(shared_ptr<_Tp>*, shared_ptr<_Tp>) [with _Tp = __cxx11::basic_string<char>]' is deprecated: use 'std::atomic<std::shared_ptr<T>>' instead [-Wdeprecated-declarations]
   39 |     auto msg = std::atomic_exchange(&message_, {});
      |                ~~~~~~~~~~~~~~~~~~~~^~~~~~~~~~~~~~~
/usr/include/c++/16.1.1/bits/shared_ptr_atomic.h:225:5: note: declared here
  225 |     atomic_exchange(shared_ptr<_Tp>* __p, shared_ptr<_Tp> __r)
      |     ^~~~~~~~~~~~~~~
[855/907] Building CXX object CMakeFiles/mlx.dir/mlx/backend/common/load.cpp.o
In file included from /home/joshuawarren/src/mlx-omarchy-alpha-m1/.work/mlx/mlx/event.h:8,
                 from /home/joshuawarren/src/mlx-omarchy-alpha-m1/.work/mlx/mlx/array.h:13,
                 from /home/joshuawarren/src/mlx-omarchy-alpha-m1/.work/mlx/mlx/primitives.h:8,
                 from /home/joshuawarren/src/mlx-omarchy-alpha-m1/.work/mlx/mlx/backend/common/load.cpp:6:
/home/joshuawarren/src/mlx-omarchy-alpha-m1/.work/mlx/mlx/error.h: In member function 'void mlx::core::Error::set_message(Message)':
/home/joshuawarren/src/mlx-omarchy-alpha-m1/.work/mlx/mlx/error.h:17:22: warning: 'void std::atomic_store(shared_ptr<_Tp>*, shared_ptr<_Tp>) [with _Tp = __cxx11::basic_string<char>]' is deprecated: use 'std::atomic<std::shared_ptr<T>>' instead [-Wdeprecated-declarations]
   17 |     std::atomic_store(&message_, std::move(msg));
      |     ~~~~~~~~~~~~~~~~~^~~~~~~~~~~~~~~~~~~~~~~~~~~
In file included from /usr/include/c++/16.1.1/memory:83,
                 from /home/joshuawarren/src/mlx-omarchy-alpha-m1/.work/mlx/mlx/array.h:7:
/usr/include/c++/16.1.1/bits/shared_ptr_atomic.h:183:5: note: declared here
  183 |     atomic_store(shared_ptr<_Tp>* __p, shared_ptr<_Tp> __r)
      |     ^~~~~~~~~~~~
/home/joshuawarren/src/mlx-omarchy-alpha-m1/.work/mlx/mlx/error.h: In member function 'bool mlx::core::Error::valid() const':
/home/joshuawarren/src/mlx-omarchy-alpha-m1/.work/mlx/mlx/error.h:21:32: warning: 'std::shared_ptr<_Tp> std::atomic_load(const shared_ptr<_Tp>*) [with _Tp = __cxx11::basic_string<char>]' is deprecated: use 'std::atomic<std::shared_ptr<T>>' instead [-Wdeprecated-declarations]
   21 |     auto msg = std::atomic_load(&message_);
      |                ~~~~~~~~~~~~~~~~^~~~~~~~~~~
/usr/include/c++/16.1.1/bits/shared_ptr_atomic.h:142:5: note: declared here
  142 |     atomic_load(const shared_ptr<_Tp>* __p)
      |     ^~~~~~~~~~~
/home/joshuawarren/src/mlx-omarchy-alpha-m1/.work/mlx/mlx/error.h: In member function 'bool mlx::core::Error::store_if_valid(const mlx::core::Error*)':
/home/joshuawarren/src/mlx-omarchy-alpha-m1/.work/mlx/mlx/error.h:28:37: warning: 'std::shared_ptr<_Tp> std::atomic_load(const shared_ptr<_Tp>*) [with _Tp = __cxx11::basic_string<char>]' is deprecated: use 'std::atomic<std::shared_ptr<T>>' instead [-Wdeprecated-declarations]
   28 |       Message msg = std::atomic_load(&ptr->message_);
      |                     ~~~~~~~~~~~~~~~~^~~~~~~~~~~~~~~~
/usr/include/c++/16.1.1/bits/shared_ptr_atomic.h:142:5: note: declared here
  142 |     atomic_load(const shared_ptr<_Tp>* __p)
      |     ^~~~~~~~~~~
/home/joshuawarren/src/mlx-omarchy-alpha-m1/.work/mlx/mlx/error.h: In member function 'void mlx::core::Error::check()':
/home/joshuawarren/src/mlx-omarchy-alpha-m1/.work/mlx/mlx/error.h:39:36: warning: 'std::shared_ptr<_Tp> std::atomic_exchange(shared_ptr<_Tp>*, shared_ptr<_Tp>) [with _Tp = __cxx11::basic_string<char>]' is deprecated: use 'std::atomic<std::shared_ptr<T>>' instead [-Wdeprecated-declarations]
   39 |     auto msg = std::atomic_exchange(&message_, {});
      |                ~~~~~~~~~~~~~~~~~~~~^~~~~~~~~~~~~~~
/usr/include/c++/16.1.1/bits/shared_ptr_atomic.h:225:5: note: declared here
  225 |     atomic_exchange(shared_ptr<_Tp>* __p, shared_ptr<_Tp> __r)
      |     ^~~~~~~~~~~~~~~
[856/907] Building CXX object CMakeFiles/mlx.dir/mlx/backend/common/reduce.cpp.o
In file included from /home/joshuawarren/src/mlx-omarchy-alpha-m1/.work/mlx/mlx/event.h:8,
                 from /home/joshuawarren/src/mlx-omarchy-alpha-m1/.work/mlx/mlx/array.h:13,
                 from /home/joshuawarren/src/mlx-omarchy-alpha-m1/.work/mlx/mlx/backend/common/utils.h:9,
                 from /home/joshuawarren/src/mlx-omarchy-alpha-m1/.work/mlx/mlx/backend/common/reduce.h:5,
                 from /home/joshuawarren/src/mlx-omarchy-alpha-m1/.work/mlx/mlx/backend/common/reduce.cpp:3:
/home/joshuawarren/src/mlx-omarchy-alpha-m1/.work/mlx/mlx/error.h: In member function 'void mlx::core::Error::set_message(Message)':
/home/joshuawarren/src/mlx-omarchy-alpha-m1/.work/mlx/mlx/error.h:17:22: warning: 'void std::atomic_store(shared_ptr<_Tp>*, shared_ptr<_Tp>) [with _Tp = __cxx11::basic_string<char>]' is deprecated: use 'std::atomic<std::shared_ptr<T>>' instead [-Wdeprecated-declarations]
   17 |     std::atomic_store(&message_, std::move(msg));
      |     ~~~~~~~~~~~~~~~~~^~~~~~~~~~~~~~~~~~~~~~~~~~~
In file included from /usr/include/c++/16.1.1/memory:83,
                 from /home/joshuawarren/src/mlx-omarchy-alpha-m1/.work/mlx/mlx/array.h:7:
/usr/include/c++/16.1.1/bits/shared_ptr_atomic.h:183:5: note: declared here
  183 |     atomic_store(shared_ptr<_Tp>* __p, shared_ptr<_Tp> __r)
      |     ^~~~~~~~~~~~
/home/joshuawarren/src/mlx-omarchy-alpha-m1/.work/mlx/mlx/error.h: In member function 'bool mlx::core::Error::valid() const':
/home/joshuawarren/src/mlx-omarchy-alpha-m1/.work/mlx/mlx/error.h:21:32: warning: 'std::shared_ptr<_Tp> std::atomic_load(const shared_ptr<_Tp>*) [with _Tp = __cxx11::basic_string<char>]' is deprecated: use 'std::atomic<std::shared_ptr<T>>' instead [-Wdeprecated-declarations]
   21 |     auto msg = std::atomic_load(&message_);
      |                ~~~~~~~~~~~~~~~~^~~~~~~~~~~
/usr/include/c++/16.1.1/bits/shared_ptr_atomic.h:142:5: note: declared here
  142 |     atomic_load(const shared_ptr<_Tp>* __p)
      |     ^~~~~~~~~~~
/home/joshuawarren/src/mlx-omarchy-alpha-m1/.work/mlx/mlx/error.h: In member function 'bool mlx::core::Error::store_if_valid(const mlx::core::Error*)':
/home/joshuawarren/src/mlx-omarchy-alpha-m1/.work/mlx/mlx/error.h:28:37: warning: 'std::shared_ptr<_Tp> std::atomic_load(const shared_ptr<_Tp>*) [with _Tp = __cxx11::basic_string<char>]' is deprecated: use 'std::atomic<std::shared_ptr<T>>' instead [-Wdeprecated-declarations]
   28 |       Message msg = std::atomic_load(&ptr->message_);
      |                     ~~~~~~~~~~~~~~~~^~~~~~~~~~~~~~~~
/usr/include/c++/16.1.1/bits/shared_ptr_atomic.h:142:5: note: declared here
  142 |     atomic_load(const shared_ptr<_Tp>* __p)
      |     ^~~~~~~~~~~
/home/joshuawarren/src/mlx-omarchy-alpha-m1/.work/mlx/mlx/error.h: In member function 'void mlx::core::Error::check()':
/home/joshuawarren/src/mlx-omarchy-alpha-m1/.work/mlx/mlx/error.h:39:36: warning: 'std::shared_ptr<_Tp> std::atomic_exchange(shared_ptr<_Tp>*, shared_ptr<_Tp>) [with _Tp = __cxx11::basic_string<char>]' is deprecated: use 'std::atomic<std::shared_ptr<T>>' instead [-Wdeprecated-declarations]
   39 |     auto msg = std::atomic_exchange(&message_, {});
      |                ~~~~~~~~~~~~~~~~~~~~^~~~~~~~~~~~~~~
/usr/include/c++/16.1.1/bits/shared_ptr_atomic.h:225:5: note: declared here
  225 |     atomic_exchange(shared_ptr<_Tp>* __p, shared_ptr<_Tp> __r)
      |     ^~~~~~~~~~~~~~~
[857/907] Building CXX object CMakeFiles/mlx.dir/mlx/backend/common/metal_kernel.cpp.o
In file included from /home/joshuawarren/src/mlx-omarchy-alpha-m1/.work/mlx/mlx/event.h:8,
                 from /home/joshuawarren/src/mlx-omarchy-alpha-m1/.work/mlx/mlx/array.h:13,
                 from /home/joshuawarren/src/mlx-omarchy-alpha-m1/.work/mlx/mlx/backend/common/compiled.h:8,
                 from /home/joshuawarren/src/mlx-omarchy-alpha-m1/.work/mlx/mlx/backend/common/metal_kernel.cpp:6:
/home/joshuawarren/src/mlx-omarchy-alpha-m1/.work/mlx/mlx/error.h: In member function 'void mlx::core::Error::set_message(Message)':
/home/joshuawarren/src/mlx-omarchy-alpha-m1/.work/mlx/mlx/error.h:17:22: warning: 'void std::atomic_store(shared_ptr<_Tp>*, shared_ptr<_Tp>) [with _Tp = __cxx11::basic_string<char>]' is deprecated: use 'std::atomic<std::shared_ptr<T>>' instead [-Wdeprecated-declarations]
   17 |     std::atomic_store(&message_, std::move(msg));
      |     ~~~~~~~~~~~~~~~~~^~~~~~~~~~~~~~~~~~~~~~~~~~~
In file included from /usr/include/c++/16.1.1/memory:83,
                 from /home/joshuawarren/src/mlx-omarchy-alpha-m1/.work/mlx/mlx/array.h:7:
/usr/include/c++/16.1.1/bits/shared_ptr_atomic.h:183:5: note: declared here
  183 |     atomic_store(shared_ptr<_Tp>* __p, shared_ptr<_Tp> __r)
      |     ^~~~~~~~~~~~
/home/joshuawarren/src/mlx-omarchy-alpha-m1/.work/mlx/mlx/error.h: In member function 'bool mlx::core::Error::valid() const':
/home/joshuawarren/src/mlx-omarchy-alpha-m1/.work/mlx/mlx/error.h:21:32: warning: 'std::shared_ptr<_Tp> std::atomic_load(const shared_ptr<_Tp>*) [with _Tp = __cxx11::basic_string<char>]' is deprecated: use 'std::atomic<std::shared_ptr<T>>' instead [-Wdeprecated-declarations]
   21 |     auto msg = std::atomic_load(&message_);
      |                ~~~~~~~~~~~~~~~~^~~~~~~~~~~
/usr/include/c++/16.1.1/bits/shared_ptr_atomic.h:142:5: note: declared here
  142 |     atomic_load(const shared_ptr<_Tp>* __p)
      |     ^~~~~~~~~~~
/home/joshuawarren/src/mlx-omarchy-alpha-m1/.work/mlx/mlx/error.h: In member function 'bool mlx::core::Error::store_if_valid(const mlx::core::Error*)':
/home/joshuawarren/src/mlx-omarchy-alpha-m1/.work/mlx/mlx/error.h:28:37: warning: 'std::shared_ptr<_Tp> std::atomic_load(const shared_ptr<_Tp>*) [with _Tp = __cxx11::basic_string<char>]' is deprecated: use 'std::atomic<std::shared_ptr<T>>' instead [-Wdeprecated-declarations]
   28 |       Message msg = std::atomic_load(&ptr->message_);
      |                     ~~~~~~~~~~~~~~~~^~~~~~~~~~~~~~~~
/usr/include/c++/16.1.1/bits/shared_ptr_atomic.h:142:5: note: declared here
  142 |     atomic_load(const shared_ptr<_Tp>* __p)
      |     ^~~~~~~~~~~
/home/joshuawarren/src/mlx-omarchy-alpha-m1/.work/mlx/mlx/error.h: In member function 'void mlx::core::Error::check()':
/home/joshuawarren/src/mlx-omarchy-alpha-m1/.work/mlx/mlx/error.h:39:36: warning: 'std::shared_ptr<_Tp> std::atomic_exchange(shared_ptr<_Tp>*, shared_ptr<_Tp>) [with _Tp = __cxx11::basic_string<char>]' is deprecated: use 'std::atomic<std::shared_ptr<T>>' instead [-Wdeprecated-declarations]
   39 |     auto msg = std::atomic_exchange(&message_, {});
      |                ~~~~~~~~~~~~~~~~~~~~^~~~~~~~~~~~~~~
/usr/include/c++/16.1.1/bits/shared_ptr_atomic.h:225:5: note: declared here
  225 |     atomic_exchange(shared_ptr<_Tp>* __p, shared_ptr<_Tp> __r)
      |     ^~~~~~~~~~~~~~~
[858/907] Building CXX object CMakeFiles/mlx.dir/mlx/backend/common/slicing.cpp.o
In file included from /home/joshuawarren/src/mlx-omarchy-alpha-m1/.work/mlx/mlx/event.h:8,
                 from /home/joshuawarren/src/mlx-omarchy-alpha-m1/.work/mlx/mlx/array.h:13,
                 from /home/joshuawarren/src/mlx-omarchy-alpha-m1/.work/mlx/mlx/backend/common/utils.h:9,
                 from /home/joshuawarren/src/mlx-omarchy-alpha-m1/.work/mlx/mlx/backend/common/slicing.cpp:3:
/home/joshuawarren/src/mlx-omarchy-alpha-m1/.work/mlx/mlx/error.h: In member function 'void mlx::core::Error::set_message(Message)':
/home/joshuawarren/src/mlx-omarchy-alpha-m1/.work/mlx/mlx/error.h:17:22: warning: 'void std::atomic_store(shared_ptr<_Tp>*, shared_ptr<_Tp>) [with _Tp = __cxx11::basic_string<char>]' is deprecated: use 'std::atomic<std::shared_ptr<T>>' instead [-Wdeprecated-declarations]
   17 |     std::atomic_store(&message_, std::move(msg));
      |     ~~~~~~~~~~~~~~~~~^~~~~~~~~~~~~~~~~~~~~~~~~~~
In file included from /usr/include/c++/16.1.1/memory:83,
                 from /home/joshuawarren/src/mlx-omarchy-alpha-m1/.work/mlx/mlx/array.h:7:
/usr/include/c++/16.1.1/bits/shared_ptr_atomic.h:183:5: note: declared here
  183 |     atomic_store(shared_ptr<_Tp>* __p, shared_ptr<_Tp> __r)
      |     ^~~~~~~~~~~~
/home/joshuawarren/src/mlx-omarchy-alpha-m1/.work/mlx/mlx/error.h: In member function 'bool mlx::core::Error::valid() const':
/home/joshuawarren/src/mlx-omarchy-alpha-m1/.work/mlx/mlx/error.h:21:32: warning: 'std::shared_ptr<_Tp> std::atomic_load(const shared_ptr<_Tp>*) [with _Tp = __cxx11::basic_string<char>]' is deprecated: use 'std::atomic<std::shared_ptr<T>>' instead [-Wdeprecated-declarations]
   21 |     auto msg = std::atomic_load(&message_);
      |                ~~~~~~~~~~~~~~~~^~~~~~~~~~~
/usr/include/c++/16.1.1/bits/shared_ptr_atomic.h:142:5: note: declared here
  142 |     atomic_load(const shared_ptr<_Tp>* __p)
      |     ^~~~~~~~~~~
/home/joshuawarren/src/mlx-omarchy-alpha-m1/.work/mlx/mlx/error.h: In member function 'bool mlx::core::Error::store_if_valid(const mlx::core::Error*)':
/home/joshuawarren/src/mlx-omarchy-alpha-m1/.work/mlx/mlx/error.h:28:37: warning: 'std::shared_ptr<_Tp> std::atomic_load(const shared_ptr<_Tp>*) [with _Tp = __cxx11::basic_string<char>]' is deprecated: use 'std::atomic<std::shared_ptr<T>>' instead [-Wdeprecated-declarations]
   28 |       Message msg = std::atomic_load(&ptr->message_);
      |                     ~~~~~~~~~~~~~~~~^~~~~~~~~~~~~~~~
/usr/include/c++/16.1.1/bits/shared_ptr_atomic.h:142:5: note: declared here
  142 |     atomic_load(const shared_ptr<_Tp>* __p)
      |     ^~~~~~~~~~~
/home/joshuawarren/src/mlx-omarchy-alpha-m1/.work/mlx/mlx/error.h: In member function 'void mlx::core::Error::check()':
/home/joshuawarren/src/mlx-omarchy-alpha-m1/.work/mlx/mlx/error.h:39:36: warning: 'std::shared_ptr<_Tp> std::atomic_exchange(shared_ptr<_Tp>*, shared_ptr<_Tp>) [with _Tp = __cxx11::basic_string<char>]' is deprecated: use 'std::atomic<std::shared_ptr<T>>' instead [-Wdeprecated-declarations]
   39 |     auto msg = std::atomic_exchange(&message_, {});
      |                ~~~~~~~~~~~~~~~~~~~~^~~~~~~~~~~~~~~
/usr/include/c++/16.1.1/bits/shared_ptr_atomic.h:225:5: note: declared here
  225 |     atomic_exchange(shared_ptr<_Tp>* __p, shared_ptr<_Tp> __r)
      |     ^~~~~~~~~~~~~~~
[859/907] Building CXX object CMakeFiles/mlx.dir/mlx/backend/common/utils.cpp.o
In file included from /home/joshuawarren/src/mlx-omarchy-alpha-m1/.work/mlx/mlx/event.h:8,
                 from /home/joshuawarren/src/mlx-omarchy-alpha-m1/.work/mlx/mlx/array.h:13,
                 from /home/joshuawarren/src/mlx-omarchy-alpha-m1/.work/mlx/mlx/backend/common/utils.h:9,
                 from /home/joshuawarren/src/mlx-omarchy-alpha-m1/.work/mlx/mlx/backend/common/utils.cpp:5:
/home/joshuawarren/src/mlx-omarchy-alpha-m1/.work/mlx/mlx/error.h: In member function 'void mlx::core::Error::set_message(Message)':
/home/joshuawarren/src/mlx-omarchy-alpha-m1/.work/mlx/mlx/error.h:17:22: warning: 'void std::atomic_store(shared_ptr<_Tp>*, shared_ptr<_Tp>) [with _Tp = __cxx11::basic_string<char>]' is deprecated: use 'std::atomic<std::shared_ptr<T>>' instead [-Wdeprecated-declarations]
   17 |     std::atomic_store(&message_, std::move(msg));
      |     ~~~~~~~~~~~~~~~~~^~~~~~~~~~~~~~~~~~~~~~~~~~~
In file included from /usr/include/c++/16.1.1/memory:83,
                 from /home/joshuawarren/src/mlx-omarchy-alpha-m1/.work/mlx/mlx/array.h:7:
/usr/include/c++/16.1.1/bits/shared_ptr_atomic.h:183:5: note: declared here
  183 |     atomic_store(shared_ptr<_Tp>* __p, shared_ptr<_Tp> __r)
      |     ^~~~~~~~~~~~
/home/joshuawarren/src/mlx-omarchy-alpha-m1/.work/mlx/mlx/error.h: In member function 'bool mlx::core::Error::valid() const':
/home/joshuawarren/src/mlx-omarchy-alpha-m1/.work/mlx/mlx/error.h:21:32: warning: 'std::shared_ptr<_Tp> std::atomic_load(const shared_ptr<_Tp>*) [with _Tp = __cxx11::basic_string<char>]' is deprecated: use 'std::atomic<std::shared_ptr<T>>' instead [-Wdeprecated-declarations]
   21 |     auto msg = std::atomic_load(&message_);
      |                ~~~~~~~~~~~~~~~~^~~~~~~~~~~
/usr/include/c++/16.1.1/bits/shared_ptr_atomic.h:142:5: note: declared here
  142 |     atomic_load(const shared_ptr<_Tp>* __p)
      |     ^~~~~~~~~~~
/home/joshuawarren/src/mlx-omarchy-alpha-m1/.work/mlx/mlx/error.h: In member function 'bool mlx::core::Error::store_if_valid(const mlx::core::Error*)':
/home/joshuawarren/src/mlx-omarchy-alpha-m1/.work/mlx/mlx/error.h:28:37: warning: 'std::shared_ptr<_Tp> std::atomic_load(const shared_ptr<_Tp>*) [with _Tp = __cxx11::basic_string<char>]' is deprecated: use 'std::atomic<std::shared_ptr<T>>' instead [-Wdeprecated-declarations]
   28 |       Message msg = std::atomic_load(&ptr->message_);
      |                     ~~~~~~~~~~~~~~~~^~~~~~~~~~~~~~~~
/usr/include/c++/16.1.1/bits/shared_ptr_atomic.h:142:5: note: declared here
  142 |     atomic_load(const shared_ptr<_Tp>* __p)
      |     ^~~~~~~~~~~
/home/joshuawarren/src/mlx-omarchy-alpha-m1/.work/mlx/mlx/error.h: In member function 'void mlx::core::Error::check()':
/home/joshuawarren/src/mlx-omarchy-alpha-m1/.work/mlx/mlx/error.h:39:36: warning: 'std::shared_ptr<_Tp> std::atomic_exchange(shared_ptr<_Tp>*, shared_ptr<_Tp>) [with _Tp = __cxx11::basic_string<char>]' is deprecated: use 'std::atomic<std::shared_ptr<T>>' instead [-Wdeprecated-declarations]
   39 |     auto msg = std::atomic_exchange(&message_, {});
      |                ~~~~~~~~~~~~~~~~~~~~^~~~~~~~~~~~~~~
/usr/include/c++/16.1.1/bits/shared_ptr_atomic.h:225:5: note: declared here
  225 |     atomic_exchange(shared_ptr<_Tp>* __p, shared_ptr<_Tp> __r)
      |     ^~~~~~~~~~~~~~~
[860/907] Building CXX object CMakeFiles/mlx.dir/mlx/backend/no_cpu/device_info.cpp.o
[861/907] Building CXX object CMakeFiles/mlx.dir/mlx/backend/cpu/eval.cpp.o
In file included from /home/joshuawarren/src/mlx-omarchy-alpha-m1/.work/mlx/mlx/event.h:8,
                 from /home/joshuawarren/src/mlx-omarchy-alpha-m1/.work/mlx/mlx/array.h:13,
                 from /home/joshuawarren/src/mlx-omarchy-alpha-m1/.work/mlx/mlx/backend/cpu/eval.h:5,
                 from /home/joshuawarren/src/mlx-omarchy-alpha-m1/.work/mlx/mlx/backend/cpu/eval.cpp:2:
/home/joshuawarren/src/mlx-omarchy-alpha-m1/.work/mlx/mlx/error.h: In member function 'void mlx::core::Error::set_message(Message)':
/home/joshuawarren/src/mlx-omarchy-alpha-m1/.work/mlx/mlx/error.h:17:22: warning: 'void std::atomic_store(shared_ptr<_Tp>*, shared_ptr<_Tp>) [with _Tp = __cxx11::basic_string<char>]' is deprecated: use 'std::atomic<std::shared_ptr<T>>' instead [-Wdeprecated-declarations]
   17 |     std::atomic_store(&message_, std::move(msg));
      |     ~~~~~~~~~~~~~~~~~^~~~~~~~~~~~~~~~~~~~~~~~~~~
In file included from /usr/include/c++/16.1.1/memory:83,
                 from /home/joshuawarren/src/mlx-omarchy-alpha-m1/.work/mlx/mlx/array.h:7:
/usr/include/c++/16.1.1/bits/shared_ptr_atomic.h:183:5: note: declared here
  183 |     atomic_store(shared_ptr<_Tp>* __p, shared_ptr<_Tp> __r)
      |     ^~~~~~~~~~~~
/home/joshuawarren/src/mlx-omarchy-alpha-m1/.work/mlx/mlx/error.h: In member function 'bool mlx::core::Error::valid() const':
/home/joshuawarren/src/mlx-omarchy-alpha-m1/.work/mlx/mlx/error.h:21:32: warning: 'std::shared_ptr<_Tp> std::atomic_load(const shared_ptr<_Tp>*) [with _Tp = __cxx11::basic_string<char>]' is deprecated: use 'std::atomic<std::shared_ptr<T>>' instead [-Wdeprecated-declarations]
   21 |     auto msg = std::atomic_load(&message_);
      |                ~~~~~~~~~~~~~~~~^~~~~~~~~~~
/usr/include/c++/16.1.1/bits/shared_ptr_atomic.h:142:5: note: declared here
  142 |     atomic_load(const shared_ptr<_Tp>* __p)
      |     ^~~~~~~~~~~
/home/joshuawarren/src/mlx-omarchy-alpha-m1/.work/mlx/mlx/error.h: In member function 'bool mlx::core::Error::store_if_valid(const mlx::core::Error*)':
/home/joshuawarren/src/mlx-omarchy-alpha-m1/.work/mlx/mlx/error.h:28:37: warning: 'std::shared_ptr<_Tp> std::atomic_load(const shared_ptr<_Tp>*) [with _Tp = __cxx11::basic_string<char>]' is deprecated: use 'std::atomic<std::shared_ptr<T>>' instead [-Wdeprecated-declarations]
   28 |       Message msg = std::atomic_load(&ptr->message_);
      |                     ~~~~~~~~~~~~~~~~^~~~~~~~~~~~~~~~
/usr/include/c++/16.1.1/bits/shared_ptr_atomic.h:142:5: note: declared here
  142 |     atomic_load(const shared_ptr<_Tp>* __p)
      |     ^~~~~~~~~~~
/home/joshuawarren/src/mlx-omarchy-alpha-m1/.work/mlx/mlx/error.h: In member function 'void mlx::core::Error::check()':
/home/joshuawarren/src/mlx-omarchy-alpha-m1/.work/mlx/mlx/error.h:39:36: warning: 'std::shared_ptr<_Tp> std::atomic_exchange(shared_ptr<_Tp>*, shared_ptr<_Tp>) [with _Tp = __cxx11::basic_string<char>]' is deprecated: use 'std::atomic<std::shared_ptr<T>>' instead [-Wdeprecated-declarations]
   39 |     auto msg = std::atomic_exchange(&message_, {});
      |                ~~~~~~~~~~~~~~~~~~~~^~~~~~~~~~~~~~~
/usr/include/c++/16.1.1/bits/shared_ptr_atomic.h:225:5: note: declared here
  225 |     atomic_exchange(shared_ptr<_Tp>* __p, shared_ptr<_Tp> __r)
      |     ^~~~~~~~~~~~~~~
[862/907] Building CXX object CMakeFiles/mlx.dir/mlx/backend/no_cpu/primitives.cpp.o
In file included from /home/joshuawarren/src/mlx-omarchy-alpha-m1/.work/mlx/mlx/event.h:8,
                 from /home/joshuawarren/src/mlx-omarchy-alpha-m1/.work/mlx/mlx/array.h:13,
                 from /home/joshuawarren/src/mlx-omarchy-alpha-m1/.work/mlx/mlx/primitives.h:8,
                 from /home/joshuawarren/src/mlx-omarchy-alpha-m1/.work/mlx/mlx/backend/no_cpu/primitives.cpp:3:
/home/joshuawarren/src/mlx-omarchy-alpha-m1/.work/mlx/mlx/error.h: In member function 'void mlx::core::Error::set_message(Message)':
/home/joshuawarren/src/mlx-omarchy-alpha-m1/.work/mlx/mlx/error.h:17:22: warning: 'void std::atomic_store(shared_ptr<_Tp>*, shared_ptr<_Tp>) [with _Tp = __cxx11::basic_string<char>]' is deprecated: use 'std::atomic<std::shared_ptr<T>>' instead [-Wdeprecated-declarations]
   17 |     std::atomic_store(&message_, std::move(msg));
      |     ~~~~~~~~~~~~~~~~~^~~~~~~~~~~~~~~~~~~~~~~~~~~
In file included from /usr/include/c++/16.1.1/memory:83,
                 from /home/joshuawarren/src/mlx-omarchy-alpha-m1/.work/mlx/mlx/array.h:7:
/usr/include/c++/16.1.1/bits/shared_ptr_atomic.h:183:5: note: declared here
  183 |     atomic_store(shared_ptr<_Tp>* __p, shared_ptr<_Tp> __r)
      |     ^~~~~~~~~~~~
/home/joshuawarren/src/mlx-omarchy-alpha-m1/.work/mlx/mlx/error.h: In member function 'bool mlx::core::Error::valid() const':
/home/joshuawarren/src/mlx-omarchy-alpha-m1/.work/mlx/mlx/error.h:21:32: warning: 'std::shared_ptr<_Tp> std::atomic_load(const shared_ptr<_Tp>*) [with _Tp = __cxx11::basic_string<char>]' is deprecated: use 'std::atomic<std::shared_ptr<T>>' instead [-Wdeprecated-declarations]
   21 |     auto msg = std::atomic_load(&message_);
      |                ~~~~~~~~~~~~~~~~^~~~~~~~~~~
/usr/include/c++/16.1.1/bits/shared_ptr_atomic.h:142:5: note: declared here
  142 |     atomic_load(const shared_ptr<_Tp>* __p)
      |     ^~~~~~~~~~~
/home/joshuawarren/src/mlx-omarchy-alpha-m1/.work/mlx/mlx/error.h: In member function 'bool mlx::core::Error::store_if_valid(const mlx::core::Error*)':
/home/joshuawarren/src/mlx-omarchy-alpha-m1/.work/mlx/mlx/error.h:28:37: warning: 'std::shared_ptr<_Tp> std::atomic_load(const shared_ptr<_Tp>*) [with _Tp = __cxx11::basic_string<char>]' is deprecated: use 'std::atomic<std::shared_ptr<T>>' instead [-Wdeprecated-declarations]
   28 |       Message msg = std::atomic_load(&ptr->message_);
      |                     ~~~~~~~~~~~~~~~~^~~~~~~~~~~~~~~~
/usr/include/c++/16.1.1/bits/shared_ptr_atomic.h:142:5: note: declared here
  142 |     atomic_load(const shared_ptr<_Tp>* __p)
      |     ^~~~~~~~~~~
/home/joshuawarren/src/mlx-omarchy-alpha-m1/.work/mlx/mlx/error.h: In member function 'void mlx::core::Error::check()':
/home/joshuawarren/src/mlx-omarchy-alpha-m1/.work/mlx/mlx/error.h:39:36: warning: 'std::shared_ptr<_Tp> std::atomic_exchange(shared_ptr<_Tp>*, shared_ptr<_Tp>) [with _Tp = __cxx11::basic_string<char>]' is deprecated: use 'std::atomic<std::shared_ptr<T>>' instead [-Wdeprecated-declarations]
   39 |     auto msg = std::atomic_exchange(&message_, {});
      |                ~~~~~~~~~~~~~~~~~~~~^~~~~~~~~~~~~~~
/usr/include/c++/16.1.1/bits/shared_ptr_atomic.h:225:5: note: declared here
  225 |     atomic_exchange(shared_ptr<_Tp>* __p, shared_ptr<_Tp> __r)
      |     ^~~~~~~~~~~~~~~
[863/907] Building CXX object CMakeFiles/mlx.dir/mlx/backend/no_cpu/compiled.cpp.o
In file included from /home/joshuawarren/src/mlx-omarchy-alpha-m1/.work/mlx/mlx/event.h:8,
                 from /home/joshuawarren/src/mlx-omarchy-alpha-m1/.work/mlx/mlx/array.h:13,
                 from /home/joshuawarren/src/mlx-omarchy-alpha-m1/.work/mlx/mlx/compile_impl.h:8,
                 from /home/joshuawarren/src/mlx-omarchy-alpha-m1/.work/mlx/mlx/backend/no_cpu/compiled.cpp:3:
/home/joshuawarren/src/mlx-omarchy-alpha-m1/.work/mlx/mlx/error.h: In member function 'void mlx::core::Error::set_message(Message)':
/home/joshuawarren/src/mlx-omarchy-alpha-m1/.work/mlx/mlx/error.h:17:22: warning: 'void std::atomic_store(shared_ptr<_Tp>*, shared_ptr<_Tp>) [with _Tp = __cxx11::basic_string<char>]' is deprecated: use 'std::atomic<std::shared_ptr<T>>' instead [-Wdeprecated-declarations]
   17 |     std::atomic_store(&message_, std::move(msg));
      |     ~~~~~~~~~~~~~~~~~^~~~~~~~~~~~~~~~~~~~~~~~~~~
In file included from /usr/include/c++/16.1.1/memory:83,
                 from /home/joshuawarren/src/mlx-omarchy-alpha-m1/.work/mlx/mlx/array.h:7:
/usr/include/c++/16.1.1/bits/shared_ptr_atomic.h:183:5: note: declared here
  183 |     atomic_store(shared_ptr<_Tp>* __p, shared_ptr<_Tp> __r)
      |     ^~~~~~~~~~~~
/home/joshuawarren/src/mlx-omarchy-alpha-m1/.work/mlx/mlx/error.h: In member function 'bool mlx::core::Error::valid() const':
/home/joshuawarren/src/mlx-omarchy-alpha-m1/.work/mlx/mlx/error.h:21:32: warning: 'std::shared_ptr<_Tp> std::atomic_load(const shared_ptr<_Tp>*) [with _Tp = __cxx11::basic_string<char>]' is deprecated: use 'std::atomic<std::shared_ptr<T>>' instead [-Wdeprecated-declarations]
   21 |     auto msg = std::atomic_load(&message_);
      |                ~~~~~~~~~~~~~~~~^~~~~~~~~~~
/usr/include/c++/16.1.1/bits/shared_ptr_atomic.h:142:5: note: declared here
  142 |     atomic_load(const shared_ptr<_Tp>* __p)
      |     ^~~~~~~~~~~
/home/joshuawarren/src/mlx-omarchy-alpha-m1/.work/mlx/mlx/error.h: In member function 'bool mlx::core::Error::store_if_valid(const mlx::core::Error*)':
/home/joshuawarren/src/mlx-omarchy-alpha-m1/.work/mlx/mlx/error.h:28:37: warning: 'std::shared_ptr<_Tp> std::atomic_load(const shared_ptr<_Tp>*) [with _Tp = __cxx11::basic_string<char>]' is deprecated: use 'std::atomic<std::shared_ptr<T>>' instead [-Wdeprecated-declarations]
   28 |       Message msg = std::atomic_load(&ptr->message_);
      |                     ~~~~~~~~~~~~~~~~^~~~~~~~~~~~~~~~
/usr/include/c++/16.1.1/bits/shared_ptr_atomic.h:142:5: note: declared here
  142 |     atomic_load(const shared_ptr<_Tp>* __p)
      |     ^~~~~~~~~~~
/home/joshuawarren/src/mlx-omarchy-alpha-m1/.work/mlx/mlx/error.h: In member function 'void mlx::core::Error::check()':
/home/joshuawarren/src/mlx-omarchy-alpha-m1/.work/mlx/mlx/error.h:39:36: warning: 'std::shared_ptr<_Tp> std::atomic_exchange(shared_ptr<_Tp>*, shared_ptr<_Tp>) [with _Tp = __cxx11::basic_string<char>]' is deprecated: use 'std::atomic<std::shared_ptr<T>>' instead [-Wdeprecated-declarations]
   39 |     auto msg = std::atomic_exchange(&message_, {});
      |                ~~~~~~~~~~~~~~~~~~~~^~~~~~~~~~~~~~~
/usr/include/c++/16.1.1/bits/shared_ptr_atomic.h:225:5: note: declared here
  225 |     atomic_exchange(shared_ptr<_Tp>* __p, shared_ptr<_Tp> __r)
      |     ^~~~~~~~~~~~~~~
[864/907] Building CXX object CMakeFiles/mlx.dir/mlx/backend/cpu/encoder.cpp.o
In file included from /home/joshuawarren/src/mlx-omarchy-alpha-m1/.work/mlx/mlx/event.h:8,
                 from /home/joshuawarren/src/mlx-omarchy-alpha-m1/.work/mlx/mlx/array.h:13,
                 from /home/joshuawarren/src/mlx-omarchy-alpha-m1/.work/mlx/mlx/backend/cpu/encoder.h:7,
                 from /home/joshuawarren/src/mlx-omarchy-alpha-m1/.work/mlx/mlx/backend/cpu/encoder.cpp:3:
/home/joshuawarren/src/mlx-omarchy-alpha-m1/.work/mlx/mlx/error.h: In member function 'void mlx::core::Error::set_message(Message)':
/home/joshuawarren/src/mlx-omarchy-alpha-m1/.work/mlx/mlx/error.h:17:22: warning: 'void std::atomic_store(shared_ptr<_Tp>*, shared_ptr<_Tp>) [with _Tp = __cxx11::basic_string<char>]' is deprecated: use 'std::atomic<std::shared_ptr<T>>' instead [-Wdeprecated-declarations]
   17 |     std::atomic_store(&message_, std::move(msg));
      |     ~~~~~~~~~~~~~~~~~^~~~~~~~~~~~~~~~~~~~~~~~~~~
In file included from /usr/include/c++/16.1.1/memory:83,
                 from /home/joshuawarren/src/mlx-omarchy-alpha-m1/.work/mlx/mlx/array.h:7:
/usr/include/c++/16.1.1/bits/shared_ptr_atomic.h:183:5: note: declared here
  183 |     atomic_store(shared_ptr<_Tp>* __p, shared_ptr<_Tp> __r)
      |     ^~~~~~~~~~~~
/home/joshuawarren/src/mlx-omarchy-alpha-m1/.work/mlx/mlx/error.h: In member function 'bool mlx::core::Error::valid() const':
/home/joshuawarren/src/mlx-omarchy-alpha-m1/.work/mlx/mlx/error.h:21:32: warning: 'std::shared_ptr<_Tp> std::atomic_load(const shared_ptr<_Tp>*) [with _Tp = __cxx11::basic_string<char>]' is deprecated: use 'std::atomic<std::shared_ptr<T>>' instead [-Wdeprecated-declarations]
   21 |     auto msg = std::atomic_load(&message_);
      |                ~~~~~~~~~~~~~~~~^~~~~~~~~~~
/usr/include/c++/16.1.1/bits/shared_ptr_atomic.h:142:5: note: declared here
  142 |     atomic_load(const shared_ptr<_Tp>* __p)
      |     ^~~~~~~~~~~
/home/joshuawarren/src/mlx-omarchy-alpha-m1/.work/mlx/mlx/error.h: In member function 'bool mlx::core::Error::store_if_valid(const mlx::core::Error*)':
/home/joshuawarren/src/mlx-omarchy-alpha-m1/.work/mlx/mlx/error.h:28:37: warning: 'std::shared_ptr<_Tp> std::atomic_load(const shared_ptr<_Tp>*) [with _Tp = __cxx11::basic_string<char>]' is deprecated: use 'std::atomic<std::shared_ptr<T>>' instead [-Wdeprecated-declarations]
   28 |       Message msg = std::atomic_load(&ptr->message_);
      |                     ~~~~~~~~~~~~~~~~^~~~~~~~~~~~~~~~
/usr/include/c++/16.1.1/bits/shared_ptr_atomic.h:142:5: note: declared here
  142 |     atomic_load(const shared_ptr<_Tp>* __p)
      |     ^~~~~~~~~~~
/home/joshuawarren/src/mlx-omarchy-alpha-m1/.work/mlx/mlx/error.h: In member function 'void mlx::core::Error::check()':
/home/joshuawarren/src/mlx-omarchy-alpha-m1/.work/mlx/mlx/error.h:39:36: warning: 'std::shared_ptr<_Tp> std::atomic_exchange(shared_ptr<_Tp>*, shared_ptr<_Tp>) [with _Tp = __cxx11::basic_string<char>]' is deprecated: use 'std::atomic<std::shared_ptr<T>>' instead [-Wdeprecated-declarations]
   39 |     auto msg = std::atomic_exchange(&message_, {});
      |                ~~~~~~~~~~~~~~~~~~~~^~~~~~~~~~~~~~~
/usr/include/c++/16.1.1/bits/shared_ptr_atomic.h:225:5: note: declared here
  225 |     atomic_exchange(shared_ptr<_Tp>* __p, shared_ptr<_Tp> __r)
      |     ^~~~~~~~~~~~~~~
[865/907] Building CXX object CMakeFiles/mlx.dir/mlx/distributed/primitives.cpp.o
In file included from /home/joshuawarren/src/mlx-omarchy-alpha-m1/.work/mlx/mlx/event.h:8,
                 from /home/joshuawarren/src/mlx-omarchy-alpha-m1/.work/mlx/mlx/array.h:13,
                 from /home/joshuawarren/src/mlx-omarchy-alpha-m1/.work/mlx/mlx/distributed/distributed.h:10,
                 from /home/joshuawarren/src/mlx-omarchy-alpha-m1/.work/mlx/mlx/distributed/ops.h:8,
                 from /home/joshuawarren/src/mlx-omarchy-alpha-m1/.work/mlx/mlx/distributed/primitives.cpp:6:
/home/joshuawarren/src/mlx-omarchy-alpha-m1/.work/mlx/mlx/error.h: In member function 'void mlx::core::Error::set_message(Message)':
/home/joshuawarren/src/mlx-omarchy-alpha-m1/.work/mlx/mlx/error.h:17:22: warning: 'void std::atomic_store(shared_ptr<_Tp>*, shared_ptr<_Tp>) [with _Tp = __cxx11::basic_string<char>]' is deprecated: use 'std::atomic<std::shared_ptr<T>>' instead [-Wdeprecated-declarations]
   17 |     std::atomic_store(&message_, std::move(msg));
      |     ~~~~~~~~~~~~~~~~~^~~~~~~~~~~~~~~~~~~~~~~~~~~
In file included from /usr/include/c++/16.1.1/memory:83,
                 from /home/joshuawarren/src/mlx-omarchy-alpha-m1/.work/mlx/mlx/distributed/distributed.h:7:
/usr/include/c++/16.1.1/bits/shared_ptr_atomic.h:183:5: note: declared here
  183 |     atomic_store(shared_ptr<_Tp>* __p, shared_ptr<_Tp> __r)
      |     ^~~~~~~~~~~~
/home/joshuawarren/src/mlx-omarchy-alpha-m1/.work/mlx/mlx/error.h: In member function 'bool mlx::core::Error::valid() const':
/home/joshuawarren/src/mlx-omarchy-alpha-m1/.work/mlx/mlx/error.h:21:32: warning: 'std::shared_ptr<_Tp> std::atomic_load(const shared_ptr<_Tp>*) [with _Tp = __cxx11::basic_string<char>]' is deprecated: use 'std::atomic<std::shared_ptr<T>>' instead [-Wdeprecated-declarations]
   21 |     auto msg = std::atomic_load(&message_);
      |                ~~~~~~~~~~~~~~~~^~~~~~~~~~~
/usr/include/c++/16.1.1/bits/shared_ptr_atomic.h:142:5: note: declared here
  142 |     atomic_load(const shared_ptr<_Tp>* __p)
      |     ^~~~~~~~~~~
/home/joshuawarren/src/mlx-omarchy-alpha-m1/.work/mlx/mlx/error.h: In member function 'bool mlx::core::Error::store_if_valid(const mlx::core::Error*)':
/home/joshuawarren/src/mlx-omarchy-alpha-m1/.work/mlx/mlx/error.h:28:37: warning: 'std::shared_ptr<_Tp> std::atomic_load(const shared_ptr<_Tp>*) [with _Tp = __cxx11::basic_string<char>]' is deprecated: use 'std::atomic<std::shared_ptr<T>>' instead [-Wdeprecated-declarations]
   28 |       Message msg = std::atomic_load(&ptr->message_);
      |                     ~~~~~~~~~~~~~~~~^~~~~~~~~~~~~~~~
/usr/include/c++/16.1.1/bits/shared_ptr_atomic.h:142:5: note: declared here
  142 |     atomic_load(const shared_ptr<_Tp>* __p)
      |     ^~~~~~~~~~~
/home/joshuawarren/src/mlx-omarchy-alpha-m1/.work/mlx/mlx/error.h: In member function 'void mlx::core::Error::check()':
/home/joshuawarren/src/mlx-omarchy-alpha-m1/.work/mlx/mlx/error.h:39:36: warning: 'std::shared_ptr<_Tp> std::atomic_exchange(shared_ptr<_Tp>*, shared_ptr<_Tp>) [with _Tp = __cxx11::basic_string<char>]' is deprecated: use 'std::atomic<std::shared_ptr<T>>' instead [-Wdeprecated-declarations]
   39 |     auto msg = std::atomic_exchange(&message_, {});
      |                ~~~~~~~~~~~~~~~~~~~~^~~~~~~~~~~~~~~
/usr/include/c++/16.1.1/bits/shared_ptr_atomic.h:225:5: note: declared here
  225 |     atomic_exchange(shared_ptr<_Tp>* __p, shared_ptr<_Tp> __r)
      |     ^~~~~~~~~~~~~~~
[866/907] Building CXX object CMakeFiles/mlx.dir/mlx/distributed/distributed.cpp.o
In file included from /home/joshuawarren/src/mlx-omarchy-alpha-m1/.work/mlx/mlx/event.h:8,
                 from /home/joshuawarren/src/mlx-omarchy-alpha-m1/.work/mlx/mlx/array.h:13,
                 from /home/joshuawarren/src/mlx-omarchy-alpha-m1/.work/mlx/mlx/distributed/distributed.h:10,
                 from /home/joshuawarren/src/mlx-omarchy-alpha-m1/.work/mlx/mlx/distributed/distributed.cpp:6:
/home/joshuawarren/src/mlx-omarchy-alpha-m1/.work/mlx/mlx/error.h: In member function 'void mlx::core::Error::set_message(Message)':
/home/joshuawarren/src/mlx-omarchy-alpha-m1/.work/mlx/mlx/error.h:17:22: warning: 'void std::atomic_store(shared_ptr<_Tp>*, shared_ptr<_Tp>) [with _Tp = __cxx11::basic_string<char>]' is deprecated: use 'std::atomic<std::shared_ptr<T>>' instead [-Wdeprecated-declarations]
   17 |     std::atomic_store(&message_, std::move(msg));
      |     ~~~~~~~~~~~~~~~~~^~~~~~~~~~~~~~~~~~~~~~~~~~~
In file included from /usr/include/c++/16.1.1/memory:83,
                 from /home/joshuawarren/src/mlx-omarchy-alpha-m1/.work/mlx/mlx/distributed/distributed.h:7:
/usr/include/c++/16.1.1/bits/shared_ptr_atomic.h:183:5: note: declared here
  183 |     atomic_store(shared_ptr<_Tp>* __p, shared_ptr<_Tp> __r)
      |     ^~~~~~~~~~~~
/home/joshuawarren/src/mlx-omarchy-alpha-m1/.work/mlx/mlx/error.h: In member function 'bool mlx::core::Error::valid() const':
/home/joshuawarren/src/mlx-omarchy-alpha-m1/.work/mlx/mlx/error.h:21:32: warning: 'std::shared_ptr<_Tp> std::atomic_load(const shared_ptr<_Tp>*) [with _Tp = __cxx11::basic_string<char>]' is deprecated: use 'std::atomic<std::shared_ptr<T>>' instead [-Wdeprecated-declarations]
   21 |     auto msg = std::atomic_load(&message_);
      |                ~~~~~~~~~~~~~~~~^~~~~~~~~~~
/usr/include/c++/16.1.1/bits/shared_ptr_atomic.h:142:5: note: declared here
  142 |     atomic_load(const shared_ptr<_Tp>* __p)
      |     ^~~~~~~~~~~
/home/joshuawarren/src/mlx-omarchy-alpha-m1/.work/mlx/mlx/error.h: In member function 'bool mlx::core::Error::store_if_valid(const mlx::core::Error*)':
/home/joshuawarren/src/mlx-omarchy-alpha-m1/.work/mlx/mlx/error.h:28:37: warning: 'std::shared_ptr<_Tp> std::atomic_load(const shared_ptr<_Tp>*) [with _Tp = __cxx11::basic_string<char>]' is deprecated: use 'std::atomic<std::shared_ptr<T>>' instead [-Wdeprecated-declarations]
   28 |       Message msg = std::atomic_load(&ptr->message_);
      |                     ~~~~~~~~~~~~~~~~^~~~~~~~~~~~~~~~
/usr/include/c++/16.1.1/bits/shared_ptr_atomic.h:142:5: note: declared here
  142 |     atomic_load(const shared_ptr<_Tp>* __p)
      |     ^~~~~~~~~~~
/home/joshuawarren/src/mlx-omarchy-alpha-m1/.work/mlx/mlx/error.h: In member function 'void mlx::core::Error::check()':
/home/joshuawarren/src/mlx-omarchy-alpha-m1/.work/mlx/mlx/error.h:39:36: warning: 'std::shared_ptr<_Tp> std::atomic_exchange(shared_ptr<_Tp>*, shared_ptr<_Tp>) [with _Tp = __cxx11::basic_string<char>]' is deprecated: use 'std::atomic<std::shared_ptr<T>>' instead [-Wdeprecated-declarations]
   39 |     auto msg = std::atomic_exchange(&message_, {});
      |                ~~~~~~~~~~~~~~~~~~~~^~~~~~~~~~~~~~~
/usr/include/c++/16.1.1/bits/shared_ptr_atomic.h:225:5: note: declared here
  225 |     atomic_exchange(shared_ptr<_Tp>* __p, shared_ptr<_Tp> __r)
      |     ^~~~~~~~~~~~~~~
[867/907] Building CXX object CMakeFiles/mlx.dir/mlx/distributed/ops.cpp.o
In file included from /home/joshuawarren/src/mlx-omarchy-alpha-m1/.work/mlx/mlx/event.h:8,
                 from /home/joshuawarren/src/mlx-omarchy-alpha-m1/.work/mlx/mlx/array.h:13,
                 from /home/joshuawarren/src/mlx-omarchy-alpha-m1/.work/mlx/mlx/distributed/distributed.h:10,
                 from /home/joshuawarren/src/mlx-omarchy-alpha-m1/.work/mlx/mlx/distributed/distributed_impl.h:5,
                 from /home/joshuawarren/src/mlx-omarchy-alpha-m1/.work/mlx/mlx/distributed/ops.cpp:7:
/home/joshuawarren/src/mlx-omarchy-alpha-m1/.work/mlx/mlx/error.h: In member function 'void mlx::core::Error::set_message(Message)':
/home/joshuawarren/src/mlx-omarchy-alpha-m1/.work/mlx/mlx/error.h:17:22: warning: 'void std::atomic_store(shared_ptr<_Tp>*, shared_ptr<_Tp>) [with _Tp = __cxx11::basic_string<char>]' is deprecated: use 'std::atomic<std::shared_ptr<T>>' instead [-Wdeprecated-declarations]
   17 |     std::atomic_store(&message_, std::move(msg));
      |     ~~~~~~~~~~~~~~~~~^~~~~~~~~~~~~~~~~~~~~~~~~~~
In file included from /usr/include/c++/16.1.1/memory:83,
                 from /home/joshuawarren/src/mlx-omarchy-alpha-m1/.work/mlx/mlx/distributed/distributed.h:7:
/usr/include/c++/16.1.1/bits/shared_ptr_atomic.h:183:5: note: declared here
  183 |     atomic_store(shared_ptr<_Tp>* __p, shared_ptr<_Tp> __r)
      |     ^~~~~~~~~~~~
/home/joshuawarren/src/mlx-omarchy-alpha-m1/.work/mlx/mlx/error.h: In member function 'bool mlx::core::Error::valid() const':
/home/joshuawarren/src/mlx-omarchy-alpha-m1/.work/mlx/mlx/error.h:21:32: warning: 'std::shared_ptr<_Tp> std::atomic_load(const shared_ptr<_Tp>*) [with _Tp = __cxx11::basic_string<char>]' is deprecated: use 'std::atomic<std::shared_ptr<T>>' instead [-Wdeprecated-declarations]
   21 |     auto msg = std::atomic_load(&message_);
      |                ~~~~~~~~~~~~~~~~^~~~~~~~~~~
/usr/include/c++/16.1.1/bits/shared_ptr_atomic.h:142:5: note: declared here
  142 |     atomic_load(const shared_ptr<_Tp>* __p)
      |     ^~~~~~~~~~~
/home/joshuawarren/src/mlx-omarchy-alpha-m1/.work/mlx/mlx/error.h: In member function 'bool mlx::core::Error::store_if_valid(const mlx::core::Error*)':
/home/joshuawarren/src/mlx-omarchy-alpha-m1/.work/mlx/mlx/error.h:28:37: warning: 'std::shared_ptr<_Tp> std::atomic_load(const shared_ptr<_Tp>*) [with _Tp = __cxx11::basic_string<char>]' is deprecated: use 'std::atomic<std::shared_ptr<T>>' instead [-Wdeprecated-declarations]
   28 |       Message msg = std::atomic_load(&ptr->message_);
      |                     ~~~~~~~~~~~~~~~~^~~~~~~~~~~~~~~~
/usr/include/c++/16.1.1/bits/shared_ptr_atomic.h:142:5: note: declared here
  142 |     atomic_load(const shared_ptr<_Tp>* __p)
      |     ^~~~~~~~~~~
/home/joshuawarren/src/mlx-omarchy-alpha-m1/.work/mlx/mlx/error.h: In member function 'void mlx::core::Error::check()':
/home/joshuawarren/src/mlx-omarchy-alpha-m1/.work/mlx/mlx/error.h:39:36: warning: 'std::shared_ptr<_Tp> std::atomic_exchange(shared_ptr<_Tp>*, shared_ptr<_Tp>) [with _Tp = __cxx11::basic_string<char>]' is deprecated: use 'std::atomic<std::shared_ptr<T>>' instead [-Wdeprecated-declarations]
   39 |     auto msg = std::atomic_exchange(&message_, {});
      |                ~~~~~~~~~~~~~~~~~~~~^~~~~~~~~~~~~~~
/usr/include/c++/16.1.1/bits/shared_ptr_atomic.h:225:5: note: declared here
  225 |     atomic_exchange(shared_ptr<_Tp>* __p, shared_ptr<_Tp> __r)
      |     ^~~~~~~~~~~~~~~
[868/907] Building CXX object CMakeFiles/mlx.dir/mlx/distributed/mpi/no_mpi.cpp.o
In file included from /home/joshuawarren/src/mlx-omarchy-alpha-m1/.work/mlx/mlx/event.h:8,
                 from /home/joshuawarren/src/mlx-omarchy-alpha-m1/.work/mlx/mlx/array.h:13,
                 from /home/joshuawarren/src/mlx-omarchy-alpha-m1/.work/mlx/mlx/distributed/distributed.h:10,
                 from /home/joshuawarren/src/mlx-omarchy-alpha-m1/.work/mlx/mlx/distributed/mpi/mpi.h:3,
                 from /home/joshuawarren/src/mlx-omarchy-alpha-m1/.work/mlx/mlx/distributed/mpi/no_mpi.cpp:3:
/home/joshuawarren/src/mlx-omarchy-alpha-m1/.work/mlx/mlx/error.h: In member function 'void mlx::core::Error::set_message(Message)':
/home/joshuawarren/src/mlx-omarchy-alpha-m1/.work/mlx/mlx/error.h:17:22: warning: 'void std::atomic_store(shared_ptr<_Tp>*, shared_ptr<_Tp>) [with _Tp = __cxx11::basic_string<char>]' is deprecated: use 'std::atomic<std::shared_ptr<T>>' instead [-Wdeprecated-declarations]
   17 |     std::atomic_store(&message_, std::move(msg));
      |     ~~~~~~~~~~~~~~~~~^~~~~~~~~~~~~~~~~~~~~~~~~~~
In file included from /usr/include/c++/16.1.1/memory:83,
                 from /home/joshuawarren/src/mlx-omarchy-alpha-m1/.work/mlx/mlx/distributed/distributed.h:7:
/usr/include/c++/16.1.1/bits/shared_ptr_atomic.h:183:5: note: declared here
  183 |     atomic_store(shared_ptr<_Tp>* __p, shared_ptr<_Tp> __r)
      |     ^~~~~~~~~~~~
/home/joshuawarren/src/mlx-omarchy-alpha-m1/.work/mlx/mlx/error.h: In member function 'bool mlx::core::Error::valid() const':
/home/joshuawarren/src/mlx-omarchy-alpha-m1/.work/mlx/mlx/error.h:21:32: warning: 'std::shared_ptr<_Tp> std::atomic_load(const shared_ptr<_Tp>*) [with _Tp = __cxx11::basic_string<char>]' is deprecated: use 'std::atomic<std::shared_ptr<T>>' instead [-Wdeprecated-declarations]
   21 |     auto msg = std::atomic_load(&message_);
      |                ~~~~~~~~~~~~~~~~^~~~~~~~~~~
/usr/include/c++/16.1.1/bits/shared_ptr_atomic.h:142:5: note: declared here
  142 |     atomic_load(const shared_ptr<_Tp>* __p)
      |     ^~~~~~~~~~~
/home/joshuawarren/src/mlx-omarchy-alpha-m1/.work/mlx/mlx/error.h: In member function 'bool mlx::core::Error::store_if_valid(const mlx::core::Error*)':
/home/joshuawarren/src/mlx-omarchy-alpha-m1/.work/mlx/mlx/error.h:28:37: warning: 'std::shared_ptr<_Tp> std::atomic_load(const shared_ptr<_Tp>*) [with _Tp = __cxx11::basic_string<char>]' is deprecated: use 'std::atomic<std::shared_ptr<T>>' instead [-Wdeprecated-declarations]
   28 |       Message msg = std::atomic_load(&ptr->message_);
      |                     ~~~~~~~~~~~~~~~~^~~~~~~~~~~~~~~~
/usr/include/c++/16.1.1/bits/shared_ptr_atomic.h:142:5: note: declared here
  142 |     atomic_load(const shared_ptr<_Tp>* __p)
      |     ^~~~~~~~~~~
/home/joshuawarren/src/mlx-omarchy-alpha-m1/.work/mlx/mlx/error.h: In member function 'void mlx::core::Error::check()':
/home/joshuawarren/src/mlx-omarchy-alpha-m1/.work/mlx/mlx/error.h:39:36: warning: 'std::shared_ptr<_Tp> std::atomic_exchange(shared_ptr<_Tp>*, shared_ptr<_Tp>) [with _Tp = __cxx11::basic_string<char>]' is deprecated: use 'std::atomic<std::shared_ptr<T>>' instead [-Wdeprecated-declarations]
   39 |     auto msg = std::atomic_exchange(&message_, {});
      |                ~~~~~~~~~~~~~~~~~~~~^~~~~~~~~~~~~~~
/usr/include/c++/16.1.1/bits/shared_ptr_atomic.h:225:5: note: declared here
  225 |     atomic_exchange(shared_ptr<_Tp>* __p, shared_ptr<_Tp> __r)
      |     ^~~~~~~~~~~~~~~
[869/907] Building CXX object CMakeFiles/mlx.dir/mlx/distributed/ring/no_ring.cpp.o
In file included from /home/joshuawarren/src/mlx-omarchy-alpha-m1/.work/mlx/mlx/event.h:8,
                 from /home/joshuawarren/src/mlx-omarchy-alpha-m1/.work/mlx/mlx/array.h:13,
                 from /home/joshuawarren/src/mlx-omarchy-alpha-m1/.work/mlx/mlx/distributed/distributed.h:10,
                 from /home/joshuawarren/src/mlx-omarchy-alpha-m1/.work/mlx/mlx/distributed/ring/ring.h:3,
                 from /home/joshuawarren/src/mlx-omarchy-alpha-m1/.work/mlx/mlx/distributed/ring/no_ring.cpp:3:
/home/joshuawarren/src/mlx-omarchy-alpha-m1/.work/mlx/mlx/error.h: In member function 'void mlx::core::Error::set_message(Message)':
/home/joshuawarren/src/mlx-omarchy-alpha-m1/.work/mlx/mlx/error.h:17:22: warning: 'void std::atomic_store(shared_ptr<_Tp>*, shared_ptr<_Tp>) [with _Tp = __cxx11::basic_string<char>]' is deprecated: use 'std::atomic<std::shared_ptr<T>>' instead [-Wdeprecated-declarations]
   17 |     std::atomic_store(&message_, std::move(msg));
      |     ~~~~~~~~~~~~~~~~~^~~~~~~~~~~~~~~~~~~~~~~~~~~
In file included from /usr/include/c++/16.1.1/memory:83,
                 from /home/joshuawarren/src/mlx-omarchy-alpha-m1/.work/mlx/mlx/distributed/distributed.h:7:
/usr/include/c++/16.1.1/bits/shared_ptr_atomic.h:183:5: note: declared here
  183 |     atomic_store(shared_ptr<_Tp>* __p, shared_ptr<_Tp> __r)
      |     ^~~~~~~~~~~~
/home/joshuawarren/src/mlx-omarchy-alpha-m1/.work/mlx/mlx/error.h: In member function 'bool mlx::core::Error::valid() const':
/home/joshuawarren/src/mlx-omarchy-alpha-m1/.work/mlx/mlx/error.h:21:32: warning: 'std::shared_ptr<_Tp> std::atomic_load(const shared_ptr<_Tp>*) [with _Tp = __cxx11::basic_string<char>]' is deprecated: use 'std::atomic<std::shared_ptr<T>>' instead [-Wdeprecated-declarations]
   21 |     auto msg = std::atomic_load(&message_);
      |                ~~~~~~~~~~~~~~~~^~~~~~~~~~~
/usr/include/c++/16.1.1/bits/shared_ptr_atomic.h:142:5: note: declared here
  142 |     atomic_load(const shared_ptr<_Tp>* __p)
      |     ^~~~~~~~~~~
/home/joshuawarren/src/mlx-omarchy-alpha-m1/.work/mlx/mlx/error.h: In member function 'bool mlx::core::Error::store_if_valid(const mlx::core::Error*)':
/home/joshuawarren/src/mlx-omarchy-alpha-m1/.work/mlx/mlx/error.h:28:37: warning: 'std::shared_ptr<_Tp> std::atomic_load(const shared_ptr<_Tp>*) [with _Tp = __cxx11::basic_string<char>]' is deprecated: use 'std::atomic<std::shared_ptr<T>>' instead [-Wdeprecated-declarations]
   28 |       Message msg = std::atomic_load(&ptr->message_);
      |                     ~~~~~~~~~~~~~~~~^~~~~~~~~~~~~~~~
/usr/include/c++/16.1.1/bits/shared_ptr_atomic.h:142:5: note: declared here
  142 |     atomic_load(const shared_ptr<_Tp>* __p)
      |     ^~~~~~~~~~~
/home/joshuawarren/src/mlx-omarchy-alpha-m1/.work/mlx/mlx/error.h: In member function 'void mlx::core::Error::check()':
/home/joshuawarren/src/mlx-omarchy-alpha-m1/.work/mlx/mlx/error.h:39:36: warning: 'std::shared_ptr<_Tp> std::atomic_exchange(shared_ptr<_Tp>*, shared_ptr<_Tp>) [with _Tp = __cxx11::basic_string<char>]' is deprecated: use 'std::atomic<std::shared_ptr<T>>' instead [-Wdeprecated-declarations]
   39 |     auto msg = std::atomic_exchange(&message_, {});
      |                ~~~~~~~~~~~~~~~~~~~~^~~~~~~~~~~~~~~
/usr/include/c++/16.1.1/bits/shared_ptr_atomic.h:225:5: note: declared here
  225 |     atomic_exchange(shared_ptr<_Tp>* __p, shared_ptr<_Tp> __r)
      |     ^~~~~~~~~~~~~~~
[870/907] Building CXX object CMakeFiles/mlx.dir/mlx/distributed/nccl/no_nccl.cpp.o
In file included from /home/joshuawarren/src/mlx-omarchy-alpha-m1/.work/mlx/mlx/event.h:8,
                 from /home/joshuawarren/src/mlx-omarchy-alpha-m1/.work/mlx/mlx/array.h:13,
                 from /home/joshuawarren/src/mlx-omarchy-alpha-m1/.work/mlx/mlx/distributed/distributed.h:10,
                 from /home/joshuawarren/src/mlx-omarchy-alpha-m1/.work/mlx/mlx/distributed/nccl/nccl.h:3,
                 from /home/joshuawarren/src/mlx-omarchy-alpha-m1/.work/mlx/mlx/distributed/nccl/no_nccl.cpp:3:
/home/joshuawarren/src/mlx-omarchy-alpha-m1/.work/mlx/mlx/error.h: In member function 'void mlx::core::Error::set_message(Message)':
/home/joshuawarren/src/mlx-omarchy-alpha-m1/.work/mlx/mlx/error.h:17:22: warning: 'void std::atomic_store(shared_ptr<_Tp>*, shared_ptr<_Tp>) [with _Tp = __cxx11::basic_string<char>]' is deprecated: use 'std::atomic<std::shared_ptr<T>>' instead [-Wdeprecated-declarations]
   17 |     std::atomic_store(&message_, std::move(msg));
      |     ~~~~~~~~~~~~~~~~~^~~~~~~~~~~~~~~~~~~~~~~~~~~
In file included from /usr/include/c++/16.1.1/memory:83,
                 from /home/joshuawarren/src/mlx-omarchy-alpha-m1/.work/mlx/mlx/distributed/distributed.h:7:
/usr/include/c++/16.1.1/bits/shared_ptr_atomic.h:183:5: note: declared here
  183 |     atomic_store(shared_ptr<_Tp>* __p, shared_ptr<_Tp> __r)
      |     ^~~~~~~~~~~~
/home/joshuawarren/src/mlx-omarchy-alpha-m1/.work/mlx/mlx/error.h: In member function 'bool mlx::core::Error::valid() const':
/home/joshuawarren/src/mlx-omarchy-alpha-m1/.work/mlx/mlx/error.h:21:32: warning: 'std::shared_ptr<_Tp> std::atomic_load(const shared_ptr<_Tp>*) [with _Tp = __cxx11::basic_string<char>]' is deprecated: use 'std::atomic<std::shared_ptr<T>>' instead [-Wdeprecated-declarations]
   21 |     auto msg = std::atomic_load(&message_);
      |                ~~~~~~~~~~~~~~~~^~~~~~~~~~~
/usr/include/c++/16.1.1/bits/shared_ptr_atomic.h:142:5: note: declared here
  142 |     atomic_load(const shared_ptr<_Tp>* __p)
      |     ^~~~~~~~~~~
/home/joshuawarren/src/mlx-omarchy-alpha-m1/.work/mlx/mlx/error.h: In member function 'bool mlx::core::Error::store_if_valid(const mlx::core::Error*)':
/home/joshuawarren/src/mlx-omarchy-alpha-m1/.work/mlx/mlx/error.h:28:37: warning: 'std::shared_ptr<_Tp> std::atomic_load(const shared_ptr<_Tp>*) [with _Tp = __cxx11::basic_string<char>]' is deprecated: use 'std::atomic<std::shared_ptr<T>>' instead [-Wdeprecated-declarations]
   28 |       Message msg = std::atomic_load(&ptr->message_);
      |                     ~~~~~~~~~~~~~~~~^~~~~~~~~~~~~~~~
/usr/include/c++/16.1.1/bits/shared_ptr_atomic.h:142:5: note: declared here
  142 |     atomic_load(const shared_ptr<_Tp>* __p)
      |     ^~~~~~~~~~~
/home/joshuawarren/src/mlx-omarchy-alpha-m1/.work/mlx/mlx/error.h: In member function 'void mlx::core::Error::check()':
/home/joshuawarren/src/mlx-omarchy-alpha-m1/.work/mlx/mlx/error.h:39:36: warning: 'std::shared_ptr<_Tp> std::atomic_exchange(shared_ptr<_Tp>*, shared_ptr<_Tp>) [with _Tp = __cxx11::basic_string<char>]' is deprecated: use 'std::atomic<std::shared_ptr<T>>' instead [-Wdeprecated-declarations]
   39 |     auto msg = std::atomic_exchange(&message_, {});
      |                ~~~~~~~~~~~~~~~~~~~~^~~~~~~~~~~~~~~
/usr/include/c++/16.1.1/bits/shared_ptr_atomic.h:225:5: note: declared here
  225 |     atomic_exchange(shared_ptr<_Tp>* __p, shared_ptr<_Tp> __r)
      |     ^~~~~~~~~~~~~~~
[871/907] Building CXX object CMakeFiles/mlx.dir/mlx/distributed/jaccl/no_jaccl.cpp.o
In file included from /home/joshuawarren/src/mlx-omarchy-alpha-m1/.work/mlx/mlx/event.h:8,
                 from /home/joshuawarren/src/mlx-omarchy-alpha-m1/.work/mlx/mlx/array.h:13,
                 from /home/joshuawarren/src/mlx-omarchy-alpha-m1/.work/mlx/mlx/distributed/distributed.h:10,
                 from /home/joshuawarren/src/mlx-omarchy-alpha-m1/.work/mlx/mlx/distributed/jaccl/jaccl.h:7,
                 from /home/joshuawarren/src/mlx-omarchy-alpha-m1/.work/mlx/mlx/distributed/jaccl/no_jaccl.cpp:3:
/home/joshuawarren/src/mlx-omarchy-alpha-m1/.work/mlx/mlx/error.h: In member function 'void mlx::core::Error::set_message(Message)':
/home/joshuawarren/src/mlx-omarchy-alpha-m1/.work/mlx/mlx/error.h:17:22: warning: 'void std::atomic_store(shared_ptr<_Tp>*, shared_ptr<_Tp>) [with _Tp = __cxx11::basic_string<char>]' is deprecated: use 'std::atomic<std::shared_ptr<T>>' instead [-Wdeprecated-declarations]
   17 |     std::atomic_store(&message_, std::move(msg));
      |     ~~~~~~~~~~~~~~~~~^~~~~~~~~~~~~~~~~~~~~~~~~~~
In file included from /usr/include/c++/16.1.1/memory:83,
                 from /home/joshuawarren/src/mlx-omarchy-alpha-m1/.work/mlx/mlx/distributed/jaccl/jaccl.h:5:
/usr/include/c++/16.1.1/bits/shared_ptr_atomic.h:183:5: note: declared here
  183 |     atomic_store(shared_ptr<_Tp>* __p, shared_ptr<_Tp> __r)
      |     ^~~~~~~~~~~~
/home/joshuawarren/src/mlx-omarchy-alpha-m1/.work/mlx/mlx/error.h: In member function 'bool mlx::core::Error::valid() const':
/home/joshuawarren/src/mlx-omarchy-alpha-m1/.work/mlx/mlx/error.h:21:32: warning: 'std::shared_ptr<_Tp> std::atomic_load(const shared_ptr<_Tp>*) [with _Tp = __cxx11::basic_string<char>]' is deprecated: use 'std::atomic<std::shared_ptr<T>>' instead [-Wdeprecated-declarations]
   21 |     auto msg = std::atomic_load(&message_);
      |                ~~~~~~~~~~~~~~~~^~~~~~~~~~~
/usr/include/c++/16.1.1/bits/shared_ptr_atomic.h:142:5: note: declared here
  142 |     atomic_load(const shared_ptr<_Tp>* __p)
      |     ^~~~~~~~~~~
/home/joshuawarren/src/mlx-omarchy-alpha-m1/.work/mlx/mlx/error.h: In member function 'bool mlx::core::Error::store_if_valid(const mlx::core::Error*)':
/home/joshuawarren/src/mlx-omarchy-alpha-m1/.work/mlx/mlx/error.h:28:37: warning: 'std::shared_ptr<_Tp> std::atomic_load(const shared_ptr<_Tp>*) [with _Tp = __cxx11::basic_string<char>]' is deprecated: use 'std::atomic<std::shared_ptr<T>>' instead [-Wdeprecated-declarations]
   28 |       Message msg = std::atomic_load(&ptr->message_);
      |                     ~~~~~~~~~~~~~~~~^~~~~~~~~~~~~~~~
/usr/include/c++/16.1.1/bits/shared_ptr_atomic.h:142:5: note: declared here
  142 |     atomic_load(const shared_ptr<_Tp>* __p)
      |     ^~~~~~~~~~~
/home/joshuawarren/src/mlx-omarchy-alpha-m1/.work/mlx/mlx/error.h: In member function 'void mlx::core::Error::check()':
/home/joshuawarren/src/mlx-omarchy-alpha-m1/.work/mlx/mlx/error.h:39:36: warning: 'std::shared_ptr<_Tp> std::atomic_exchange(shared_ptr<_Tp>*, shared_ptr<_Tp>) [with _Tp = __cxx11::basic_string<char>]' is deprecated: use 'std::atomic<std::shared_ptr<T>>' instead [-Wdeprecated-declarations]
   39 |     auto msg = std::atomic_exchange(&message_, {});
      |                ~~~~~~~~~~~~~~~~~~~~^~~~~~~~~~~~~~~
/usr/include/c++/16.1.1/bits/shared_ptr_atomic.h:225:5: note: declared here
  225 |     atomic_exchange(shared_ptr<_Tp>* __p, shared_ptr<_Tp> __r)
      |     ^~~~~~~~~~~~~~~
[872/907] Building CXX object CMakeFiles/mlx.dir/mlx/io/load.cpp.o
In file included from /home/joshuawarren/src/mlx-omarchy-alpha-m1/.work/mlx/mlx/event.h:8,
                 from /home/joshuawarren/src/mlx-omarchy-alpha-m1/.work/mlx/mlx/array.h:13,
                 from /home/joshuawarren/src/mlx-omarchy-alpha-m1/.work/mlx/mlx/io.h:9,
                 from /home/joshuawarren/src/mlx-omarchy-alpha-m1/.work/mlx/mlx/io/load.cpp:16:
/home/joshuawarren/src/mlx-omarchy-alpha-m1/.work/mlx/mlx/error.h: In member function 'void mlx::core::Error::set_message(Message)':
/home/joshuawarren/src/mlx-omarchy-alpha-m1/.work/mlx/mlx/error.h:17:22: warning: 'void std::atomic_store(shared_ptr<_Tp>*, shared_ptr<_Tp>) [with _Tp = __cxx11::basic_string<char>]' is deprecated: use 'std::atomic<std::shared_ptr<T>>' instead [-Wdeprecated-declarations]
   17 |     std::atomic_store(&message_, std::move(msg));
      |     ~~~~~~~~~~~~~~~~~^~~~~~~~~~~~~~~~~~~~~~~~~~~
In file included from /usr/include/c++/16.1.1/memory:83,
                 from /home/joshuawarren/src/mlx-omarchy-alpha-m1/.work/mlx/mlx/array.h:7:
/usr/include/c++/16.1.1/bits/shared_ptr_atomic.h:183:5: note: declared here
  183 |     atomic_store(shared_ptr<_Tp>* __p, shared_ptr<_Tp> __r)
      |     ^~~~~~~~~~~~
/home/joshuawarren/src/mlx-omarchy-alpha-m1/.work/mlx/mlx/error.h: In member function 'bool mlx::core::Error::valid() const':
/home/joshuawarren/src/mlx-omarchy-alpha-m1/.work/mlx/mlx/error.h:21:32: warning: 'std::shared_ptr<_Tp> std::atomic_load(const shared_ptr<_Tp>*) [with _Tp = __cxx11::basic_string<char>]' is deprecated: use 'std::atomic<std::shared_ptr<T>>' instead [-Wdeprecated-declarations]
   21 |     auto msg = std::atomic_load(&message_);
      |                ~~~~~~~~~~~~~~~~^~~~~~~~~~~
/usr/include/c++/16.1.1/bits/shared_ptr_atomic.h:142:5: note: declared here
  142 |     atomic_load(const shared_ptr<_Tp>* __p)
      |     ^~~~~~~~~~~
/home/joshuawarren/src/mlx-omarchy-alpha-m1/.work/mlx/mlx/error.h: In member function 'bool mlx::core::Error::store_if_valid(const mlx::core::Error*)':
/home/joshuawarren/src/mlx-omarchy-alpha-m1/.work/mlx/mlx/error.h:28:37: warning: 'std::shared_ptr<_Tp> std::atomic_load(const shared_ptr<_Tp>*) [with _Tp = __cxx11::basic_string<char>]' is deprecated: use 'std::atomic<std::shared_ptr<T>>' instead [-Wdeprecated-declarations]
   28 |       Message msg = std::atomic_load(&ptr->message_);
      |                     ~~~~~~~~~~~~~~~~^~~~~~~~~~~~~~~~
/usr/include/c++/16.1.1/bits/shared_ptr_atomic.h:142:5: note: declared here
  142 |     atomic_load(const shared_ptr<_Tp>* __p)
      |     ^~~~~~~~~~~
/home/joshuawarren/src/mlx-omarchy-alpha-m1/.work/mlx/mlx/error.h: In member function 'void mlx::core::Error::check()':
/home/joshuawarren/src/mlx-omarchy-alpha-m1/.work/mlx/mlx/error.h:39:36: warning: 'std::shared_ptr<_Tp> std::atomic_exchange(shared_ptr<_Tp>*, shared_ptr<_Tp>) [with _Tp = __cxx11::basic_string<char>]' is deprecated: use 'std::atomic<std::shared_ptr<T>>' instead [-Wdeprecated-declarations]
   39 |     auto msg = std::atomic_exchange(&message_, {});
      |                ~~~~~~~~~~~~~~~~~~~~^~~~~~~~~~~~~~~
/usr/include/c++/16.1.1/bits/shared_ptr_atomic.h:225:5: note: declared here
  225 |     atomic_exchange(shared_ptr<_Tp>* __p, shared_ptr<_Tp> __r)
      |     ^~~~~~~~~~~~~~~
[873/907] Building CXX object CMakeFiles/mlx.dir/mlx/io/safetensors.cpp.o
In file included from /home/joshuawarren/src/mlx-omarchy-alpha-m1/.work/mlx/mlx/event.h:8,
                 from /home/joshuawarren/src/mlx-omarchy-alpha-m1/.work/mlx/mlx/array.h:13,
                 from /home/joshuawarren/src/mlx-omarchy-alpha-m1/.work/mlx/mlx/io.h:9,
                 from /home/joshuawarren/src/mlx-omarchy-alpha-m1/.work/mlx/mlx/io/safetensors.cpp:11:
/home/joshuawarren/src/mlx-omarchy-alpha-m1/.work/mlx/mlx/error.h: In member function 'void mlx::core::Error::set_message(Message)':
/home/joshuawarren/src/mlx-omarchy-alpha-m1/.work/mlx/mlx/error.h:17:22: warning: 'void std::atomic_store(shared_ptr<_Tp>*, shared_ptr<_Tp>) [with _Tp = __cxx11::basic_string<char>]' is deprecated: use 'std::atomic<std::shared_ptr<T>>' instead [-Wdeprecated-declarations]
   17 |     std::atomic_store(&message_, std::move(msg));
      |     ~~~~~~~~~~~~~~~~~^~~~~~~~~~~~~~~~~~~~~~~~~~~
In file included from /usr/include/c++/16.1.1/memory:83,
                 from /home/joshuawarren/src/mlx-omarchy-alpha-m1/.work/build-m1-alpha/_deps/json-src/single_include/nlohmann/json.hpp:29,
                 from /home/joshuawarren/src/mlx-omarchy-alpha-m1/.work/mlx/mlx/io/safetensors.cpp:3:
/usr/include/c++/16.1.1/bits/shared_ptr_atomic.h:183:5: note: declared here
  183 |     atomic_store(shared_ptr<_Tp>* __p, shared_ptr<_Tp> __r)
      |     ^~~~~~~~~~~~
/home/joshuawarren/src/mlx-omarchy-alpha-m1/.work/mlx/mlx/error.h: In member function 'bool mlx::core::Error::valid() const':
/home/joshuawarren/src/mlx-omarchy-alpha-m1/.work/mlx/mlx/error.h:21:32: warning: 'std::shared_ptr<_Tp> std::atomic_load(const shared_ptr<_Tp>*) [with _Tp = __cxx11::basic_string<char>]' is deprecated: use 'std::atomic<std::shared_ptr<T>>' instead [-Wdeprecated-declarations]
   21 |     auto msg = std::atomic_load(&message_);
      |                ~~~~~~~~~~~~~~~~^~~~~~~~~~~
/usr/include/c++/16.1.1/bits/shared_ptr_atomic.h:142:5: note: declared here
  142 |     atomic_load(const shared_ptr<_Tp>* __p)
      |     ^~~~~~~~~~~
/home/joshuawarren/src/mlx-omarchy-alpha-m1/.work/mlx/mlx/error.h: In member function 'bool mlx::core::Error::store_if_valid(const mlx::core::Error*)':
/home/joshuawarren/src/mlx-omarchy-alpha-m1/.work/mlx/mlx/error.h:28:37: warning: 'std::shared_ptr<_Tp> std::atomic_load(const shared_ptr<_Tp>*) [with _Tp = __cxx11::basic_string<char>]' is deprecated: use 'std::atomic<std::shared_ptr<T>>' instead [-Wdeprecated-declarations]
   28 |       Message msg = std::atomic_load(&ptr->message_);
      |                     ~~~~~~~~~~~~~~~~^~~~~~~~~~~~~~~~
/usr/include/c++/16.1.1/bits/shared_ptr_atomic.h:142:5: note: declared here
  142 |     atomic_load(const shared_ptr<_Tp>* __p)
      |     ^~~~~~~~~~~
/home/joshuawarren/src/mlx-omarchy-alpha-m1/.work/mlx/mlx/error.h: In member function 'void mlx::core::Error::check()':
/home/joshuawarren/src/mlx-omarchy-alpha-m1/.work/mlx/mlx/error.h:39:36: warning: 'std::shared_ptr<_Tp> std::atomic_exchange(shared_ptr<_Tp>*, shared_ptr<_Tp>) [with _Tp = __cxx11::basic_string<char>]' is deprecated: use 'std::atomic<std::shared_ptr<T>>' instead [-Wdeprecated-declarations]
   39 |     auto msg = std::atomic_exchange(&message_, {});
      |                ~~~~~~~~~~~~~~~~~~~~^~~~~~~~~~~~~~~
/usr/include/c++/16.1.1/bits/shared_ptr_atomic.h:225:5: note: declared here
  225 |     atomic_exchange(shared_ptr<_Tp>* __p, shared_ptr<_Tp> __r)
      |     ^~~~~~~~~~~~~~~
[874/907] Building CXX object CMakeFiles/mlx.dir/mlx/io/gguf.cpp.o
In file included from /home/joshuawarren/src/mlx-omarchy-alpha-m1/.work/mlx/mlx/event.h:8,
                 from /home/joshuawarren/src/mlx-omarchy-alpha-m1/.work/mlx/mlx/array.h:13,
                 from /home/joshuawarren/src/mlx-omarchy-alpha-m1/.work/mlx/mlx/io.h:9,
                 from /home/joshuawarren/src/mlx-omarchy-alpha-m1/.work/mlx/mlx/io/gguf.h:4,
                 from /home/joshuawarren/src/mlx-omarchy-alpha-m1/.work/mlx/mlx/io/gguf.cpp:8:
/home/joshuawarren/src/mlx-omarchy-alpha-m1/.work/mlx/mlx/error.h: In member function 'void mlx::core::Error::set_message(Message)':
/home/joshuawarren/src/mlx-omarchy-alpha-m1/.work/mlx/mlx/error.h:17:22: warning: 'void std::atomic_store(shared_ptr<_Tp>*, shared_ptr<_Tp>) [with _Tp = __cxx11::basic_string<char>]' is deprecated: use 'std::atomic<std::shared_ptr<T>>' instead [-Wdeprecated-declarations]
   17 |     std::atomic_store(&message_, std::move(msg));
      |     ~~~~~~~~~~~~~~~~~^~~~~~~~~~~~~~~~~~~~~~~~~~~
In file included from /usr/include/c++/16.1.1/memory:83,
                 from /home/joshuawarren/src/mlx-omarchy-alpha-m1/.work/mlx/mlx/array.h:7:
/usr/include/c++/16.1.1/bits/shared_ptr_atomic.h:183:5: note: declared here
  183 |     atomic_store(shared_ptr<_Tp>* __p, shared_ptr<_Tp> __r)
      |     ^~~~~~~~~~~~
/home/joshuawarren/src/mlx-omarchy-alpha-m1/.work/mlx/mlx/error.h: In member function 'bool mlx::core::Error::valid() const':
/home/joshuawarren/src/mlx-omarchy-alpha-m1/.work/mlx/mlx/error.h:21:32: warning: 'std::shared_ptr<_Tp> std::atomic_load(const shared_ptr<_Tp>*) [with _Tp = __cxx11::basic_string<char>]' is deprecated: use 'std::atomic<std::shared_ptr<T>>' instead [-Wdeprecated-declarations]
   21 |     auto msg = std::atomic_load(&message_);
      |                ~~~~~~~~~~~~~~~~^~~~~~~~~~~
/usr/include/c++/16.1.1/bits/shared_ptr_atomic.h:142:5: note: declared here
  142 |     atomic_load(const shared_ptr<_Tp>* __p)
      |     ^~~~~~~~~~~
/home/joshuawarren/src/mlx-omarchy-alpha-m1/.work/mlx/mlx/error.h: In member function 'bool mlx::core::Error::store_if_valid(const mlx::core::Error*)':
/home/joshuawarren/src/mlx-omarchy-alpha-m1/.work/mlx/mlx/error.h:28:37: warning: 'std::shared_ptr<_Tp> std::atomic_load(const shared_ptr<_Tp>*) [with _Tp = __cxx11::basic_string<char>]' is deprecated: use 'std::atomic<std::shared_ptr<T>>' instead [-Wdeprecated-declarations]
   28 |       Message msg = std::atomic_load(&ptr->message_);
      |                     ~~~~~~~~~~~~~~~~^~~~~~~~~~~~~~~~
/usr/include/c++/16.1.1/bits/shared_ptr_atomic.h:142:5: note: declared here
  142 |     atomic_load(const shared_ptr<_Tp>* __p)
      |     ^~~~~~~~~~~
/home/joshuawarren/src/mlx-omarchy-alpha-m1/.work/mlx/mlx/error.h: In member function 'void mlx::core::Error::check()':
/home/joshuawarren/src/mlx-omarchy-alpha-m1/.work/mlx/mlx/error.h:39:36: warning: 'std::shared_ptr<_Tp> std::atomic_exchange(shared_ptr<_Tp>*, shared_ptr<_Tp>) [with _Tp = __cxx11::basic_string<char>]' is deprecated: use 'std::atomic<std::shared_ptr<T>>' instead [-Wdeprecated-declarations]
   39 |     auto msg = std::atomic_exchange(&message_, {});
      |                ~~~~~~~~~~~~~~~~~~~~^~~~~~~~~~~~~~~
/usr/include/c++/16.1.1/bits/shared_ptr_atomic.h:225:5: note: declared here
  225 |     atomic_exchange(shared_ptr<_Tp>* __p, shared_ptr<_Tp> __r)
      |     ^~~~~~~~~~~~~~~
[875/907] Building CXX object CMakeFiles/mlx.dir/mlx/backend/metal/no_metal.cpp.o
[876/907] Building CXX object CMakeFiles/mlx.dir/mlx/io/gguf_quants.cpp.o
In file included from /home/joshuawarren/src/mlx-omarchy-alpha-m1/.work/mlx/mlx/event.h:8,
                 from /home/joshuawarren/src/mlx-omarchy-alpha-m1/.work/mlx/mlx/array.h:13,
                 from /home/joshuawarren/src/mlx-omarchy-alpha-m1/.work/mlx/mlx/io.h:9,
                 from /home/joshuawarren/src/mlx-omarchy-alpha-m1/.work/mlx/mlx/io/gguf.h:4,
                 from /home/joshuawarren/src/mlx-omarchy-alpha-m1/.work/mlx/mlx/io/gguf_quants.cpp:7:
/home/joshuawarren/src/mlx-omarchy-alpha-m1/.work/mlx/mlx/error.h: In member function 'void mlx::core::Error::set_message(Message)':
/home/joshuawarren/src/mlx-omarchy-alpha-m1/.work/mlx/mlx/error.h:17:22: warning: 'void std::atomic_store(shared_ptr<_Tp>*, shared_ptr<_Tp>) [with _Tp = __cxx11::basic_string<char>]' is deprecated: use 'std::atomic<std::shared_ptr<T>>' instead [-Wdeprecated-declarations]
   17 |     std::atomic_store(&message_, std::move(msg));
      |     ~~~~~~~~~~~~~~~~~^~~~~~~~~~~~~~~~~~~~~~~~~~~
In file included from /usr/include/c++/16.1.1/memory:83,
                 from /home/joshuawarren/src/mlx-omarchy-alpha-m1/.work/mlx/mlx/array.h:7:
/usr/include/c++/16.1.1/bits/shared_ptr_atomic.h:183:5: note: declared here
  183 |     atomic_store(shared_ptr<_Tp>* __p, shared_ptr<_Tp> __r)
      |     ^~~~~~~~~~~~
/home/joshuawarren/src/mlx-omarchy-alpha-m1/.work/mlx/mlx/error.h: In member function 'bool mlx::core::Error::valid() const':
/home/joshuawarren/src/mlx-omarchy-alpha-m1/.work/mlx/mlx/error.h:21:32: warning: 'std::shared_ptr<_Tp> std::atomic_load(const shared_ptr<_Tp>*) [with _Tp = __cxx11::basic_string<char>]' is deprecated: use 'std::atomic<std::shared_ptr<T>>' instead [-Wdeprecated-declarations]
   21 |     auto msg = std::atomic_load(&message_);
      |                ~~~~~~~~~~~~~~~~^~~~~~~~~~~
/usr/include/c++/16.1.1/bits/shared_ptr_atomic.h:142:5: note: declared here
  142 |     atomic_load(const shared_ptr<_Tp>* __p)
      |     ^~~~~~~~~~~
/home/joshuawarren/src/mlx-omarchy-alpha-m1/.work/mlx/mlx/error.h: In member function 'bool mlx::core::Error::store_if_valid(const mlx::core::Error*)':
/home/joshuawarren/src/mlx-omarchy-alpha-m1/.work/mlx/mlx/error.h:28:37: warning: 'std::shared_ptr<_Tp> std::atomic_load(const shared_ptr<_Tp>*) [with _Tp = __cxx11::basic_string<char>]' is deprecated: use 'std::atomic<std::shared_ptr<T>>' instead [-Wdeprecated-declarations]
   28 |       Message msg = std::atomic_load(&ptr->message_);
      |                     ~~~~~~~~~~~~~~~~^~~~~~~~~~~~~~~~
/usr/include/c++/16.1.1/bits/shared_ptr_atomic.h:142:5: note: declared here
  142 |     atomic_load(const shared_ptr<_Tp>* __p)
      |     ^~~~~~~~~~~
/home/joshuawarren/src/mlx-omarchy-alpha-m1/.work/mlx/mlx/error.h: In member function 'void mlx::core::Error::check()':
/home/joshuawarren/src/mlx-omarchy-alpha-m1/.work/mlx/mlx/error.h:39:36: warning: 'std::shared_ptr<_Tp> std::atomic_exchange(shared_ptr<_Tp>*, shared_ptr<_Tp>) [with _Tp = __cxx11::basic_string<char>]' is deprecated: use 'std::atomic<std::shared_ptr<T>>' instead [-Wdeprecated-declarations]
   39 |     auto msg = std::atomic_exchange(&message_, {});
      |                ~~~~~~~~~~~~~~~~~~~~^~~~~~~~~~~~~~~
/usr/include/c++/16.1.1/bits/shared_ptr_atomic.h:225:5: note: declared here
  225 |     atomic_exchange(shared_ptr<_Tp>* __p, shared_ptr<_Tp> __r)
      |     ^~~~~~~~~~~~~~~
[877/907] Building CXX object CMakeFiles/mlx.dir/mlx/backend/cuda/no_cuda.cpp.o
In file included from /home/joshuawarren/src/mlx-omarchy-alpha-m1/.work/mlx/mlx/event.h:8,
                 from /home/joshuawarren/src/mlx-omarchy-alpha-m1/.work/mlx/mlx/array.h:13,
                 from /home/joshuawarren/src/mlx-omarchy-alpha-m1/.work/mlx/mlx/utils.h:13,
                 from /home/joshuawarren/src/mlx-omarchy-alpha-m1/.work/mlx/mlx/fast.h:10,
                 from /home/joshuawarren/src/mlx-omarchy-alpha-m1/.work/mlx/mlx/backend/cuda/no_cuda.cpp:4:
/home/joshuawarren/src/mlx-omarchy-alpha-m1/.work/mlx/mlx/error.h: In member function 'void mlx::core::Error::set_message(Message)':
/home/joshuawarren/src/mlx-omarchy-alpha-m1/.work/mlx/mlx/error.h:17:22: warning: 'void std::atomic_store(shared_ptr<_Tp>*, shared_ptr<_Tp>) [with _Tp = __cxx11::basic_string<char>]' is deprecated: use 'std::atomic<std::shared_ptr<T>>' instead [-Wdeprecated-declarations]
   17 |     std::atomic_store(&message_, std::move(msg));
      |     ~~~~~~~~~~~~~~~~~^~~~~~~~~~~~~~~~~~~~~~~~~~~
In file included from /usr/include/c++/16.1.1/memory:83,
                 from /home/joshuawarren/src/mlx-omarchy-alpha-m1/.work/mlx/mlx/array.h:7:
/usr/include/c++/16.1.1/bits/shared_ptr_atomic.h:183:5: note: declared here
  183 |     atomic_store(shared_ptr<_Tp>* __p, shared_ptr<_Tp> __r)
      |     ^~~~~~~~~~~~
/home/joshuawarren/src/mlx-omarchy-alpha-m1/.work/mlx/mlx/error.h: In member function 'bool mlx::core::Error::valid() const':
/home/joshuawarren/src/mlx-omarchy-alpha-m1/.work/mlx/mlx/error.h:21:32: warning: 'std::shared_ptr<_Tp> std::atomic_load(const shared_ptr<_Tp>*) [with _Tp = __cxx11::basic_string<char>]' is deprecated: use 'std::atomic<std::shared_ptr<T>>' instead [-Wdeprecated-declarations]
   21 |     auto msg = std::atomic_load(&message_);
      |                ~~~~~~~~~~~~~~~~^~~~~~~~~~~
/usr/include/c++/16.1.1/bits/shared_ptr_atomic.h:142:5: note: declared here
  142 |     atomic_load(const shared_ptr<_Tp>* __p)
      |     ^~~~~~~~~~~
/home/joshuawarren/src/mlx-omarchy-alpha-m1/.work/mlx/mlx/error.h: In member function 'bool mlx::core::Error::store_if_valid(const mlx::core::Error*)':
/home/joshuawarren/src/mlx-omarchy-alpha-m1/.work/mlx/mlx/error.h:28:37: warning: 'std::shared_ptr<_Tp> std::atomic_load(const shared_ptr<_Tp>*) [with _Tp = __cxx11::basic_string<char>]' is deprecated: use 'std::atomic<std::shared_ptr<T>>' instead [-Wdeprecated-declarations]
   28 |       Message msg = std::atomic_load(&ptr->message_);
      |                     ~~~~~~~~~~~~~~~~^~~~~~~~~~~~~~~~
/usr/include/c++/16.1.1/bits/shared_ptr_atomic.h:142:5: note: declared here
  142 |     atomic_load(const shared_ptr<_Tp>* __p)
      |     ^~~~~~~~~~~
/home/joshuawarren/src/mlx-omarchy-alpha-m1/.work/mlx/mlx/error.h: In member function 'void mlx::core::Error::check()':
/home/joshuawarren/src/mlx-omarchy-alpha-m1/.work/mlx/mlx/error.h:39:36: warning: 'std::shared_ptr<_Tp> std::atomic_exchange(shared_ptr<_Tp>*, shared_ptr<_Tp>) [with _Tp = __cxx11::basic_string<char>]' is deprecated: use 'std::atomic<std::shared_ptr<T>>' instead [-Wdeprecated-declarations]
   39 |     auto msg = std::atomic_exchange(&message_, {});
      |                ~~~~~~~~~~~~~~~~~~~~^~~~~~~~~~~~~~~
/usr/include/c++/16.1.1/bits/shared_ptr_atomic.h:225:5: note: declared here
  225 |     atomic_exchange(shared_ptr<_Tp>* __p, shared_ptr<_Tp> __r)
      |     ^~~~~~~~~~~~~~~
[878/907] Building CXX object CMakeFiles/mlx.dir/mlx/backend/omarchy/allocator.cpp.o
[879/907] Building CXX object CMakeFiles/mlx.dir/mlx/backend/omarchy/compute.cpp.o
[880/907] Building CXX object CMakeFiles/mlx.dir/mlx/backend/omarchy/compiled.cpp.o
In file included from /home/joshuawarren/src/mlx-omarchy-alpha-m1/.work/mlx/mlx/event.h:8,
                 from /home/joshuawarren/src/mlx-omarchy-alpha-m1/.work/mlx/mlx/array.h:13,
                 from /home/joshuawarren/src/mlx-omarchy-alpha-m1/.work/mlx/mlx/backend/omarchy/compiled.h:8,
                 from /home/joshuawarren/src/mlx-omarchy-alpha-m1/.work/mlx/mlx/backend/omarchy/compiled.cpp:4:
/home/joshuawarren/src/mlx-omarchy-alpha-m1/.work/mlx/mlx/error.h: In member function 'void mlx::core::Error::set_message(Message)':
/home/joshuawarren/src/mlx-omarchy-alpha-m1/.work/mlx/mlx/error.h:17:22: warning: 'void std::atomic_store(shared_ptr<_Tp>*, shared_ptr<_Tp>) [with _Tp = __cxx11::basic_string<char>]' is deprecated: use 'std::atomic<std::shared_ptr<T>>' instead [-Wdeprecated-declarations]
   17 |     std::atomic_store(&message_, std::move(msg));
      |     ~~~~~~~~~~~~~~~~~^~~~~~~~~~~~~~~~~~~~~~~~~~~
In file included from /usr/include/c++/16.1.1/memory:83,
                 from /home/joshuawarren/src/mlx-omarchy-alpha-m1/.work/mlx/mlx/array.h:7:
/usr/include/c++/16.1.1/bits/shared_ptr_atomic.h:183:5: note: declared here
  183 |     atomic_store(shared_ptr<_Tp>* __p, shared_ptr<_Tp> __r)
      |     ^~~~~~~~~~~~
/home/joshuawarren/src/mlx-omarchy-alpha-m1/.work/mlx/mlx/error.h: In member function 'bool mlx::core::Error::valid() const':
/home/joshuawarren/src/mlx-omarchy-alpha-m1/.work/mlx/mlx/error.h:21:32: warning: 'std::shared_ptr<_Tp> std::atomic_load(const shared_ptr<_Tp>*) [with _Tp = __cxx11::basic_string<char>]' is deprecated: use 'std::atomic<std::shared_ptr<T>>' instead [-Wdeprecated-declarations]
   21 |     auto msg = std::atomic_load(&message_);
      |                ~~~~~~~~~~~~~~~~^~~~~~~~~~~
/usr/include/c++/16.1.1/bits/shared_ptr_atomic.h:142:5: note: declared here
  142 |     atomic_load(const shared_ptr<_Tp>* __p)
      |     ^~~~~~~~~~~
/home/joshuawarren/src/mlx-omarchy-alpha-m1/.work/mlx/mlx/error.h: In member function 'bool mlx::core::Error::store_if_valid(const mlx::core::Error*)':
/home/joshuawarren/src/mlx-omarchy-alpha-m1/.work/mlx/mlx/error.h:28:37: warning: 'std::shared_ptr<_Tp> std::atomic_load(const shared_ptr<_Tp>*) [with _Tp = __cxx11::basic_string<char>]' is deprecated: use 'std::atomic<std::shared_ptr<T>>' instead [-Wdeprecated-declarations]
   28 |       Message msg = std::atomic_load(&ptr->message_);
      |                     ~~~~~~~~~~~~~~~~^~~~~~~~~~~~~~~~
/usr/include/c++/16.1.1/bits/shared_ptr_atomic.h:142:5: note: declared here
  142 |     atomic_load(const shared_ptr<_Tp>* __p)
      |     ^~~~~~~~~~~
/home/joshuawarren/src/mlx-omarchy-alpha-m1/.work/mlx/mlx/error.h: In member function 'void mlx::core::Error::check()':
/home/joshuawarren/src/mlx-omarchy-alpha-m1/.work/mlx/mlx/error.h:39:36: warning: 'std::shared_ptr<_Tp> std::atomic_exchange(shared_ptr<_Tp>*, shared_ptr<_Tp>) [with _Tp = __cxx11::basic_string<char>]' is deprecated: use 'std::atomic<std::shared_ptr<T>>' instead [-Wdeprecated-declarations]
   39 |     auto msg = std::atomic_exchange(&message_, {});
      |                ~~~~~~~~~~~~~~~~~~~~^~~~~~~~~~~~~~~
/usr/include/c++/16.1.1/bits/shared_ptr_atomic.h:225:5: note: declared here
  225 |     atomic_exchange(shared_ptr<_Tp>* __p, shared_ptr<_Tp> __r)
      |     ^~~~~~~~~~~~~~~
[881/907] Building CXX object CMakeFiles/mlx.dir/mlx/backend/omarchy/device.cpp.o
[882/907] Building CXX object CMakeFiles/mlx.dir/mlx/backend/omarchy/capability_sim.cpp.o
[883/907] Building CXX object CMakeFiles/mlx.dir/mlx/backend/omarchy/device_info.cpp.o
[884/907] Building CXX object CMakeFiles/mlx.dir/mlx/backend/omarchy/encoder.cpp.o
In file included from /home/joshuawarren/src/mlx-omarchy-alpha-m1/.work/mlx/mlx/event.h:8,
                 from /home/joshuawarren/src/mlx-omarchy-alpha-m1/.work/mlx/mlx/array.h:13,
                 from /home/joshuawarren/src/mlx-omarchy-alpha-m1/.work/mlx/mlx/backend/omarchy/encoder.h:17,
                 from /home/joshuawarren/src/mlx-omarchy-alpha-m1/.work/mlx/mlx/backend/omarchy/encoder.cpp:4:
/home/joshuawarren/src/mlx-omarchy-alpha-m1/.work/mlx/mlx/error.h: In member function 'void mlx::core::Error::set_message(Message)':
/home/joshuawarren/src/mlx-omarchy-alpha-m1/.work/mlx/mlx/error.h:17:22: warning: 'void std::atomic_store(shared_ptr<_Tp>*, shared_ptr<_Tp>) [with _Tp = __cxx11::basic_string<char>]' is deprecated: use 'std::atomic<std::shared_ptr<T>>' instead [-Wdeprecated-declarations]
   17 |     std::atomic_store(&message_, std::move(msg));
      |     ~~~~~~~~~~~~~~~~~^~~~~~~~~~~~~~~~~~~~~~~~~~~
In file included from /usr/include/c++/16.1.1/memory:83,
                 from /home/joshuawarren/src/mlx-omarchy-alpha-m1/.work/mlx/mlx/backend/omarchy/encoder.h:11:
/usr/include/c++/16.1.1/bits/shared_ptr_atomic.h:183:5: note: declared here
  183 |     atomic_store(shared_ptr<_Tp>* __p, shared_ptr<_Tp> __r)
      |     ^~~~~~~~~~~~
/home/joshuawarren/src/mlx-omarchy-alpha-m1/.work/mlx/mlx/error.h: In member function 'bool mlx::core::Error::valid() const':
/home/joshuawarren/src/mlx-omarchy-alpha-m1/.work/mlx/mlx/error.h:21:32: warning: 'std::shared_ptr<_Tp> std::atomic_load(const shared_ptr<_Tp>*) [with _Tp = __cxx11::basic_string<char>]' is deprecated: use 'std::atomic<std::shared_ptr<T>>' instead [-Wdeprecated-declarations]
   21 |     auto msg = std::atomic_load(&message_);
      |                ~~~~~~~~~~~~~~~~^~~~~~~~~~~
/usr/include/c++/16.1.1/bits/shared_ptr_atomic.h:142:5: note: declared here
  142 |     atomic_load(const shared_ptr<_Tp>* __p)
      |     ^~~~~~~~~~~
/home/joshuawarren/src/mlx-omarchy-alpha-m1/.work/mlx/mlx/error.h: In member function 'bool mlx::core::Error::store_if_valid(const mlx::core::Error*)':
/home/joshuawarren/src/mlx-omarchy-alpha-m1/.work/mlx/mlx/error.h:28:37: warning: 'std::shared_ptr<_Tp> std::atomic_load(const shared_ptr<_Tp>*) [with _Tp = __cxx11::basic_string<char>]' is deprecated: use 'std::atomic<std::shared_ptr<T>>' instead [-Wdeprecated-declarations]
   28 |       Message msg = std::atomic_load(&ptr->message_);
      |                     ~~~~~~~~~~~~~~~~^~~~~~~~~~~~~~~~
/usr/include/c++/16.1.1/bits/shared_ptr_atomic.h:142:5: note: declared here
  142 |     atomic_load(const shared_ptr<_Tp>* __p)
      |     ^~~~~~~~~~~
/home/joshuawarren/src/mlx-omarchy-alpha-m1/.work/mlx/mlx/error.h: In member function 'void mlx::core::Error::check()':
/home/joshuawarren/src/mlx-omarchy-alpha-m1/.work/mlx/mlx/error.h:39:36: warning: 'std::shared_ptr<_Tp> std::atomic_exchange(shared_ptr<_Tp>*, shared_ptr<_Tp>) [with _Tp = __cxx11::basic_string<char>]' is deprecated: use 'std::atomic<std::shared_ptr<T>>' instead [-Wdeprecated-declarations]
   39 |     auto msg = std::atomic_exchange(&message_, {});
      |                ~~~~~~~~~~~~~~~~~~~~^~~~~~~~~~~~~~~
/usr/include/c++/16.1.1/bits/shared_ptr_atomic.h:225:5: note: declared here
  225 |     atomic_exchange(shared_ptr<_Tp>* __p, shared_ptr<_Tp> __r)
      |     ^~~~~~~~~~~~~~~
[885/907] Building CXX object CMakeFiles/mlx.dir/mlx/backend/omarchy/custom_kernel.cpp.o
In file included from /home/joshuawarren/src/mlx-omarchy-alpha-m1/.work/mlx/mlx/event.h:8,
                 from /home/joshuawarren/src/mlx-omarchy-alpha-m1/.work/mlx/mlx/array.h:13,
                 from /home/joshuawarren/src/mlx-omarchy-alpha-m1/.work/mlx/mlx/primitives.h:8,
                 from /home/joshuawarren/src/mlx-omarchy-alpha-m1/.work/mlx/mlx/fast_primitives.h:7,
                 from /home/joshuawarren/src/mlx-omarchy-alpha-m1/.work/mlx/mlx/backend/omarchy/custom_kernel.cpp:4:
/home/joshuawarren/src/mlx-omarchy-alpha-m1/.work/mlx/mlx/error.h: In member function 'void mlx::core::Error::set_message(Message)':
/home/joshuawarren/src/mlx-omarchy-alpha-m1/.work/mlx/mlx/error.h:17:22: warning: 'void std::atomic_store(shared_ptr<_Tp>*, shared_ptr<_Tp>) [with _Tp = __cxx11::basic_string<char>]' is deprecated: use 'std::atomic<std::shared_ptr<T>>' instead [-Wdeprecated-declarations]
   17 |     std::atomic_store(&message_, std::move(msg));
      |     ~~~~~~~~~~~~~~~~~^~~~~~~~~~~~~~~~~~~~~~~~~~~
In file included from /usr/include/c++/16.1.1/memory:83,
                 from /home/joshuawarren/src/mlx-omarchy-alpha-m1/.work/mlx/mlx/array.h:7:
/usr/include/c++/16.1.1/bits/shared_ptr_atomic.h:183:5: note: declared here
  183 |     atomic_store(shared_ptr<_Tp>* __p, shared_ptr<_Tp> __r)
      |     ^~~~~~~~~~~~
/home/joshuawarren/src/mlx-omarchy-alpha-m1/.work/mlx/mlx/error.h: In member function 'bool mlx::core::Error::valid() const':
/home/joshuawarren/src/mlx-omarchy-alpha-m1/.work/mlx/mlx/error.h:21:32: warning: 'std::shared_ptr<_Tp> std::atomic_load(const shared_ptr<_Tp>*) [with _Tp = __cxx11::basic_string<char>]' is deprecated: use 'std::atomic<std::shared_ptr<T>>' instead [-Wdeprecated-declarations]
   21 |     auto msg = std::atomic_load(&message_);
      |                ~~~~~~~~~~~~~~~~^~~~~~~~~~~
/usr/include/c++/16.1.1/bits/shared_ptr_atomic.h:142:5: note: declared here
  142 |     atomic_load(const shared_ptr<_Tp>* __p)
      |     ^~~~~~~~~~~
/home/joshuawarren/src/mlx-omarchy-alpha-m1/.work/mlx/mlx/error.h: In member function 'bool mlx::core::Error::store_if_valid(const mlx::core::Error*)':
/home/joshuawarren/src/mlx-omarchy-alpha-m1/.work/mlx/mlx/error.h:28:37: warning: 'std::shared_ptr<_Tp> std::atomic_load(const shared_ptr<_Tp>*) [with _Tp = __cxx11::basic_string<char>]' is deprecated: use 'std::atomic<std::shared_ptr<T>>' instead [-Wdeprecated-declarations]
   28 |       Message msg = std::atomic_load(&ptr->message_);
      |                     ~~~~~~~~~~~~~~~~^~~~~~~~~~~~~~~~
/usr/include/c++/16.1.1/bits/shared_ptr_atomic.h:142:5: note: declared here
  142 |     atomic_load(const shared_ptr<_Tp>* __p)
      |     ^~~~~~~~~~~
/home/joshuawarren/src/mlx-omarchy-alpha-m1/.work/mlx/mlx/error.h: In member function 'void mlx::core::Error::check()':
/home/joshuawarren/src/mlx-omarchy-alpha-m1/.work/mlx/mlx/error.h:39:36: warning: 'std::shared_ptr<_Tp> std::atomic_exchange(shared_ptr<_Tp>*, shared_ptr<_Tp>) [with _Tp = __cxx11::basic_string<char>]' is deprecated: use 'std::atomic<std::shared_ptr<T>>' instead [-Wdeprecated-declarations]
   39 |     auto msg = std::atomic_exchange(&message_, {});
      |                ~~~~~~~~~~~~~~~~~~~~^~~~~~~~~~~~~~~
/usr/include/c++/16.1.1/bits/shared_ptr_atomic.h:225:5: note: declared here
  225 |     atomic_exchange(shared_ptr<_Tp>* __p, shared_ptr<_Tp> __r)
      |     ^~~~~~~~~~~~~~~
/home/joshuawarren/src/mlx-omarchy-alpha-m1/.work/mlx/mlx/backend/omarchy/custom_kernel.cpp: In member function 'virtual void mlx::core::fast::CustomKernel::eval_gpu(const std::vector<mlx::core::array>&, std::vector<mlx::core::array>&)':
/home/joshuawarren/src/mlx-omarchy-alpha-m1/.work/mlx/mlx/backend/omarchy/custom_kernel.cpp:887:42: warning: narrowing conversion of '(& input)->mlx::core::array::ndim()' from 'size_t' {aka 'long unsigned int'} to 'int' [-Wnarrowing]
  887 |           std::vector<int32_t>{input.ndim()}, int32, encoder);
      |                                ~~~~~~~~~~^~
/home/joshuawarren/src/mlx-omarchy-alpha-m1/.work/mlx/mlx/backend/omarchy/custom_kernel.cpp:887:42: warning: narrowing conversion of '(& input)->mlx::core::array::ndim()' from 'size_t' {aka 'long unsigned int'} to 'int' [-Wnarrowing]
[886/907] Building CXX object CMakeFiles/mlx.dir/mlx/backend/omarchy/eval.cpp.o
In file included from /home/joshuawarren/src/mlx-omarchy-alpha-m1/.work/mlx/mlx/event.h:8,
                 from /home/joshuawarren/src/mlx-omarchy-alpha-m1/.work/mlx/mlx/array.h:13,
                 from /home/joshuawarren/src/mlx-omarchy-alpha-m1/.work/mlx/mlx/backend/gpu/eval.h:8,
                 from /home/joshuawarren/src/mlx-omarchy-alpha-m1/.work/mlx/mlx/backend/omarchy/eval.cpp:8:
/home/joshuawarren/src/mlx-omarchy-alpha-m1/.work/mlx/mlx/error.h: In member function 'void mlx::core::Error::set_message(Message)':
/home/joshuawarren/src/mlx-omarchy-alpha-m1/.work/mlx/mlx/error.h:17:22: warning: 'void std::atomic_store(shared_ptr<_Tp>*, shared_ptr<_Tp>) [with _Tp = __cxx11::basic_string<char>]' is deprecated: use 'std::atomic<std::shared_ptr<T>>' instead [-Wdeprecated-declarations]
   17 |     std::atomic_store(&message_, std::move(msg));
      |     ~~~~~~~~~~~~~~~~~^~~~~~~~~~~~~~~~~~~~~~~~~~~
In file included from /usr/include/c++/16.1.1/memory:83,
                 from /home/joshuawarren/src/mlx-omarchy-alpha-m1/.work/mlx/mlx/backend/gpu/eval.h:6:
/usr/include/c++/16.1.1/bits/shared_ptr_atomic.h:183:5: note: declared here
  183 |     atomic_store(shared_ptr<_Tp>* __p, shared_ptr<_Tp> __r)
      |     ^~~~~~~~~~~~
/home/joshuawarren/src/mlx-omarchy-alpha-m1/.work/mlx/mlx/error.h: In member function 'bool mlx::core::Error::valid() const':
/home/joshuawarren/src/mlx-omarchy-alpha-m1/.work/mlx/mlx/error.h:21:32: warning: 'std::shared_ptr<_Tp> std::atomic_load(const shared_ptr<_Tp>*) [with _Tp = __cxx11::basic_string<char>]' is deprecated: use 'std::atomic<std::shared_ptr<T>>' instead [-Wdeprecated-declarations]
   21 |     auto msg = std::atomic_load(&message_);
      |                ~~~~~~~~~~~~~~~~^~~~~~~~~~~
/usr/include/c++/16.1.1/bits/shared_ptr_atomic.h:142:5: note: declared here
  142 |     atomic_load(const shared_ptr<_Tp>* __p)
      |     ^~~~~~~~~~~
/home/joshuawarren/src/mlx-omarchy-alpha-m1/.work/mlx/mlx/error.h: In member function 'bool mlx::core::Error::store_if_valid(const mlx::core::Error*)':
/home/joshuawarren/src/mlx-omarchy-alpha-m1/.work/mlx/mlx/error.h:28:37: warning: 'std::shared_ptr<_Tp> std::atomic_load(const shared_ptr<_Tp>*) [with _Tp = __cxx11::basic_string<char>]' is deprecated: use 'std::atomic<std::shared_ptr<T>>' instead [-Wdeprecated-declarations]
   28 |       Message msg = std::atomic_load(&ptr->message_);
      |                     ~~~~~~~~~~~~~~~~^~~~~~~~~~~~~~~~
/usr/include/c++/16.1.1/bits/shared_ptr_atomic.h:142:5: note: declared here
  142 |     atomic_load(const shared_ptr<_Tp>* __p)
      |     ^~~~~~~~~~~
/home/joshuawarren/src/mlx-omarchy-alpha-m1/.work/mlx/mlx/error.h: In member function 'void mlx::core::Error::check()':
/home/joshuawarren/src/mlx-omarchy-alpha-m1/.work/mlx/mlx/error.h:39:36: warning: 'std::shared_ptr<_Tp> std::atomic_exchange(shared_ptr<_Tp>*, shared_ptr<_Tp>) [with _Tp = __cxx11::basic_string<char>]' is deprecated: use 'std::atomic<std::shared_ptr<T>>' instead [-Wdeprecated-declarations]
   39 |     auto msg = std::atomic_exchange(&message_, {});
      |                ~~~~~~~~~~~~~~~~~~~~^~~~~~~~~~~~~~~
/usr/include/c++/16.1.1/bits/shared_ptr_atomic.h:225:5: note: declared here
  225 |     atomic_exchange(shared_ptr<_Tp>* __p, shared_ptr<_Tp> __r)
      |     ^~~~~~~~~~~~~~~
[887/907] Building CXX object CMakeFiles/mlx.dir/mlx/backend/omarchy/event.cpp.o
In file included from /home/joshuawarren/src/mlx-omarchy-alpha-m1/.work/mlx/mlx/event.h:8,
                 from /home/joshuawarren/src/mlx-omarchy-alpha-m1/.work/mlx/mlx/backend/omarchy/event.cpp:8:
/home/joshuawarren/src/mlx-omarchy-alpha-m1/.work/mlx/mlx/error.h: In member function 'void mlx::core::Error::set_message(Message)':
/home/joshuawarren/src/mlx-omarchy-alpha-m1/.work/mlx/mlx/error.h:17:22: warning: 'void std::atomic_store(shared_ptr<_Tp>*, shared_ptr<_Tp>) [with _Tp = __cxx11::basic_string<char>]' is deprecated: use 'std::atomic<std::shared_ptr<T>>' instead [-Wdeprecated-declarations]
   17 |     std::atomic_store(&message_, std::move(msg));
      |     ~~~~~~~~~~~~~~~~~^~~~~~~~~~~~~~~~~~~~~~~~~~~
In file included from /usr/include/c++/16.1.1/memory:83,
                 from /home/joshuawarren/src/mlx-omarchy-alpha-m1/.work/mlx/mlx/event.h:5:
/usr/include/c++/16.1.1/bits/shared_ptr_atomic.h:183:5: note: declared here
  183 |     atomic_store(shared_ptr<_Tp>* __p, shared_ptr<_Tp> __r)
      |     ^~~~~~~~~~~~
/home/joshuawarren/src/mlx-omarchy-alpha-m1/.work/mlx/mlx/error.h: In member function 'bool mlx::core::Error::valid() const':
/home/joshuawarren/src/mlx-omarchy-alpha-m1/.work/mlx/mlx/error.h:21:32: warning: 'std::shared_ptr<_Tp> std::atomic_load(const shared_ptr<_Tp>*) [with _Tp = __cxx11::basic_string<char>]' is deprecated: use 'std::atomic<std::shared_ptr<T>>' instead [-Wdeprecated-declarations]
   21 |     auto msg = std::atomic_load(&message_);
      |                ~~~~~~~~~~~~~~~~^~~~~~~~~~~
/usr/include/c++/16.1.1/bits/shared_ptr_atomic.h:142:5: note: declared here
  142 |     atomic_load(const shared_ptr<_Tp>* __p)
      |     ^~~~~~~~~~~
/home/joshuawarren/src/mlx-omarchy-alpha-m1/.work/mlx/mlx/error.h: In member function 'bool mlx::core::Error::store_if_valid(const mlx::core::Error*)':
/home/joshuawarren/src/mlx-omarchy-alpha-m1/.work/mlx/mlx/error.h:28:37: warning: 'std::shared_ptr<_Tp> std::atomic_load(const shared_ptr<_Tp>*) [with _Tp = __cxx11::basic_string<char>]' is deprecated: use 'std::atomic<std::shared_ptr<T>>' instead [-Wdeprecated-declarations]
   28 |       Message msg = std::atomic_load(&ptr->message_);
      |                     ~~~~~~~~~~~~~~~~^~~~~~~~~~~~~~~~
/usr/include/c++/16.1.1/bits/shared_ptr_atomic.h:142:5: note: declared here
  142 |     atomic_load(const shared_ptr<_Tp>* __p)
      |     ^~~~~~~~~~~
/home/joshuawarren/src/mlx-omarchy-alpha-m1/.work/mlx/mlx/error.h: In member function 'void mlx::core::Error::check()':
/home/joshuawarren/src/mlx-omarchy-alpha-m1/.work/mlx/mlx/error.h:39:36: warning: 'std::shared_ptr<_Tp> std::atomic_exchange(shared_ptr<_Tp>*, shared_ptr<_Tp>) [with _Tp = __cxx11::basic_string<char>]' is deprecated: use 'std::atomic<std::shared_ptr<T>>' instead [-Wdeprecated-declarations]
   39 |     auto msg = std::atomic_exchange(&message_, {});
      |                ~~~~~~~~~~~~~~~~~~~~^~~~~~~~~~~~~~~
/usr/include/c++/16.1.1/bits/shared_ptr_atomic.h:225:5: note: declared here
  225 |     atomic_exchange(shared_ptr<_Tp>* __p, shared_ptr<_Tp> __r)
      |     ^~~~~~~~~~~~~~~
[888/907] Building CXX object CMakeFiles/mlx.dir/mlx/backend/omarchy/fence.cpp.o
In file included from /home/joshuawarren/src/mlx-omarchy-alpha-m1/.work/mlx/mlx/event.h:8,
                 from /home/joshuawarren/src/mlx-omarchy-alpha-m1/.work/mlx/mlx/array.h:13,
                 from /home/joshuawarren/src/mlx-omarchy-alpha-m1/.work/mlx/mlx/fence.h:5,
                 from /home/joshuawarren/src/mlx-omarchy-alpha-m1/.work/mlx/mlx/backend/omarchy/fence.cpp:7:
/home/joshuawarren/src/mlx-omarchy-alpha-m1/.work/mlx/mlx/error.h: In member function 'void mlx::core::Error::set_message(Message)':
/home/joshuawarren/src/mlx-omarchy-alpha-m1/.work/mlx/mlx/error.h:17:22: warning: 'void std::atomic_store(shared_ptr<_Tp>*, shared_ptr<_Tp>) [with _Tp = __cxx11::basic_string<char>]' is deprecated: use 'std::atomic<std::shared_ptr<T>>' instead [-Wdeprecated-declarations]
   17 |     std::atomic_store(&message_, std::move(msg));
      |     ~~~~~~~~~~~~~~~~~^~~~~~~~~~~~~~~~~~~~~~~~~~~
In file included from /usr/include/c++/16.1.1/memory:83,
                 from /home/joshuawarren/src/mlx-omarchy-alpha-m1/.work/mlx/mlx/array.h:7:
/usr/include/c++/16.1.1/bits/shared_ptr_atomic.h:183:5: note: declared here
  183 |     atomic_store(shared_ptr<_Tp>* __p, shared_ptr<_Tp> __r)
      |     ^~~~~~~~~~~~
/home/joshuawarren/src/mlx-omarchy-alpha-m1/.work/mlx/mlx/error.h: In member function 'bool mlx::core::Error::valid() const':
/home/joshuawarren/src/mlx-omarchy-alpha-m1/.work/mlx/mlx/error.h:21:32: warning: 'std::shared_ptr<_Tp> std::atomic_load(const shared_ptr<_Tp>*) [with _Tp = __cxx11::basic_string<char>]' is deprecated: use 'std::atomic<std::shared_ptr<T>>' instead [-Wdeprecated-declarations]
   21 |     auto msg = std::atomic_load(&message_);
      |                ~~~~~~~~~~~~~~~~^~~~~~~~~~~
/usr/include/c++/16.1.1/bits/shared_ptr_atomic.h:142:5: note: declared here
  142 |     atomic_load(const shared_ptr<_Tp>* __p)
      |     ^~~~~~~~~~~
/home/joshuawarren/src/mlx-omarchy-alpha-m1/.work/mlx/mlx/error.h: In member function 'bool mlx::core::Error::store_if_valid(const mlx::core::Error*)':
/home/joshuawarren/src/mlx-omarchy-alpha-m1/.work/mlx/mlx/error.h:28:37: warning: 'std::shared_ptr<_Tp> std::atomic_load(const shared_ptr<_Tp>*) [with _Tp = __cxx11::basic_string<char>]' is deprecated: use 'std::atomic<std::shared_ptr<T>>' instead [-Wdeprecated-declarations]
   28 |       Message msg = std::atomic_load(&ptr->message_);
      |                     ~~~~~~~~~~~~~~~~^~~~~~~~~~~~~~~~
/usr/include/c++/16.1.1/bits/shared_ptr_atomic.h:142:5: note: declared here
  142 |     atomic_load(const shared_ptr<_Tp>* __p)
      |     ^~~~~~~~~~~
/home/joshuawarren/src/mlx-omarchy-alpha-m1/.work/mlx/mlx/error.h: In member function 'void mlx::core::Error::check()':
/home/joshuawarren/src/mlx-omarchy-alpha-m1/.work/mlx/mlx/error.h:39:36: warning: 'std::shared_ptr<_Tp> std::atomic_exchange(shared_ptr<_Tp>*, shared_ptr<_Tp>) [with _Tp = __cxx11::basic_string<char>]' is deprecated: use 'std::atomic<std::shared_ptr<T>>' instead [-Wdeprecated-declarations]
   39 |     auto msg = std::atomic_exchange(&message_, {});
      |                ~~~~~~~~~~~~~~~~~~~~^~~~~~~~~~~~~~~
/usr/include/c++/16.1.1/bits/shared_ptr_atomic.h:225:5: note: declared here
  225 |     atomic_exchange(shared_ptr<_Tp>* __p, shared_ptr<_Tp> __r)
      |     ^~~~~~~~~~~~~~~
[889/907] Building CXX object CMakeFiles/mlx.dir/mlx/backend/omarchy/copy.cpp.o
In file included from /home/joshuawarren/src/mlx-omarchy-alpha-m1/.work/mlx/mlx/event.h:8,
                 from /home/joshuawarren/src/mlx-omarchy-alpha-m1/.work/mlx/mlx/array.h:13,
                 from /home/joshuawarren/src/mlx-omarchy-alpha-m1/.work/mlx/mlx/backend/omarchy/unsupported.h:10,
                 from /home/joshuawarren/src/mlx-omarchy-alpha-m1/.work/mlx/mlx/backend/omarchy/copy.cpp:9:
/home/joshuawarren/src/mlx-omarchy-alpha-m1/.work/mlx/mlx/error.h: In member function 'void mlx::core::Error::set_message(Message)':
/home/joshuawarren/src/mlx-omarchy-alpha-m1/.work/mlx/mlx/error.h:17:22: warning: 'void std::atomic_store(shared_ptr<_Tp>*, shared_ptr<_Tp>) [with _Tp = __cxx11::basic_string<char>]' is deprecated: use 'std::atomic<std::shared_ptr<T>>' instead [-Wdeprecated-declarations]
   17 |     std::atomic_store(&message_, std::move(msg));
      |     ~~~~~~~~~~~~~~~~~^~~~~~~~~~~~~~~~~~~~~~~~~~~
In file included from /usr/include/c++/16.1.1/memory:83,
                 from /home/joshuawarren/src/mlx-omarchy-alpha-m1/.work/mlx/mlx/array.h:7:
/usr/include/c++/16.1.1/bits/shared_ptr_atomic.h:183:5: note: declared here
  183 |     atomic_store(shared_ptr<_Tp>* __p, shared_ptr<_Tp> __r)
      |     ^~~~~~~~~~~~
/home/joshuawarren/src/mlx-omarchy-alpha-m1/.work/mlx/mlx/error.h: In member function 'bool mlx::core::Error::valid() const':
/home/joshuawarren/src/mlx-omarchy-alpha-m1/.work/mlx/mlx/error.h:21:32: warning: 'std::shared_ptr<_Tp> std::atomic_load(const shared_ptr<_Tp>*) [with _Tp = __cxx11::basic_string<char>]' is deprecated: use 'std::atomic<std::shared_ptr<T>>' instead [-Wdeprecated-declarations]
   21 |     auto msg = std::atomic_load(&message_);
      |                ~~~~~~~~~~~~~~~~^~~~~~~~~~~
/usr/include/c++/16.1.1/bits/shared_ptr_atomic.h:142:5: note: declared here
  142 |     atomic_load(const shared_ptr<_Tp>* __p)
      |     ^~~~~~~~~~~
/home/joshuawarren/src/mlx-omarchy-alpha-m1/.work/mlx/mlx/error.h: In member function 'bool mlx::core::Error::store_if_valid(const mlx::core::Error*)':
/home/joshuawarren/src/mlx-omarchy-alpha-m1/.work/mlx/mlx/error.h:28:37: warning: 'std::shared_ptr<_Tp> std::atomic_load(const shared_ptr<_Tp>*) [with _Tp = __cxx11::basic_string<char>]' is deprecated: use 'std::atomic<std::shared_ptr<T>>' instead [-Wdeprecated-declarations]
   28 |       Message msg = std::atomic_load(&ptr->message_);
      |                     ~~~~~~~~~~~~~~~~^~~~~~~~~~~~~~~~
/usr/include/c++/16.1.1/bits/shared_ptr_atomic.h:142:5: note: declared here
  142 |     atomic_load(const shared_ptr<_Tp>* __p)
      |     ^~~~~~~~~~~
/home/joshuawarren/src/mlx-omarchy-alpha-m1/.work/mlx/mlx/error.h: In member function 'void mlx::core::Error::check()':
/home/joshuawarren/src/mlx-omarchy-alpha-m1/.work/mlx/mlx/error.h:39:36: warning: 'std::shared_ptr<_Tp> std::atomic_exchange(shared_ptr<_Tp>*, shared_ptr<_Tp>) [with _Tp = __cxx11::basic_string<char>]' is deprecated: use 'std::atomic<std::shared_ptr<T>>' instead [-Wdeprecated-declarations]
   39 |     auto msg = std::atomic_exchange(&message_, {});
      |                ~~~~~~~~~~~~~~~~~~~~^~~~~~~~~~~~~~~
/usr/include/c++/16.1.1/bits/shared_ptr_atomic.h:225:5: note: declared here
  225 |     atomic_exchange(shared_ptr<_Tp>* __p, shared_ptr<_Tp> __r)
      |     ^~~~~~~~~~~~~~~
[890/907] Building CXX object CMakeFiles/mlx.dir/mlx/backend/omarchy/slicing.cpp.o
In file included from /home/joshuawarren/src/mlx-omarchy-alpha-m1/.work/mlx/mlx/event.h:8,
                 from /home/joshuawarren/src/mlx-omarchy-alpha-m1/.work/mlx/mlx/array.h:13,
                 from /home/joshuawarren/src/mlx-omarchy-alpha-m1/.work/mlx/mlx/backend/omarchy/unsupported.h:10,
                 from /home/joshuawarren/src/mlx-omarchy-alpha-m1/.work/mlx/mlx/backend/omarchy/slicing.cpp:13:
/home/joshuawarren/src/mlx-omarchy-alpha-m1/.work/mlx/mlx/error.h: In member function 'void mlx::core::Error::set_message(Message)':
/home/joshuawarren/src/mlx-omarchy-alpha-m1/.work/mlx/mlx/error.h:17:22: warning: 'void std::atomic_store(shared_ptr<_Tp>*, shared_ptr<_Tp>) [with _Tp = __cxx11::basic_string<char>]' is deprecated: use 'std::atomic<std::shared_ptr<T>>' instead [-Wdeprecated-declarations]
   17 |     std::atomic_store(&message_, std::move(msg));
      |     ~~~~~~~~~~~~~~~~~^~~~~~~~~~~~~~~~~~~~~~~~~~~
In file included from /usr/include/c++/16.1.1/memory:83,
                 from /home/joshuawarren/src/mlx-omarchy-alpha-m1/.work/mlx/mlx/array.h:7:
/usr/include/c++/16.1.1/bits/shared_ptr_atomic.h:183:5: note: declared here
  183 |     atomic_store(shared_ptr<_Tp>* __p, shared_ptr<_Tp> __r)
      |     ^~~~~~~~~~~~
/home/joshuawarren/src/mlx-omarchy-alpha-m1/.work/mlx/mlx/error.h: In member function 'bool mlx::core::Error::valid() const':
/home/joshuawarren/src/mlx-omarchy-alpha-m1/.work/mlx/mlx/error.h:21:32: warning: 'std::shared_ptr<_Tp> std::atomic_load(const shared_ptr<_Tp>*) [with _Tp = __cxx11::basic_string<char>]' is deprecated: use 'std::atomic<std::shared_ptr<T>>' instead [-Wdeprecated-declarations]
   21 |     auto msg = std::atomic_load(&message_);
      |                ~~~~~~~~~~~~~~~~^~~~~~~~~~~
/usr/include/c++/16.1.1/bits/shared_ptr_atomic.h:142:5: note: declared here
  142 |     atomic_load(const shared_ptr<_Tp>* __p)
      |     ^~~~~~~~~~~
/home/joshuawarren/src/mlx-omarchy-alpha-m1/.work/mlx/mlx/error.h: In member function 'bool mlx::core::Error::store_if_valid(const mlx::core::Error*)':
/home/joshuawarren/src/mlx-omarchy-alpha-m1/.work/mlx/mlx/error.h:28:37: warning: 'std::shared_ptr<_Tp> std::atomic_load(const shared_ptr<_Tp>*) [with _Tp = __cxx11::basic_string<char>]' is deprecated: use 'std::atomic<std::shared_ptr<T>>' instead [-Wdeprecated-declarations]
   28 |       Message msg = std::atomic_load(&ptr->message_);
      |                     ~~~~~~~~~~~~~~~~^~~~~~~~~~~~~~~~
/usr/include/c++/16.1.1/bits/shared_ptr_atomic.h:142:5: note: declared here
  142 |     atomic_load(const shared_ptr<_Tp>* __p)
      |     ^~~~~~~~~~~
/home/joshuawarren/src/mlx-omarchy-alpha-m1/.work/mlx/mlx/error.h: In member function 'void mlx::core::Error::check()':
/home/joshuawarren/src/mlx-omarchy-alpha-m1/.work/mlx/mlx/error.h:39:36: warning: 'std::shared_ptr<_Tp> std::atomic_exchange(shared_ptr<_Tp>*, shared_ptr<_Tp>) [with _Tp = __cxx11::basic_string<char>]' is deprecated: use 'std::atomic<std::shared_ptr<T>>' instead [-Wdeprecated-declarations]
   39 |     auto msg = std::atomic_exchange(&message_, {});
      |                ~~~~~~~~~~~~~~~~~~~~^~~~~~~~~~~~~~~
/usr/include/c++/16.1.1/bits/shared_ptr_atomic.h:225:5: note: declared here
  225 |     atomic_exchange(shared_ptr<_Tp>* __p, shared_ptr<_Tp> __r)
      |     ^~~~~~~~~~~~~~~
[891/907] Building CXX object CMakeFiles/mlx.dir/mlx/backend/omarchy/primitives.cpp.o
In file included from /home/joshuawarren/src/mlx-omarchy-alpha-m1/.work/mlx/mlx/event.h:8,
                 from /home/joshuawarren/src/mlx-omarchy-alpha-m1/.work/mlx/mlx/array.h:13,
                 from /home/joshuawarren/src/mlx-omarchy-alpha-m1/.work/mlx/mlx/backend/omarchy/unsupported.h:10,
                 from /home/joshuawarren/src/mlx-omarchy-alpha-m1/.work/mlx/mlx/backend/omarchy/primitives.cpp:4:
/home/joshuawarren/src/mlx-omarchy-alpha-m1/.work/mlx/mlx/error.h: In member function 'void mlx::core::Error::set_message(Message)':
/home/joshuawarren/src/mlx-omarchy-alpha-m1/.work/mlx/mlx/error.h:17:22: warning: 'void std::atomic_store(shared_ptr<_Tp>*, shared_ptr<_Tp>) [with _Tp = __cxx11::basic_string<char>]' is deprecated: use 'std::atomic<std::shared_ptr<T>>' instead [-Wdeprecated-declarations]
   17 |     std::atomic_store(&message_, std::move(msg));
      |     ~~~~~~~~~~~~~~~~~^~~~~~~~~~~~~~~~~~~~~~~~~~~
In file included from /usr/include/c++/16.1.1/memory:83,
                 from /home/joshuawarren/src/mlx-omarchy-alpha-m1/.work/mlx/mlx/array.h:7:
/usr/include/c++/16.1.1/bits/shared_ptr_atomic.h:183:5: note: declared here
  183 |     atomic_store(shared_ptr<_Tp>* __p, shared_ptr<_Tp> __r)
      |     ^~~~~~~~~~~~
/home/joshuawarren/src/mlx-omarchy-alpha-m1/.work/mlx/mlx/error.h: In member function 'bool mlx::core::Error::valid() const':
/home/joshuawarren/src/mlx-omarchy-alpha-m1/.work/mlx/mlx/error.h:21:32: warning: 'std::shared_ptr<_Tp> std::atomic_load(const shared_ptr<_Tp>*) [with _Tp = __cxx11::basic_string<char>]' is deprecated: use 'std::atomic<std::shared_ptr<T>>' instead [-Wdeprecated-declarations]
   21 |     auto msg = std::atomic_load(&message_);
      |                ~~~~~~~~~~~~~~~~^~~~~~~~~~~
/usr/include/c++/16.1.1/bits/shared_ptr_atomic.h:142:5: note: declared here
  142 |     atomic_load(const shared_ptr<_Tp>* __p)
      |     ^~~~~~~~~~~
/home/joshuawarren/src/mlx-omarchy-alpha-m1/.work/mlx/mlx/error.h: In member function 'bool mlx::core::Error::store_if_valid(const mlx::core::Error*)':
/home/joshuawarren/src/mlx-omarchy-alpha-m1/.work/mlx/mlx/error.h:28:37: warning: 'std::shared_ptr<_Tp> std::atomic_load(const shared_ptr<_Tp>*) [with _Tp = __cxx11::basic_string<char>]' is deprecated: use 'std::atomic<std::shared_ptr<T>>' instead [-Wdeprecated-declarations]
   28 |       Message msg = std::atomic_load(&ptr->message_);
      |                     ~~~~~~~~~~~~~~~~^~~~~~~~~~~~~~~~
/usr/include/c++/16.1.1/bits/shared_ptr_atomic.h:142:5: note: declared here
  142 |     atomic_load(const shared_ptr<_Tp>* __p)
      |     ^~~~~~~~~~~
/home/joshuawarren/src/mlx-omarchy-alpha-m1/.work/mlx/mlx/error.h: In member function 'void mlx::core::Error::check()':
/home/joshuawarren/src/mlx-omarchy-alpha-m1/.work/mlx/mlx/error.h:39:36: warning: 'std::shared_ptr<_Tp> std::atomic_exchange(shared_ptr<_Tp>*, shared_ptr<_Tp>) [with _Tp = __cxx11::basic_string<char>]' is deprecated: use 'std::atomic<std::shared_ptr<T>>' instead [-Wdeprecated-declarations]
   39 |     auto msg = std::atomic_exchange(&message_, {});
      |                ~~~~~~~~~~~~~~~~~~~~^~~~~~~~~~~~~~~
/usr/include/c++/16.1.1/bits/shared_ptr_atomic.h:225:5: note: declared here
  225 |     atomic_exchange(shared_ptr<_Tp>* __p, shared_ptr<_Tp> __r)
      |     ^~~~~~~~~~~~~~~
[892/907] Building CXX object CMakeFiles/mlx.dir/mlx/backend/omarchy/fused_chain.cpp.o
In file included from /home/joshuawarren/src/mlx-omarchy-alpha-m1/.work/mlx/mlx/event.h:8,
                 from /home/joshuawarren/src/mlx-omarchy-alpha-m1/.work/mlx/mlx/array.h:13,
                 from /home/joshuawarren/src/mlx-omarchy-alpha-m1/.work/mlx/mlx/backend/omarchy/fused_chain.h:13,
                 from /home/joshuawarren/src/mlx-omarchy-alpha-m1/.work/mlx/mlx/backend/omarchy/fused_chain.cpp:4:
/home/joshuawarren/src/mlx-omarchy-alpha-m1/.work/mlx/mlx/error.h: In member function 'void mlx::core::Error::set_message(Message)':
/home/joshuawarren/src/mlx-omarchy-alpha-m1/.work/mlx/mlx/error.h:17:22: warning: 'void std::atomic_store(shared_ptr<_Tp>*, shared_ptr<_Tp>) [with _Tp = __cxx11::basic_string<char>]' is deprecated: use 'std::atomic<std::shared_ptr<T>>' instead [-Wdeprecated-declarations]
   17 |     std::atomic_store(&message_, std::move(msg));
      |     ~~~~~~~~~~~~~~~~~^~~~~~~~~~~~~~~~~~~~~~~~~~~
In file included from /usr/include/c++/16.1.1/memory:83,
                 from /home/joshuawarren/src/mlx-omarchy-alpha-m1/.work/mlx/mlx/backend/omarchy/fused_chain.h:9:
/usr/include/c++/16.1.1/bits/shared_ptr_atomic.h:183:5: note: declared here
  183 |     atomic_store(shared_ptr<_Tp>* __p, shared_ptr<_Tp> __r)
      |     ^~~~~~~~~~~~
/home/joshuawarren/src/mlx-omarchy-alpha-m1/.work/mlx/mlx/error.h: In member function 'bool mlx::core::Error::valid() const':
/home/joshuawarren/src/mlx-omarchy-alpha-m1/.work/mlx/mlx/error.h:21:32: warning: 'std::shared_ptr<_Tp> std::atomic_load(const shared_ptr<_Tp>*) [with _Tp = __cxx11::basic_string<char>]' is deprecated: use 'std::atomic<std::shared_ptr<T>>' instead [-Wdeprecated-declarations]
   21 |     auto msg = std::atomic_load(&message_);
      |                ~~~~~~~~~~~~~~~~^~~~~~~~~~~
/usr/include/c++/16.1.1/bits/shared_ptr_atomic.h:142:5: note: declared here
  142 |     atomic_load(const shared_ptr<_Tp>* __p)
      |     ^~~~~~~~~~~
/home/joshuawarren/src/mlx-omarchy-alpha-m1/.work/mlx/mlx/error.h: In member function 'bool mlx::core::Error::store_if_valid(const mlx::core::Error*)':
/home/joshuawarren/src/mlx-omarchy-alpha-m1/.work/mlx/mlx/error.h:28:37: warning: 'std::shared_ptr<_Tp> std::atomic_load(const shared_ptr<_Tp>*) [with _Tp = __cxx11::basic_string<char>]' is deprecated: use 'std::atomic<std::shared_ptr<T>>' instead [-Wdeprecated-declarations]
   28 |       Message msg = std::atomic_load(&ptr->message_);
      |                     ~~~~~~~~~~~~~~~~^~~~~~~~~~~~~~~~
/usr/include/c++/16.1.1/bits/shared_ptr_atomic.h:142:5: note: declared here
  142 |     atomic_load(const shared_ptr<_Tp>* __p)
      |     ^~~~~~~~~~~
/home/joshuawarren/src/mlx-omarchy-alpha-m1/.work/mlx/mlx/error.h: In member function 'void mlx::core::Error::check()':
/home/joshuawarren/src/mlx-omarchy-alpha-m1/.work/mlx/mlx/error.h:39:36: warning: 'std::shared_ptr<_Tp> std::atomic_exchange(shared_ptr<_Tp>*, shared_ptr<_Tp>) [with _Tp = __cxx11::basic_string<char>]' is deprecated: use 'std::atomic<std::shared_ptr<T>>' instead [-Wdeprecated-declarations]
   39 |     auto msg = std::atomic_exchange(&message_, {});
      |                ~~~~~~~~~~~~~~~~~~~~^~~~~~~~~~~~~~~
/usr/include/c++/16.1.1/bits/shared_ptr_atomic.h:225:5: note: declared here
  225 |     atomic_exchange(shared_ptr<_Tp>* __p, shared_ptr<_Tp> __r)
      |     ^~~~~~~~~~~~~~~
[893/907] Building CXX object CMakeFiles/mlx.dir/mlx/backend/omarchy/stream.cpp.o
In file included from /home/joshuawarren/src/mlx-omarchy-alpha-m1/.work/mlx/mlx/event.h:8,
                 from /home/joshuawarren/src/mlx-omarchy-alpha-m1/.work/mlx/mlx/array.h:13,
                 from /home/joshuawarren/src/mlx-omarchy-alpha-m1/.work/mlx/mlx/backend/gpu/eval.h:8,
                 from /home/joshuawarren/src/mlx-omarchy-alpha-m1/.work/mlx/mlx/backend/omarchy/stream.cpp:7:
/home/joshuawarren/src/mlx-omarchy-alpha-m1/.work/mlx/mlx/error.h: In member function 'void mlx::core::Error::set_message(Message)':
/home/joshuawarren/src/mlx-omarchy-alpha-m1/.work/mlx/mlx/error.h:17:22: warning: 'void std::atomic_store(shared_ptr<_Tp>*, shared_ptr<_Tp>) [with _Tp = __cxx11::basic_string<char>]' is deprecated: use 'std::atomic<std::shared_ptr<T>>' instead [-Wdeprecated-declarations]
   17 |     std::atomic_store(&message_, std::move(msg));
      |     ~~~~~~~~~~~~~~~~~^~~~~~~~~~~~~~~~~~~~~~~~~~~
In file included from /usr/include/c++/16.1.1/memory:83,
                 from /home/joshuawarren/src/mlx-omarchy-alpha-m1/.work/mlx/mlx/backend/gpu/eval.h:6:
/usr/include/c++/16.1.1/bits/shared_ptr_atomic.h:183:5: note: declared here
  183 |     atomic_store(shared_ptr<_Tp>* __p, shared_ptr<_Tp> __r)
      |     ^~~~~~~~~~~~
/home/joshuawarren/src/mlx-omarchy-alpha-m1/.work/mlx/mlx/error.h: In member function 'bool mlx::core::Error::valid() const':
/home/joshuawarren/src/mlx-omarchy-alpha-m1/.work/mlx/mlx/error.h:21:32: warning: 'std::shared_ptr<_Tp> std::atomic_load(const shared_ptr<_Tp>*) [with _Tp = __cxx11::basic_string<char>]' is deprecated: use 'std::atomic<std::shared_ptr<T>>' instead [-Wdeprecated-declarations]
   21 |     auto msg = std::atomic_load(&message_);
      |                ~~~~~~~~~~~~~~~~^~~~~~~~~~~
/usr/include/c++/16.1.1/bits/shared_ptr_atomic.h:142:5: note: declared here
  142 |     atomic_load(const shared_ptr<_Tp>* __p)
      |     ^~~~~~~~~~~
/home/joshuawarren/src/mlx-omarchy-alpha-m1/.work/mlx/mlx/error.h: In member function 'bool mlx::core::Error::store_if_valid(const mlx::core::Error*)':
/home/joshuawarren/src/mlx-omarchy-alpha-m1/.work/mlx/mlx/error.h:28:37: warning: 'std::shared_ptr<_Tp> std::atomic_load(const shared_ptr<_Tp>*) [with _Tp = __cxx11::basic_string<char>]' is deprecated: use 'std::atomic<std::shared_ptr<T>>' instead [-Wdeprecated-declarations]
   28 |       Message msg = std::atomic_load(&ptr->message_);
      |                     ~~~~~~~~~~~~~~~~^~~~~~~~~~~~~~~~
/usr/include/c++/16.1.1/bits/shared_ptr_atomic.h:142:5: note: declared here
  142 |     atomic_load(const shared_ptr<_Tp>* __p)
      |     ^~~~~~~~~~~
/home/joshuawarren/src/mlx-omarchy-alpha-m1/.work/mlx/mlx/error.h: In member function 'void mlx::core::Error::check()':
/home/joshuawarren/src/mlx-omarchy-alpha-m1/.work/mlx/mlx/error.h:39:36: warning: 'std::shared_ptr<_Tp> std::atomic_exchange(shared_ptr<_Tp>*, shared_ptr<_Tp>) [with _Tp = __cxx11::basic_string<char>]' is deprecated: use 'std::atomic<std::shared_ptr<T>>' instead [-Wdeprecated-declarations]
   39 |     auto msg = std::atomic_exchange(&message_, {});
      |                ~~~~~~~~~~~~~~~~~~~~^~~~~~~~~~~~~~~
/usr/include/c++/16.1.1/bits/shared_ptr_atomic.h:225:5: note: declared here
  225 |     atomic_exchange(shared_ptr<_Tp>* __p, shared_ptr<_Tp> __r)
      |     ^~~~~~~~~~~~~~~
[894/907] Building CXX object CMakeFiles/mlx.dir/mlx/backend/omarchy/ane/bundle.cpp.o
[895/907] Building CXX object CMakeFiles/mlx.dir/mlx/backend/omarchy/vulkan.cpp.o
[896/907] Building CXX object CMakeFiles/mlx.dir/mlx/backend/omarchy/ane/manifest.cpp.o
[897/907] Building CXX object CMakeFiles/mlx.dir/mlx/backend/gpu/copy.cpp.o
In file included from /home/joshuawarren/src/mlx-omarchy-alpha-m1/.work/mlx/mlx/event.h:8,
                 from /home/joshuawarren/src/mlx-omarchy-alpha-m1/.work/mlx/mlx/array.h:13,
                 from /home/joshuawarren/src/mlx-omarchy-alpha-m1/.work/mlx/mlx/backend/common/utils.h:9,
                 from /home/joshuawarren/src/mlx-omarchy-alpha-m1/.work/mlx/mlx/backend/common/copy.h:5,
                 from /home/joshuawarren/src/mlx-omarchy-alpha-m1/.work/mlx/mlx/backend/gpu/copy.h:5,
                 from /home/joshuawarren/src/mlx-omarchy-alpha-m1/.work/mlx/mlx/backend/gpu/copy.cpp:3:
/home/joshuawarren/src/mlx-omarchy-alpha-m1/.work/mlx/mlx/error.h: In member function 'void mlx::core::Error::set_message(Message)':
/home/joshuawarren/src/mlx-omarchy-alpha-m1/.work/mlx/mlx/error.h:17:22: warning: 'void std::atomic_store(shared_ptr<_Tp>*, shared_ptr<_Tp>) [with _Tp = __cxx11::basic_string<char>]' is deprecated: use 'std::atomic<std::shared_ptr<T>>' instead [-Wdeprecated-declarations]
   17 |     std::atomic_store(&message_, std::move(msg));
      |     ~~~~~~~~~~~~~~~~~^~~~~~~~~~~~~~~~~~~~~~~~~~~
In file included from /usr/include/c++/16.1.1/memory:83,
                 from /home/joshuawarren/src/mlx-omarchy-alpha-m1/.work/mlx/mlx/array.h:7:
/usr/include/c++/16.1.1/bits/shared_ptr_atomic.h:183:5: note: declared here
  183 |     atomic_store(shared_ptr<_Tp>* __p, shared_ptr<_Tp> __r)
      |     ^~~~~~~~~~~~
/home/joshuawarren/src/mlx-omarchy-alpha-m1/.work/mlx/mlx/error.h: In member function 'bool mlx::core::Error::valid() const':
/home/joshuawarren/src/mlx-omarchy-alpha-m1/.work/mlx/mlx/error.h:21:32: warning: 'std::shared_ptr<_Tp> std::atomic_load(const shared_ptr<_Tp>*) [with _Tp = __cxx11::basic_string<char>]' is deprecated: use 'std::atomic<std::shared_ptr<T>>' instead [-Wdeprecated-declarations]
   21 |     auto msg = std::atomic_load(&message_);
      |                ~~~~~~~~~~~~~~~~^~~~~~~~~~~
/usr/include/c++/16.1.1/bits/shared_ptr_atomic.h:142:5: note: declared here
  142 |     atomic_load(const shared_ptr<_Tp>* __p)
      |     ^~~~~~~~~~~
/home/joshuawarren/src/mlx-omarchy-alpha-m1/.work/mlx/mlx/error.h: In member function 'bool mlx::core::Error::store_if_valid(const mlx::core::Error*)':
/home/joshuawarren/src/mlx-omarchy-alpha-m1/.work/mlx/mlx/error.h:28:37: warning: 'std::shared_ptr<_Tp> std::atomic_load(const shared_ptr<_Tp>*) [with _Tp = __cxx11::basic_string<char>]' is deprecated: use 'std::atomic<std::shared_ptr<T>>' instead [-Wdeprecated-declarations]
   28 |       Message msg = std::atomic_load(&ptr->message_);
      |                     ~~~~~~~~~~~~~~~~^~~~~~~~~~~~~~~~
/usr/include/c++/16.1.1/bits/shared_ptr_atomic.h:142:5: note: declared here
  142 |     atomic_load(const shared_ptr<_Tp>* __p)
      |     ^~~~~~~~~~~
/home/joshuawarren/src/mlx-omarchy-alpha-m1/.work/mlx/mlx/error.h: In member function 'void mlx::core::Error::check()':
/home/joshuawarren/src/mlx-omarchy-alpha-m1/.work/mlx/mlx/error.h:39:36: warning: 'std::shared_ptr<_Tp> std::atomic_exchange(shared_ptr<_Tp>*, shared_ptr<_Tp>) [with _Tp = __cxx11::basic_string<char>]' is deprecated: use 'std::atomic<std::shared_ptr<T>>' instead [-Wdeprecated-declarations]
   39 |     auto msg = std::atomic_exchange(&message_, {});
      |                ~~~~~~~~~~~~~~~~~~~~^~~~~~~~~~~~~~~
/usr/include/c++/16.1.1/bits/shared_ptr_atomic.h:225:5: note: declared here
  225 |     atomic_exchange(shared_ptr<_Tp>* __p, shared_ptr<_Tp> __r)
      |     ^~~~~~~~~~~~~~~
[898/907] Building CXX object CMakeFiles/mlx.dir/mlx/backend/gpu/slicing.cpp.o
In file included from /home/joshuawarren/src/mlx-omarchy-alpha-m1/.work/mlx/mlx/event.h:8,
                 from /home/joshuawarren/src/mlx-omarchy-alpha-m1/.work/mlx/mlx/array.h:13,
                 from /home/joshuawarren/src/mlx-omarchy-alpha-m1/.work/mlx/mlx/backend/common/slicing.h:5,
                 from /home/joshuawarren/src/mlx-omarchy-alpha-m1/.work/mlx/mlx/backend/gpu/slicing.cpp:3:
/home/joshuawarren/src/mlx-omarchy-alpha-m1/.work/mlx/mlx/error.h: In member function 'void mlx::core::Error::set_message(Message)':
/home/joshuawarren/src/mlx-omarchy-alpha-m1/.work/mlx/mlx/error.h:17:22: warning: 'void std::atomic_store(shared_ptr<_Tp>*, shared_ptr<_Tp>) [with _Tp = __cxx11::basic_string<char>]' is deprecated: use 'std::atomic<std::shared_ptr<T>>' instead [-Wdeprecated-declarations]
   17 |     std::atomic_store(&message_, std::move(msg));
      |     ~~~~~~~~~~~~~~~~~^~~~~~~~~~~~~~~~~~~~~~~~~~~
In file included from /usr/include/c++/16.1.1/memory:83,
                 from /home/joshuawarren/src/mlx-omarchy-alpha-m1/.work/mlx/mlx/array.h:7:
/usr/include/c++/16.1.1/bits/shared_ptr_atomic.h:183:5: note: declared here
  183 |     atomic_store(shared_ptr<_Tp>* __p, shared_ptr<_Tp> __r)
      |     ^~~~~~~~~~~~
/home/joshuawarren/src/mlx-omarchy-alpha-m1/.work/mlx/mlx/error.h: In member function 'bool mlx::core::Error::valid() const':
/home/joshuawarren/src/mlx-omarchy-alpha-m1/.work/mlx/mlx/error.h:21:32: warning: 'std::shared_ptr<_Tp> std::atomic_load(const shared_ptr<_Tp>*) [with _Tp = __cxx11::basic_string<char>]' is deprecated: use 'std::atomic<std::shared_ptr<T>>' instead [-Wdeprecated-declarations]
   21 |     auto msg = std::atomic_load(&message_);
      |                ~~~~~~~~~~~~~~~~^~~~~~~~~~~
/usr/include/c++/16.1.1/bits/shared_ptr_atomic.h:142:5: note: declared here
  142 |     atomic_load(const shared_ptr<_Tp>* __p)
      |     ^~~~~~~~~~~
/home/joshuawarren/src/mlx-omarchy-alpha-m1/.work/mlx/mlx/error.h: In member function 'bool mlx::core::Error::store_if_valid(const mlx::core::Error*)':
/home/joshuawarren/src/mlx-omarchy-alpha-m1/.work/mlx/mlx/error.h:28:37: warning: 'std::shared_ptr<_Tp> std::atomic_load(const shared_ptr<_Tp>*) [with _Tp = __cxx11::basic_string<char>]' is deprecated: use 'std::atomic<std::shared_ptr<T>>' instead [-Wdeprecated-declarations]
   28 |       Message msg = std::atomic_load(&ptr->message_);
      |                     ~~~~~~~~~~~~~~~~^~~~~~~~~~~~~~~~
/usr/include/c++/16.1.1/bits/shared_ptr_atomic.h:142:5: note: declared here
  142 |     atomic_load(const shared_ptr<_Tp>* __p)
      |     ^~~~~~~~~~~
/home/joshuawarren/src/mlx-omarchy-alpha-m1/.work/mlx/mlx/error.h: In member function 'void mlx::core::Error::check()':
/home/joshuawarren/src/mlx-omarchy-alpha-m1/.work/mlx/mlx/error.h:39:36: warning: 'std::shared_ptr<_Tp> std::atomic_exchange(shared_ptr<_Tp>*, shared_ptr<_Tp>) [with _Tp = __cxx11::basic_string<char>]' is deprecated: use 'std::atomic<std::shared_ptr<T>>' instead [-Wdeprecated-declarations]
   39 |     auto msg = std::atomic_exchange(&message_, {});
      |                ~~~~~~~~~~~~~~~~~~~~^~~~~~~~~~~~~~~
/usr/include/c++/16.1.1/bits/shared_ptr_atomic.h:225:5: note: declared here
  225 |     atomic_exchange(shared_ptr<_Tp>* __p, shared_ptr<_Tp> __r)
      |     ^~~~~~~~~~~~~~~
[899/907] Building CXX object CMakeFiles/mlx.dir/mlx/backend/gpu/primitives.cpp.o
In file included from /home/joshuawarren/src/mlx-omarchy-alpha-m1/.work/mlx/mlx/event.h:8,
                 from /home/joshuawarren/src/mlx-omarchy-alpha-m1/.work/mlx/mlx/array.h:13,
                 from /home/joshuawarren/src/mlx-omarchy-alpha-m1/.work/mlx/mlx/primitives.h:8,
                 from /home/joshuawarren/src/mlx-omarchy-alpha-m1/.work/mlx/mlx/backend/gpu/primitives.cpp:3:
/home/joshuawarren/src/mlx-omarchy-alpha-m1/.work/mlx/mlx/error.h: In member function 'void mlx::core::Error::set_message(Message)':
/home/joshuawarren/src/mlx-omarchy-alpha-m1/.work/mlx/mlx/error.h:17:22: warning: 'void std::atomic_store(shared_ptr<_Tp>*, shared_ptr<_Tp>) [with _Tp = __cxx11::basic_string<char>]' is deprecated: use 'std::atomic<std::shared_ptr<T>>' instead [-Wdeprecated-declarations]
   17 |     std::atomic_store(&message_, std::move(msg));
      |     ~~~~~~~~~~~~~~~~~^~~~~~~~~~~~~~~~~~~~~~~~~~~
In file included from /usr/include/c++/16.1.1/memory:83,
                 from /home/joshuawarren/src/mlx-omarchy-alpha-m1/.work/mlx/mlx/array.h:7:
/usr/include/c++/16.1.1/bits/shared_ptr_atomic.h:183:5: note: declared here
  183 |     atomic_store(shared_ptr<_Tp>* __p, shared_ptr<_Tp> __r)
      |     ^~~~~~~~~~~~
/home/joshuawarren/src/mlx-omarchy-alpha-m1/.work/mlx/mlx/error.h: In member function 'bool mlx::core::Error::valid() const':
/home/joshuawarren/src/mlx-omarchy-alpha-m1/.work/mlx/mlx/error.h:21:32: warning: 'std::shared_ptr<_Tp> std::atomic_load(const shared_ptr<_Tp>*) [with _Tp = __cxx11::basic_string<char>]' is deprecated: use 'std::atomic<std::shared_ptr<T>>' instead [-Wdeprecated-declarations]
   21 |     auto msg = std::atomic_load(&message_);
      |                ~~~~~~~~~~~~~~~~^~~~~~~~~~~
/usr/include/c++/16.1.1/bits/shared_ptr_atomic.h:142:5: note: declared here
  142 |     atomic_load(const shared_ptr<_Tp>* __p)
      |     ^~~~~~~~~~~
/home/joshuawarren/src/mlx-omarchy-alpha-m1/.work/mlx/mlx/error.h: In member function 'bool mlx::core::Error::store_if_valid(const mlx::core::Error*)':
/home/joshuawarren/src/mlx-omarchy-alpha-m1/.work/mlx/mlx/error.h:28:37: warning: 'std::shared_ptr<_Tp> std::atomic_load(const shared_ptr<_Tp>*) [with _Tp = __cxx11::basic_string<char>]' is deprecated: use 'std::atomic<std::shared_ptr<T>>' instead [-Wdeprecated-declarations]
   28 |       Message msg = std::atomic_load(&ptr->message_);
      |                     ~~~~~~~~~~~~~~~~^~~~~~~~~~~~~~~~
/usr/include/c++/16.1.1/bits/shared_ptr_atomic.h:142:5: note: declared here
  142 |     atomic_load(const shared_ptr<_Tp>* __p)
      |     ^~~~~~~~~~~
/home/joshuawarren/src/mlx-omarchy-alpha-m1/.work/mlx/mlx/error.h: In member function 'void mlx::core::Error::check()':
/home/joshuawarren/src/mlx-omarchy-alpha-m1/.work/mlx/mlx/error.h:39:36: warning: 'std::shared_ptr<_Tp> std::atomic_exchange(shared_ptr<_Tp>*, shared_ptr<_Tp>) [with _Tp = __cxx11::basic_string<char>]' is deprecated: use 'std::atomic<std::shared_ptr<T>>' instead [-Wdeprecated-declarations]
   39 |     auto msg = std::atomic_exchange(&message_, {});
      |                ~~~~~~~~~~~~~~~~~~~~^~~~~~~~~~~~~~~
/usr/include/c++/16.1.1/bits/shared_ptr_atomic.h:225:5: note: declared here
  225 |     atomic_exchange(shared_ptr<_Tp>* __p, shared_ptr<_Tp> __r)
      |     ^~~~~~~~~~~~~~~
[900/907] Linking CXX static library libmlx.a
[901/907] Building CXX object tests/omarchy/CMakeFiles/omarchy_runtime_tests.dir/test_runtime.cpp.o
In file included from /home/joshuawarren/src/mlx-omarchy-alpha-m1/.work/mlx/mlx/event.h:8,
                 from /home/joshuawarren/src/mlx-omarchy-alpha-m1/.work/mlx/mlx/array.h:13,
                 from /home/joshuawarren/src/mlx-omarchy-alpha-m1/.work/mlx/mlx/backend/common/utils.h:9,
                 from /home/joshuawarren/src/mlx-omarchy-alpha-m1/.work/mlx/mlx/backend/common/copy.h:5,
                 from /home/joshuawarren/src/mlx-omarchy-alpha-m1/.work/mlx/mlx/backend/gpu/copy.h:5,
                 from /home/joshuawarren/src/mlx-omarchy-alpha-m1/.work/mlx/tests/omarchy/test_runtime.cpp:46:
/home/joshuawarren/src/mlx-omarchy-alpha-m1/.work/mlx/mlx/error.h: In member function 'void mlx::core::Error::set_message(Message)':
/home/joshuawarren/src/mlx-omarchy-alpha-m1/.work/mlx/mlx/error.h:17:22: warning: 'void std::atomic_store(shared_ptr<_Tp>*, shared_ptr<_Tp>) [with _Tp = __cxx11::basic_string<char>]' is deprecated: use 'std::atomic<std::shared_ptr<T>>' instead [-Wdeprecated-declarations]
   17 |     std::atomic_store(&message_, std::move(msg));
      |     ~~~~~~~~~~~~~~~~~^~~~~~~~~~~~~~~~~~~~~~~~~~~
In file included from /usr/include/c++/16.1.1/memory:83,
                 from /home/joshuawarren/src/mlx-omarchy-alpha-m1/.work/mlx/mlx/array.h:7:
/usr/include/c++/16.1.1/bits/shared_ptr_atomic.h:183:5: note: declared here
  183 |     atomic_store(shared_ptr<_Tp>* __p, shared_ptr<_Tp> __r)
      |     ^~~~~~~~~~~~
/home/joshuawarren/src/mlx-omarchy-alpha-m1/.work/mlx/mlx/error.h: In member function 'bool mlx::core::Error::valid() const':
/home/joshuawarren/src/mlx-omarchy-alpha-m1/.work/mlx/mlx/error.h:21:32: warning: 'std::shared_ptr<_Tp> std::atomic_load(const shared_ptr<_Tp>*) [with _Tp = __cxx11::basic_string<char>]' is deprecated: use 'std::atomic<std::shared_ptr<T>>' instead [-Wdeprecated-declarations]
   21 |     auto msg = std::atomic_load(&message_);
      |                ~~~~~~~~~~~~~~~~^~~~~~~~~~~
/usr/include/c++/16.1.1/bits/shared_ptr_atomic.h:142:5: note: declared here
  142 |     atomic_load(const shared_ptr<_Tp>* __p)
      |     ^~~~~~~~~~~
/home/joshuawarren/src/mlx-omarchy-alpha-m1/.work/mlx/mlx/error.h: In member function 'bool mlx::core::Error::store_if_valid(const mlx::core::Error*)':
/home/joshuawarren/src/mlx-omarchy-alpha-m1/.work/mlx/mlx/error.h:28:37: warning: 'std::shared_ptr<_Tp> std::atomic_load(const shared_ptr<_Tp>*) [with _Tp = __cxx11::basic_string<char>]' is deprecated: use 'std::atomic<std::shared_ptr<T>>' instead [-Wdeprecated-declarations]
   28 |       Message msg = std::atomic_load(&ptr->message_);
      |                     ~~~~~~~~~~~~~~~~^~~~~~~~~~~~~~~~
/usr/include/c++/16.1.1/bits/shared_ptr_atomic.h:142:5: note: declared here
  142 |     atomic_load(const shared_ptr<_Tp>* __p)
      |     ^~~~~~~~~~~
/home/joshuawarren/src/mlx-omarchy-alpha-m1/.work/mlx/mlx/error.h: In member function 'void mlx::core::Error::check()':
/home/joshuawarren/src/mlx-omarchy-alpha-m1/.work/mlx/mlx/error.h:39:36: warning: 'std::shared_ptr<_Tp> std::atomic_exchange(shared_ptr<_Tp>*, shared_ptr<_Tp>) [with _Tp = __cxx11::basic_string<char>]' is deprecated: use 'std::atomic<std::shared_ptr<T>>' instead [-Wdeprecated-declarations]
   39 |     auto msg = std::atomic_exchange(&message_, {});
      |                ~~~~~~~~~~~~~~~~~~~~^~~~~~~~~~~~~~~
/usr/include/c++/16.1.1/bits/shared_ptr_atomic.h:225:5: note: declared here
  225 |     atomic_exchange(shared_ptr<_Tp>* __p, shared_ptr<_Tp> __r)
      |     ^~~~~~~~~~~~~~~
[902/907] Building CXX object tests/omarchy/CMakeFiles/omarchy_matmul_family_tests.dir/test_matmul_family.cpp.o
In file included from /home/joshuawarren/src/mlx-omarchy-alpha-m1/.work/mlx/mlx/event.h:8,
                 from /home/joshuawarren/src/mlx-omarchy-alpha-m1/.work/mlx/mlx/array.h:13,
                 from /home/joshuawarren/src/mlx-omarchy-alpha-m1/.work/mlx/mlx/backend/omarchy/encoder.h:17,
                 from /home/joshuawarren/src/mlx-omarchy-alpha-m1/.work/mlx/tests/omarchy/test_matmul_family.cpp:28:
/home/joshuawarren/src/mlx-omarchy-alpha-m1/.work/mlx/mlx/error.h: In member function 'void mlx::core::Error::set_message(Message)':
/home/joshuawarren/src/mlx-omarchy-alpha-m1/.work/mlx/mlx/error.h:17:22: warning: 'void std::atomic_store(shared_ptr<_Tp>*, shared_ptr<_Tp>) [with _Tp = __cxx11::basic_string<char>]' is deprecated: use 'std::atomic<std::shared_ptr<T>>' instead [-Wdeprecated-declarations]
   17 |     std::atomic_store(&message_, std::move(msg));
      |     ~~~~~~~~~~~~~~~~~^~~~~~~~~~~~~~~~~~~~~~~~~~~
In file included from /usr/include/c++/16.1.1/memory:83,
                 from /home/joshuawarren/src/mlx-omarchy-alpha-m1/.work/mlx/mlx/backend/omarchy/device.h:13,
                 from /home/joshuawarren/src/mlx-omarchy-alpha-m1/.work/mlx/tests/omarchy/test_matmul_family.cpp:27:
/usr/include/c++/16.1.1/bits/shared_ptr_atomic.h:183:5: note: declared here
  183 |     atomic_store(shared_ptr<_Tp>* __p, shared_ptr<_Tp> __r)
      |     ^~~~~~~~~~~~
/home/joshuawarren/src/mlx-omarchy-alpha-m1/.work/mlx/mlx/error.h: In member function 'bool mlx::core::Error::valid() const':
/home/joshuawarren/src/mlx-omarchy-alpha-m1/.work/mlx/mlx/error.h:21:32: warning: 'std::shared_ptr<_Tp> std::atomic_load(const shared_ptr<_Tp>*) [with _Tp = __cxx11::basic_string<char>]' is deprecated: use 'std::atomic<std::shared_ptr<T>>' instead [-Wdeprecated-declarations]
   21 |     auto msg = std::atomic_load(&message_);
      |                ~~~~~~~~~~~~~~~~^~~~~~~~~~~
/usr/include/c++/16.1.1/bits/shared_ptr_atomic.h:142:5: note: declared here
  142 |     atomic_load(const shared_ptr<_Tp>* __p)
      |     ^~~~~~~~~~~
/home/joshuawarren/src/mlx-omarchy-alpha-m1/.work/mlx/mlx/error.h: In member function 'bool mlx::core::Error::store_if_valid(const mlx::core::Error*)':
/home/joshuawarren/src/mlx-omarchy-alpha-m1/.work/mlx/mlx/error.h:28:37: warning: 'std::shared_ptr<_Tp> std::atomic_load(const shared_ptr<_Tp>*) [with _Tp = __cxx11::basic_string<char>]' is deprecated: use 'std::atomic<std::shared_ptr<T>>' instead [-Wdeprecated-declarations]
   28 |       Message msg = std::atomic_load(&ptr->message_);
      |                     ~~~~~~~~~~~~~~~~^~~~~~~~~~~~~~~~
/usr/include/c++/16.1.1/bits/shared_ptr_atomic.h:142:5: note: declared here
  142 |     atomic_load(const shared_ptr<_Tp>* __p)
      |     ^~~~~~~~~~~
/home/joshuawarren/src/mlx-omarchy-alpha-m1/.work/mlx/mlx/error.h: In member function 'void mlx::core::Error::check()':
/home/joshuawarren/src/mlx-omarchy-alpha-m1/.work/mlx/mlx/error.h:39:36: warning: 'std::shared_ptr<_Tp> std::atomic_exchange(shared_ptr<_Tp>*, shared_ptr<_Tp>) [with _Tp = __cxx11::basic_string<char>]' is deprecated: use 'std::atomic<std::shared_ptr<T>>' instead [-Wdeprecated-declarations]
   39 |     auto msg = std::atomic_exchange(&message_, {});
      |                ~~~~~~~~~~~~~~~~~~~~^~~~~~~~~~~~~~~
/usr/include/c++/16.1.1/bits/shared_ptr_atomic.h:225:5: note: declared here
  225 |     atomic_exchange(shared_ptr<_Tp>* __p, shared_ptr<_Tp> __r)
      |     ^~~~~~~~~~~~~~~
[903/907] Linking CXX executable tests/omarchy/omarchy_runtime_tests
[904/907] Linking CXX executable tests/omarchy/omarchy_matmul_family_tests
[905/907] Building CXX object tests/omarchy/CMakeFiles/omarchy_fast_ops_tests.dir/test_fast_ops.cpp.o
In file included from /home/joshuawarren/src/mlx-omarchy-alpha-m1/.work/mlx/mlx/event.h:8,
                 from /home/joshuawarren/src/mlx-omarchy-alpha-m1/.work/mlx/mlx/array.h:13,
                 from /home/joshuawarren/src/mlx-omarchy-alpha-m1/.work/mlx/mlx/backend/omarchy/encoder.h:17,
                 from /home/joshuawarren/src/mlx-omarchy-alpha-m1/.work/mlx/tests/omarchy/test_fast_ops.cpp:28:
/home/joshuawarren/src/mlx-omarchy-alpha-m1/.work/mlx/mlx/error.h: In member function 'void mlx::core::Error::set_message(Message)':
/home/joshuawarren/src/mlx-omarchy-alpha-m1/.work/mlx/mlx/error.h:17:22: warning: 'void std::atomic_store(shared_ptr<_Tp>*, shared_ptr<_Tp>) [with _Tp = __cxx11::basic_string<char>]' is deprecated: use 'std::atomic<std::shared_ptr<T>>' instead [-Wdeprecated-declarations]
   17 |     std::atomic_store(&message_, std::move(msg));
      |     ~~~~~~~~~~~~~~~~~^~~~~~~~~~~~~~~~~~~~~~~~~~~
In file included from /usr/include/c++/16.1.1/memory:83,
                 from /home/joshuawarren/src/mlx-omarchy-alpha-m1/.work/mlx/mlx/backend/omarchy/encoder.h:11:
/usr/include/c++/16.1.1/bits/shared_ptr_atomic.h:183:5: note: declared here
  183 |     atomic_store(shared_ptr<_Tp>* __p, shared_ptr<_Tp> __r)
      |     ^~~~~~~~~~~~
/home/joshuawarren/src/mlx-omarchy-alpha-m1/.work/mlx/mlx/error.h: In member function 'bool mlx::core::Error::valid() const':
/home/joshuawarren/src/mlx-omarchy-alpha-m1/.work/mlx/mlx/error.h:21:32: warning: 'std::shared_ptr<_Tp> std::atomic_load(const shared_ptr<_Tp>*) [with _Tp = __cxx11::basic_string<char>]' is deprecated: use 'std::atomic<std::shared_ptr<T>>' instead [-Wdeprecated-declarations]
   21 |     auto msg = std::atomic_load(&message_);
      |                ~~~~~~~~~~~~~~~~^~~~~~~~~~~
/usr/include/c++/16.1.1/bits/shared_ptr_atomic.h:142:5: note: declared here
  142 |     atomic_load(const shared_ptr<_Tp>* __p)
      |     ^~~~~~~~~~~
/home/joshuawarren/src/mlx-omarchy-alpha-m1/.work/mlx/mlx/error.h: In member function 'bool mlx::core::Error::store_if_valid(const mlx::core::Error*)':
/home/joshuawarren/src/mlx-omarchy-alpha-m1/.work/mlx/mlx/error.h:28:37: warning: 'std::shared_ptr<_Tp> std::atomic_load(const shared_ptr<_Tp>*) [with _Tp = __cxx11::basic_string<char>]' is deprecated: use 'std::atomic<std::shared_ptr<T>>' instead [-Wdeprecated-declarations]
   28 |       Message msg = std::atomic_load(&ptr->message_);
      |                     ~~~~~~~~~~~~~~~~^~~~~~~~~~~~~~~~
/usr/include/c++/16.1.1/bits/shared_ptr_atomic.h:142:5: note: declared here
  142 |     atomic_load(const shared_ptr<_Tp>* __p)
      |     ^~~~~~~~~~~
/home/joshuawarren/src/mlx-omarchy-alpha-m1/.work/mlx/mlx/error.h: In member function 'void mlx::core::Error::check()':
/home/joshuawarren/src/mlx-omarchy-alpha-m1/.work/mlx/mlx/error.h:39:36: warning: 'std::shared_ptr<_Tp> std::atomic_exchange(shared_ptr<_Tp>*, shared_ptr<_Tp>) [with _Tp = __cxx11::basic_string<char>]' is deprecated: use 'std::atomic<std::shared_ptr<T>>' instead [-Wdeprecated-declarations]
   39 |     auto msg = std::atomic_exchange(&message_, {});
      |                ~~~~~~~~~~~~~~~~~~~~^~~~~~~~~~~~~~~
/usr/include/c++/16.1.1/bits/shared_ptr_atomic.h:225:5: note: declared here
  225 |     atomic_exchange(shared_ptr<_Tp>* __p, shared_ptr<_Tp> __r)
      |     ^~~~~~~~~~~~~~~
In file included from /home/joshuawarren/src/mlx-omarchy-alpha-m1/.work/mlx/mlx/fast_primitives.h:7,
                 from /home/joshuawarren/src/mlx-omarchy-alpha-m1/.work/mlx/tests/omarchy/test_fast_ops.cpp:32:
/home/joshuawarren/src/mlx-omarchy-alpha-m1/.work/mlx/mlx/primitives.h: In member function 'std::pair<float, float> mlx::core::AddMM::state() const':
/home/joshuawarren/src/mlx-omarchy-alpha-m1/.work/mlx/mlx/primitives.h:204:41: note: parameter passing for argument of type 'std::pair<float, float>' when C++17 is enabled changed to match C++14 in GCC 10.1
  204 |   std::pair<float, float> state() const {
      |                                         ^
[906/907] Linking CXX executable tests/omarchy/omarchy_fast_ops_tests
