+ export PATH=/home/joshuawarren/tools/zig-aarch64-linux-0.17.0-dev.2228+955228b68:/usr/local/sbin:/usr/local/bin:/usr/bin:/home/joshuawarren/.local/share/mise/shims:/home/joshuawarren/.local/bin
+ PATH=/home/joshuawarren/tools/zig-aarch64-linux-0.17.0-dev.2228+955228b68:/usr/local/sbin:/usr/local/bin:/usr/bin:/home/joshuawarren/.local/share/mise/shims:/home/joshuawarren/.local/bin
+ cd /home/joshuawarren/src
+ rm -rf mlx-serve-clean
+ git clone --branch linux-vulkan-port /home/joshuawarren/src/mlx-serve-clean.git mlx-serve-clean
Cloning into 'mlx-serve-clean'...
done.
+ cd mlx-serve-clean
+ git submodule update --init lib/mlxc-src lib/opencode2-mlx-serve
Submodule 'lib/mlxc-src' (https://github.com/ml-explore/mlx-c) registered for path 'lib/mlxc-src'
Submodule 'lib/opencode2-mlx-serve' (https://github.com/beamivalice/opencode2-mlx-serve) registered for path 'lib/opencode2-mlx-serve'
Cloning into '/home/joshuawarren/src/mlx-serve-clean/lib/mlxc-src'...
Cloning into '/home/joshuawarren/src/mlx-serve-clean/lib/opencode2-mlx-serve'...
From https://github.com/ml-explore/mlx-c
 * branch            56b2d39fc831f2c0eb5bb94d82ef7191f7b31fa6 -> FETCH_HEAD
Submodule path 'lib/mlxc-src': checked out '56b2d39fc831f2c0eb5bb94d82ef7191f7b31fa6'
Submodule path 'lib/opencode2-mlx-serve': checked out 'e90093a161c040c144a6adedff0deab9d078c7cc'
+ echo '== clean status (must be empty) =='
== clean status (must be empty) ==
+ git status --short
+ echo '== HEAD =='
== HEAD ==
+ git rev-parse HEAD
bc62bd9d4e852ca530b2c8516a1cd1914486755b
+ echo '== stage mlx (Vulkan fork) + mlx-c + jinja =='
== stage mlx (Vulkan fork) + mlx-c + jinja ==
+ MLX_SOURCE=/home/joshuawarren/src/mlx-omarchy/.work/mlx
++ git -C /home/joshuawarren/src/mlx-omarchy/.work/mlx rev-parse HEAD
+ MLX_COMMIT=d268daaf89571af95558598dd675294d823a2b47
+ ./scripts/build-mlx-linux.sh
== configure mlx: /home/joshuawarren/src/mlx-omarchy/.work/mlx
-- The C compiler identification is GNU 16.1.1
-- The CXX compiler identification is GNU 16.1.1
-- Detecting C compiler ABI info
-- Detecting C compiler ABI info - done
-- Check for working C compiler: /usr/bin/cc - skipped
-- Detecting C compile features
-- Detecting C compile features - done
-- Detecting CXX compiler ABI info
-- Detecting CXX compiler ABI info - done
-- Check for working CXX compiler: /usr/bin/c++ - skipped
-- Detecting CXX compile features
-- Detecting CXX compile features - done
-- Building MLX for aarch64 processor on Linux
-- Found Vulkan: /usr/lib/libvulkan.so (found version "1.4.357") found components: glslc glslangValidator
-- Vulkan found: include /usr/include, libs /usr/lib/libvulkan.so
-- Accelerate not found, using default backend.
-- Looking for sgemm_
-- Looking for sgemm_ - not found
-- Performing Test CMAKE_HAVE_LIBC_PTHREAD
-- Performing Test CMAKE_HAVE_LIBC_PTHREAD - Success
-- Found Threads: TRUE
-- Looking for sgemm_
-- Looking for sgemm_ - found
-- Found BLAS: /usr/lib/libopenblas.so
-- Looking for cheev_
-- Looking for cheev_ - found
-- Found LAPACK: /usr/lib/libopenblas.so;-lm;-ldl
-- Lapack lib /usr/lib/libopenblas.so-lm-ldl
-- Lapack include /usr/include
-- Blas lib /usr/lib/libopenblas.so
-- Blas include /usr/include
-- Downloading json
-- Using the multi-header code from /home/joshuawarren/src/mlx-serve-clean/.work-mlx-linux/mlx-build/_deps/json-src/include/
-- Downloading gguflib
-- {fmt} version: 12.1.0
-- Build type: Release
-- Configuring done (5.3s)
-- Generating done (0.1s)
-- Build files have been written to: /home/joshuawarren/src/mlx-serve-clean/.work-mlx-linux/mlx-build
[  0%] Generating compiled_preamble.cpp
[  0%] Building C object mlx/io/CMakeFiles/gguflib.dir/__/__/_deps/gguflib-src/fp16.c.o
[  0%] Building C object mlx/io/CMakeFiles/gguflib.dir/__/__/_deps/gguflib-src/gguflib.c.o
[  0%] Generating shaders/elementwise_f32.spv
[ -3%] Generating shaders/cast_bool_f32.spv
[  1%] Generating shaders/elementwise_bf16.spv
[  1%] Building CXX object mlx/CMakeFiles/mlx_version.dir/version.cpp.o
[  1%] Generating shaders/elementwise_f16.spv
[  1%] Built target mlx_version
[  1%] Generating shaders/cast_bool_i32.spv
[  1%] Generating shaders/cast_bool_f16.spv
[  1%] Built target cpu_compiled_preamble
[  1%] Generating shaders/cast_bool_bf16.spv
[  1%] Generating shaders/cast_f16_f32.spv
[  1%] Generating shaders/cast_f32_f16.spv
[  1%] Generating shaders/cast_f32_bf16.spv
[  1%] Generating shaders/cast_bf16_f32.spv
[  1%] Generating shaders/cast_f16_bf16.spv
[  1%] Generating shaders/cast_bf16_f16.spv
[  1%] Generating shaders/cast_i32_f16.spv
[  1%] Generating shaders/cast_i32_f32.spv
[  2%] Generating shaders/cast_f32_i32.spv
[  2%] Generating shaders/cast_f16_i32.spv
[ -3%] Linking C static library libgguflib.a
[  2%] Generating shaders/cast_i32_bf16.spv
[  2%] Generating shaders/cast_bf16_i32.spv
[  2%] Built target gguflib
[  2%] Generating shaders/reduce_f32.spv
[  2%] Generating shaders/cast_u32_f32.spv
[  2%] Generating shaders/reduce_f16.spv
[  2%] Generating shaders/reduce_bf16.spv
[  2%] Generating shaders/matmul_f32_coopmat.spv
[  2%] Generating shaders/matmul_f32.spv
[  2%] Generating shaders/matmul_f32_coopmat_bf16.spv
[  3%] Generating shaders/matmul_f16.spv
[  3%] Generating shaders/matmul_bf16.spv
[  3%] Generating shaders/matmul_vec_f32.spv
[  3%] Generating shaders/matmul_complex64.spv
[  3%] Generating shaders/matmul_vec_f16.spv
[ -3%] Generating shaders/matmul_vec_bf16.spv
[  4%] Generating shaders/matmul_vec_multi_bf16.spv
[  4%] Generating shaders/fill_f32.spv
[  4%] Generating shaders/fill_f16.spv
[  4%] Generating shaders/fill_bf16.spv
[  4%] Generating shaders/softmax_f32.spv
[  4%] Generating shaders/softmax_f16.spv
[  4%] Generating shaders/logsumexp_f32.spv
[  4%] Generating shaders/softmax_bf16.spv
[  4%] Generating shaders/logsumexp_f16.spv
[  4%] Generating shaders/logsumexp_bf16.spv
[ -3%] Generating shaders/select_f32.spv
[  4%] Generating shaders/select_f16.spv
[  4%] Generating shaders/select_bf16.spv
[  4%] Generating shaders/select_i32.spv
[  4%] Generating shaders/select_bool.spv
[  4%] Generating shaders/select_complex64.spv
[  4%] Generating shaders/compare_f32.spv
[  4%] Generating shaders/compare_f16.spv
[  4%] Generating shaders/compare_bf16.spv
[  4%] Generating shaders/compare_i32.spv
[  4%] Generating shaders/compare_u32.spv
[  4%] Generating shaders/compare_i64.spv
[  4%] Generating shaders/compare_i8.spv
[  4%] Generating shaders/compare_u8.spv
[  4%] Generating shaders/compare_u16.spv
[  5%] Generating shaders/compare_i16.spv
[  5%] Generating shaders/compare_u64.spv
[  5%] Generating shaders/compare_complex.spv
[  5%] Generating shaders/logical_or_bool.spv
[  5%] Generating shaders/compare_bool.spv
[  5%] Generating shaders/take_f32.spv
[  5%] Generating shaders/take_f16.spv
[  5%] Generating shaders/take_bf16.spv
[  6%] Generating shaders/take_u32.spv
[  6%] Generating shaders/take_u16.spv
[  7%] Generating shaders/take_i64.spv
[  7%] Generating shaders/take_c64.spv
[  7%] Generating shaders/take_multi_f32.spv
[  7%] Generating shaders/take_multi_f16.spv
[  7%] Generating shaders/take_multi_bf16.spv
[  7%] Generating shaders/take_multi_u32.spv
[  7%] Generating shaders/take_multi_u16.spv
[  7%] Generating shaders/take_multi_i64.spv
[  7%] Generating shaders/take_multi_c64.spv
[  7%] Generating shaders/slice_update_reduce_f32.spv
[  7%] Generating shaders/slice_update_reduce_f16.spv
[  7%] Generating shaders/slice_update_reduce_u32.spv
[  7%] Generating shaders/slice_update_reduce_bf16.spv
[  8%] Generating shaders/slice_update_pair_f16.spv
[  8%] Generating shaders/scatter_triple_u32.spv
[ -3%] Generating shaders/scatter_triple_f16.spv
[  8%] Generating shaders/scatter_triple_bf16.spv
[  9%] Generating shaders/scatter_general_u32.spv
[  9%] Generating shaders/scatter_bool_triple.spv
[  9%] Generating shaders/scatter_general_f16.spv
[  9%] Generating shaders/scatter_general_bf16.spv
[  9%] Generating shaders/scatter_general_bool.spv
[  9%] Generating shaders/scatter_general_i8.spv
[  9%] Generating shaders/scatter_general_u8.spv
[  9%] Generating shaders/scatter_general_i16.spv
[  9%] Generating shaders/scatter_general_u16.spv
[  9%] Generating shaders/scatter_triple_u8.spv
[  9%] Generating shaders/scatter_triple_i8.spv
[  9%] Generating shaders/scatter_triple_u16.spv
[  9%] Generating shaders/scatter_triple_i16.spv
[  9%] Generating shaders/copy_general_f32.spv
[ 10%] Generating shaders/copy_general_f16.spv
[ 10%] Generating shaders/copy_general_bf16.spv
[ 10%] Generating shaders/copy_general_bool.spv
[ 10%] Generating shaders/copy_general_u32.spv
[ 10%] Generating shaders/copy_general_u8.spv
[ 10%] Generating shaders/copy_general_u16.spv
[ 10%] Generating shaders/copy_general_u64.spv
[ 10%] Generating shaders/argreduce_f32.spv
[ 10%] Generating shaders/argreduce_f16.spv
[ -3%] Generating shaders/argreduce_bf16.spv
[ 10%] Generating shaders/argreduce_i8.spv
[ 10%] Generating shaders/argreduce_u8.spv
[ -3%] Generating shaders/argreduce_i16.spv
[ 10%] Generating shaders/argreduce_u16.spv
[ 10%] Generating shaders/argreduce_i32.spv
[ 11%] Generating shaders/argreduce_u32.spv
[ 11%] Generating shaders/argreduce_i64.spv
[ 11%] Generating shaders/argreduce_u64.spv
[ 11%] Generating shaders/arange_f32.spv
[ 11%] Generating shaders/arange_f16.spv
[ 11%] Generating shaders/arange_bf16.spv
[ 11%] Generating shaders/arange_i32.spv
[ 11%] Generating shaders/arange_i64.spv
[ 12%] Generating shaders/arange_u32.spv
[ 12%] Generating shaders/sort_f32.spv
[ 12%] Generating shaders/arange_u64.spv
[ 12%] Generating shaders/sort_f16.spv
[ 12%] Generating shaders/sort_bf16.spv
[ 13%] Generating shaders/sort_c64.spv
[ 13%] Generating shaders/argsort_f32.spv
[ 13%] Generating shaders/argsort_f16.spv
[ 13%] Generating shaders/argsort_bf16.spv
[ 13%] Generating shaders/argsort_c64.spv
[ 13%] Generating shaders/sort_i32.spv
[ 13%] Generating shaders/sort_u32.spv
[ 13%] Generating shaders/argsort_i32.spv
[ 13%] Generating shaders/argsort_u32.spv
[ 13%] Generating shaders/sort_i8.spv
[ 13%] Generating shaders/sort_u8.spv
[ 13%] Generating shaders/sort_i16.spv
[ 13%] Generating shaders/sort_u16.spv
[ 13%] Generating shaders/argsort_i8.spv
[ 13%] Generating shaders/argsort_u8.spv
[ 13%] Generating shaders/argsort_i16.spv
[ 13%] Generating shaders/argsort_u16.spv
[ 13%] Generating shaders/sort_merge_f32.spv
[ 13%] Generating shaders/sort_merge_f16.spv
[ 13%] Generating shaders/sort_merge_i32.spv
[ 13%] Generating shaders/sort_merge_bf16.spv
[ 14%] Generating shaders/sort_merge_u32.spv
[ 14%] Generating shaders/argsort_merge_f32.spv
[ 14%] Generating shaders/argsort_merge_f16.spv
[ 15%] Generating shaders/argsort_merge_bf16.spv
[ -3%] Generating shaders/argsort_merge_c64.spv
[ 15%] Generating shaders/argsort_merge_i32.spv
[ 15%] Generating shaders/argsort_merge_u32.spv
[ 15%] Generating shaders/elementwise_i32.spv
[ 16%] Generating shaders/elementwise_u32.spv
[ 16%] Generating shaders/elementwise_i8.spv
[ 16%] Generating shaders/elementwise_u8.spv
[ 16%] Generating shaders/elementwise_i16.spv
[ 16%] Generating shaders/elementwise_u16.spv
[ 16%] Generating shaders/elementwise_i64.spv
[ 16%] Generating shaders/elementwise_u64.spv
[ 17%] Generating shaders/scan_f32.spv
[ 17%] Generating shaders/scan_f16.spv
[ 17%] Generating shaders/scan_bf16.spv
[ 17%] Generating shaders/searchsorted_f32.spv
[ 17%] Generating shaders/searchsorted_f16.spv
[ 17%] Generating shaders/searchsorted_bf16.spv
[ 17%] Generating shaders/searchsorted_i32.spv
[ 18%] Generating shaders/searchsorted_u32.spv
[ 19%] Generating shaders/random_bits_u32.spv
[ 19%] Generating shaders/qmm_f32.spv
[ 19%] Generating shaders/qmm_f16.spv
[ 19%] Generating shaders/fused_chain_f32.spv
[ 19%] Generating shaders/fused_chain_f16.spv
[ 19%] Generating shaders/qmm_bf16.spv
[ 19%] Generating shaders/fused_chain_bf16.spv
[ 19%] Generating shaders/qmm_vec_f32.spv
[ 20%] Generating shaders/qmm_vec_f16.spv
[ 20%] Generating shaders/qmm_vec_bf16.spv
[ 21%] Generating shaders/qmm_vec_subgroup_f32.spv
[ 21%] Generating shaders/qmm_vec_subgroup_f16.spv
[ 21%] Generating shaders/qmm_vec_subgroup_bf16.spv
[ 21%] Generating shaders/qmm_vec_q4_word_f32.spv
[ 21%] Generating shaders/qmm_vec_q4_word_bf16.spv
[ 21%] Generating shaders/qmm_vec_q4_word_f16.spv
[ 21%] Generating shaders/qmm_vec_q4_word_subgroup_f32.spv
[ 21%] Generating shaders/qmm_vec_q4_word_subgroup_f16.spv
[ 21%] Generating shaders/qmm_vec_q4_word_subgroup_bf16.spv
[ 21%] Generating shaders/qmm_vec_q4_multi_f32.spv
[ 21%] Generating shaders/qmm_vec_q4_multi_f16.spv
[ 21%] Generating shaders/qmm_vec_q4_multi_bf16.spv
[ 22%] Generating shaders/qmm_vec_q4_multi_subgroup_f32.spv
[ 22%] Generating shaders/qmm_vec_q4_multi_subgroup_f16.spv
[ 22%] Generating shaders/sdpa_decode_native_f16.spv
[ 22%] Generating shaders/qmm_vec_q4_multi_subgroup_bf16.spv
[ 22%] Generating shaders/sdpa_decode_native_bf16.spv
[ -3%] Generating shaders/sdpa_decode_native_p1_f16.spv
[ 22%] Generating shaders/sdpa_decode_native_p2_f16.spv
[ 22%] Generating shaders/qmm_tile_rb_f16.spv
[ 22%] Generating shaders/qmm_tile_rb_precise_f16.spv
[ 22%] Generating shaders/qmm_tile_f32.spv
[ 22%] Generating shaders/qmm_tile_f16.spv
[ 22%] Generating shaders/qmm_coopmat_f16.spv
[ 22%] Generating shaders/qmm_coopmat_m16_f16.spv
[ 22%] Generating shaders/qmm_fma_f16.spv
[ 22%] Generating shaders/qmm_fma_precise_f16.spv
[ 22%] Generating shaders/matmul_fma_bf16.spv
[ 22%] Generating shaders/binary_vec_f16.spv
[ 23%] Generating shaders/binary_vec_bf16.spv
[ 23%] Generating shaders/matmul_rb_f16.spv
[ 23%] Generating shaders/swiglu_f16.spv
[ 23%] Generating shaders/fast_trio_rope_pair_f16.spv
[ 23%] Generating shaders/swiglu_bf16.spv
[ 23%] Generating shaders/fast_trio_swiglu_f16.spv
[ 23%] Generating shaders/fast_trio_norm_f16.spv
[ 23%] Generating shaders/qmm_tile_bf16.spv
[ 23%] Generating shaders/dequant_f32.spv
[ 23%] Generating shaders/dequant_f16.spv
[ 23%] Generating shaders/quantize_f32.spv
[ 23%] Generating shaders/quantize_f16.spv
[ 23%] Generating shaders/quantize_bf16.spv
[ 23%] Generating shaders/dequant_bf16.spv
[ 23%] Generating shaders/quantize_fp_f16.spv
[ 23%] Generating shaders/quantize_fp_f32.spv
[ 23%] Generating shaders/dequant_fp_f32.spv
[ 23%] Generating shaders/quantize_fp_bf16.spv
[ 24%] Generating shaders/dequant_fp_f16.spv
[ 24%] Generating shaders/dequant_fp_bf16.spv
[ 25%] Generating shaders/qmm_fp_f32.spv
[ 25%] Generating shaders/qmm_fp_f16.spv
[ 25%] Generating shaders/qmm_fp_bf16.spv
[ 25%] Generating shaders/qmm_vec_fp_f32.spv
[ 25%] Generating shaders/qmm_vec_fp_bf16.spv
[ 25%] Generating shaders/qmm_vec_fp_f16.spv
[ 25%] Generating shaders/qmm_vec_subgroup_fp_f32.spv
[ 25%] Generating shaders/qmm_vec_subgroup_fp_f16.spv
[ 25%] Generating shaders/qmm_vec_subgroup_fp_bf16.spv
[ 25%] Generating shaders/qmm_tile_fp_f32.spv
[ 25%] Generating shaders/qmm_tile_fp_f16.spv
[ 25%] Generating shaders/qmm_tile_fp_bf16.spv
[ 25%] Generating shaders/conv_f32.spv
[ 25%] Generating shaders/conv_f16.spv
[ 25%] Generating shaders/conv_bf16.spv
[ 25%] Generating shaders/gather_axis_u32.spv
[ 25%] Generating shaders/gather_axis_i64.spv
[ 25%] Generating shaders/gather_axis_f16.spv
[ 25%] Generating shaders/gather_axis_bf16.spv
[ 26%] Generating shaders/gather_axis_c64.spv
[ 27%] Generating shaders/scatter_u32.spv
[ -3%] Generating shaders/scatter_f16.spv
[ 27%] Generating shaders/scatter_u8.spv
[ 27%] Generating shaders/scatter_i8.spv
[ 27%] Generating shaders/scatter_u16.spv
[ 27%] Generating shaders/scatter_i16.spv
[ 28%] Generating shaders/scatter_c64.spv
[ 28%] Generating shaders/scatter_bf16.spv
[ 28%] Generating shaders/scatter_multi_u32.spv
[ 28%] Generating shaders/scatter_multi_f16.spv
[ 28%] Generating shaders/scatter_multi_bf16.spv
[ 28%] Generating shaders/scatter_axis_u32.spv
[ 28%] Generating shaders/scatter_axis_f16.spv
[ 28%] Generating shaders/scatter_axis_bf16.spv
[ 28%] Generating shaders/masked_scatter_u32.spv
[ 28%] Generating shaders/scatter_axis_c64.spv
[ 28%] Generating shaders/masked_scatter_f16.spv
[ 28%] Generating shaders/masked_scatter_bf16.spv
[ 28%] Generating shaders/scatter_fadd_f32.spv
[ 28%] Generating shaders/scatter_fadd_f16.spv
[ 28%] Generating shaders/scatter_fadd_bf16.spv
[ 28%] Generating shaders/scatter_fadd_multi_f32.spv
[ 28%] Generating shaders/scatter_fadd_triple_f32.spv
[ 28%] Generating shaders/scatter_fadd_general_f32.spv
[ 29%] Generating shaders/scatter_fcas_f32.spv
[ 29%] Generating shaders/scatter_fcas_f16.spv
[ 29%] Generating shaders/scatter_fcas_bf16.spv
[ 29%] Generating shaders/scatter_fcas_multi_f32.spv
[ 29%] Generating shaders/scatter_fcas_general_f32.spv
[ 29%] Generating shaders/scatter_fcas_triple_f32.spv
[ 29%] Generating shaders/scatter_bool.spv
[ 29%] Generating shaders/scatter_bool_multi.spv
[ 30%] Generating shaders/scatter_axis_fadd_f32.spv
[ 31%] Generating shaders/scatter_multi_u8.spv
[ 31%] Generating shaders/scatter_multi_i8.spv
[ 31%] Generating shaders/scatter_multi_u16.spv
[ 31%] Generating shaders/scatter_multi_i16.spv
[ 31%] Generating shaders/scatter_axis_fadd_bf16.spv
[ 31%] Generating shaders/scatter_axis_fadd_f16.spv
[ 31%] Generating shaders/scatter_axis_fcas_f32.spv
[ 31%] Generating shaders/scatter_axis_fcas_f16.spv
[ 31%] Generating shaders/scatter_axis_fcas_bf16.spv
[ 31%] Generating shaders/scatter_axis_bool.spv
[ 31%] Generating shaders/clear_u32.spv
[ 31%] Generating shaders/reduce_general_f32.spv
[ 31%] Generating shaders/reduce_general_f16.spv
[ 31%] Generating shaders/reduce_general_bf16.spv
[ 32%] Generating shaders/reduce_general_i32.spv
[ 32%] Generating shaders/reduce_general_bool.spv
[ 32%] Generating shaders/reduce_general_u32.spv
[ 32%] Generating shaders/reduce_general_i8.spv
[ 32%] Generating shaders/reduce_general_u8.spv
[ 32%] Generating shaders/reduce_general_i16.spv
[ 32%] Generating shaders/reduce_general_u16.spv
[ 32%] Generating shaders/reduce_general_i64.spv
[ 32%] Generating shaders/reduce_general_u64.spv
[ 32%] Generating shaders/reduce_general_complex.spv
[ 32%] Generating shaders/anyall_f32.spv
[ 33%] Generating shaders/anyall_f16.spv
[ 33%] Generating shaders/anyall_bf16.spv
[ 33%] Generating shaders/anyall_i32.spv
[ 33%] Generating shaders/anyall_u32.spv
[ 33%] Generating shaders/anyall_bool.spv
[ 33%] Generating shaders/scan_general_f32.spv
[ 33%] Generating shaders/scan_general_f16.spv
[ 33%] Generating shaders/scan_general_bf16.spv
[ 33%] Generating shaders/scan_general_i32.spv
[ 33%] Generating shaders/scan_general_u32.spv
[ 33%] Generating shaders/scan_general_bool.spv
[ 33%] Generating shaders/scan_general_i8.spv
[ 33%] Generating shaders/scan_general_u8.spv
[ 33%] Generating shaders/scan_general_i16.spv
[ 34%] Generating shaders/scan_general_u16.spv
[ 34%] Generating shaders/scan_general_i64.spv
[ 34%] Generating shaders/scan_general_u64.spv
[ 34%] Generating shaders/scan_general_complex.spv
[ 34%] Generating shaders/hadamard_f32.spv
[ 34%] Generating shaders/hadamard_f16.spv
[ 35%] Generating shaders/hadamard_bf16.spv
[ 35%] Generating shaders/block_mask_f32.spv
[ 35%] Generating shaders/gather_mm_f32.spv
[ 35%] Generating shaders/gather_mm_f16.spv
[ 35%] Generating shaders/gather_mm_bf16.spv
[ 35%] Generating shaders/segmented_mm_f32.spv
[ 35%] Generating shaders/segmented_mm_f16.spv
[ 35%] Generating shaders/segmented_mm_bf16.spv
[ 35%] Generating shaders/gather_qmm_f32.spv
[ 35%] Generating shaders/gather_qmm_f16.spv
[ 35%] Generating shaders/gather_qmm_bf16.spv
[ 35%] Generating shaders/gather_qmm_nb_f32.spv
[ 35%] Generating shaders/gather_qmm_nb_f16.spv
[ 36%] Generating shaders/gather_qmm_nb_bf16.spv
[ 36%] Generating shaders/gather_qmm_nb_fp_f32.spv
[ 36%] Generating shaders/gather_qmm_nb_fp_f16.spv
[ 36%] Generating shaders/gather_qmm_nb_fp_bf16.spv
[ 36%] Generating shaders/gather_qmm_nb_fp_hgs_f32.spv
[ 36%] Generating shaders/gather_qmm_nb_fp_hgs_f16.spv
[ 36%] Generating shaders/gather_qmm_nb_fp_hgs_bf16.spv
[ 37%] Generating shaders/fft_f32.spv
[ 37%] Generating shaders/fft_real_f32.spv
[ 37%] Generating shaders/fft_stage_f32.spv
[ 37%] Generating shaders/linalg_cholesky_f32.spv
[ 37%] Generating shaders/linalg_inverse_f32.spv
[ 37%] Generating shaders/linalg_lu_f32.spv
[ 37%] Generating shaders/linalg_qr_f32.spv
[ 37%] Generating shaders/linalg_eigh_f32.spv
[ 37%] Generating shaders/linalg_eig_f32.spv
[ 37%] Generating shaders/linalg_svd_f32.spv
[ 38%] Generating shaders/linalg_svd_finalize_f32.spv
[ 38%] Generating shaders/fast_rms_norm_f32.spv
[ 39%] Generating shaders/fast_rms_norm_f16.spv
[ 39%] Generating shaders/fast_rms_norm_bf16.spv
[ 39%] Generating shaders/fast_layer_norm_f32.spv
[ 39%] Generating shaders/fast_layer_norm_f16.spv
[ 40%] Generating shaders/fast_layer_norm_bf16.spv
[ 41%] Generating shaders/fast_rms_norm_vjp_dx_f32.spv
[ 41%] Generating shaders/fast_rms_norm_vjp_dx_bf16.spv
[ 41%] Generating shaders/fast_rms_norm_vjp_dx_f16.spv
[ 41%] Generating shaders/fast_layer_norm_vjp_dx_f32.spv
[ 41%] Generating shaders/fast_layer_norm_vjp_dx_f16.spv
[ 41%] Generating shaders/fast_layer_norm_vjp_dx_bf16.spv
[ 41%] Generating shaders/fast_rms_norm_vjp_dw_f32.spv
[ 41%] Generating shaders/fast_rms_norm_vjp_dw_f16.spv
[ 41%] Generating shaders/fast_rms_norm_vjp_dw_bf16.spv
[ 41%] Generating shaders/fast_layer_norm_vjp_dw_f32.spv
[ 41%] Generating shaders/fast_layer_norm_vjp_dw_f16.spv
[ 41%] Generating shaders/fast_layer_norm_vjp_dw_bf16.spv
[ 41%] Generating shaders/fast_rms_norm_vjp_dw_reduce_f32.spv
[ 41%] Generating shaders/fast_rms_norm_vjp_dw_reduce_bf16.spv
[ 41%] Generating shaders/fast_rms_norm_vjp_dw_reduce_f16.spv
[ 41%] Generating shaders/fast_cross_entropy_vjp_f32.spv
[ 41%] Generating shaders/fast_cross_entropy_vjp_f16.spv
[ 41%] Generating shaders/fast_cross_entropy_vjp_bf16.spv
[ 41%] Generating shaders/fast_cross_entropy_f32.spv
[ 41%] Generating shaders/fast_cross_entropy_f16.spv
[ 41%] Generating shaders/fast_cross_entropy_bf16.spv
[ 41%] Generating shaders/fast_rope_f32.spv
[ 41%] Generating shaders/fast_rope_f16.spv
[ 41%] Generating shaders/fast_rope_bf16.spv
[ 41%] Generating shaders/fast_rope_freqs_f16.spv
[ 41%] Generating shaders/fast_rope_freqs_f32.spv
[ 41%] Generating shaders/fast_rope_freqs_bf16.spv
[ -3%] Generating shaders/fp8_to_f32.spv
[ 41%] Generating shaders/fp8_to_f16.spv
[ -3%] Generating shaders/fp8_to_bf16.spv
[ 41%] Generating shaders/fp8_from_f32.spv
[ 41%] Generating shaders/fp8_from_f16.spv
[ 42%] Generating shaders/fp8_from_bf16.spv
[ 43%] Generating shaders/complex_elementwise.spv
[ 43%] Generating shaders/complex_real.spv
[ 43%] Generating shaders/complex_imag.spv
[ 43%] Generating shaders/complex_abs.spv
[ 43%] Generating shaders/complex_abs_as_complex.spv
[ 43%] Generating shaders/cast_f32_c64.spv
[ 43%] Generating shaders/cast_i32_c64.spv
[ 43%] Generating shaders/cast_u32_c64.spv
[ 43%] Generating shaders/cast_bool_c64.spv
[ 43%] Generating shaders/cast_f16_c64.spv
[ 43%] Generating shaders/cast_bf16_c64.spv
[ 43%] Generating shaders/cast_int_w1_w1.spv
[ 43%] Generating shaders/cast_c64_f32.spv
[ 43%] Generating shaders/cast_int_w1_w2.spv
[ 43%] Generating shaders/cast_int_w1_w8.spv
[ 43%] Generating shaders/cast_int_w1_w4.spv
[ 43%] Generating shaders/cast_int_w2_w1.spv
[ 44%] Generating shaders/cast_int_w2_w2.spv
[ 44%] Generating shaders/cast_int_w2_w4.spv
[ 44%] Generating shaders/cast_int_w2_w8.spv
[ 44%] Generating shaders/cast_int_w4_w1.spv
[ 44%] Generating shaders/cast_int_w4_w2.spv
[ 44%] Generating shaders/cast_int_w4_w4.spv
[ 44%] Generating shaders/cast_int_w4_w8.spv
[ 44%] Generating shaders/cast_int_w8_w1.spv
[ 44%] Generating shaders/cast_int_w8_w2.spv
[ 44%] Generating shaders/fill_c64.spv
[ 44%] Generating shaders/cast_int_w8_w8.spv
[ 45%] Generating shaders/cast_int_w8_w4.spv
[ 45%] Generating shaders/copy_general_c64.spv
[ 45%] Generating shaders/fill_u16.spv
[ 45%] Generating shaders/fill_u64.spv
[ 45%] Generating shaders/elementwise_f32.h
[ 45%] Generating shaders/elementwise_f16.h
[ 45%] Generating shaders/cast_bool_f32.h
[ 45%] Generating shaders/cast_bool_f16.h
[ 46%] Generating shaders/elementwise_bf16.h
[ 46%] Generating shaders/cast_bool_i32.h
[ 46%] Generating shaders/cast_bool_bf16.h
[ 46%] Generating shaders/cast_f16_f32.h
[ 46%] Generating shaders/cast_f32_f16.h
[ 46%] Generating shaders/cast_bf16_f32.h
[ 46%] Generating shaders/cast_f16_bf16.h
[ 46%] Generating shaders/cast_i32_f32.h
[ 46%] Generating shaders/cast_f32_bf16.h
[ 46%] Generating shaders/cast_bf16_f16.h
[ 46%] Generating shaders/cast_f32_i32.h
[ 46%] Generating shaders/cast_i32_f16.h
[ 46%] Generating shaders/cast_f16_i32.h
[ 46%] Generating shaders/cast_i32_bf16.h
[ 46%] Generating shaders/cast_bf16_i32.h
[ 46%] Generating shaders/cast_u32_f32.h
[ 46%] Generating shaders/reduce_bf16.h
[ 47%] Generating shaders/matmul_f32_coopmat.h
[ 47%] Generating shaders/matmul_f32.h
[ -3%] Generating shaders/matmul_f32_coopmat_bf16.h
[ 47%] Generating shaders/reduce_f32.h
[ 48%] Generating shaders/reduce_f16.h
[ 48%] Generating shaders/matmul_f16.h
[ 48%] Generating shaders/matmul_bf16.h
[ 48%] Generating shaders/matmul_complex64.h
[ 48%] Generating shaders/matmul_vec_f16.h
[ 48%] Generating shaders/matmul_vec_f32.h
[ 48%] Generating shaders/matmul_vec_bf16.h
[ 48%] Generating shaders/matmul_vec_multi_bf16.h
[ 48%] Generating shaders/fill_bf16.h
[ 48%] Generating shaders/fill_f32.h
[ 48%] Generating shaders/fill_f16.h
[ 48%] Generating shaders/softmax_f32.h
[ 48%] Generating shaders/softmax_f16.h
[ 48%] Generating shaders/softmax_bf16.h
[ 48%] Generating shaders/logsumexp_f32.h
[ 48%] Generating shaders/logsumexp_f16.h
[ 48%] Generating shaders/select_f16.h
[ 48%] Generating shaders/select_f32.h
[ 49%] Generating shaders/logsumexp_bf16.h
[ 49%] Generating shaders/select_bf16.h
[ 49%] Generating shaders/select_i32.h
[ 49%] Generating shaders/select_bool.h
[ 49%] Generating shaders/select_complex64.h
[ 49%] Generating shaders/compare_f32.h
[ 49%] Generating shaders/compare_f16.h
[ 49%] Generating shaders/compare_bf16.h
[ 49%] Generating shaders/compare_i32.h
[ 49%] Generating shaders/compare_u32.h
[ 49%] Generating shaders/compare_i8.h
[ 49%] Generating shaders/compare_u8.h
[ 50%] Generating shaders/compare_i64.h
[ 50%] Generating shaders/compare_u16.h
[ 50%] Generating shaders/compare_i16.h
[ 50%] Generating shaders/compare_u64.h
[ 50%] Generating shaders/compare_complex.h
[ 50%] Generating shaders/logical_or_bool.h
[ 50%] Generating shaders/compare_bool.h
[ 50%] Generating shaders/take_bf16.h
[ -3%] Generating shaders/take_f16.h
[ 50%] Generating shaders/take_f32.h
[ 50%] Generating shaders/take_u16.h
[ 50%] Generating shaders/take_u32.h
[ 50%] Generating shaders/take_c64.h
[ 50%] Generating shaders/take_multi_f32.h
[ 50%] Generating shaders/take_i64.h
[ 50%] Generating shaders/take_multi_f16.h
[ 50%] Generating shaders/take_multi_u32.h
[ 50%] Generating shaders/take_multi_bf16.h
[ 50%] Generating shaders/take_multi_u16.h
[ 50%] Generating shaders/slice_update_reduce_f32.h
[ 51%] Generating shaders/take_multi_c64.h
[ 52%] Generating shaders/slice_update_reduce_f16.h
[ 52%] Generating shaders/take_multi_i64.h
[ 52%] Generating shaders/slice_update_reduce_bf16.h
[ 52%] Generating shaders/slice_update_pair_f16.h
[ 52%] Generating shaders/slice_update_reduce_u32.h
[ 52%] Generating shaders/scatter_triple_u32.h
[ 53%] Generating shaders/scatter_triple_f16.h
[ 53%] Generating shaders/scatter_triple_bf16.h
[ 53%] Generating shaders/scatter_bool_triple.h
[ 53%] Generating shaders/scatter_general_f16.h
[ 53%] Generating shaders/scatter_general_bf16.h
[ 53%] Generating shaders/scatter_general_u32.h
[ 53%] Generating shaders/scatter_general_bool.h
[ 53%] Generating shaders/scatter_general_u8.h
[ 53%] Generating shaders/scatter_general_i8.h
[ 53%] Generating shaders/scatter_general_u16.h
[ 53%] Generating shaders/scatter_triple_u8.h
[ 53%] Generating shaders/scatter_general_i16.h
[ -3%] Generating shaders/scatter_triple_i8.h
[ 53%] Generating shaders/scatter_triple_u16.h
[ 53%] Generating shaders/scatter_triple_i16.h
[ 53%] Generating shaders/copy_general_f32.h
[ 53%] Generating shaders/copy_general_bf16.h
[ 53%] Generating shaders/copy_general_bool.h
[ 54%] Generating shaders/copy_general_u32.h
[ 54%] Generating shaders/copy_general_u8.h
[ 54%] Generating shaders/copy_general_f16.h
[ 54%] Generating shaders/copy_general_u64.h
[ 54%] Generating shaders/copy_general_u16.h
[ 54%] Generating shaders/argreduce_f32.h
[ 55%] Generating shaders/argreduce_f16.h
[ 55%] Generating shaders/argreduce_bf16.h
[ 55%] Generating shaders/argreduce_i8.h
[ 56%] Generating shaders/argreduce_u8.h
[ 56%] Generating shaders/argreduce_i16.h
[ 56%] Generating shaders/argreduce_i32.h
[ 56%] Generating shaders/argreduce_u32.h
[ 56%] Generating shaders/argreduce_u64.h
[ 56%] Generating shaders/argreduce_i64.h
[ 56%] Generating shaders/argreduce_u16.h
[ 56%] Generating shaders/arange_f16.h
[ 56%] Generating shaders/arange_f32.h
[ 56%] Generating shaders/arange_bf16.h
[ 56%] Generating shaders/arange_i32.h
[ 56%] Generating shaders/arange_u32.h
[ 56%] Generating shaders/sort_f32.h
[ 56%] Generating shaders/arange_u64.h
[ 56%] Generating shaders/arange_i64.h
[ 56%] Generating shaders/sort_f16.h
[ 56%] Generating shaders/sort_bf16.h
[ 56%] Generating shaders/sort_c64.h
[ 56%] Generating shaders/argsort_f32.h
[ 56%] Generating shaders/argsort_f16.h
[ 56%] Generating shaders/argsort_bf16.h
[ 56%] Generating shaders/argsort_c64.h
[ 57%] Generating shaders/sort_u32.h
[ 57%] Generating shaders/argsort_i32.h
[ 57%] Generating shaders/sort_i32.h
[ 57%] Generating shaders/argsort_u32.h
[ 57%] Generating shaders/sort_i8.h
[ 57%] Generating shaders/sort_u8.h
[ 57%] Generating shaders/sort_u16.h
[ 58%] Generating shaders/sort_i16.h
[ 58%] Generating shaders/argsort_u8.h
[ 58%] Generating shaders/argsort_i8.h
[ 58%] Generating shaders/argsort_i16.h
[ 58%] Generating shaders/argsort_u16.h
[ 58%] Generating shaders/sort_merge_f16.h
[ 58%] Generating shaders/sort_merge_bf16.h
[ 58%] Generating shaders/sort_merge_f32.h
[ 58%] Generating shaders/sort_merge_u32.h
[ 58%] Generating shaders/sort_merge_i32.h
[ 59%] Generating shaders/argsort_merge_f16.h
[ 59%] Generating shaders/argsort_merge_f32.h
[ 59%] Generating shaders/argsort_merge_c64.h
[ 59%] Generating shaders/argsort_merge_bf16.h
[ 59%] Generating shaders/argsort_merge_i32.h
[ 59%] Generating shaders/argsort_merge_u32.h
[ 59%] Generating shaders/elementwise_u32.h
[ 59%] Generating shaders/elementwise_i32.h
[ 59%] Generating shaders/elementwise_i8.h
[ 60%] Generating shaders/elementwise_u8.h
[ 60%] Generating shaders/elementwise_u16.h
[ 60%] Generating shaders/elementwise_i16.h
[ 60%] Generating shaders/elementwise_i64.h
[ 60%] Generating shaders/elementwise_u64.h
[ 60%] Generating shaders/scan_f32.h
[ 60%] Generating shaders/scan_bf16.h
[ 60%] Generating shaders/searchsorted_f32.h
[ 60%] Generating shaders/scan_f16.h
[ 60%] Generating shaders/searchsorted_bf16.h
[ 60%] Generating shaders/searchsorted_i32.h
[ -3%] Generating shaders/searchsorted_u32.h
[ 60%] Generating shaders/random_bits_u32.h
[ 60%] Generating shaders/searchsorted_f16.h
[ 60%] Generating shaders/qmm_f32.h
[ 60%] Generating shaders/qmm_f16.h
[ 60%] Generating shaders/qmm_bf16.h
[ 60%] Generating shaders/fused_chain_f32.h
[ 60%] Generating shaders/fused_chain_f16.h
[ 60%] Generating shaders/fused_chain_bf16.h
[ 60%] Generating shaders/qmm_vec_f32.h
[ 60%] Generating shaders/qmm_vec_f16.h
[ 60%] Generating shaders/qmm_vec_bf16.h
[ 60%] Generating shaders/qmm_vec_subgroup_f32.h
[ 60%] Generating shaders/qmm_vec_subgroup_f16.h
[ 60%] Generating shaders/qmm_vec_subgroup_bf16.h
[ 60%] Generating shaders/qmm_vec_q4_word_f32.h
[ 61%] Generating shaders/qmm_vec_q4_word_f16.h
[ 61%] Generating shaders/qmm_vec_q4_word_subgroup_f32.h
[ 61%] Generating shaders/qmm_vec_q4_word_bf16.h
[ 61%] Generating shaders/qmm_vec_q4_word_subgroup_f16.h
[ 61%] Generating shaders/qmm_vec_q4_word_subgroup_bf16.h
[ 61%] Generating shaders/qmm_vec_q4_multi_f16.h
[ 61%] Generating shaders/qmm_vec_q4_multi_f32.h
[ 61%] Generating shaders/qmm_vec_q4_multi_bf16.h
[ 61%] Generating shaders/qmm_vec_q4_multi_subgroup_f16.h
[ 61%] Generating shaders/qmm_vec_q4_multi_subgroup_f32.h
[ 61%] Generating shaders/qmm_vec_q4_multi_subgroup_bf16.h
[ 61%] Generating shaders/sdpa_decode_native_f16.h
[ 62%] Generating shaders/sdpa_decode_native_bf16.h
[ 62%] Generating shaders/sdpa_decode_native_p1_f16.h
[ 62%] Generating shaders/qmm_tile_f32.h
[ 62%] Generating shaders/sdpa_decode_native_p2_f16.h
[ 63%] Generating shaders/qmm_tile_f16.h
[ 63%] Generating shaders/qmm_tile_rb_f16.h
[ 63%] Generating shaders/qmm_tile_rb_precise_f16.h
[ 63%] Generating shaders/qmm_coopmat_f16.h
[ 64%] Generating shaders/qmm_coopmat_m16_f16.h
[ 64%] Generating shaders/qmm_fma_f16.h
[ 64%] Generating shaders/matmul_fma_bf16.h
[ 64%] Generating shaders/binary_vec_f16.h
[ 64%] Generating shaders/binary_vec_bf16.h
[ 64%] Generating shaders/qmm_fma_precise_f16.h
[ 64%] Generating shaders/matmul_rb_f16.h
[ 64%] Generating shaders/swiglu_f16.h
[ 64%] Generating shaders/swiglu_bf16.h
[ 64%] Generating shaders/fast_trio_norm_f16.h
[ 64%] Generating shaders/fast_trio_rope_pair_f16.h
[ 64%] Generating shaders/fast_trio_swiglu_f16.h
[ 64%] Generating shaders/qmm_tile_bf16.h
[ 64%] Generating shaders/dequant_f16.h
[ 64%] Generating shaders/quantize_f32.h
[ 64%] Generating shaders/dequant_f32.h
[ 64%] Generating shaders/quantize_bf16.h
[ 64%] Generating shaders/dequant_bf16.h
[ 64%] Generating shaders/quantize_f16.h
[ 64%] Generating shaders/quantize_fp_f32.h
[ 64%] Generating shaders/quantize_fp_f16.h
[ 64%] Generating shaders/quantize_fp_bf16.h
[ 64%] Generating shaders/dequant_fp_f32.h
[ 64%] Generating shaders/dequant_fp_f16.h
[ 64%] Generating shaders/dequant_fp_bf16.h
[ 64%] Generating shaders/qmm_fp_f16.h
[ 64%] Generating shaders/qmm_fp_f32.h
[ 64%] Generating shaders/qmm_vec_fp_f32.h
[ 64%] Generating shaders/qmm_fp_bf16.h
[ 64%] Generating shaders/qmm_vec_fp_f16.h
[ 64%] Generating shaders/qmm_vec_subgroup_fp_f32.h
[ 65%] Generating shaders/qmm_vec_subgroup_fp_f16.h
[ 66%] Generating shaders/qmm_vec_fp_bf16.h
[ 66%] Generating shaders/qmm_vec_subgroup_fp_bf16.h
[ 66%] Generating shaders/qmm_tile_fp_f32.h
[ 66%] Generating shaders/qmm_tile_fp_f16.h
[ 66%] Generating shaders/conv_f32.h
[ 66%] Generating shaders/qmm_tile_fp_bf16.h
[ 66%] Generating shaders/conv_f16.h
[ 66%] Generating shaders/conv_bf16.h
[ 66%] Generating shaders/gather_axis_u32.h
[ 67%] Generating shaders/gather_axis_i64.h
[ 67%] Generating shaders/gather_axis_f16.h
[ 67%] Generating shaders/gather_axis_bf16.h
[ 67%] Generating shaders/gather_axis_c64.h
[ 67%] Generating shaders/scatter_u32.h
[ 67%] Generating shaders/scatter_f16.h
[ 67%] Generating shaders/scatter_u8.h
[ 67%] Generating shaders/scatter_u16.h
[ 67%] Generating shaders/scatter_bf16.h
[ 68%] Generating shaders/scatter_i16.h
[ 68%] Generating shaders/scatter_i8.h
[ 68%] Generating shaders/scatter_multi_u32.h
[ 68%] Generating shaders/scatter_c64.h
[ 68%] Generating shaders/scatter_multi_bf16.h
[ 68%] Generating shaders/scatter_multi_f16.h
[ 68%] Generating shaders/scatter_axis_f16.h
[ 68%] Generating shaders/scatter_axis_bf16.h
[ 68%] Generating shaders/scatter_axis_u32.h
[ 68%] Generating shaders/scatter_axis_c64.h
[ 68%] Generating shaders/masked_scatter_u32.h
[ 68%] Generating shaders/masked_scatter_f16.h
[ 68%] Generating shaders/masked_scatter_bf16.h
[ 68%] Generating shaders/scatter_fadd_f32.h
[ 69%] Generating shaders/scatter_fadd_f16.h
[ 69%] Generating shaders/scatter_fadd_multi_f32.h
[ 69%] Generating shaders/scatter_fadd_bf16.h
[ 69%] Generating shaders/scatter_fadd_general_f32.h
[ 69%] Generating shaders/scatter_fadd_triple_f32.h
[ 69%] Generating shaders/scatter_fcas_f16.h
[ 69%] Generating shaders/scatter_fcas_f32.h
[ 70%] Generating shaders/scatter_fcas_multi_f32.h
[ 70%] Generating shaders/scatter_fcas_bf16.h
[ 70%] Generating shaders/scatter_fcas_general_f32.h
[ 70%] Generating shaders/scatter_fcas_triple_f32.h
[ 70%] Generating shaders/scatter_axis_fadd_f32.h
[ 70%] Generating shaders/scatter_bool_multi.h
[ 70%] Generating shaders/scatter_bool.h
[ 70%] Generating shaders/scatter_multi_u8.h
[ 70%] Generating shaders/scatter_multi_i8.h
[ 70%] Generating shaders/scatter_multi_u16.h
[ 70%] Generating shaders/scatter_multi_i16.h
[ 70%] Generating shaders/scatter_axis_fadd_f16.h
[ 70%] Generating shaders/scatter_axis_fadd_bf16.h
[ 70%] Generating shaders/scatter_axis_fcas_f32.h
[ 71%] Generating shaders/scatter_axis_fcas_f16.h
[ 71%] Generating shaders/scatter_axis_bool.h
[ 71%] Generating shaders/clear_u32.h
[ 71%] Generating shaders/reduce_general_f32.h
[ 71%] Generating shaders/scatter_axis_fcas_bf16.h
[ 71%] Generating shaders/reduce_general_f16.h
[ 71%] Generating shaders/reduce_general_bf16.h
[ 71%] Generating shaders/reduce_general_i32.h
[ 71%] Generating shaders/reduce_general_u32.h
[ 71%] Generating shaders/reduce_general_bool.h
[ 72%] Generating shaders/reduce_general_i8.h
[ 72%] Generating shaders/reduce_general_u8.h
[ 72%] Generating shaders/reduce_general_u16.h
[ 72%] Generating shaders/reduce_general_i16.h
[ 72%] Generating shaders/reduce_general_i64.h
[ 72%] Generating shaders/reduce_general_u64.h
[ 72%] Generating shaders/reduce_general_complex.h
[ 72%] Generating shaders/anyall_f32.h
[ 72%] Generating shaders/anyall_bf16.h
[ 72%] Generating shaders/anyall_f16.h
[ 72%] Generating shaders/anyall_u32.h
[ 72%] Generating shaders/anyall_bool.h
[ 73%] Generating shaders/anyall_i32.h
[ 73%] Generating shaders/scan_general_f32.h
[ 73%] Generating shaders/scan_general_f16.h
[ 73%] Generating shaders/scan_general_bf16.h
[ 73%] Generating shaders/scan_general_u32.h
[ 73%] Generating shaders/scan_general_i8.h
[ 73%] Generating shaders/scan_general_i32.h
[ 73%] Generating shaders/scan_general_bool.h
[ 73%] Generating shaders/scan_general_u8.h
[ 73%] Generating shaders/scan_general_i64.h
[ 74%] Generating shaders/scan_general_u64.h
[ 75%] Generating shaders/scan_general_complex.h
[ 75%] Generating shaders/hadamard_f32.h
[ 75%] Generating shaders/hadamard_f16.h
[ 75%] Generating shaders/scan_general_u16.h
[ 75%] Generating shaders/scan_general_i16.h
[ 75%] Generating shaders/hadamard_bf16.h
[ 75%] Generating shaders/block_mask_f32.h
[ 75%] Generating shaders/gather_mm_f32.h
[ 75%] Generating shaders/gather_mm_f16.h
[ -3%] Generating shaders/gather_mm_bf16.h
[ 75%] Generating shaders/segmented_mm_f32.h
[ 75%] Generating shaders/gather_qmm_f16.h
[ 75%] Generating shaders/gather_qmm_f32.h
[ 75%] Generating shaders/gather_qmm_bf16.h
[ 76%] Generating shaders/segmented_mm_f16.h
[ 76%] Generating shaders/segmented_mm_bf16.h
[ 77%] Generating shaders/gather_qmm_nb_f32.h
[ 77%] Generating shaders/gather_qmm_nb_f16.h
[ 77%] Generating shaders/gather_qmm_nb_bf16.h
[ 77%] Generating shaders/gather_qmm_nb_fp_f32.h
[ 77%] Generating shaders/gather_qmm_nb_fp_f16.h
[ 77%] Generating shaders/gather_qmm_nb_fp_bf16.h
[ 77%] Generating shaders/gather_qmm_nb_fp_hgs_f32.h
[ 77%] Generating shaders/fft_f32.h
[ 77%] Generating shaders/gather_qmm_nb_fp_hgs_f16.h
[ 77%] Generating shaders/gather_qmm_nb_fp_hgs_bf16.h
[ 77%] Generating shaders/fft_real_f32.h
[ 78%] Generating shaders/fft_stage_f32.h
[ 79%] Generating shaders/linalg_cholesky_f32.h
[ 79%] Generating shaders/linalg_lu_f32.h
[ 79%] Generating shaders/linalg_inverse_f32.h
[ 79%] Generating shaders/linalg_eigh_f32.h
[ 79%] Generating shaders/linalg_qr_f32.h
[ 79%] Generating shaders/linalg_eig_f32.h
[ 79%] Generating shaders/linalg_svd_finalize_f32.h
[ 79%] Generating shaders/fast_rms_norm_f32.h
[ 79%] Generating shaders/linalg_svd_f32.h
[ 79%] Generating shaders/fast_rms_norm_f16.h
[ 79%] Generating shaders/fast_layer_norm_f32.h
[ 79%] Generating shaders/fast_rms_norm_bf16.h
[ 79%] Generating shaders/fast_layer_norm_f16.h
[ 79%] Generating shaders/fast_layer_norm_bf16.h
[ 79%] Generating shaders/fast_rms_norm_vjp_dx_f32.h
[ 79%] Generating shaders/fast_rms_norm_vjp_dx_f16.h
[ 79%] Generating shaders/fast_rms_norm_vjp_dx_bf16.h
[ 79%] Generating shaders/fast_layer_norm_vjp_dx_f16.h
[ 79%] Generating shaders/fast_layer_norm_vjp_dx_f32.h
[ 79%] Generating shaders/fast_layer_norm_vjp_dx_bf16.h
[ 79%] Generating shaders/fast_rms_norm_vjp_dw_f32.h
[ 79%] Generating shaders/fast_rms_norm_vjp_dw_f16.h
[ 79%] Generating shaders/fast_layer_norm_vjp_dw_f32.h
[ 80%] Generating shaders/fast_rms_norm_vjp_dw_bf16.h
[ 80%] Generating shaders/fast_layer_norm_vjp_dw_f16.h
[ 81%] Generating shaders/fast_layer_norm_vjp_dw_bf16.h
[ 81%] Generating shaders/fast_rms_norm_vjp_dw_reduce_bf16.h
[ -3%] Generating shaders/fast_rms_norm_vjp_dw_reduce_f16.h
[ 81%] Generating shaders/fast_cross_entropy_vjp_f32.h
[ 81%] Generating shaders/fast_cross_entropy_vjp_f16.h
[ 81%] Generating shaders/fast_rms_norm_vjp_dw_reduce_f32.h
[ 81%] Generating shaders/fast_cross_entropy_vjp_bf16.h
[ 81%] Generating shaders/fast_cross_entropy_f32.h
[ 81%] Generating shaders/fast_cross_entropy_f16.h
[ 81%] Generating shaders/fast_cross_entropy_bf16.h
[ 82%] Generating shaders/fast_rope_f16.h
[ 82%] Generating shaders/fast_rope_f32.h
[ 82%] Generating shaders/fast_rope_bf16.h
[ 82%] Generating shaders/fast_rope_freqs_f32.h
[ 82%] Generating shaders/fast_rope_freqs_f16.h
[ 82%] Generating shaders/fp8_to_f32.h
[ 82%] Generating shaders/fast_rope_freqs_bf16.h
[ 82%] Generating shaders/fp8_to_f16.h
[ 82%] Generating shaders/fp8_to_bf16.h
[ 83%] Generating shaders/fp8_from_f32.h
[ 83%] Generating shaders/fp8_from_f16.h
[ 83%] Generating shaders/fp8_from_bf16.h
[ 83%] Generating shaders/complex_elementwise.h
[ 84%] Generating shaders/complex_real.h
[ 84%] Generating shaders/complex_imag.h
[ 84%] Generating shaders/complex_abs_as_complex.h
[ 84%] Generating shaders/complex_abs.h
[ 84%] Generating shaders/cast_f32_c64.h
[ 85%] Generating shaders/cast_i32_c64.h
[ 86%] Generating shaders/cast_u32_c64.h
[ 86%] Generating shaders/cast_bool_c64.h
[ 86%] Generating shaders/cast_f16_c64.h
[ 87%] Generating shaders/cast_c64_f32.h
[ 87%] Generating shaders/cast_int_w1_w1.h
[ 87%] Generating shaders/cast_int_w1_w2.h
[ 88%] Generating shaders/cast_int_w1_w4.h
[ 88%] Generating shaders/cast_bf16_c64.h
[ 88%] Generating shaders/cast_int_w2_w2.h
[ 88%] Generating shaders/cast_int_w2_w1.h
[ 88%] Generating shaders/cast_int_w1_w8.h
[ 88%] Generating shaders/cast_int_w2_w4.h
[ 89%] Generating shaders/cast_int_w2_w8.h
[ 89%] Generating shaders/cast_int_w4_w2.h
[ 89%] Generating shaders/cast_int_w4_w4.h
[ 89%] Generating shaders/cast_int_w4_w1.h
[ 89%] Generating shaders/cast_int_w4_w8.h
[ 89%] Generating shaders/cast_int_w8_w1.h
[ 89%] Generating shaders/cast_int_w8_w4.h
[ 89%] Generating shaders/cast_int_w8_w8.h
[ 89%] Generating shaders/fill_c64.h
[ 89%] Generating shaders/copy_general_c64.h
[ 89%] Generating shaders/cast_int_w8_w2.h
[ 89%] Generating shaders/fill_u64.h
[ 89%] Generating shaders/fill_u16.h
[ 89%] Built target omarchy_shaders
[ 89%] Building CXX object CMakeFiles/mlx.dir/mlx/array.cpp.o
[ 89%] Building CXX object CMakeFiles/mlx.dir/mlx/compile.cpp.o
[ 89%] Building CXX object CMakeFiles/mlx.dir/mlx/dtype.cpp.o
[ 90%] Building CXX object CMakeFiles/mlx.dir/mlx/export.cpp.o
[ 90%] Building CXX object CMakeFiles/mlx.dir/mlx/device.cpp.o
[ 90%] Building CXX object CMakeFiles/mlx.dir/mlx/einsum.cpp.o
[ 90%] Building CXX object CMakeFiles/mlx.dir/mlx/dtype_utils.cpp.o
[ 90%] Building CXX object CMakeFiles/mlx.dir/mlx/fast.cpp.o
[ 90%] Building CXX object CMakeFiles/mlx.dir/mlx/fft.cpp.o
In file included from /home/joshuawarren/src/mlx-omarchy/.work/mlx/mlx/event.h:8,
                 from /home/joshuawarren/src/mlx-omarchy/.work/mlx/mlx/array.h:14,
                 from /home/joshuawarren/src/mlx-omarchy/.work/mlx/mlx/array.cpp:5:
/home/joshuawarren/src/mlx-omarchy/.work/mlx/mlx/error.h: In member function 'void mlx::core::Error::set_message(Message)':
/home/joshuawarren/src/mlx-omarchy/.work/mlx/mlx/error.h:17:22: warning: 'void std::atomic_store(shared_ptr<_Tp>*, shared_ptr<_Tp>) [with _Tp = __cxx11::basic_string<char>]' is deprecated: use 'std::atomic<std::shared_ptr<T>>' instead [-Wdeprecated-declarations]
   17 |     std::atomic_store(&message_, std::move(msg));
      |     ~~~~~~~~~~~~~~~~~^~~~~~~~~~~~~~~~~~~~~~~~~~~
In file included from /usr/include/c++/16.1.1/memory:83,
                 from /home/joshuawarren/src/mlx-omarchy/.work/mlx/mlx/array.h:7:
/usr/include/c++/16.1.1/bits/shared_ptr_atomic.h:183:5: note: declared here
  183 |     atomic_store(shared_ptr<_Tp>* __p, shared_ptr<_Tp> __r)
      |     ^~~~~~~~~~~~
/home/joshuawarren/src/mlx-omarchy/.work/mlx/mlx/error.h: In member function 'bool mlx::core::Error::valid() const':
/home/joshuawarren/src/mlx-omarchy/.work/mlx/mlx/error.h:21:32: warning: 'std::shared_ptr<_Tp> std::atomic_load(const shared_ptr<_Tp>*) [with _Tp = __cxx11::basic_string<char>]' is deprecated: use 'std::atomic<std::shared_ptr<T>>' instead [-Wdeprecated-declarations]
   21 |     auto msg = std::atomic_load(&message_);
      |                ~~~~~~~~~~~~~~~~^~~~~~~~~~~
/usr/include/c++/16.1.1/bits/shared_ptr_atomic.h:142:5: note: declared here
  142 |     atomic_load(const shared_ptr<_Tp>* __p)
      |     ^~~~~~~~~~~
/home/joshuawarren/src/mlx-omarchy/.work/mlx/mlx/error.h: In member function 'bool mlx::core::Error::store_if_valid(const mlx::core::Error*)':
/home/joshuawarren/src/mlx-omarchy/.work/mlx/mlx/error.h:28:37: warning: 'std::shared_ptr<_Tp> std::atomic_load(const shared_ptr<_Tp>*) [with _Tp = __cxx11::basic_string<char>]' is deprecated: use 'std::atomic<std::shared_ptr<T>>' instead [-Wdeprecated-declarations]
   28 |       Message msg = std::atomic_load(&ptr->message_);
      |                     ~~~~~~~~~~~~~~~~^~~~~~~~~~~~~~~~
/usr/include/c++/16.1.1/bits/shared_ptr_atomic.h:142:5: note: declared here
  142 |     atomic_load(const shared_ptr<_Tp>* __p)
      |     ^~~~~~~~~~~
/home/joshuawarren/src/mlx-omarchy/.work/mlx/mlx/error.h: In member function 'void mlx::core::Error::check()':
/home/joshuawarren/src/mlx-omarchy/.work/mlx/mlx/error.h:39:36: warning: 'std::shared_ptr<_Tp> std::atomic_exchange(shared_ptr<_Tp>*, shared_ptr<_Tp>) [with _Tp = __cxx11::basic_string<char>]' is deprecated: use 'std::atomic<std::shared_ptr<T>>' instead [-Wdeprecated-declarations]
   39 |     auto msg = std::atomic_exchange(&message_, {});
      |                ~~~~~~~~~~~~~~~~~~~~^~~~~~~~~~~~~~~
/usr/include/c++/16.1.1/bits/shared_ptr_atomic.h:225:5: note: declared here
  225 |     atomic_exchange(shared_ptr<_Tp>* __p, shared_ptr<_Tp> __r)
      |     ^~~~~~~~~~~~~~~
In file included from /home/joshuawarren/src/mlx-omarchy/.work/mlx/mlx/event.h:8,
                 from /home/joshuawarren/src/mlx-omarchy/.work/mlx/mlx/array.h:14,
                 from /home/joshuawarren/src/mlx-omarchy/.work/mlx/mlx/einsum.h:9,
                 from /home/joshuawarren/src/mlx-omarchy/.work/mlx/mlx/einsum.cpp:7:
/home/joshuawarren/src/mlx-omarchy/.work/mlx/mlx/error.h: In member function 'void mlx::core::Error::set_message(Message)':
/home/joshuawarren/src/mlx-omarchy/.work/mlx/mlx/error.h:17:22: warning: 'void std::atomic_store(shared_ptr<_Tp>*, shared_ptr<_Tp>) [with _Tp = __cxx11::basic_string<char>]' is deprecated: use 'std::atomic<std::shared_ptr<T>>' instead [-Wdeprecated-declarations]
   17 |     std::atomic_store(&message_, std::move(msg));
      |     ~~~~~~~~~~~~~~~~~^~~~~~~~~~~~~~~~~~~~~~~~~~~
In file included from /usr/include/c++/16.1.1/memory:83,
                 from /home/joshuawarren/src/mlx-omarchy/.work/mlx/mlx/array.h:7:
/usr/include/c++/16.1.1/bits/shared_ptr_atomic.h:183:5: note: declared here
  183 |     atomic_store(shared_ptr<_Tp>* __p, shared_ptr<_Tp> __r)
      |     ^~~~~~~~~~~~
/home/joshuawarren/src/mlx-omarchy/.work/mlx/mlx/error.h: In member function 'bool mlx::core::Error::valid() const':
/home/joshuawarren/src/mlx-omarchy/.work/mlx/mlx/error.h:21:32: warning: 'std::shared_ptr<_Tp> std::atomic_load(const shared_ptr<_Tp>*) [with _Tp = __cxx11::basic_string<char>]' is deprecated: use 'std::atomic<std::shared_ptr<T>>' instead [-Wdeprecated-declarations]
   21 |     auto msg = std::atomic_load(&message_);
      |                ~~~~~~~~~~~~~~~~^~~~~~~~~~~
/usr/include/c++/16.1.1/bits/shared_ptr_atomic.h:142:5: note: declared here
  142 |     atomic_load(const shared_ptr<_Tp>* __p)
      |     ^~~~~~~~~~~
/home/joshuawarren/src/mlx-omarchy/.work/mlx/mlx/error.h: In member function 'bool mlx::core::Error::store_if_valid(const mlx::core::Error*)':
/home/joshuawarren/src/mlx-omarchy/.work/mlx/mlx/error.h:28:37: warning: 'std::shared_ptr<_Tp> std::atomic_load(const shared_ptr<_Tp>*) [with _Tp = __cxx11::basic_string<char>]' is deprecated: use 'std::atomic<std::shared_ptr<T>>' instead [-Wdeprecated-declarations]
   28 |       Message msg = std::atomic_load(&ptr->message_);
      |                     ~~~~~~~~~~~~~~~~^~~~~~~~~~~~~~~~
/usr/include/c++/16.1.1/bits/shared_ptr_atomic.h:142:5: note: declared here
  142 |     atomic_load(const shared_ptr<_Tp>* __p)
      |     ^~~~~~~~~~~
/home/joshuawarren/src/mlx-omarchy/.work/mlx/mlx/error.h: In member function 'void mlx::core::Error::check()':
/home/joshuawarren/src/mlx-omarchy/.work/mlx/mlx/error.h:39:36: warning: 'std::shared_ptr<_Tp> std::atomic_exchange(shared_ptr<_Tp>*, shared_ptr<_Tp>) [with _Tp = __cxx11::basic_string<char>]' is deprecated: use 'std::atomic<std::shared_ptr<T>>' instead [-Wdeprecated-declarations]
   39 |     auto msg = std::atomic_exchange(&message_, {});
      |                ~~~~~~~~~~~~~~~~~~~~^~~~~~~~~~~~~~~
/usr/include/c++/16.1.1/bits/shared_ptr_atomic.h:225:5: note: declared here
  225 |     atomic_exchange(shared_ptr<_Tp>* __p, shared_ptr<_Tp> __r)
      |     ^~~~~~~~~~~~~~~
In file included from /home/joshuawarren/src/mlx-omarchy/.work/mlx/mlx/event.h:8,
                 from /home/joshuawarren/src/mlx-omarchy/.work/mlx/mlx/array.h:14,
                 from /home/joshuawarren/src/mlx-omarchy/.work/mlx/mlx/export.h:10,
                 from /home/joshuawarren/src/mlx-omarchy/.work/mlx/mlx/export.cpp:2:
/home/joshuawarren/src/mlx-omarchy/.work/mlx/mlx/error.h: In member function 'void mlx::core::Error::set_message(Message)':
/home/joshuawarren/src/mlx-omarchy/.work/mlx/mlx/error.h:17:22: warning: 'void std::atomic_store(shared_ptr<_Tp>*, shared_ptr<_Tp>) [with _Tp = __cxx11::basic_string<char>]' is deprecated: use 'std::atomic<std::shared_ptr<T>>' instead [-Wdeprecated-declarations]
   17 |     std::atomic_store(&message_, std::move(msg));
      |     ~~~~~~~~~~~~~~~~~^~~~~~~~~~~~~~~~~~~~~~~~~~~
In file included from /usr/include/c++/16.1.1/memory:83,
                 from /home/joshuawarren/src/mlx-omarchy/.work/mlx/mlx/array.h:7:
/usr/include/c++/16.1.1/bits/shared_ptr_atomic.h:183:5: note: declared here
  183 |     atomic_store(shared_ptr<_Tp>* __p, shared_ptr<_Tp> __r)
      |     ^~~~~~~~~~~~
/home/joshuawarren/src/mlx-omarchy/.work/mlx/mlx/error.h: In member function 'bool mlx::core::Error::valid() const':
/home/joshuawarren/src/mlx-omarchy/.work/mlx/mlx/error.h:21:32: warning: 'std::shared_ptr<_Tp> std::atomic_load(const shared_ptr<_Tp>*) [with _Tp = __cxx11::basic_string<char>]' is deprecated: use 'std::atomic<std::shared_ptr<T>>' instead [-Wdeprecated-declarations]
   21 |     auto msg = std::atomic_load(&message_);
      |                ~~~~~~~~~~~~~~~~^~~~~~~~~~~
/usr/include/c++/16.1.1/bits/shared_ptr_atomic.h:142:5: note: declared here
  142 |     atomic_load(const shared_ptr<_Tp>* __p)
      |     ^~~~~~~~~~~
/home/joshuawarren/src/mlx-omarchy/.work/mlx/mlx/error.h: In member function 'bool mlx::core::Error::store_if_valid(const mlx::core::Error*)':
/home/joshuawarren/src/mlx-omarchy/.work/mlx/mlx/error.h:28:37: warning: 'std::shared_ptr<_Tp> std::atomic_load(const shared_ptr<_Tp>*) [with _Tp = __cxx11::basic_string<char>]' is deprecated: use 'std::atomic<std::shared_ptr<T>>' instead [-Wdeprecated-declarations]
   28 |       Message msg = std::atomic_load(&ptr->message_);
      |                     ~~~~~~~~~~~~~~~~^~~~~~~~~~~~~~~~
/usr/include/c++/16.1.1/bits/shared_ptr_atomic.h:142:5: note: declared here
  142 |     atomic_load(const shared_ptr<_Tp>* __p)
      |     ^~~~~~~~~~~
/home/joshuawarren/src/mlx-omarchy/.work/mlx/mlx/error.h: In member function 'void mlx::core::Error::check()':
/home/joshuawarren/src/mlx-omarchy/.work/mlx/mlx/error.h:39:36: warning: 'std::shared_ptr<_Tp> std::atomic_exchange(shared_ptr<_Tp>*, shared_ptr<_Tp>) [with _Tp = __cxx11::basic_string<char>]' is deprecated: use 'std::atomic<std::shared_ptr<T>>' instead [-Wdeprecated-declarations]
   39 |     auto msg = std::atomic_exchange(&message_, {});
      |                ~~~~~~~~~~~~~~~~~~~~^~~~~~~~~~~~~~~
/usr/include/c++/16.1.1/bits/shared_ptr_atomic.h:225:5: note: declared here
  225 |     atomic_exchange(shared_ptr<_Tp>* __p, shared_ptr<_Tp> __r)
      |     ^~~~~~~~~~~~~~~
[ 90%] Building CXX object CMakeFiles/mlx.dir/mlx/ops.cpp.o
In file included from /home/joshuawarren/src/mlx-omarchy/.work/mlx/mlx/event.h:8,
                 from /home/joshuawarren/src/mlx-omarchy/.work/mlx/mlx/array.h:14,
                 from /home/joshuawarren/src/mlx-omarchy/.work/mlx/mlx/backend/common/compiled.h:8,
                 from /home/joshuawarren/src/mlx-omarchy/.work/mlx/mlx/compile.cpp:12:
/home/joshuawarren/src/mlx-omarchy/.work/mlx/mlx/error.h: In member function 'void mlx::core::Error::set_message(Message)':
/home/joshuawarren/src/mlx-omarchy/.work/mlx/mlx/error.h:17:22: warning: 'void std::atomic_store(shared_ptr<_Tp>*, shared_ptr<_Tp>) [with _Tp = __cxx11::basic_string<char>]' is deprecated: use 'std::atomic<std::shared_ptr<T>>' instead [-Wdeprecated-declarations]
   17 |     std::atomic_store(&message_, std::move(msg));
      |     ~~~~~~~~~~~~~~~~~^~~~~~~~~~~~~~~~~~~~~~~~~~~
In file included from /usr/include/c++/16.1.1/memory:83,
                 from /home/joshuawarren/src/mlx-omarchy/.work/mlx/mlx/array.h:7:
/usr/include/c++/16.1.1/bits/shared_ptr_atomic.h:183:5: note: declared here
  183 |     atomic_store(shared_ptr<_Tp>* __p, shared_ptr<_Tp> __r)
      |     ^~~~~~~~~~~~
/home/joshuawarren/src/mlx-omarchy/.work/mlx/mlx/error.h: In member function 'bool mlx::core::Error::valid() const':
/home/joshuawarren/src/mlx-omarchy/.work/mlx/mlx/error.h:21:32: warning: 'std::shared_ptr<_Tp> std::atomic_load(const shared_ptr<_Tp>*) [with _Tp = __cxx11::basic_string<char>]' is deprecated: use 'std::atomic<std::shared_ptr<T>>' instead [-Wdeprecated-declarations]
   21 |     auto msg = std::atomic_load(&message_);
      |                ~~~~~~~~~~~~~~~~^~~~~~~~~~~
/usr/include/c++/16.1.1/bits/shared_ptr_atomic.h:142:5: note: declared here
  142 |     atomic_load(const shared_ptr<_Tp>* __p)
      |     ^~~~~~~~~~~
/home/joshuawarren/src/mlx-omarchy/.work/mlx/mlx/error.h: In member function 'bool mlx::core::Error::store_if_valid(const mlx::core::Error*)':
/home/joshuawarren/src/mlx-omarchy/.work/mlx/mlx/error.h:28:37: warning: 'std::shared_ptr<_Tp> std::atomic_load(const shared_ptr<_Tp>*) [with _Tp = __cxx11::basic_string<char>]' is deprecated: use 'std::atomic<std::shared_ptr<T>>' instead [-Wdeprecated-declarations]
   28 |       Message msg = std::atomic_load(&ptr->message_);
      |                     ~~~~~~~~~~~~~~~~^~~~~~~~~~~~~~~~
/usr/include/c++/16.1.1/bits/shared_ptr_atomic.h:142:5: note: declared here
  142 |     atomic_load(const shared_ptr<_Tp>* __p)
      |     ^~~~~~~~~~~
/home/joshuawarren/src/mlx-omarchy/.work/mlx/mlx/error.h: In member function 'void mlx::core::Error::check()':
/home/joshuawarren/src/mlx-omarchy/.work/mlx/mlx/error.h:39:36: warning: 'std::shared_ptr<_Tp> std::atomic_exchange(shared_ptr<_Tp>*, shared_ptr<_Tp>) [with _Tp = __cxx11::basic_string<char>]' is deprecated: use 'std::atomic<std::shared_ptr<T>>' instead [-Wdeprecated-declarations]
   39 |     auto msg = std::atomic_exchange(&message_, {});
      |                ~~~~~~~~~~~~~~~~~~~~^~~~~~~~~~~~~~~
/usr/include/c++/16.1.1/bits/shared_ptr_atomic.h:225:5: note: declared here
  225 |     atomic_exchange(shared_ptr<_Tp>* __p, shared_ptr<_Tp> __r)
      |     ^~~~~~~~~~~~~~~
In file included from /home/joshuawarren/src/mlx-omarchy/.work/mlx/mlx/event.h:8,
                 from /home/joshuawarren/src/mlx-omarchy/.work/mlx/mlx/array.h:14,
                 from /home/joshuawarren/src/mlx-omarchy/.work/mlx/mlx/utils.h:14,
                 from /home/joshuawarren/src/mlx-omarchy/.work/mlx/mlx/fast.h:10,
                 from /home/joshuawarren/src/mlx-omarchy/.work/mlx/mlx/fast.cpp:5:
/home/joshuawarren/src/mlx-omarchy/.work/mlx/mlx/error.h: In member function 'void mlx::core::Error::set_message(Message)':
/home/joshuawarren/src/mlx-omarchy/.work/mlx/mlx/error.h:17:22: warning: 'void std::atomic_store(shared_ptr<_Tp>*, shared_ptr<_Tp>) [with _Tp = __cxx11::basic_string<char>]' is deprecated: use 'std::atomic<std::shared_ptr<T>>' instead [-Wdeprecated-declarations]
   17 |     std::atomic_store(&message_, std::move(msg));
      |     ~~~~~~~~~~~~~~~~~^~~~~~~~~~~~~~~~~~~~~~~~~~~
In file included from /usr/include/c++/16.1.1/memory:83,
                 from /home/joshuawarren/src/mlx-omarchy/.work/mlx/mlx/array.h:7:
/usr/include/c++/16.1.1/bits/shared_ptr_atomic.h:183:5: note: declared here
  183 |     atomic_store(shared_ptr<_Tp>* __p, shared_ptr<_Tp> __r)
      |     ^~~~~~~~~~~~
/home/joshuawarren/src/mlx-omarchy/.work/mlx/mlx/error.h: In member function 'bool mlx::core::Error::valid() const':
/home/joshuawarren/src/mlx-omarchy/.work/mlx/mlx/error.h:21:32: warning: 'std::shared_ptr<_Tp> std::atomic_load(const shared_ptr<_Tp>*) [with _Tp = __cxx11::basic_string<char>]' is deprecated: use 'std::atomic<std::shared_ptr<T>>' instead [-Wdeprecated-declarations]
   21 |     auto msg = std::atomic_load(&message_);
      |                ~~~~~~~~~~~~~~~~^~~~~~~~~~~
/usr/include/c++/16.1.1/bits/shared_ptr_atomic.h:142:5: note: declared here
  142 |     atomic_load(const shared_ptr<_Tp>* __p)
      |     ^~~~~~~~~~~
/home/joshuawarren/src/mlx-omarchy/.work/mlx/mlx/error.h: In member function 'bool mlx::core::Error::store_if_valid(const mlx::core::Error*)':
/home/joshuawarren/src/mlx-omarchy/.work/mlx/mlx/error.h:28:37: warning: 'std::shared_ptr<_Tp> std::atomic_load(const shared_ptr<_Tp>*) [with _Tp = __cxx11::basic_string<char>]' is deprecated: use 'std::atomic<std::shared_ptr<T>>' instead [-Wdeprecated-declarations]
   28 |       Message msg = std::atomic_load(&ptr->message_);
      |                     ~~~~~~~~~~~~~~~~^~~~~~~~~~~~~~~~
/usr/include/c++/16.1.1/bits/shared_ptr_atomic.h:142:5: note: declared here
  142 |     atomic_load(const shared_ptr<_Tp>* __p)
      |     ^~~~~~~~~~~
/home/joshuawarren/src/mlx-omarchy/.work/mlx/mlx/error.h: In member function 'void mlx::core::Error::check()':
/home/joshuawarren/src/mlx-omarchy/.work/mlx/mlx/error.h:39:36: warning: 'std::shared_ptr<_Tp> std::atomic_exchange(shared_ptr<_Tp>*, shared_ptr<_Tp>) [with _Tp = __cxx11::basic_string<char>]' is deprecated: use 'std::atomic<std::shared_ptr<T>>' instead [-Wdeprecated-declarations]
   39 |     auto msg = std::atomic_exchange(&message_, {});
      |                ~~~~~~~~~~~~~~~~~~~~^~~~~~~~~~~~~~~
/usr/include/c++/16.1.1/bits/shared_ptr_atomic.h:225:5: note: declared here
  225 |     atomic_exchange(shared_ptr<_Tp>* __p, shared_ptr<_Tp> __r)
      |     ^~~~~~~~~~~~~~~
In file included from /home/joshuawarren/src/mlx-omarchy/.work/mlx/mlx/event.h:8,
                 from /home/joshuawarren/src/mlx-omarchy/.work/mlx/mlx/array.h:14,
                 from /home/joshuawarren/src/mlx-omarchy/.work/mlx/mlx/utils.h:14,
                 from /home/joshuawarren/src/mlx-omarchy/.work/mlx/mlx/dtype_utils.h:8,
                 from /home/joshuawarren/src/mlx-omarchy/.work/mlx/mlx/dtype_utils.cpp:3:
/home/joshuawarren/src/mlx-omarchy/.work/mlx/mlx/error.h: In member function 'void mlx::core::Error::set_message(Message)':
/home/joshuawarren/src/mlx-omarchy/.work/mlx/mlx/error.h:17:22: warning: 'void std::atomic_store(shared_ptr<_Tp>*, shared_ptr<_Tp>) [with _Tp = __cxx11::basic_string<char>]' is deprecated: use 'std::atomic<std::shared_ptr<T>>' instead [-Wdeprecated-declarations]
   17 |     std::atomic_store(&message_, std::move(msg));
      |     ~~~~~~~~~~~~~~~~~^~~~~~~~~~~~~~~~~~~~~~~~~~~
In file included from /usr/include/c++/16.1.1/memory:83,
                 from /home/joshuawarren/src/mlx-omarchy/.work/mlx/mlx/array.h:7:
/usr/include/c++/16.1.1/bits/shared_ptr_atomic.h:183:5: note: declared here
  183 |     atomic_store(shared_ptr<_Tp>* __p, shared_ptr<_Tp> __r)
      |     ^~~~~~~~~~~~
/home/joshuawarren/src/mlx-omarchy/.work/mlx/mlx/error.h: In member function 'bool mlx::core::Error::valid() const':
/home/joshuawarren/src/mlx-omarchy/.work/mlx/mlx/error.h:21:32: warning: 'std::shared_ptr<_Tp> std::atomic_load(const shared_ptr<_Tp>*) [with _Tp = __cxx11::basic_string<char>]' is deprecated: use 'std::atomic<std::shared_ptr<T>>' instead [-Wdeprecated-declarations]
   21 |     auto msg = std::atomic_load(&message_);
      |                ~~~~~~~~~~~~~~~~^~~~~~~~~~~
/usr/include/c++/16.1.1/bits/shared_ptr_atomic.h:142:5: note: declared here
  142 |     atomic_load(const shared_ptr<_Tp>* __p)
      |     ^~~~~~~~~~~
/home/joshuawarren/src/mlx-omarchy/.work/mlx/mlx/error.h: In member function 'bool mlx::core::Error::store_if_valid(const mlx::core::Error*)':
/home/joshuawarren/src/mlx-omarchy/.work/mlx/mlx/error.h:28:37: warning: 'std::shared_ptr<_Tp> std::atomic_load(const shared_ptr<_Tp>*) [with _Tp = __cxx11::basic_string<char>]' is deprecated: use 'std::atomic<std::shared_ptr<T>>' instead [-Wdeprecated-declarations]
   28 |       Message msg = std::atomic_load(&ptr->message_);
      |                     ~~~~~~~~~~~~~~~~^~~~~~~~~~~~~~~~
/usr/include/c++/16.1.1/bits/shared_ptr_atomic.h:142:5: note: declared here
  142 |     atomic_load(const shared_ptr<_Tp>* __p)
      |     ^~~~~~~~~~~
/home/joshuawarren/src/mlx-omarchy/.work/mlx/mlx/error.h: In member function 'void mlx::core::Error::check()':
/home/joshuawarren/src/mlx-omarchy/.work/mlx/mlx/error.h:39:36: warning: 'std::shared_ptr<_Tp> std::atomic_exchange(shared_ptr<_Tp>*, shared_ptr<_Tp>) [with _Tp = __cxx11::basic_string<char>]' is deprecated: use 'std::atomic<std::shared_ptr<T>>' instead [-Wdeprecated-declarations]
   39 |     auto msg = std::atomic_exchange(&message_, {});
      |                ~~~~~~~~~~~~~~~~~~~~^~~~~~~~~~~~~~~
/usr/include/c++/16.1.1/bits/shared_ptr_atomic.h:225:5: note: declared here
  225 |     atomic_exchange(shared_ptr<_Tp>* __p, shared_ptr<_Tp> __r)
      |     ^~~~~~~~~~~~~~~
[ 90%] Building CXX object CMakeFiles/mlx.dir/mlx/graph_utils.cpp.o
In file included from /home/joshuawarren/src/mlx-omarchy/.work/mlx/mlx/event.h:8,
                 from /home/joshuawarren/src/mlx-omarchy/.work/mlx/mlx/array.h:14,
                 from /home/joshuawarren/src/mlx-omarchy/.work/mlx/mlx/fft.h:8,
                 from /home/joshuawarren/src/mlx-omarchy/.work/mlx/mlx/fft.cpp:7:
/home/joshuawarren/src/mlx-omarchy/.work/mlx/mlx/error.h: In member function 'void mlx::core::Error::set_message(Message)':
/home/joshuawarren/src/mlx-omarchy/.work/mlx/mlx/error.h:17:22: warning: 'void std::atomic_store(shared_ptr<_Tp>*, shared_ptr<_Tp>) [with _Tp = __cxx11::basic_string<char>]' is deprecated: use 'std::atomic<std::shared_ptr<T>>' instead [-Wdeprecated-declarations]
   17 |     std::atomic_store(&message_, std::move(msg));
      |     ~~~~~~~~~~~~~~~~~^~~~~~~~~~~~~~~~~~~~~~~~~~~
In file included from /usr/include/c++/16.1.1/memory:83,
                 from /home/joshuawarren/src/mlx-omarchy/.work/mlx/mlx/array.h:7:
/usr/include/c++/16.1.1/bits/shared_ptr_atomic.h:183:5: note: declared here
  183 |     atomic_store(shared_ptr<_Tp>* __p, shared_ptr<_Tp> __r)
      |     ^~~~~~~~~~~~
/home/joshuawarren/src/mlx-omarchy/.work/mlx/mlx/error.h: In member function 'bool mlx::core::Error::valid() const':
/home/joshuawarren/src/mlx-omarchy/.work/mlx/mlx/error.h:21:32: warning: 'std::shared_ptr<_Tp> std::atomic_load(const shared_ptr<_Tp>*) [with _Tp = __cxx11::basic_string<char>]' is deprecated: use 'std::atomic<std::shared_ptr<T>>' instead [-Wdeprecated-declarations]
   21 |     auto msg = std::atomic_load(&message_);
      |                ~~~~~~~~~~~~~~~~^~~~~~~~~~~
/usr/include/c++/16.1.1/bits/shared_ptr_atomic.h:142:5: note: declared here
  142 |     atomic_load(const shared_ptr<_Tp>* __p)
      |     ^~~~~~~~~~~
/home/joshuawarren/src/mlx-omarchy/.work/mlx/mlx/error.h: In member function 'bool mlx::core::Error::store_if_valid(const mlx::core::Error*)':
/home/joshuawarren/src/mlx-omarchy/.work/mlx/mlx/error.h:28:37: warning: 'std::shared_ptr<_Tp> std::atomic_load(const shared_ptr<_Tp>*) [with _Tp = __cxx11::basic_string<char>]' is deprecated: use 'std::atomic<std::shared_ptr<T>>' instead [-Wdeprecated-declarations]
   28 |       Message msg = std::atomic_load(&ptr->message_);
      |                     ~~~~~~~~~~~~~~~~^~~~~~~~~~~~~~~~
/usr/include/c++/16.1.1/bits/shared_ptr_atomic.h:142:5: note: declared here
  142 |     atomic_load(const shared_ptr<_Tp>* __p)
      |     ^~~~~~~~~~~
/home/joshuawarren/src/mlx-omarchy/.work/mlx/mlx/error.h: In member function 'void mlx::core::Error::check()':
/home/joshuawarren/src/mlx-omarchy/.work/mlx/mlx/error.h:39:36: warning: 'std::shared_ptr<_Tp> std::atomic_exchange(shared_ptr<_Tp>*, shared_ptr<_Tp>) [with _Tp = __cxx11::basic_string<char>]' is deprecated: use 'std::atomic<std::shared_ptr<T>>' instead [-Wdeprecated-declarations]
   39 |     auto msg = std::atomic_exchange(&message_, {});
      |                ~~~~~~~~~~~~~~~~~~~~^~~~~~~~~~~~~~~
/usr/include/c++/16.1.1/bits/shared_ptr_atomic.h:225:5: note: declared here
  225 |     atomic_exchange(shared_ptr<_Tp>* __p, shared_ptr<_Tp> __r)
      |     ^~~~~~~~~~~~~~~
In file included from /home/joshuawarren/src/mlx-omarchy/.work/mlx/mlx/event.h:8,
                 from /home/joshuawarren/src/mlx-omarchy/.work/mlx/mlx/array.h:14,
                 from /home/joshuawarren/src/mlx-omarchy/.work/mlx/mlx/backend/omarchy/unsupported.h:10,
                 from /home/joshuawarren/src/mlx-omarchy/.work/mlx/mlx/ops.cpp:15:
/home/joshuawarren/src/mlx-omarchy/.work/mlx/mlx/error.h: In member function 'void mlx::core::Error::set_message(Message)':
/home/joshuawarren/src/mlx-omarchy/.work/mlx/mlx/error.h:17:22: warning: 'void std::atomic_store(shared_ptr<_Tp>*, shared_ptr<_Tp>) [with _Tp = __cxx11::basic_string<char>]' is deprecated: use 'std::atomic<std::shared_ptr<T>>' instead [-Wdeprecated-declarations]
   17 |     std::atomic_store(&message_, std::move(msg));
      |     ~~~~~~~~~~~~~~~~~^~~~~~~~~~~~~~~~~~~~~~~~~~~
In file included from /usr/include/c++/16.1.1/memory:83,
                 from /home/joshuawarren/src/mlx-omarchy/.work/mlx/mlx/array.h:7:
/usr/include/c++/16.1.1/bits/shared_ptr_atomic.h:183:5: note: declared here
  183 |     atomic_store(shared_ptr<_Tp>* __p, shared_ptr<_Tp> __r)
      |     ^~~~~~~~~~~~
/home/joshuawarren/src/mlx-omarchy/.work/mlx/mlx/error.h: In member function 'bool mlx::core::Error::valid() const':
/home/joshuawarren/src/mlx-omarchy/.work/mlx/mlx/error.h:21:32: warning: 'std::shared_ptr<_Tp> std::atomic_load(const shared_ptr<_Tp>*) [with _Tp = __cxx11::basic_string<char>]' is deprecated: use 'std::atomic<std::shared_ptr<T>>' instead [-Wdeprecated-declarations]
   21 |     auto msg = std::atomic_load(&message_);
      |                ~~~~~~~~~~~~~~~~^~~~~~~~~~~
/usr/include/c++/16.1.1/bits/shared_ptr_atomic.h:142:5: note: declared here
  142 |     atomic_load(const shared_ptr<_Tp>* __p)
      |     ^~~~~~~~~~~
/home/joshuawarren/src/mlx-omarchy/.work/mlx/mlx/error.h: In member function 'bool mlx::core::Error::store_if_valid(const mlx::core::Error*)':
/home/joshuawarren/src/mlx-omarchy/.work/mlx/mlx/error.h:28:37: warning: 'std::shared_ptr<_Tp> std::atomic_load(const shared_ptr<_Tp>*) [with _Tp = __cxx11::basic_string<char>]' is deprecated: use 'std::atomic<std::shared_ptr<T>>' instead [-Wdeprecated-declarations]
   28 |       Message msg = std::atomic_load(&ptr->message_);
      |                     ~~~~~~~~~~~~~~~~^~~~~~~~~~~~~~~~
/usr/include/c++/16.1.1/bits/shared_ptr_atomic.h:142:5: note: declared here
  142 |     atomic_load(const shared_ptr<_Tp>* __p)
      |     ^~~~~~~~~~~
/home/joshuawarren/src/mlx-omarchy/.work/mlx/mlx/error.h: In member function 'void mlx::core::Error::check()':
/home/joshuawarren/src/mlx-omarchy/.work/mlx/mlx/error.h:39:36: warning: 'std::shared_ptr<_Tp> std::atomic_exchange(shared_ptr<_Tp>*, shared_ptr<_Tp>) [with _Tp = __cxx11::basic_string<char>]' is deprecated: use 'std::atomic<std::shared_ptr<T>>' instead [-Wdeprecated-declarations]
   39 |     auto msg = std::atomic_exchange(&message_, {});
      |                ~~~~~~~~~~~~~~~~~~~~^~~~~~~~~~~~~~~
/usr/include/c++/16.1.1/bits/shared_ptr_atomic.h:225:5: note: declared here
  225 |     atomic_exchange(shared_ptr<_Tp>* __p, shared_ptr<_Tp> __r)
      |     ^~~~~~~~~~~~~~~
In file included from /home/joshuawarren/src/mlx-omarchy/.work/mlx/mlx/event.h:8,
                 from /home/joshuawarren/src/mlx-omarchy/.work/mlx/mlx/array.h:14,
                 from /home/joshuawarren/src/mlx-omarchy/.work/mlx/mlx/graph_utils.h:8,
                 from /home/joshuawarren/src/mlx-omarchy/.work/mlx/mlx/graph_utils.cpp:9:
/home/joshuawarren/src/mlx-omarchy/.work/mlx/mlx/error.h: In member function 'void mlx::core::Error::set_message(Message)':
/home/joshuawarren/src/mlx-omarchy/.work/mlx/mlx/error.h:17:22: warning: 'void std::atomic_store(shared_ptr<_Tp>*, shared_ptr<_Tp>) [with _Tp = __cxx11::basic_string<char>]' is deprecated: use 'std::atomic<std::shared_ptr<T>>' instead [-Wdeprecated-declarations]
   17 |     std::atomic_store(&message_, std::move(msg));
      |     ~~~~~~~~~~~~~~~~~^~~~~~~~~~~~~~~~~~~~~~~~~~~
In file included from /usr/include/c++/16.1.1/memory:83,
                 from /home/joshuawarren/src/mlx-omarchy/.work/mlx/mlx/array.h:7:
/usr/include/c++/16.1.1/bits/shared_ptr_atomic.h:183:5: note: declared here
  183 |     atomic_store(shared_ptr<_Tp>* __p, shared_ptr<_Tp> __r)
      |     ^~~~~~~~~~~~
/home/joshuawarren/src/mlx-omarchy/.work/mlx/mlx/error.h: In member function 'bool mlx::core::Error::valid() const':
/home/joshuawarren/src/mlx-omarchy/.work/mlx/mlx/error.h:21:32: warning: 'std::shared_ptr<_Tp> std::atomic_load(const shared_ptr<_Tp>*) [with _Tp = __cxx11::basic_string<char>]' is deprecated: use 'std::atomic<std::shared_ptr<T>>' instead [-Wdeprecated-declarations]
   21 |     auto msg = std::atomic_load(&message_);
      |                ~~~~~~~~~~~~~~~~^~~~~~~~~~~
/usr/include/c++/16.1.1/bits/shared_ptr_atomic.h:142:5: note: declared here
  142 |     atomic_load(const shared_ptr<_Tp>* __p)
      |     ^~~~~~~~~~~
/home/joshuawarren/src/mlx-omarchy/.work/mlx/mlx/error.h: In member function 'bool mlx::core::Error::store_if_valid(const mlx::core::Error*)':
/home/joshuawarren/src/mlx-omarchy/.work/mlx/mlx/error.h:28:37: warning: 'std::shared_ptr<_Tp> std::atomic_load(const shared_ptr<_Tp>*) [with _Tp = __cxx11::basic_string<char>]' is deprecated: use 'std::atomic<std::shared_ptr<T>>' instead [-Wdeprecated-declarations]
   28 |       Message msg = std::atomic_load(&ptr->message_);
      |                     ~~~~~~~~~~~~~~~~^~~~~~~~~~~~~~~~
/usr/include/c++/16.1.1/bits/shared_ptr_atomic.h:142:5: note: declared here
  142 |     atomic_load(const shared_ptr<_Tp>* __p)
      |     ^~~~~~~~~~~
/home/joshuawarren/src/mlx-omarchy/.work/mlx/mlx/error.h: In member function 'void mlx::core::Error::check()':
/home/joshuawarren/src/mlx-omarchy/.work/mlx/mlx/error.h:39:36: warning: 'std::shared_ptr<_Tp> std::atomic_exchange(shared_ptr<_Tp>*, shared_ptr<_Tp>) [with _Tp = __cxx11::basic_string<char>]' is deprecated: use 'std::atomic<std::shared_ptr<T>>' instead [-Wdeprecated-declarations]
   39 |     auto msg = std::atomic_exchange(&message_, {});
      |                ~~~~~~~~~~~~~~~~~~~~^~~~~~~~~~~~~~~
/usr/include/c++/16.1.1/bits/shared_ptr_atomic.h:225:5: note: declared here
  225 |     atomic_exchange(shared_ptr<_Tp>* __p, shared_ptr<_Tp> __r)
      |     ^~~~~~~~~~~~~~~
[ 90%] Building CXX object CMakeFiles/mlx.dir/mlx/primitives.cpp.o
[ 91%] Building CXX object CMakeFiles/mlx.dir/mlx/random.cpp.o
[ 91%] Building CXX object CMakeFiles/mlx.dir/mlx/scheduler.cpp.o
In file included from /home/joshuawarren/src/mlx-omarchy/.work/mlx/mlx/event.h:8,
                 from /home/joshuawarren/src/mlx-omarchy/.work/mlx/mlx/array.h:14,
                 from /home/joshuawarren/src/mlx-omarchy/.work/mlx/mlx/backend/common/utils.h:9,
                 from /home/joshuawarren/src/mlx-omarchy/.work/mlx/mlx/primitives.cpp:13:
/home/joshuawarren/src/mlx-omarchy/.work/mlx/mlx/error.h: In member function 'void mlx::core::Error::set_message(Message)':
/home/joshuawarren/src/mlx-omarchy/.work/mlx/mlx/error.h:17:22: warning: 'void std::atomic_store(shared_ptr<_Tp>*, shared_ptr<_Tp>) [with _Tp = __cxx11::basic_string<char>]' is deprecated: use 'std::atomic<std::shared_ptr<T>>' instead [-Wdeprecated-declarations]
   17 |     std::atomic_store(&message_, std::move(msg));
      |     ~~~~~~~~~~~~~~~~~^~~~~~~~~~~~~~~~~~~~~~~~~~~
In file included from /usr/include/c++/16.1.1/memory:83,
                 from /home/joshuawarren/src/mlx-omarchy/.work/mlx/mlx/array.h:7:
/usr/include/c++/16.1.1/bits/shared_ptr_atomic.h:183:5: note: declared here
  183 |     atomic_store(shared_ptr<_Tp>* __p, shared_ptr<_Tp> __r)
      |     ^~~~~~~~~~~~
/home/joshuawarren/src/mlx-omarchy/.work/mlx/mlx/error.h: In member function 'bool mlx::core::Error::valid() const':
/home/joshuawarren/src/mlx-omarchy/.work/mlx/mlx/error.h:21:32: warning: 'std::shared_ptr<_Tp> std::atomic_load(const shared_ptr<_Tp>*) [with _Tp = __cxx11::basic_string<char>]' is deprecated: use 'std::atomic<std::shared_ptr<T>>' instead [-Wdeprecated-declarations]
   21 |     auto msg = std::atomic_load(&message_);
      |                ~~~~~~~~~~~~~~~~^~~~~~~~~~~
/usr/include/c++/16.1.1/bits/shared_ptr_atomic.h:142:5: note: declared here
  142 |     atomic_load(const shared_ptr<_Tp>* __p)
      |     ^~~~~~~~~~~
/home/joshuawarren/src/mlx-omarchy/.work/mlx/mlx/error.h: In member function 'bool mlx::core::Error::store_if_valid(const mlx::core::Error*)':
/home/joshuawarren/src/mlx-omarchy/.work/mlx/mlx/error.h:28:37: warning: 'std::shared_ptr<_Tp> std::atomic_load(const shared_ptr<_Tp>*) [with _Tp = __cxx11::basic_string<char>]' is deprecated: use 'std::atomic<std::shared_ptr<T>>' instead [-Wdeprecated-declarations]
   28 |       Message msg = std::atomic_load(&ptr->message_);
      |                     ~~~~~~~~~~~~~~~~^~~~~~~~~~~~~~~~
/usr/include/c++/16.1.1/bits/shared_ptr_atomic.h:142:5: note: declared here
  142 |     atomic_load(const shared_ptr<_Tp>* __p)
      |     ^~~~~~~~~~~
/home/joshuawarren/src/mlx-omarchy/.work/mlx/mlx/error.h: In member function 'void mlx::core::Error::check()':
/home/joshuawarren/src/mlx-omarchy/.work/mlx/mlx/error.h:39:36: warning: 'std::shared_ptr<_Tp> std::atomic_exchange(shared_ptr<_Tp>*, shared_ptr<_Tp>) [with _Tp = __cxx11::basic_string<char>]' is deprecated: use 'std::atomic<std::shared_ptr<T>>' instead [-Wdeprecated-declarations]
   39 |     auto msg = std::atomic_exchange(&message_, {});
      |                ~~~~~~~~~~~~~~~~~~~~^~~~~~~~~~~~~~~
/usr/include/c++/16.1.1/bits/shared_ptr_atomic.h:225:5: note: declared here
  225 |     atomic_exchange(shared_ptr<_Tp>* __p, shared_ptr<_Tp> __r)
      |     ^~~~~~~~~~~~~~~
In file included from /home/joshuawarren/src/mlx-omarchy/.work/mlx/mlx/event.h:8,
                 from /home/joshuawarren/src/mlx-omarchy/.work/mlx/mlx/array.h:14,
                 from /home/joshuawarren/src/mlx-omarchy/.work/mlx/mlx/linalg.h:8,
                 from /home/joshuawarren/src/mlx-omarchy/.work/mlx/mlx/random.cpp:7:
/home/joshuawarren/src/mlx-omarchy/.work/mlx/mlx/error.h: In member function 'void mlx::core::Error::set_message(Message)':
/home/joshuawarren/src/mlx-omarchy/.work/mlx/mlx/error.h:17:22: warning: 'void std::atomic_store(shared_ptr<_Tp>*, shared_ptr<_Tp>) [with _Tp = __cxx11::basic_string<char>]' is deprecated: use 'std::atomic<std::shared_ptr<T>>' instead [-Wdeprecated-declarations]
   17 |     std::atomic_store(&message_, std::move(msg));
      |     ~~~~~~~~~~~~~~~~~^~~~~~~~~~~~~~~~~~~~~~~~~~~
In file included from /usr/include/c++/16.1.1/memory:83,
                 from /home/joshuawarren/src/mlx-omarchy/.work/mlx/mlx/array.h:7:
/usr/include/c++/16.1.1/bits/shared_ptr_atomic.h:183:5: note: declared here
  183 |     atomic_store(shared_ptr<_Tp>* __p, shared_ptr<_Tp> __r)
      |     ^~~~~~~~~~~~
/home/joshuawarren/src/mlx-omarchy/.work/mlx/mlx/error.h: In member function 'bool mlx::core::Error::valid() const':
/home/joshuawarren/src/mlx-omarchy/.work/mlx/mlx/error.h:21:32: warning: 'std::shared_ptr<_Tp> std::atomic_load(const shared_ptr<_Tp>*) [with _Tp = __cxx11::basic_string<char>]' is deprecated: use 'std::atomic<std::shared_ptr<T>>' instead [-Wdeprecated-declarations]
   21 |     auto msg = std::atomic_load(&message_);
      |                ~~~~~~~~~~~~~~~~^~~~~~~~~~~
/usr/include/c++/16.1.1/bits/shared_ptr_atomic.h:142:5: note: declared here
  142 |     atomic_load(const shared_ptr<_Tp>* __p)
      |     ^~~~~~~~~~~
/home/joshuawarren/src/mlx-omarchy/.work/mlx/mlx/error.h: In member function 'bool mlx::core::Error::store_if_valid(const mlx::core::Error*)':
/home/joshuawarren/src/mlx-omarchy/.work/mlx/mlx/error.h:28:37: warning: 'std::shared_ptr<_Tp> std::atomic_load(const shared_ptr<_Tp>*) [with _Tp = __cxx11::basic_string<char>]' is deprecated: use 'std::atomic<std::shared_ptr<T>>' instead [-Wdeprecated-declarations]
   28 |       Message msg = std::atomic_load(&ptr->message_);
      |                     ~~~~~~~~~~~~~~~~^~~~~~~~~~~~~~~~
/usr/include/c++/16.1.1/bits/shared_ptr_atomic.h:142:5: note: declared here
  142 |     atomic_load(const shared_ptr<_Tp>* __p)
      |     ^~~~~~~~~~~
/home/joshuawarren/src/mlx-omarchy/.work/mlx/mlx/error.h: In member function 'void mlx::core::Error::check()':
/home/joshuawarren/src/mlx-omarchy/.work/mlx/mlx/error.h:39:36: warning: 'std::shared_ptr<_Tp> std::atomic_exchange(shared_ptr<_Tp>*, shared_ptr<_Tp>) [with _Tp = __cxx11::basic_string<char>]' is deprecated: use 'std::atomic<std::shared_ptr<T>>' instead [-Wdeprecated-declarations]
   39 |     auto msg = std::atomic_exchange(&message_, {});
      |                ~~~~~~~~~~~~~~~~~~~~^~~~~~~~~~~~~~~
/usr/include/c++/16.1.1/bits/shared_ptr_atomic.h:225:5: note: declared here
  225 |     atomic_exchange(shared_ptr<_Tp>* __p, shared_ptr<_Tp> __r)
      |     ^~~~~~~~~~~~~~~
[ 91%] Building CXX object CMakeFiles/mlx.dir/mlx/stream.cpp.o
[ 91%] Building CXX object CMakeFiles/mlx.dir/mlx/transforms.cpp.o
In file included from /home/joshuawarren/src/mlx-omarchy/.work/mlx/mlx/event.h:8,
                 from /home/joshuawarren/src/mlx-omarchy/.work/mlx/mlx/array.h:14,
                 from /home/joshuawarren/src/mlx-omarchy/.work/mlx/mlx/backend/cpu/eval.h:5,
                 from /home/joshuawarren/src/mlx-omarchy/.work/mlx/mlx/stream.cpp:5:
/home/joshuawarren/src/mlx-omarchy/.work/mlx/mlx/error.h: In member function 'void mlx::core::Error::set_message(Message)':
/home/joshuawarren/src/mlx-omarchy/.work/mlx/mlx/error.h:17:22: warning: 'void std::atomic_store(shared_ptr<_Tp>*, shared_ptr<_Tp>) [with _Tp = __cxx11::basic_string<char>]' is deprecated: use 'std::atomic<std::shared_ptr<T>>' instead [-Wdeprecated-declarations]
   17 |     std::atomic_store(&message_, std::move(msg));
      |     ~~~~~~~~~~~~~~~~~^~~~~~~~~~~~~~~~~~~~~~~~~~~
In file included from /usr/include/c++/16.1.1/memory:83,
                 from /home/joshuawarren/src/mlx-omarchy/.work/mlx/mlx/array.h:7:
/usr/include/c++/16.1.1/bits/shared_ptr_atomic.h:183:5: note: declared here
  183 |     atomic_store(shared_ptr<_Tp>* __p, shared_ptr<_Tp> __r)
      |     ^~~~~~~~~~~~
/home/joshuawarren/src/mlx-omarchy/.work/mlx/mlx/error.h: In member function 'bool mlx::core::Error::valid() const':
/home/joshuawarren/src/mlx-omarchy/.work/mlx/mlx/error.h:21:32: warning: 'std::shared_ptr<_Tp> std::atomic_load(const shared_ptr<_Tp>*) [with _Tp = __cxx11::basic_string<char>]' is deprecated: use 'std::atomic<std::shared_ptr<T>>' instead [-Wdeprecated-declarations]
   21 |     auto msg = std::atomic_load(&message_);
      |                ~~~~~~~~~~~~~~~~^~~~~~~~~~~
/usr/include/c++/16.1.1/bits/shared_ptr_atomic.h:142:5: note: declared here
  142 |     atomic_load(const shared_ptr<_Tp>* __p)
      |     ^~~~~~~~~~~
/home/joshuawarren/src/mlx-omarchy/.work/mlx/mlx/error.h: In member function 'bool mlx::core::Error::store_if_valid(const mlx::core::Error*)':
/home/joshuawarren/src/mlx-omarchy/.work/mlx/mlx/error.h:28:37: warning: 'std::shared_ptr<_Tp> std::atomic_load(const shared_ptr<_Tp>*) [with _Tp = __cxx11::basic_string<char>]' is deprecated: use 'std::atomic<std::shared_ptr<T>>' instead [-Wdeprecated-declarations]
   28 |       Message msg = std::atomic_load(&ptr->message_);
      |                     ~~~~~~~~~~~~~~~~^~~~~~~~~~~~~~~~
/usr/include/c++/16.1.1/bits/shared_ptr_atomic.h:142:5: note: declared here
  142 |     atomic_load(const shared_ptr<_Tp>* __p)
      |     ^~~~~~~~~~~
/home/joshuawarren/src/mlx-omarchy/.work/mlx/mlx/error.h: In member function 'void mlx::core::Error::check()':
/home/joshuawarren/src/mlx-omarchy/.work/mlx/mlx/error.h:39:36: warning: 'std::shared_ptr<_Tp> std::atomic_exchange(shared_ptr<_Tp>*, shared_ptr<_Tp>) [with _Tp = __cxx11::basic_string<char>]' is deprecated: use 'std::atomic<std::shared_ptr<T>>' instead [-Wdeprecated-declarations]
   39 |     auto msg = std::atomic_exchange(&message_, {});
      |                ~~~~~~~~~~~~~~~~~~~~^~~~~~~~~~~~~~~
/usr/include/c++/16.1.1/bits/shared_ptr_atomic.h:225:5: note: declared here
  225 |     atomic_exchange(shared_ptr<_Tp>* __p, shared_ptr<_Tp> __r)
      |     ^~~~~~~~~~~~~~~
In file included from /home/joshuawarren/src/mlx-omarchy/.work/mlx/mlx/event.h:8,
                 from /home/joshuawarren/src/mlx-omarchy/.work/mlx/mlx/array.h:14,
                 from /home/joshuawarren/src/mlx-omarchy/.work/mlx/mlx/backend/cpu/eval.h:5,
                 from /home/joshuawarren/src/mlx-omarchy/.work/mlx/mlx/scheduler.cpp:6:
/home/joshuawarren/src/mlx-omarchy/.work/mlx/mlx/error.h: In member function 'void mlx::core::Error::set_message(Message)':
/home/joshuawarren/src/mlx-omarchy/.work/mlx/mlx/error.h:17:22: warning: 'void std::atomic_store(shared_ptr<_Tp>*, shared_ptr<_Tp>) [with _Tp = __cxx11::basic_string<char>]' is deprecated: use 'std::atomic<std::shared_ptr<T>>' instead [-Wdeprecated-declarations]
   17 |     std::atomic_store(&message_, std::move(msg));
      |     ~~~~~~~~~~~~~~~~~^~~~~~~~~~~~~~~~~~~~~~~~~~~
In file included from /usr/include/c++/16.1.1/memory:83,
                 from /home/joshuawarren/src/mlx-omarchy/.work/mlx/mlx/array.h:7:
/usr/include/c++/16.1.1/bits/shared_ptr_atomic.h:183:5: note: declared here
  183 |     atomic_store(shared_ptr<_Tp>* __p, shared_ptr<_Tp> __r)
      |     ^~~~~~~~~~~~
/home/joshuawarren/src/mlx-omarchy/.work/mlx/mlx/error.h: In member function 'bool mlx::core::Error::valid() const':
/home/joshuawarren/src/mlx-omarchy/.work/mlx/mlx/error.h:21:32: warning: 'std::shared_ptr<_Tp> std::atomic_load(const shared_ptr<_Tp>*) [with _Tp = __cxx11::basic_string<char>]' is deprecated: use 'std::atomic<std::shared_ptr<T>>' instead [-Wdeprecated-declarations]
   21 |     auto msg = std::atomic_load(&message_);
      |                ~~~~~~~~~~~~~~~~^~~~~~~~~~~
/usr/include/c++/16.1.1/bits/shared_ptr_atomic.h:142:5: note: declared here
  142 |     atomic_load(const shared_ptr<_Tp>* __p)
      |     ^~~~~~~~~~~
/home/joshuawarren/src/mlx-omarchy/.work/mlx/mlx/error.h: In member function 'bool mlx::core::Error::store_if_valid(const mlx::core::Error*)':
/home/joshuawarren/src/mlx-omarchy/.work/mlx/mlx/error.h:28:37: warning: 'std::shared_ptr<_Tp> std::atomic_load(const shared_ptr<_Tp>*) [with _Tp = __cxx11::basic_string<char>]' is deprecated: use 'std::atomic<std::shared_ptr<T>>' instead [-Wdeprecated-declarations]
   28 |       Message msg = std::atomic_load(&ptr->message_);
      |                     ~~~~~~~~~~~~~~~~^~~~~~~~~~~~~~~~
/usr/include/c++/16.1.1/bits/shared_ptr_atomic.h:142:5: note: declared here
  142 |     atomic_load(const shared_ptr<_Tp>* __p)
      |     ^~~~~~~~~~~
/home/joshuawarren/src/mlx-omarchy/.work/mlx/mlx/error.h: In member function 'void mlx::core::Error::check()':
/home/joshuawarren/src/mlx-omarchy/.work/mlx/mlx/error.h:39:36: warning: 'std::shared_ptr<_Tp> std::atomic_exchange(shared_ptr<_Tp>*, shared_ptr<_Tp>) [with _Tp = __cxx11::basic_string<char>]' is deprecated: use 'std::atomic<std::shared_ptr<T>>' instead [-Wdeprecated-declarations]
   39 |     auto msg = std::atomic_exchange(&message_, {});
      |                ~~~~~~~~~~~~~~~~~~~~^~~~~~~~~~~~~~~
/usr/include/c++/16.1.1/bits/shared_ptr_atomic.h:225:5: note: declared here
  225 |     atomic_exchange(shared_ptr<_Tp>* __p, shared_ptr<_Tp> __r)
      |     ^~~~~~~~~~~~~~~
[ 91%] Building CXX object CMakeFiles/mlx.dir/mlx/utils.cpp.o
[ 91%] Building CXX object CMakeFiles/mlx.dir/mlx/linalg.cpp.o
In file included from /home/joshuawarren/src/mlx-omarchy/.work/mlx/mlx/event.h:8,
                 from /home/joshuawarren/src/mlx-omarchy/.work/mlx/mlx/array.h:14,
                 from /home/joshuawarren/src/mlx-omarchy/.work/mlx/mlx/utils.h:14,
                 from /home/joshuawarren/src/mlx-omarchy/.work/mlx/mlx/dtype_utils.h:8,
                 from /home/joshuawarren/src/mlx-omarchy/.work/mlx/mlx/utils.cpp:10:
/home/joshuawarren/src/mlx-omarchy/.work/mlx/mlx/error.h: In member function 'void mlx::core::Error::set_message(Message)':
/home/joshuawarren/src/mlx-omarchy/.work/mlx/mlx/error.h:17:22: warning: 'void std::atomic_store(shared_ptr<_Tp>*, shared_ptr<_Tp>) [with _Tp = __cxx11::basic_string<char>]' is deprecated: use 'std::atomic<std::shared_ptr<T>>' instead [-Wdeprecated-declarations]
   17 |     std::atomic_store(&message_, std::move(msg));
      |     ~~~~~~~~~~~~~~~~~^~~~~~~~~~~~~~~~~~~~~~~~~~~
In file included from /usr/include/c++/16.1.1/memory:83,
                 from /home/joshuawarren/src/mlx-omarchy/.work/mlx/mlx/array.h:7:
/usr/include/c++/16.1.1/bits/shared_ptr_atomic.h:183:5: note: declared here
  183 |     atomic_store(shared_ptr<_Tp>* __p, shared_ptr<_Tp> __r)
      |     ^~~~~~~~~~~~
/home/joshuawarren/src/mlx-omarchy/.work/mlx/mlx/error.h: In member function 'bool mlx::core::Error::valid() const':
/home/joshuawarren/src/mlx-omarchy/.work/mlx/mlx/error.h:21:32: warning: 'std::shared_ptr<_Tp> std::atomic_load(const shared_ptr<_Tp>*) [with _Tp = __cxx11::basic_string<char>]' is deprecated: use 'std::atomic<std::shared_ptr<T>>' instead [-Wdeprecated-declarations]
   21 |     auto msg = std::atomic_load(&message_);
      |                ~~~~~~~~~~~~~~~~^~~~~~~~~~~
/usr/include/c++/16.1.1/bits/shared_ptr_atomic.h:142:5: note: declared here
  142 |     atomic_load(const shared_ptr<_Tp>* __p)
      |     ^~~~~~~~~~~
/home/joshuawarren/src/mlx-omarchy/.work/mlx/mlx/error.h: In member function 'bool mlx::core::Error::store_if_valid(const mlx::core::Error*)':
/home/joshuawarren/src/mlx-omarchy/.work/mlx/mlx/error.h:28:37: warning: 'std::shared_ptr<_Tp> std::atomic_load(const shared_ptr<_Tp>*) [with _Tp = __cxx11::basic_string<char>]' is deprecated: use 'std::atomic<std::shared_ptr<T>>' instead [-Wdeprecated-declarations]
   28 |       Message msg = std::atomic_load(&ptr->message_);
      |                     ~~~~~~~~~~~~~~~~^~~~~~~~~~~~~~~~
/usr/include/c++/16.1.1/bits/shared_ptr_atomic.h:142:5: note: declared here
  142 |     atomic_load(const shared_ptr<_Tp>* __p)
      |     ^~~~~~~~~~~
/home/joshuawarren/src/mlx-omarchy/.work/mlx/mlx/error.h: In member function 'void mlx::core::Error::check()':
/home/joshuawarren/src/mlx-omarchy/.work/mlx/mlx/error.h:39:36: warning: 'std::shared_ptr<_Tp> std::atomic_exchange(shared_ptr<_Tp>*, shared_ptr<_Tp>) [with _Tp = __cxx11::basic_string<char>]' is deprecated: use 'std::atomic<std::shared_ptr<T>>' instead [-Wdeprecated-declarations]
   39 |     auto msg = std::atomic_exchange(&message_, {});
      |                ~~~~~~~~~~~~~~~~~~~~^~~~~~~~~~~~~~~
/usr/include/c++/16.1.1/bits/shared_ptr_atomic.h:225:5: note: declared here
  225 |     atomic_exchange(shared_ptr<_Tp>* __p, shared_ptr<_Tp> __r)
      |     ^~~~~~~~~~~~~~~
[ 91%] Building CXX object CMakeFiles/mlx.dir/mlx/memory.cpp.o
In file included from /home/joshuawarren/src/mlx-omarchy/.work/mlx/mlx/event.h:8,
                 from /home/joshuawarren/src/mlx-omarchy/.work/mlx/mlx/array.h:14,
                 from /home/joshuawarren/src/mlx-omarchy/.work/mlx/mlx/backend/cpu/eval.h:5,
                 from /home/joshuawarren/src/mlx-omarchy/.work/mlx/mlx/transforms.cpp:12:
/home/joshuawarren/src/mlx-omarchy/.work/mlx/mlx/error.h: In member function 'void mlx::core::Error::set_message(Message)':
/home/joshuawarren/src/mlx-omarchy/.work/mlx/mlx/error.h:17:22: warning: 'void std::atomic_store(shared_ptr<_Tp>*, shared_ptr<_Tp>) [with _Tp = __cxx11::basic_string<char>]' is deprecated: use 'std::atomic<std::shared_ptr<T>>' instead [-Wdeprecated-declarations]
   17 |     std::atomic_store(&message_, std::move(msg));
      |     ~~~~~~~~~~~~~~~~~^~~~~~~~~~~~~~~~~~~~~~~~~~~
In file included from /usr/include/c++/16.1.1/memory:83,
                 from /home/joshuawarren/src/mlx-omarchy/.work/mlx/mlx/array.h:7:
/usr/include/c++/16.1.1/bits/shared_ptr_atomic.h:183:5: note: declared here
  183 |     atomic_store(shared_ptr<_Tp>* __p, shared_ptr<_Tp> __r)
      |     ^~~~~~~~~~~~
/home/joshuawarren/src/mlx-omarchy/.work/mlx/mlx/error.h: In member function 'bool mlx::core::Error::valid() const':
/home/joshuawarren/src/mlx-omarchy/.work/mlx/mlx/error.h:21:32: warning: 'std::shared_ptr<_Tp> std::atomic_load(const shared_ptr<_Tp>*) [with _Tp = __cxx11::basic_string<char>]' is deprecated: use 'std::atomic<std::shared_ptr<T>>' instead [-Wdeprecated-declarations]
   21 |     auto msg = std::atomic_load(&message_);
      |                ~~~~~~~~~~~~~~~~^~~~~~~~~~~
/usr/include/c++/16.1.1/bits/shared_ptr_atomic.h:142:5: note: declared here
  142 |     atomic_load(const shared_ptr<_Tp>* __p)
      |     ^~~~~~~~~~~
/home/joshuawarren/src/mlx-omarchy/.work/mlx/mlx/error.h: In member function 'bool mlx::core::Error::store_if_valid(const mlx::core::Error*)':
/home/joshuawarren/src/mlx-omarchy/.work/mlx/mlx/error.h:28:37: warning: 'std::shared_ptr<_Tp> std::atomic_load(const shared_ptr<_Tp>*) [with _Tp = __cxx11::basic_string<char>]' is deprecated: use 'std::atomic<std::shared_ptr<T>>' instead [-Wdeprecated-declarations]
   28 |       Message msg = std::atomic_load(&ptr->message_);
      |                     ~~~~~~~~~~~~~~~~^~~~~~~~~~~~~~~~
/usr/include/c++/16.1.1/bits/shared_ptr_atomic.h:142:5: note: declared here
  142 |     atomic_load(const shared_ptr<_Tp>* __p)
      |     ^~~~~~~~~~~
/home/joshuawarren/src/mlx-omarchy/.work/mlx/mlx/error.h: In member function 'void mlx::core::Error::check()':
/home/joshuawarren/src/mlx-omarchy/.work/mlx/mlx/error.h:39:36: warning: 'std::shared_ptr<_Tp> std::atomic_exchange(shared_ptr<_Tp>*, shared_ptr<_Tp>) [with _Tp = __cxx11::basic_string<char>]' is deprecated: use 'std::atomic<std::shared_ptr<T>>' instead [-Wdeprecated-declarations]
   39 |     auto msg = std::atomic_exchange(&message_, {});
      |                ~~~~~~~~~~~~~~~~~~~~^~~~~~~~~~~~~~~
/usr/include/c++/16.1.1/bits/shared_ptr_atomic.h:225:5: note: declared here
  225 |     atomic_exchange(shared_ptr<_Tp>* __p, shared_ptr<_Tp> __r)
      |     ^~~~~~~~~~~~~~~
In file included from /home/joshuawarren/src/mlx-omarchy/.work/mlx/mlx/event.h:8,
                 from /home/joshuawarren/src/mlx-omarchy/.work/mlx/mlx/array.h:14,
                 from /home/joshuawarren/src/mlx-omarchy/.work/mlx/mlx/linalg.h:8,
                 from /home/joshuawarren/src/mlx-omarchy/.work/mlx/mlx/linalg.cpp:8:
/home/joshuawarren/src/mlx-omarchy/.work/mlx/mlx/error.h: In member function 'void mlx::core::Error::set_message(Message)':
/home/joshuawarren/src/mlx-omarchy/.work/mlx/mlx/error.h:17:22: warning: 'void std::atomic_store(shared_ptr<_Tp>*, shared_ptr<_Tp>) [with _Tp = __cxx11::basic_string<char>]' is deprecated: use 'std::atomic<std::shared_ptr<T>>' instead [-Wdeprecated-declarations]
   17 |     std::atomic_store(&message_, std::move(msg));
      |     ~~~~~~~~~~~~~~~~~^~~~~~~~~~~~~~~~~~~~~~~~~~~
In file included from /usr/include/c++/16.1.1/memory:83,
                 from /home/joshuawarren/src/mlx-omarchy/.work/mlx/mlx/array.h:7:
/usr/include/c++/16.1.1/bits/shared_ptr_atomic.h:183:5: note: declared here
  183 |     atomic_store(shared_ptr<_Tp>* __p, shared_ptr<_Tp> __r)
      |     ^~~~~~~~~~~~
/home/joshuawarren/src/mlx-omarchy/.work/mlx/mlx/error.h: In member function 'bool mlx::core::Error::valid() const':
/home/joshuawarren/src/mlx-omarchy/.work/mlx/mlx/error.h:21:32: warning: 'std::shared_ptr<_Tp> std::atomic_load(const shared_ptr<_Tp>*) [with _Tp = __cxx11::basic_string<char>]' is deprecated: use 'std::atomic<std::shared_ptr<T>>' instead [-Wdeprecated-declarations]
   21 |     auto msg = std::atomic_load(&message_);
      |                ~~~~~~~~~~~~~~~~^~~~~~~~~~~
/usr/include/c++/16.1.1/bits/shared_ptr_atomic.h:142:5: note: declared here
  142 |     atomic_load(const shared_ptr<_Tp>* __p)
      |     ^~~~~~~~~~~
/home/joshuawarren/src/mlx-omarchy/.work/mlx/mlx/error.h: In member function 'bool mlx::core::Error::store_if_valid(const mlx::core::Error*)':
/home/joshuawarren/src/mlx-omarchy/.work/mlx/mlx/error.h:28:37: warning: 'std::shared_ptr<_Tp> std::atomic_load(const shared_ptr<_Tp>*) [with _Tp = __cxx11::basic_string<char>]' is deprecated: use 'std::atomic<std::shared_ptr<T>>' instead [-Wdeprecated-declarations]
   28 |       Message msg = std::atomic_load(&ptr->message_);
      |                     ~~~~~~~~~~~~~~~~^~~~~~~~~~~~~~~~
/usr/include/c++/16.1.1/bits/shared_ptr_atomic.h:142:5: note: declared here
  142 |     atomic_load(const shared_ptr<_Tp>* __p)
      |     ^~~~~~~~~~~
/home/joshuawarren/src/mlx-omarchy/.work/mlx/mlx/error.h: In member function 'void mlx::core::Error::check()':
/home/joshuawarren/src/mlx-omarchy/.work/mlx/mlx/error.h:39:36: warning: 'std::shared_ptr<_Tp> std::atomic_exchange(shared_ptr<_Tp>*, shared_ptr<_Tp>) [with _Tp = __cxx11::basic_string<char>]' is deprecated: use 'std::atomic<std::shared_ptr<T>>' instead [-Wdeprecated-declarations]
   39 |     auto msg = std::atomic_exchange(&message_, {});
      |                ~~~~~~~~~~~~~~~~~~~~^~~~~~~~~~~~~~~
/usr/include/c++/16.1.1/bits/shared_ptr_atomic.h:225:5: note: declared here
  225 |     atomic_exchange(shared_ptr<_Tp>* __p, shared_ptr<_Tp> __r)
      |     ^~~~~~~~~~~~~~~
In file included from /home/joshuawarren/src/mlx-omarchy/.work/mlx/mlx/event.h:8,
                 from /home/joshuawarren/src/mlx-omarchy/.work/mlx/mlx/array.h:14,
                 from /home/joshuawarren/src/mlx-omarchy/.work/mlx/mlx/memory.h:9,
                 from /home/joshuawarren/src/mlx-omarchy/.work/mlx/mlx/memory.cpp:6:
/home/joshuawarren/src/mlx-omarchy/.work/mlx/mlx/error.h: In member function 'void mlx::core::Error::set_message(Message)':
/home/joshuawarren/src/mlx-omarchy/.work/mlx/mlx/error.h:17:22: warning: 'void std::atomic_store(shared_ptr<_Tp>*, shared_ptr<_Tp>) [with _Tp = __cxx11::basic_string<char>]' is deprecated: use 'std::atomic<std::shared_ptr<T>>' instead [-Wdeprecated-declarations]
   17 |     std::atomic_store(&message_, std::move(msg));
      |     ~~~~~~~~~~~~~~~~~^~~~~~~~~~~~~~~~~~~~~~~~~~~
In file included from /usr/include/c++/16.1.1/memory:83,
                 from /home/joshuawarren/src/mlx-omarchy/.work/mlx/mlx/array.h:7:
/usr/include/c++/16.1.1/bits/shared_ptr_atomic.h:183:5: note: declared here
  183 |     atomic_store(shared_ptr<_Tp>* __p, shared_ptr<_Tp> __r)
      |     ^~~~~~~~~~~~
/home/joshuawarren/src/mlx-omarchy/.work/mlx/mlx/error.h: In member function 'bool mlx::core::Error::valid() const':
/home/joshuawarren/src/mlx-omarchy/.work/mlx/mlx/error.h:21:32: warning: 'std::shared_ptr<_Tp> std::atomic_load(const shared_ptr<_Tp>*) [with _Tp = __cxx11::basic_string<char>]' is deprecated: use 'std::atomic<std::shared_ptr<T>>' instead [-Wdeprecated-declarations]
   21 |     auto msg = std::atomic_load(&message_);
      |                ~~~~~~~~~~~~~~~~^~~~~~~~~~~
/usr/include/c++/16.1.1/bits/shared_ptr_atomic.h:142:5: note: declared here
  142 |     atomic_load(const shared_ptr<_Tp>* __p)
      |     ^~~~~~~~~~~
/home/joshuawarren/src/mlx-omarchy/.work/mlx/mlx/error.h: In member function 'bool mlx::core::Error::store_if_valid(const mlx::core::Error*)':
/home/joshuawarren/src/mlx-omarchy/.work/mlx/mlx/error.h:28:37: warning: 'std::shared_ptr<_Tp> std::atomic_load(const shared_ptr<_Tp>*) [with _Tp = __cxx11::basic_string<char>]' is deprecated: use 'std::atomic<std::shared_ptr<T>>' instead [-Wdeprecated-declarations]
   28 |       Message msg = std::atomic_load(&ptr->message_);
      |                     ~~~~~~~~~~~~~~~~^~~~~~~~~~~~~~~~
/usr/include/c++/16.1.1/bits/shared_ptr_atomic.h:142:5: note: declared here
  142 |     atomic_load(const shared_ptr<_Tp>* __p)
      |     ^~~~~~~~~~~
/home/joshuawarren/src/mlx-omarchy/.work/mlx/mlx/error.h: In member function 'void mlx::core::Error::check()':
/home/joshuawarren/src/mlx-omarchy/.work/mlx/mlx/error.h:39:36: warning: 'std::shared_ptr<_Tp> std::atomic_exchange(shared_ptr<_Tp>*, shared_ptr<_Tp>) [with _Tp = __cxx11::basic_string<char>]' is deprecated: use 'std::atomic<std::shared_ptr<T>>' instead [-Wdeprecated-declarations]
   39 |     auto msg = std::atomic_exchange(&message_, {});
      |                ~~~~~~~~~~~~~~~~~~~~^~~~~~~~~~~~~~~
/usr/include/c++/16.1.1/bits/shared_ptr_atomic.h:225:5: note: declared here
  225 |     atomic_exchange(shared_ptr<_Tp>* __p, shared_ptr<_Tp> __r)
      |     ^~~~~~~~~~~~~~~
[ 91%] Building CXX object CMakeFiles/mlx.dir/mlx/backend/common/broadcasting.cpp.o
[ 91%] Building CXX object CMakeFiles/mlx.dir/mlx/backend/common/compiled.cpp.o
In file included from /home/joshuawarren/src/mlx-omarchy/.work/mlx/mlx/event.h:8,
                 from /home/joshuawarren/src/mlx-omarchy/.work/mlx/mlx/array.h:14,
                 from /home/joshuawarren/src/mlx-omarchy/.work/mlx/mlx/backend/common/utils.h:9,
                 from /home/joshuawarren/src/mlx-omarchy/.work/mlx/mlx/backend/common/broadcasting.cpp:3:
/home/joshuawarren/src/mlx-omarchy/.work/mlx/mlx/error.h: In member function 'void mlx::core::Error::set_message(Message)':
/home/joshuawarren/src/mlx-omarchy/.work/mlx/mlx/error.h:17:22: warning: 'void std::atomic_store(shared_ptr<_Tp>*, shared_ptr<_Tp>) [with _Tp = __cxx11::basic_string<char>]' is deprecated: use 'std::atomic<std::shared_ptr<T>>' instead [-Wdeprecated-declarations]
   17 |     std::atomic_store(&message_, std::move(msg));
      |     ~~~~~~~~~~~~~~~~~^~~~~~~~~~~~~~~~~~~~~~~~~~~
In file included from /usr/include/c++/16.1.1/memory:83,
                 from /home/joshuawarren/src/mlx-omarchy/.work/mlx/mlx/array.h:7:
/usr/include/c++/16.1.1/bits/shared_ptr_atomic.h:183:5: note: declared here
  183 |     atomic_store(shared_ptr<_Tp>* __p, shared_ptr<_Tp> __r)
      |     ^~~~~~~~~~~~
/home/joshuawarren/src/mlx-omarchy/.work/mlx/mlx/error.h: In member function 'bool mlx::core::Error::valid() const':
/home/joshuawarren/src/mlx-omarchy/.work/mlx/mlx/error.h:21:32: warning: 'std::shared_ptr<_Tp> std::atomic_load(const shared_ptr<_Tp>*) [with _Tp = __cxx11::basic_string<char>]' is deprecated: use 'std::atomic<std::shared_ptr<T>>' instead [-Wdeprecated-declarations]
   21 |     auto msg = std::atomic_load(&message_);
      |                ~~~~~~~~~~~~~~~~^~~~~~~~~~~
/usr/include/c++/16.1.1/bits/shared_ptr_atomic.h:142:5: note: declared here
  142 |     atomic_load(const shared_ptr<_Tp>* __p)
      |     ^~~~~~~~~~~
/home/joshuawarren/src/mlx-omarchy/.work/mlx/mlx/error.h: In member function 'bool mlx::core::Error::store_if_valid(const mlx::core::Error*)':
/home/joshuawarren/src/mlx-omarchy/.work/mlx/mlx/error.h:28:37: warning: 'std::shared_ptr<_Tp> std::atomic_load(const shared_ptr<_Tp>*) [with _Tp = __cxx11::basic_string<char>]' is deprecated: use 'std::atomic<std::shared_ptr<T>>' instead [-Wdeprecated-declarations]
   28 |       Message msg = std::atomic_load(&ptr->message_);
      |                     ~~~~~~~~~~~~~~~~^~~~~~~~~~~~~~~~
/usr/include/c++/16.1.1/bits/shared_ptr_atomic.h:142:5: note: declared here
  142 |     atomic_load(const shared_ptr<_Tp>* __p)
      |     ^~~~~~~~~~~
/home/joshuawarren/src/mlx-omarchy/.work/mlx/mlx/error.h: In member function 'void mlx::core::Error::check()':
/home/joshuawarren/src/mlx-omarchy/.work/mlx/mlx/error.h:39:36: warning: 'std::shared_ptr<_Tp> std::atomic_exchange(shared_ptr<_Tp>*, shared_ptr<_Tp>) [with _Tp = __cxx11::basic_string<char>]' is deprecated: use 'std::atomic<std::shared_ptr<T>>' instead [-Wdeprecated-declarations]
   39 |     auto msg = std::atomic_exchange(&message_, {});
      |                ~~~~~~~~~~~~~~~~~~~~^~~~~~~~~~~~~~~
/usr/include/c++/16.1.1/bits/shared_ptr_atomic.h:225:5: note: declared here
  225 |     atomic_exchange(shared_ptr<_Tp>* __p, shared_ptr<_Tp> __r)
      |     ^~~~~~~~~~~~~~~
[ 91%] Building CXX object CMakeFiles/mlx.dir/mlx/backend/common/common.cpp.o
In file included from /home/joshuawarren/src/mlx-omarchy/.work/mlx/mlx/event.h:8,
                 from /home/joshuawarren/src/mlx-omarchy/.work/mlx/mlx/array.h:14,
                 from /home/joshuawarren/src/mlx-omarchy/.work/mlx/mlx/backend/common/compiled.h:8,
                 from /home/joshuawarren/src/mlx-omarchy/.work/mlx/mlx/backend/common/compiled.cpp:3:
/home/joshuawarren/src/mlx-omarchy/.work/mlx/mlx/error.h: In member function 'void mlx::core::Error::set_message(Message)':
/home/joshuawarren/src/mlx-omarchy/.work/mlx/mlx/error.h:17:22: warning: 'void std::atomic_store(shared_ptr<_Tp>*, shared_ptr<_Tp>) [with _Tp = __cxx11::basic_string<char>]' is deprecated: use 'std::atomic<std::shared_ptr<T>>' instead [-Wdeprecated-declarations]
   17 |     std::atomic_store(&message_, std::move(msg));
      |     ~~~~~~~~~~~~~~~~~^~~~~~~~~~~~~~~~~~~~~~~~~~~
In file included from /usr/include/c++/16.1.1/memory:83,
                 from /home/joshuawarren/src/mlx-omarchy/.work/mlx/mlx/array.h:7:
/usr/include/c++/16.1.1/bits/shared_ptr_atomic.h:183:5: note: declared here
  183 |     atomic_store(shared_ptr<_Tp>* __p, shared_ptr<_Tp> __r)
      |     ^~~~~~~~~~~~
/home/joshuawarren/src/mlx-omarchy/.work/mlx/mlx/error.h: In member function 'bool mlx::core::Error::valid() const':
/home/joshuawarren/src/mlx-omarchy/.work/mlx/mlx/error.h:21:32: warning: 'std::shared_ptr<_Tp> std::atomic_load(const shared_ptr<_Tp>*) [with _Tp = __cxx11::basic_string<char>]' is deprecated: use 'std::atomic<std::shared_ptr<T>>' instead [-Wdeprecated-declarations]
   21 |     auto msg = std::atomic_load(&message_);
      |                ~~~~~~~~~~~~~~~~^~~~~~~~~~~
/usr/include/c++/16.1.1/bits/shared_ptr_atomic.h:142:5: note: declared here
  142 |     atomic_load(const shared_ptr<_Tp>* __p)
      |     ^~~~~~~~~~~
/home/joshuawarren/src/mlx-omarchy/.work/mlx/mlx/error.h: In member function 'bool mlx::core::Error::store_if_valid(const mlx::core::Error*)':
/home/joshuawarren/src/mlx-omarchy/.work/mlx/mlx/error.h:28:37: warning: 'std::shared_ptr<_Tp> std::atomic_load(const shared_ptr<_Tp>*) [with _Tp = __cxx11::basic_string<char>]' is deprecated: use 'std::atomic<std::shared_ptr<T>>' instead [-Wdeprecated-declarations]
   28 |       Message msg = std::atomic_load(&ptr->message_);
      |                     ~~~~~~~~~~~~~~~~^~~~~~~~~~~~~~~~
/usr/include/c++/16.1.1/bits/shared_ptr_atomic.h:142:5: note: declared here
  142 |     atomic_load(const shared_ptr<_Tp>* __p)
      |     ^~~~~~~~~~~
/home/joshuawarren/src/mlx-omarchy/.work/mlx/mlx/error.h: In member function 'void mlx::core::Error::check()':
/home/joshuawarren/src/mlx-omarchy/.work/mlx/mlx/error.h:39:36: warning: 'std::shared_ptr<_Tp> std::atomic_exchange(shared_ptr<_Tp>*, shared_ptr<_Tp>) [with _Tp = __cxx11::basic_string<char>]' is deprecated: use 'std::atomic<std::shared_ptr<T>>' instead [-Wdeprecated-declarations]
   39 |     auto msg = std::atomic_exchange(&message_, {});
      |                ~~~~~~~~~~~~~~~~~~~~^~~~~~~~~~~~~~~
/usr/include/c++/16.1.1/bits/shared_ptr_atomic.h:225:5: note: declared here
  225 |     atomic_exchange(shared_ptr<_Tp>* __p, shared_ptr<_Tp> __r)
      |     ^~~~~~~~~~~~~~~
[ 92%] Building CXX object CMakeFiles/mlx.dir/mlx/backend/common/load.cpp.o
[ 92%] Building CXX object CMakeFiles/mlx.dir/mlx/backend/common/metal_kernel.cpp.o
In file included from /home/joshuawarren/src/mlx-omarchy/.work/mlx/mlx/event.h:8,
                 from /home/joshuawarren/src/mlx-omarchy/.work/mlx/mlx/array.h:14,
                 from /home/joshuawarren/src/mlx-omarchy/.work/mlx/mlx/backend/common/broadcasting.h:5,
                 from /home/joshuawarren/src/mlx-omarchy/.work/mlx/mlx/backend/common/common.cpp:4:
/home/joshuawarren/src/mlx-omarchy/.work/mlx/mlx/error.h: In member function 'void mlx::core::Error::set_message(Message)':
/home/joshuawarren/src/mlx-omarchy/.work/mlx/mlx/error.h:17:22: warning: 'void std::atomic_store(shared_ptr<_Tp>*, shared_ptr<_Tp>) [with _Tp = __cxx11::basic_string<char>]' is deprecated: use 'std::atomic<std::shared_ptr<T>>' instead [-Wdeprecated-declarations]
   17 |     std::atomic_store(&message_, std::move(msg));
      |     ~~~~~~~~~~~~~~~~~^~~~~~~~~~~~~~~~~~~~~~~~~~~
In file included from /usr/include/c++/16.1.1/memory:83,
                 from /home/joshuawarren/src/mlx-omarchy/.work/mlx/mlx/array.h:7:
/usr/include/c++/16.1.1/bits/shared_ptr_atomic.h:183:5: note: declared here
  183 |     atomic_store(shared_ptr<_Tp>* __p, shared_ptr<_Tp> __r)
      |     ^~~~~~~~~~~~
/home/joshuawarren/src/mlx-omarchy/.work/mlx/mlx/error.h: In member function 'bool mlx::core::Error::valid() const':
/home/joshuawarren/src/mlx-omarchy/.work/mlx/mlx/error.h:21:32: warning: 'std::shared_ptr<_Tp> std::atomic_load(const shared_ptr<_Tp>*) [with _Tp = __cxx11::basic_string<char>]' is deprecated: use 'std::atomic<std::shared_ptr<T>>' instead [-Wdeprecated-declarations]
   21 |     auto msg = std::atomic_load(&message_);
      |                ~~~~~~~~~~~~~~~~^~~~~~~~~~~
/usr/include/c++/16.1.1/bits/shared_ptr_atomic.h:142:5: note: declared here
  142 |     atomic_load(const shared_ptr<_Tp>* __p)
      |     ^~~~~~~~~~~
/home/joshuawarren/src/mlx-omarchy/.work/mlx/mlx/error.h: In member function 'bool mlx::core::Error::store_if_valid(const mlx::core::Error*)':
/home/joshuawarren/src/mlx-omarchy/.work/mlx/mlx/error.h:28:37: warning: 'std::shared_ptr<_Tp> std::atomic_load(const shared_ptr<_Tp>*) [with _Tp = __cxx11::basic_string<char>]' is deprecated: use 'std::atomic<std::shared_ptr<T>>' instead [-Wdeprecated-declarations]
   28 |       Message msg = std::atomic_load(&ptr->message_);
      |                     ~~~~~~~~~~~~~~~~^~~~~~~~~~~~~~~~
/usr/include/c++/16.1.1/bits/shared_ptr_atomic.h:142:5: note: declared here
  142 |     atomic_load(const shared_ptr<_Tp>* __p)
      |     ^~~~~~~~~~~
/home/joshuawarren/src/mlx-omarchy/.work/mlx/mlx/error.h: In member function 'void mlx::core::Error::check()':
/home/joshuawarren/src/mlx-omarchy/.work/mlx/mlx/error.h:39:36: warning: 'std::shared_ptr<_Tp> std::atomic_exchange(shared_ptr<_Tp>*, shared_ptr<_Tp>) [with _Tp = __cxx11::basic_string<char>]' is deprecated: use 'std::atomic<std::shared_ptr<T>>' instead [-Wdeprecated-declarations]
   39 |     auto msg = std::atomic_exchange(&message_, {});
      |                ~~~~~~~~~~~~~~~~~~~~^~~~~~~~~~~~~~~
/usr/include/c++/16.1.1/bits/shared_ptr_atomic.h:225:5: note: declared here
  225 |     atomic_exchange(shared_ptr<_Tp>* __p, shared_ptr<_Tp> __r)
      |     ^~~~~~~~~~~~~~~
[ 92%] Building CXX object CMakeFiles/mlx.dir/mlx/backend/common/reduce.cpp.o
In file included from /home/joshuawarren/src/mlx-omarchy/.work/mlx/mlx/event.h:8,
                 from /home/joshuawarren/src/mlx-omarchy/.work/mlx/mlx/array.h:14,
                 from /home/joshuawarren/src/mlx-omarchy/.work/mlx/mlx/primitives.h:8,
                 from /home/joshuawarren/src/mlx-omarchy/.work/mlx/mlx/backend/common/load.cpp:6:
/home/joshuawarren/src/mlx-omarchy/.work/mlx/mlx/error.h: In member function 'void mlx::core::Error::set_message(Message)':
/home/joshuawarren/src/mlx-omarchy/.work/mlx/mlx/error.h:17:22: warning: 'void std::atomic_store(shared_ptr<_Tp>*, shared_ptr<_Tp>) [with _Tp = __cxx11::basic_string<char>]' is deprecated: use 'std::atomic<std::shared_ptr<T>>' instead [-Wdeprecated-declarations]
   17 |     std::atomic_store(&message_, std::move(msg));
      |     ~~~~~~~~~~~~~~~~~^~~~~~~~~~~~~~~~~~~~~~~~~~~
In file included from /usr/include/c++/16.1.1/memory:83,
                 from /home/joshuawarren/src/mlx-omarchy/.work/mlx/mlx/array.h:7:
/usr/include/c++/16.1.1/bits/shared_ptr_atomic.h:183:5: note: declared here
  183 |     atomic_store(shared_ptr<_Tp>* __p, shared_ptr<_Tp> __r)
      |     ^~~~~~~~~~~~
/home/joshuawarren/src/mlx-omarchy/.work/mlx/mlx/error.h: In member function 'bool mlx::core::Error::valid() const':
/home/joshuawarren/src/mlx-omarchy/.work/mlx/mlx/error.h:21:32: warning: 'std::shared_ptr<_Tp> std::atomic_load(const shared_ptr<_Tp>*) [with _Tp = __cxx11::basic_string<char>]' is deprecated: use 'std::atomic<std::shared_ptr<T>>' instead [-Wdeprecated-declarations]
   21 |     auto msg = std::atomic_load(&message_);
      |                ~~~~~~~~~~~~~~~~^~~~~~~~~~~
/usr/include/c++/16.1.1/bits/shared_ptr_atomic.h:142:5: note: declared here
  142 |     atomic_load(const shared_ptr<_Tp>* __p)
      |     ^~~~~~~~~~~
/home/joshuawarren/src/mlx-omarchy/.work/mlx/mlx/error.h: In member function 'bool mlx::core::Error::store_if_valid(const mlx::core::Error*)':
/home/joshuawarren/src/mlx-omarchy/.work/mlx/mlx/error.h:28:37: warning: 'std::shared_ptr<_Tp> std::atomic_load(const shared_ptr<_Tp>*) [with _Tp = __cxx11::basic_string<char>]' is deprecated: use 'std::atomic<std::shared_ptr<T>>' instead [-Wdeprecated-declarations]
   28 |       Message msg = std::atomic_load(&ptr->message_);
      |                     ~~~~~~~~~~~~~~~~^~~~~~~~~~~~~~~~
/usr/include/c++/16.1.1/bits/shared_ptr_atomic.h:142:5: note: declared here
  142 |     atomic_load(const shared_ptr<_Tp>* __p)
      |     ^~~~~~~~~~~
/home/joshuawarren/src/mlx-omarchy/.work/mlx/mlx/error.h: In member function 'void mlx::core::Error::check()':
/home/joshuawarren/src/mlx-omarchy/.work/mlx/mlx/error.h:39:36: warning: 'std::shared_ptr<_Tp> std::atomic_exchange(shared_ptr<_Tp>*, shared_ptr<_Tp>) [with _Tp = __cxx11::basic_string<char>]' is deprecated: use 'std::atomic<std::shared_ptr<T>>' instead [-Wdeprecated-declarations]
   39 |     auto msg = std::atomic_exchange(&message_, {});
      |                ~~~~~~~~~~~~~~~~~~~~^~~~~~~~~~~~~~~
/usr/include/c++/16.1.1/bits/shared_ptr_atomic.h:225:5: note: declared here
  225 |     atomic_exchange(shared_ptr<_Tp>* __p, shared_ptr<_Tp> __r)
      |     ^~~~~~~~~~~~~~~
[ 92%] Building CXX object CMakeFiles/mlx.dir/mlx/backend/common/slicing.cpp.o
In file included from /home/joshuawarren/src/mlx-omarchy/.work/mlx/mlx/event.h:8,
                 from /home/joshuawarren/src/mlx-omarchy/.work/mlx/mlx/array.h:14,
                 from /home/joshuawarren/src/mlx-omarchy/.work/mlx/mlx/backend/common/compiled.h:8,
                 from /home/joshuawarren/src/mlx-omarchy/.work/mlx/mlx/backend/common/metal_kernel.cpp:6:
/home/joshuawarren/src/mlx-omarchy/.work/mlx/mlx/error.h: In member function 'void mlx::core::Error::set_message(Message)':
/home/joshuawarren/src/mlx-omarchy/.work/mlx/mlx/error.h:17:22: warning: 'void std::atomic_store(shared_ptr<_Tp>*, shared_ptr<_Tp>) [with _Tp = __cxx11::basic_string<char>]' is deprecated: use 'std::atomic<std::shared_ptr<T>>' instead [-Wdeprecated-declarations]
   17 |     std::atomic_store(&message_, std::move(msg));
      |     ~~~~~~~~~~~~~~~~~^~~~~~~~~~~~~~~~~~~~~~~~~~~
In file included from /usr/include/c++/16.1.1/memory:83,
                 from /home/joshuawarren/src/mlx-omarchy/.work/mlx/mlx/array.h:7:
/usr/include/c++/16.1.1/bits/shared_ptr_atomic.h:183:5: note: declared here
  183 |     atomic_store(shared_ptr<_Tp>* __p, shared_ptr<_Tp> __r)
      |     ^~~~~~~~~~~~
/home/joshuawarren/src/mlx-omarchy/.work/mlx/mlx/error.h: In member function 'bool mlx::core::Error::valid() const':
/home/joshuawarren/src/mlx-omarchy/.work/mlx/mlx/error.h:21:32: warning: 'std::shared_ptr<_Tp> std::atomic_load(const shared_ptr<_Tp>*) [with _Tp = __cxx11::basic_string<char>]' is deprecated: use 'std::atomic<std::shared_ptr<T>>' instead [-Wdeprecated-declarations]
   21 |     auto msg = std::atomic_load(&message_);
      |                ~~~~~~~~~~~~~~~~^~~~~~~~~~~
/usr/include/c++/16.1.1/bits/shared_ptr_atomic.h:142:5: note: declared here
  142 |     atomic_load(const shared_ptr<_Tp>* __p)
      |     ^~~~~~~~~~~
/home/joshuawarren/src/mlx-omarchy/.work/mlx/mlx/error.h: In member function 'bool mlx::core::Error::store_if_valid(const mlx::core::Error*)':
/home/joshuawarren/src/mlx-omarchy/.work/mlx/mlx/error.h:28:37: warning: 'std::shared_ptr<_Tp> std::atomic_load(const shared_ptr<_Tp>*) [with _Tp = __cxx11::basic_string<char>]' is deprecated: use 'std::atomic<std::shared_ptr<T>>' instead [-Wdeprecated-declarations]
   28 |       Message msg = std::atomic_load(&ptr->message_);
      |                     ~~~~~~~~~~~~~~~~^~~~~~~~~~~~~~~~
/usr/include/c++/16.1.1/bits/shared_ptr_atomic.h:142:5: note: declared here
  142 |     atomic_load(const shared_ptr<_Tp>* __p)
      |     ^~~~~~~~~~~
/home/joshuawarren/src/mlx-omarchy/.work/mlx/mlx/error.h: In member function 'void mlx::core::Error::check()':
/home/joshuawarren/src/mlx-omarchy/.work/mlx/mlx/error.h:39:36: warning: 'std::shared_ptr<_Tp> std::atomic_exchange(shared_ptr<_Tp>*, shared_ptr<_Tp>) [with _Tp = __cxx11::basic_string<char>]' is deprecated: use 'std::atomic<std::shared_ptr<T>>' instead [-Wdeprecated-declarations]
   39 |     auto msg = std::atomic_exchange(&message_, {});
      |                ~~~~~~~~~~~~~~~~~~~~^~~~~~~~~~~~~~~
/usr/include/c++/16.1.1/bits/shared_ptr_atomic.h:225:5: note: declared here
  225 |     atomic_exchange(shared_ptr<_Tp>* __p, shared_ptr<_Tp> __r)
      |     ^~~~~~~~~~~~~~~
[ 92%] Building CXX object CMakeFiles/mlx.dir/mlx/backend/common/utils.cpp.o
In file included from /home/joshuawarren/src/mlx-omarchy/.work/mlx/mlx/event.h:8,
                 from /home/joshuawarren/src/mlx-omarchy/.work/mlx/mlx/array.h:14,
                 from /home/joshuawarren/src/mlx-omarchy/.work/mlx/mlx/backend/common/utils.h:9,
                 from /home/joshuawarren/src/mlx-omarchy/.work/mlx/mlx/backend/common/reduce.h:5,
                 from /home/joshuawarren/src/mlx-omarchy/.work/mlx/mlx/backend/common/reduce.cpp:3:
/home/joshuawarren/src/mlx-omarchy/.work/mlx/mlx/error.h: In member function 'void mlx::core::Error::set_message(Message)':
/home/joshuawarren/src/mlx-omarchy/.work/mlx/mlx/error.h:17:22: warning: 'void std::atomic_store(shared_ptr<_Tp>*, shared_ptr<_Tp>) [with _Tp = __cxx11::basic_string<char>]' is deprecated: use 'std::atomic<std::shared_ptr<T>>' instead [-Wdeprecated-declarations]
   17 |     std::atomic_store(&message_, std::move(msg));
      |     ~~~~~~~~~~~~~~~~~^~~~~~~~~~~~~~~~~~~~~~~~~~~
In file included from /usr/include/c++/16.1.1/memory:83,
                 from /home/joshuawarren/src/mlx-omarchy/.work/mlx/mlx/array.h:7:
/usr/include/c++/16.1.1/bits/shared_ptr_atomic.h:183:5: note: declared here
  183 |     atomic_store(shared_ptr<_Tp>* __p, shared_ptr<_Tp> __r)
      |     ^~~~~~~~~~~~
/home/joshuawarren/src/mlx-omarchy/.work/mlx/mlx/error.h: In member function 'bool mlx::core::Error::valid() const':
/home/joshuawarren/src/mlx-omarchy/.work/mlx/mlx/error.h:21:32: warning: 'std::shared_ptr<_Tp> std::atomic_load(const shared_ptr<_Tp>*) [with _Tp = __cxx11::basic_string<char>]' is deprecated: use 'std::atomic<std::shared_ptr<T>>' instead [-Wdeprecated-declarations]
   21 |     auto msg = std::atomic_load(&message_);
      |                ~~~~~~~~~~~~~~~~^~~~~~~~~~~
/usr/include/c++/16.1.1/bits/shared_ptr_atomic.h:142:5: note: declared here
  142 |     atomic_load(const shared_ptr<_Tp>* __p)
      |     ^~~~~~~~~~~
/home/joshuawarren/src/mlx-omarchy/.work/mlx/mlx/error.h: In member function 'bool mlx::core::Error::store_if_valid(const mlx::core::Error*)':
/home/joshuawarren/src/mlx-omarchy/.work/mlx/mlx/error.h:28:37: warning: 'std::shared_ptr<_Tp> std::atomic_load(const shared_ptr<_Tp>*) [with _Tp = __cxx11::basic_string<char>]' is deprecated: use 'std::atomic<std::shared_ptr<T>>' instead [-Wdeprecated-declarations]
   28 |       Message msg = std::atomic_load(&ptr->message_);
      |                     ~~~~~~~~~~~~~~~~^~~~~~~~~~~~~~~~
/usr/include/c++/16.1.1/bits/shared_ptr_atomic.h:142:5: note: declared here
  142 |     atomic_load(const shared_ptr<_Tp>* __p)
      |     ^~~~~~~~~~~
/home/joshuawarren/src/mlx-omarchy/.work/mlx/mlx/error.h: In member function 'void mlx::core::Error::check()':
/home/joshuawarren/src/mlx-omarchy/.work/mlx/mlx/error.h:39:36: warning: 'std::shared_ptr<_Tp> std::atomic_exchange(shared_ptr<_Tp>*, shared_ptr<_Tp>) [with _Tp = __cxx11::basic_string<char>]' is deprecated: use 'std::atomic<std::shared_ptr<T>>' instead [-Wdeprecated-declarations]
   39 |     auto msg = std::atomic_exchange(&message_, {});
      |                ~~~~~~~~~~~~~~~~~~~~^~~~~~~~~~~~~~~
/usr/include/c++/16.1.1/bits/shared_ptr_atomic.h:225:5: note: declared here
  225 |     atomic_exchange(shared_ptr<_Tp>* __p, shared_ptr<_Tp> __r)
      |     ^~~~~~~~~~~~~~~
In file included from /home/joshuawarren/src/mlx-omarchy/.work/mlx/mlx/event.h:8,
                 from /home/joshuawarren/src/mlx-omarchy/.work/mlx/mlx/array.h:14,
                 from /home/joshuawarren/src/mlx-omarchy/.work/mlx/mlx/backend/common/utils.h:9,
                 from /home/joshuawarren/src/mlx-omarchy/.work/mlx/mlx/backend/common/slicing.cpp:3:
/home/joshuawarren/src/mlx-omarchy/.work/mlx/mlx/error.h: In member function 'void mlx::core::Error::set_message(Message)':
/home/joshuawarren/src/mlx-omarchy/.work/mlx/mlx/error.h:17:22: warning: 'void std::atomic_store(shared_ptr<_Tp>*, shared_ptr<_Tp>) [with _Tp = __cxx11::basic_string<char>]' is deprecated: use 'std::atomic<std::shared_ptr<T>>' instead [-Wdeprecated-declarations]
   17 |     std::atomic_store(&message_, std::move(msg));
      |     ~~~~~~~~~~~~~~~~~^~~~~~~~~~~~~~~~~~~~~~~~~~~
In file included from /usr/include/c++/16.1.1/memory:83,
                 from /home/joshuawarren/src/mlx-omarchy/.work/mlx/mlx/array.h:7:
/usr/include/c++/16.1.1/bits/shared_ptr_atomic.h:183:5: note: declared here
  183 |     atomic_store(shared_ptr<_Tp>* __p, shared_ptr<_Tp> __r)
      |     ^~~~~~~~~~~~
/home/joshuawarren/src/mlx-omarchy/.work/mlx/mlx/error.h: In member function 'bool mlx::core::Error::valid() const':
/home/joshuawarren/src/mlx-omarchy/.work/mlx/mlx/error.h:21:32: warning: 'std::shared_ptr<_Tp> std::atomic_load(const shared_ptr<_Tp>*) [with _Tp = __cxx11::basic_string<char>]' is deprecated: use 'std::atomic<std::shared_ptr<T>>' instead [-Wdeprecated-declarations]
   21 |     auto msg = std::atomic_load(&message_);
      |                ~~~~~~~~~~~~~~~~^~~~~~~~~~~
/usr/include/c++/16.1.1/bits/shared_ptr_atomic.h:142:5: note: declared here
  142 |     atomic_load(const shared_ptr<_Tp>* __p)
      |     ^~~~~~~~~~~
/home/joshuawarren/src/mlx-omarchy/.work/mlx/mlx/error.h: In member function 'bool mlx::core::Error::store_if_valid(const mlx::core::Error*)':
/home/joshuawarren/src/mlx-omarchy/.work/mlx/mlx/error.h:28:37: warning: 'std::shared_ptr<_Tp> std::atomic_load(const shared_ptr<_Tp>*) [with _Tp = __cxx11::basic_string<char>]' is deprecated: use 'std::atomic<std::shared_ptr<T>>' instead [-Wdeprecated-declarations]
   28 |       Message msg = std::atomic_load(&ptr->message_);
      |                     ~~~~~~~~~~~~~~~~^~~~~~~~~~~~~~~~
/usr/include/c++/16.1.1/bits/shared_ptr_atomic.h:142:5: note: declared here
  142 |     atomic_load(const shared_ptr<_Tp>* __p)
      |     ^~~~~~~~~~~
/home/joshuawarren/src/mlx-omarchy/.work/mlx/mlx/error.h: In member function 'void mlx::core::Error::check()':
/home/joshuawarren/src/mlx-omarchy/.work/mlx/mlx/error.h:39:36: warning: 'std::shared_ptr<_Tp> std::atomic_exchange(shared_ptr<_Tp>*, shared_ptr<_Tp>) [with _Tp = __cxx11::basic_string<char>]' is deprecated: use 'std::atomic<std::shared_ptr<T>>' instead [-Wdeprecated-declarations]
   39 |     auto msg = std::atomic_exchange(&message_, {});
      |                ~~~~~~~~~~~~~~~~~~~~^~~~~~~~~~~~~~~
/usr/include/c++/16.1.1/bits/shared_ptr_atomic.h:225:5: note: declared here
  225 |     atomic_exchange(shared_ptr<_Tp>* __p, shared_ptr<_Tp> __r)
      |     ^~~~~~~~~~~~~~~
[ 92%] Building CXX object CMakeFiles/mlx.dir/mlx/backend/cpu/device_info.cpp.o
In file included from /home/joshuawarren/src/mlx-omarchy/.work/mlx/mlx/event.h:8,
                 from /home/joshuawarren/src/mlx-omarchy/.work/mlx/mlx/array.h:14,
                 from /home/joshuawarren/src/mlx-omarchy/.work/mlx/mlx/backend/common/utils.h:9,
                 from /home/joshuawarren/src/mlx-omarchy/.work/mlx/mlx/backend/common/utils.cpp:6:
/home/joshuawarren/src/mlx-omarchy/.work/mlx/mlx/error.h: In member function 'void mlx::core::Error::set_message(Message)':
/home/joshuawarren/src/mlx-omarchy/.work/mlx/mlx/error.h:17:22: warning: 'void std::atomic_store(shared_ptr<_Tp>*, shared_ptr<_Tp>) [with _Tp = __cxx11::basic_string<char>]' is deprecated: use 'std::atomic<std::shared_ptr<T>>' instead [-Wdeprecated-declarations]
   17 |     std::atomic_store(&message_, std::move(msg));
      |     ~~~~~~~~~~~~~~~~~^~~~~~~~~~~~~~~~~~~~~~~~~~~
In file included from /usr/include/c++/16.1.1/memory:83,
                 from /home/joshuawarren/src/mlx-omarchy/.work/mlx/mlx/array.h:7:
/usr/include/c++/16.1.1/bits/shared_ptr_atomic.h:183:5: note: declared here
  183 |     atomic_store(shared_ptr<_Tp>* __p, shared_ptr<_Tp> __r)
      |     ^~~~~~~~~~~~
/home/joshuawarren/src/mlx-omarchy/.work/mlx/mlx/error.h: In member function 'bool mlx::core::Error::valid() const':
/home/joshuawarren/src/mlx-omarchy/.work/mlx/mlx/error.h:21:32: warning: 'std::shared_ptr<_Tp> std::atomic_load(const shared_ptr<_Tp>*) [with _Tp = __cxx11::basic_string<char>]' is deprecated: use 'std::atomic<std::shared_ptr<T>>' instead [-Wdeprecated-declarations]
   21 |     auto msg = std::atomic_load(&message_);
      |                ~~~~~~~~~~~~~~~~^~~~~~~~~~~
/usr/include/c++/16.1.1/bits/shared_ptr_atomic.h:142:5: note: declared here
  142 |     atomic_load(const shared_ptr<_Tp>* __p)
      |     ^~~~~~~~~~~
/home/joshuawarren/src/mlx-omarchy/.work/mlx/mlx/error.h: In member function 'bool mlx::core::Error::store_if_valid(const mlx::core::Error*)':
/home/joshuawarren/src/mlx-omarchy/.work/mlx/mlx/error.h:28:37: warning: 'std::shared_ptr<_Tp> std::atomic_load(const shared_ptr<_Tp>*) [with _Tp = __cxx11::basic_string<char>]' is deprecated: use 'std::atomic<std::shared_ptr<T>>' instead [-Wdeprecated-declarations]
   28 |       Message msg = std::atomic_load(&ptr->message_);
      |                     ~~~~~~~~~~~~~~~~^~~~~~~~~~~~~~~~
/usr/include/c++/16.1.1/bits/shared_ptr_atomic.h:142:5: note: declared here
  142 |     atomic_load(const shared_ptr<_Tp>* __p)
      |     ^~~~~~~~~~~
/home/joshuawarren/src/mlx-omarchy/.work/mlx/mlx/error.h: In member function 'void mlx::core::Error::check()':
/home/joshuawarren/src/mlx-omarchy/.work/mlx/mlx/error.h:39:36: warning: 'std::shared_ptr<_Tp> std::atomic_exchange(shared_ptr<_Tp>*, shared_ptr<_Tp>) [with _Tp = __cxx11::basic_string<char>]' is deprecated: use 'std::atomic<std::shared_ptr<T>>' instead [-Wdeprecated-declarations]
   39 |     auto msg = std::atomic_exchange(&message_, {});
      |                ~~~~~~~~~~~~~~~~~~~~^~~~~~~~~~~~~~~
/usr/include/c++/16.1.1/bits/shared_ptr_atomic.h:225:5: note: declared here
  225 |     atomic_exchange(shared_ptr<_Tp>* __p, shared_ptr<_Tp> __r)
      |     ^~~~~~~~~~~~~~~
[ 92%] Building CXX object CMakeFiles/mlx.dir/mlx/backend/cpu/arg_reduce.cpp.o
[ 92%] Building CXX object CMakeFiles/mlx.dir/mlx/backend/cpu/binary.cpp.o
[ 92%] Building CXX object CMakeFiles/mlx.dir/mlx/backend/cpu/conv.cpp.o
[ 93%] Building CXX object CMakeFiles/mlx.dir/mlx/backend/cpu/copy.cpp.o
In file included from /home/joshuawarren/src/mlx-omarchy/.work/mlx/mlx/event.h:8,
                 from /home/joshuawarren/src/mlx-omarchy/.work/mlx/mlx/array.h:14,
                 from /home/joshuawarren/src/mlx-omarchy/.work/mlx/mlx/backend/common/utils.h:9,
                 from /home/joshuawarren/src/mlx-omarchy/.work/mlx/mlx/backend/cpu/arg_reduce.cpp:5:
/home/joshuawarren/src/mlx-omarchy/.work/mlx/mlx/error.h: In member function 'void mlx::core::Error::set_message(Message)':
/home/joshuawarren/src/mlx-omarchy/.work/mlx/mlx/error.h:17:22: warning: 'void std::atomic_store(shared_ptr<_Tp>*, shared_ptr<_Tp>) [with _Tp = __cxx11::basic_string<char>]' is deprecated: use 'std::atomic<std::shared_ptr<T>>' instead [-Wdeprecated-declarations]
   17 |     std::atomic_store(&message_, std::move(msg));
      |     ~~~~~~~~~~~~~~~~~^~~~~~~~~~~~~~~~~~~~~~~~~~~
In file included from /usr/include/c++/16.1.1/memory:83,
                 from /home/joshuawarren/src/mlx-omarchy/.work/mlx/mlx/array.h:7:
/usr/include/c++/16.1.1/bits/shared_ptr_atomic.h:183:5: note: declared here
  183 |     atomic_store(shared_ptr<_Tp>* __p, shared_ptr<_Tp> __r)
      |     ^~~~~~~~~~~~
/home/joshuawarren/src/mlx-omarchy/.work/mlx/mlx/error.h: In member function 'bool mlx::core::Error::valid() const':
/home/joshuawarren/src/mlx-omarchy/.work/mlx/mlx/error.h:21:32: warning: 'std::shared_ptr<_Tp> std::atomic_load(const shared_ptr<_Tp>*) [with _Tp = __cxx11::basic_string<char>]' is deprecated: use 'std::atomic<std::shared_ptr<T>>' instead [-Wdeprecated-declarations]
   21 |     auto msg = std::atomic_load(&message_);
      |                ~~~~~~~~~~~~~~~~^~~~~~~~~~~
/usr/include/c++/16.1.1/bits/shared_ptr_atomic.h:142:5: note: declared here
  142 |     atomic_load(const shared_ptr<_Tp>* __p)
      |     ^~~~~~~~~~~
/home/joshuawarren/src/mlx-omarchy/.work/mlx/mlx/error.h: In member function 'bool mlx::core::Error::store_if_valid(const mlx::core::Error*)':
/home/joshuawarren/src/mlx-omarchy/.work/mlx/mlx/error.h:28:37: warning: 'std::shared_ptr<_Tp> std::atomic_load(const shared_ptr<_Tp>*) [with _Tp = __cxx11::basic_string<char>]' is deprecated: use 'std::atomic<std::shared_ptr<T>>' instead [-Wdeprecated-declarations]
   28 |       Message msg = std::atomic_load(&ptr->message_);
      |                     ~~~~~~~~~~~~~~~~^~~~~~~~~~~~~~~~
/usr/include/c++/16.1.1/bits/shared_ptr_atomic.h:142:5: note: declared here
  142 |     atomic_load(const shared_ptr<_Tp>* __p)
      |     ^~~~~~~~~~~
/home/joshuawarren/src/mlx-omarchy/.work/mlx/mlx/error.h: In member function 'void mlx::core::Error::check()':
/home/joshuawarren/src/mlx-omarchy/.work/mlx/mlx/error.h:39:36: warning: 'std::shared_ptr<_Tp> std::atomic_exchange(shared_ptr<_Tp>*, shared_ptr<_Tp>) [with _Tp = __cxx11::basic_string<char>]' is deprecated: use 'std::atomic<std::shared_ptr<T>>' instead [-Wdeprecated-declarations]
   39 |     auto msg = std::atomic_exchange(&message_, {});
      |                ~~~~~~~~~~~~~~~~~~~~^~~~~~~~~~~~~~~
/usr/include/c++/16.1.1/bits/shared_ptr_atomic.h:225:5: note: declared here
  225 |     atomic_exchange(shared_ptr<_Tp>* __p, shared_ptr<_Tp> __r)
      |     ^~~~~~~~~~~~~~~
In file included from /home/joshuawarren/src/mlx-omarchy/.work/mlx/mlx/event.h:8,
                 from /home/joshuawarren/src/mlx-omarchy/.work/mlx/mlx/array.h:14,
                 from /home/joshuawarren/src/mlx-omarchy/.work/mlx/mlx/backend/cpu/copy.h:7,
                 from /home/joshuawarren/src/mlx-omarchy/.work/mlx/mlx/backend/cpu/conv.cpp:6:
/home/joshuawarren/src/mlx-omarchy/.work/mlx/mlx/error.h: In member function 'void mlx::core::Error::set_message(Message)':
/home/joshuawarren/src/mlx-omarchy/.work/mlx/mlx/error.h:17:22: warning: 'void std::atomic_store(shared_ptr<_Tp>*, shared_ptr<_Tp>) [with _Tp = __cxx11::basic_string<char>]' is deprecated: use 'std::atomic<std::shared_ptr<T>>' instead [-Wdeprecated-declarations]
   17 |     std::atomic_store(&message_, std::move(msg));
      |     ~~~~~~~~~~~~~~~~~^~~~~~~~~~~~~~~~~~~~~~~~~~~
In file included from /usr/include/c++/16.1.1/memory:83,
                 from /home/joshuawarren/src/mlx-omarchy/.work/mlx/mlx/array.h:7:
/usr/include/c++/16.1.1/bits/shared_ptr_atomic.h:183:5: note: declared here
  183 |     atomic_store(shared_ptr<_Tp>* __p, shared_ptr<_Tp> __r)
      |     ^~~~~~~~~~~~
/home/joshuawarren/src/mlx-omarchy/.work/mlx/mlx/error.h: In member function 'bool mlx::core::Error::valid() const':
/home/joshuawarren/src/mlx-omarchy/.work/mlx/mlx/error.h:21:32: warning: 'std::shared_ptr<_Tp> std::atomic_load(const shared_ptr<_Tp>*) [with _Tp = __cxx11::basic_string<char>]' is deprecated: use 'std::atomic<std::shared_ptr<T>>' instead [-Wdeprecated-declarations]
   21 |     auto msg = std::atomic_load(&message_);
      |                ~~~~~~~~~~~~~~~~^~~~~~~~~~~
/usr/include/c++/16.1.1/bits/shared_ptr_atomic.h:142:5: note: declared here
  142 |     atomic_load(const shared_ptr<_Tp>* __p)
      |     ^~~~~~~~~~~
/home/joshuawarren/src/mlx-omarchy/.work/mlx/mlx/error.h: In member function 'bool mlx::core::Error::store_if_valid(const mlx::core::Error*)':
/home/joshuawarren/src/mlx-omarchy/.work/mlx/mlx/error.h:28:37: warning: 'std::shared_ptr<_Tp> std::atomic_load(const shared_ptr<_Tp>*) [with _Tp = __cxx11::basic_string<char>]' is deprecated: use 'std::atomic<std::shared_ptr<T>>' instead [-Wdeprecated-declarations]
   28 |       Message msg = std::atomic_load(&ptr->message_);
      |                     ~~~~~~~~~~~~~~~~^~~~~~~~~~~~~~~~
/usr/include/c++/16.1.1/bits/shared_ptr_atomic.h:142:5: note: declared here
  142 |     atomic_load(const shared_ptr<_Tp>* __p)
      |     ^~~~~~~~~~~
/home/joshuawarren/src/mlx-omarchy/.work/mlx/mlx/error.h: In member function 'void mlx::core::Error::check()':
/home/joshuawarren/src/mlx-omarchy/.work/mlx/mlx/error.h:39:36: warning: 'std::shared_ptr<_Tp> std::atomic_exchange(shared_ptr<_Tp>*, shared_ptr<_Tp>) [with _Tp = __cxx11::basic_string<char>]' is deprecated: use 'std::atomic<std::shared_ptr<T>>' instead [-Wdeprecated-declarations]
   39 |     auto msg = std::atomic_exchange(&message_, {});
      |                ~~~~~~~~~~~~~~~~~~~~^~~~~~~~~~~~~~~
/usr/include/c++/16.1.1/bits/shared_ptr_atomic.h:225:5: note: declared here
  225 |     atomic_exchange(shared_ptr<_Tp>* __p, shared_ptr<_Tp> __r)
      |     ^~~~~~~~~~~~~~~
In file included from /home/joshuawarren/src/mlx-omarchy/.work/mlx/mlx/event.h:8,
                 from /home/joshuawarren/src/mlx-omarchy/.work/mlx/mlx/array.h:14,
                 from /home/joshuawarren/src/mlx-omarchy/.work/mlx/mlx/backend/common/utils.h:9,
                 from /home/joshuawarren/src/mlx-omarchy/.work/mlx/mlx/backend/cpu/copy.cpp:6:
/home/joshuawarren/src/mlx-omarchy/.work/mlx/mlx/error.h: In member function 'void mlx::core::Error::set_message(Message)':
/home/joshuawarren/src/mlx-omarchy/.work/mlx/mlx/error.h:17:22: warning: 'void std::atomic_store(shared_ptr<_Tp>*, shared_ptr<_Tp>) [with _Tp = __cxx11::basic_string<char>]' is deprecated: use 'std::atomic<std::shared_ptr<T>>' instead [-Wdeprecated-declarations]
   17 |     std::atomic_store(&message_, std::move(msg));
      |     ~~~~~~~~~~~~~~~~~^~~~~~~~~~~~~~~~~~~~~~~~~~~
In file included from /usr/include/c++/16.1.1/memory:83,
                 from /home/joshuawarren/src/mlx-omarchy/.work/mlx/mlx/array.h:7:
/usr/include/c++/16.1.1/bits/shared_ptr_atomic.h:183:5: note: declared here
  183 |     atomic_store(shared_ptr<_Tp>* __p, shared_ptr<_Tp> __r)
      |     ^~~~~~~~~~~~
/home/joshuawarren/src/mlx-omarchy/.work/mlx/mlx/error.h: In member function 'bool mlx::core::Error::valid() const':
/home/joshuawarren/src/mlx-omarchy/.work/mlx/mlx/error.h:21:32: warning: 'std::shared_ptr<_Tp> std::atomic_load(const shared_ptr<_Tp>*) [with _Tp = __cxx11::basic_string<char>]' is deprecated: use 'std::atomic<std::shared_ptr<T>>' instead [-Wdeprecated-declarations]
   21 |     auto msg = std::atomic_load(&message_);
      |                ~~~~~~~~~~~~~~~~^~~~~~~~~~~
/usr/include/c++/16.1.1/bits/shared_ptr_atomic.h:142:5: note: declared here
  142 |     atomic_load(const shared_ptr<_Tp>* __p)
      |     ^~~~~~~~~~~
/home/joshuawarren/src/mlx-omarchy/.work/mlx/mlx/error.h: In member function 'bool mlx::core::Error::store_if_valid(const mlx::core::Error*)':
/home/joshuawarren/src/mlx-omarchy/.work/mlx/mlx/error.h:28:37: warning: 'std::shared_ptr<_Tp> std::atomic_load(const shared_ptr<_Tp>*) [with _Tp = __cxx11::basic_string<char>]' is deprecated: use 'std::atomic<std::shared_ptr<T>>' instead [-Wdeprecated-declarations]
   28 |       Message msg = std::atomic_load(&ptr->message_);
      |                     ~~~~~~~~~~~~~~~~^~~~~~~~~~~~~~~~
/usr/include/c++/16.1.1/bits/shared_ptr_atomic.h:142:5: note: declared here
  142 |     atomic_load(const shared_ptr<_Tp>* __p)
      |     ^~~~~~~~~~~
/home/joshuawarren/src/mlx-omarchy/.work/mlx/mlx/error.h: In member function 'void mlx::core::Error::check()':
/home/joshuawarren/src/mlx-omarchy/.work/mlx/mlx/error.h:39:36: warning: 'std::shared_ptr<_Tp> std::atomic_exchange(shared_ptr<_Tp>*, shared_ptr<_Tp>) [with _Tp = __cxx11::basic_string<char>]' is deprecated: use 'std::atomic<std::shared_ptr<T>>' instead [-Wdeprecated-declarations]
   39 |     auto msg = std::atomic_exchange(&message_, {});
      |                ~~~~~~~~~~~~~~~~~~~~^~~~~~~~~~~~~~~
/usr/include/c++/16.1.1/bits/shared_ptr_atomic.h:225:5: note: declared here
  225 |     atomic_exchange(shared_ptr<_Tp>* __p, shared_ptr<_Tp> __r)
      |     ^~~~~~~~~~~~~~~
In file included from /home/joshuawarren/src/mlx-omarchy/.work/mlx/mlx/event.h:8,
                 from /home/joshuawarren/src/mlx-omarchy/.work/mlx/mlx/array.h:14,
                 from /home/joshuawarren/src/mlx-omarchy/.work/mlx/mlx/backend/cpu/binary.h:6,
                 from /home/joshuawarren/src/mlx-omarchy/.work/mlx/mlx/backend/cpu/binary.cpp:9:
/home/joshuawarren/src/mlx-omarchy/.work/mlx/mlx/error.h: In member function 'void mlx::core::Error::set_message(Message)':
/home/joshuawarren/src/mlx-omarchy/.work/mlx/mlx/error.h:17:22: warning: 'void std::atomic_store(shared_ptr<_Tp>*, shared_ptr<_Tp>) [with _Tp = __cxx11::basic_string<char>]' is deprecated: use 'std::atomic<std::shared_ptr<T>>' instead [-Wdeprecated-declarations]
   17 |     std::atomic_store(&message_, std::move(msg));
      |     ~~~~~~~~~~~~~~~~~^~~~~~~~~~~~~~~~~~~~~~~~~~~
In file included from /usr/include/c++/16.1.1/memory:83,
                 from /home/joshuawarren/src/mlx-omarchy/.work/mlx/mlx/array.h:7:
/usr/include/c++/16.1.1/bits/shared_ptr_atomic.h:183:5: note: declared here
  183 |     atomic_store(shared_ptr<_Tp>* __p, shared_ptr<_Tp> __r)
      |     ^~~~~~~~~~~~
/home/joshuawarren/src/mlx-omarchy/.work/mlx/mlx/error.h: In member function 'bool mlx::core::Error::valid() const':
/home/joshuawarren/src/mlx-omarchy/.work/mlx/mlx/error.h:21:32: warning: 'std::shared_ptr<_Tp> std::atomic_load(const shared_ptr<_Tp>*) [with _Tp = __cxx11::basic_string<char>]' is deprecated: use 'std::atomic<std::shared_ptr<T>>' instead [-Wdeprecated-declarations]
   21 |     auto msg = std::atomic_load(&message_);
      |                ~~~~~~~~~~~~~~~~^~~~~~~~~~~
/usr/include/c++/16.1.1/bits/shared_ptr_atomic.h:142:5: note: declared here
  142 |     atomic_load(const shared_ptr<_Tp>* __p)
      |     ^~~~~~~~~~~
/home/joshuawarren/src/mlx-omarchy/.work/mlx/mlx/error.h: In member function 'bool mlx::core::Error::store_if_valid(const mlx::core::Error*)':
/home/joshuawarren/src/mlx-omarchy/.work/mlx/mlx/error.h:28:37: warning: 'std::shared_ptr<_Tp> std::atomic_load(const shared_ptr<_Tp>*) [with _Tp = __cxx11::basic_string<char>]' is deprecated: use 'std::atomic<std::shared_ptr<T>>' instead [-Wdeprecated-declarations]
   28 |       Message msg = std::atomic_load(&ptr->message_);
      |                     ~~~~~~~~~~~~~~~~^~~~~~~~~~~~~~~~
/usr/include/c++/16.1.1/bits/shared_ptr_atomic.h:142:5: note: declared here
  142 |     atomic_load(const shared_ptr<_Tp>* __p)
      |     ^~~~~~~~~~~
/home/joshuawarren/src/mlx-omarchy/.work/mlx/mlx/error.h: In member function 'void mlx::core::Error::check()':
/home/joshuawarren/src/mlx-omarchy/.work/mlx/mlx/error.h:39:36: warning: 'std::shared_ptr<_Tp> std::atomic_exchange(shared_ptr<_Tp>*, shared_ptr<_Tp>) [with _Tp = __cxx11::basic_string<char>]' is deprecated: use 'std::atomic<std::shared_ptr<T>>' instead [-Wdeprecated-declarations]
   39 |     auto msg = std::atomic_exchange(&message_, {});
      |                ~~~~~~~~~~~~~~~~~~~~^~~~~~~~~~~~~~~
/usr/include/c++/16.1.1/bits/shared_ptr_atomic.h:225:5: note: declared here
  225 |     atomic_exchange(shared_ptr<_Tp>* __p, shared_ptr<_Tp> __r)
      |     ^~~~~~~~~~~~~~~
[ 93%] Building CXX object CMakeFiles/mlx.dir/mlx/backend/cpu/distributed.cpp.o
In file included from /home/joshuawarren/src/mlx-omarchy/.work/mlx/mlx/event.h:8,
                 from /home/joshuawarren/src/mlx-omarchy/.work/mlx/mlx/array.h:14,
                 from /home/joshuawarren/src/mlx-omarchy/.work/mlx/mlx/backend/cpu/copy.h:7,
                 from /home/joshuawarren/src/mlx-omarchy/.work/mlx/mlx/backend/cpu/distributed.cpp:6:
/home/joshuawarren/src/mlx-omarchy/.work/mlx/mlx/error.h: In member function 'void mlx::core::Error::set_message(Message)':
/home/joshuawarren/src/mlx-omarchy/.work/mlx/mlx/error.h:17:22: warning: 'void std::atomic_store(shared_ptr<_Tp>*, shared_ptr<_Tp>) [with _Tp = __cxx11::basic_string<char>]' is deprecated: use 'std::atomic<std::shared_ptr<T>>' instead [-Wdeprecated-declarations]
   17 |     std::atomic_store(&message_, std::move(msg));
      |     ~~~~~~~~~~~~~~~~~^~~~~~~~~~~~~~~~~~~~~~~~~~~
In file included from /usr/include/c++/16.1.1/memory:83,
                 from /home/joshuawarren/src/mlx-omarchy/.work/mlx/mlx/array.h:7:
/usr/include/c++/16.1.1/bits/shared_ptr_atomic.h:183:5: note: declared here
  183 |     atomic_store(shared_ptr<_Tp>* __p, shared_ptr<_Tp> __r)
      |     ^~~~~~~~~~~~
/home/joshuawarren/src/mlx-omarchy/.work/mlx/mlx/error.h: In member function 'bool mlx::core::Error::valid() const':
/home/joshuawarren/src/mlx-omarchy/.work/mlx/mlx/error.h:21:32: warning: 'std::shared_ptr<_Tp> std::atomic_load(const shared_ptr<_Tp>*) [with _Tp = __cxx11::basic_string<char>]' is deprecated: use 'std::atomic<std::shared_ptr<T>>' instead [-Wdeprecated-declarations]
   21 |     auto msg = std::atomic_load(&message_);
      |                ~~~~~~~~~~~~~~~~^~~~~~~~~~~
/usr/include/c++/16.1.1/bits/shared_ptr_atomic.h:142:5: note: declared here
  142 |     atomic_load(const shared_ptr<_Tp>* __p)
      |     ^~~~~~~~~~~
/home/joshuawarren/src/mlx-omarchy/.work/mlx/mlx/error.h: In member function 'bool mlx::core::Error::store_if_valid(const mlx::core::Error*)':
/home/joshuawarren/src/mlx-omarchy/.work/mlx/mlx/error.h:28:37: warning: 'std::shared_ptr<_Tp> std::atomic_load(const shared_ptr<_Tp>*) [with _Tp = __cxx11::basic_string<char>]' is deprecated: use 'std::atomic<std::shared_ptr<T>>' instead [-Wdeprecated-declarations]
   28 |       Message msg = std::atomic_load(&ptr->message_);
      |                     ~~~~~~~~~~~~~~~~^~~~~~~~~~~~~~~~
/usr/include/c++/16.1.1/bits/shared_ptr_atomic.h:142:5: note: declared here
  142 |     atomic_load(const shared_ptr<_Tp>* __p)
      |     ^~~~~~~~~~~
/home/joshuawarren/src/mlx-omarchy/.work/mlx/mlx/error.h: In member function 'void mlx::core::Error::check()':
/home/joshuawarren/src/mlx-omarchy/.work/mlx/mlx/error.h:39:36: warning: 'std::shared_ptr<_Tp> std::atomic_exchange(shared_ptr<_Tp>*, shared_ptr<_Tp>) [with _Tp = __cxx11::basic_string<char>]' is deprecated: use 'std::atomic<std::shared_ptr<T>>' instead [-Wdeprecated-declarations]
   39 |     auto msg = std::atomic_exchange(&message_, {});
      |                ~~~~~~~~~~~~~~~~~~~~^~~~~~~~~~~~~~~
/usr/include/c++/16.1.1/bits/shared_ptr_atomic.h:225:5: note: declared here
  225 |     atomic_exchange(shared_ptr<_Tp>* __p, shared_ptr<_Tp> __r)
      |     ^~~~~~~~~~~~~~~
[ 93%] Building CXX object CMakeFiles/mlx.dir/mlx/backend/cpu/eigh.cpp.o
[ 93%] Building CXX object CMakeFiles/mlx.dir/mlx/backend/cpu/eig.cpp.o
In file included from /home/joshuawarren/src/mlx-omarchy/.work/mlx/mlx/event.h:8,
                 from /home/joshuawarren/src/mlx-omarchy/.work/mlx/mlx/array.h:14,
                 from /home/joshuawarren/src/mlx-omarchy/.work/mlx/mlx/backend/cpu/eigh.cpp:4:
/home/joshuawarren/src/mlx-omarchy/.work/mlx/mlx/error.h: In member function 'void mlx::core::Error::set_message(Message)':
/home/joshuawarren/src/mlx-omarchy/.work/mlx/mlx/error.h:17:22: warning: 'void std::atomic_store(shared_ptr<_Tp>*, shared_ptr<_Tp>) [with _Tp = __cxx11::basic_string<char>]' is deprecated: use 'std::atomic<std::shared_ptr<T>>' instead [-Wdeprecated-declarations]
   17 |     std::atomic_store(&message_, std::move(msg));
      |     ~~~~~~~~~~~~~~~~~^~~~~~~~~~~~~~~~~~~~~~~~~~~
In file included from /usr/include/c++/16.1.1/memory:83,
                 from /home/joshuawarren/src/mlx-omarchy/.work/mlx/mlx/array.h:7:
/usr/include/c++/16.1.1/bits/shared_ptr_atomic.h:183:5: note: declared here
  183 |     atomic_store(shared_ptr<_Tp>* __p, shared_ptr<_Tp> __r)
      |     ^~~~~~~~~~~~
/home/joshuawarren/src/mlx-omarchy/.work/mlx/mlx/error.h: In member function 'bool mlx::core::Error::valid() const':
/home/joshuawarren/src/mlx-omarchy/.work/mlx/mlx/error.h:21:32: warning: 'std::shared_ptr<_Tp> std::atomic_load(const shared_ptr<_Tp>*) [with _Tp = __cxx11::basic_string<char>]' is deprecated: use 'std::atomic<std::shared_ptr<T>>' instead [-Wdeprecated-declarations]
   21 |     auto msg = std::atomic_load(&message_);
      |                ~~~~~~~~~~~~~~~~^~~~~~~~~~~
/usr/include/c++/16.1.1/bits/shared_ptr_atomic.h:142:5: note: declared here
  142 |     atomic_load(const shared_ptr<_Tp>* __p)
      |     ^~~~~~~~~~~
/home/joshuawarren/src/mlx-omarchy/.work/mlx/mlx/error.h: In member function 'bool mlx::core::Error::store_if_valid(const mlx::core::Error*)':
/home/joshuawarren/src/mlx-omarchy/.work/mlx/mlx/error.h:28:37: warning: 'std::shared_ptr<_Tp> std::atomic_load(const shared_ptr<_Tp>*) [with _Tp = __cxx11::basic_string<char>]' is deprecated: use 'std::atomic<std::shared_ptr<T>>' instead [-Wdeprecated-declarations]
   28 |       Message msg = std::atomic_load(&ptr->message_);
      |                     ~~~~~~~~~~~~~~~~^~~~~~~~~~~~~~~~
/usr/include/c++/16.1.1/bits/shared_ptr_atomic.h:142:5: note: declared here
  142 |     atomic_load(const shared_ptr<_Tp>* __p)
      |     ^~~~~~~~~~~
/home/joshuawarren/src/mlx-omarchy/.work/mlx/mlx/error.h: In member function 'void mlx::core::Error::check()':
/home/joshuawarren/src/mlx-omarchy/.work/mlx/mlx/error.h:39:36: warning: 'std::shared_ptr<_Tp> std::atomic_exchange(shared_ptr<_Tp>*, shared_ptr<_Tp>) [with _Tp = __cxx11::basic_string<char>]' is deprecated: use 'std::atomic<std::shared_ptr<T>>' instead [-Wdeprecated-declarations]
   39 |     auto msg = std::atomic_exchange(&message_, {});
      |                ~~~~~~~~~~~~~~~~~~~~^~~~~~~~~~~~~~~
/usr/include/c++/16.1.1/bits/shared_ptr_atomic.h:225:5: note: declared here
  225 |     atomic_exchange(shared_ptr<_Tp>* __p, shared_ptr<_Tp> __r)
      |     ^~~~~~~~~~~~~~~
[ 93%] Building CXX object CMakeFiles/mlx.dir/mlx/backend/cpu/encoder.cpp.o
In file included from /home/joshuawarren/src/mlx-omarchy/.work/mlx/mlx/event.h:8,
                 from /home/joshuawarren/src/mlx-omarchy/.work/mlx/mlx/array.h:14,
                 from /home/joshuawarren/src/mlx-omarchy/.work/mlx/mlx/backend/cpu/eig.cpp:4:
/home/joshuawarren/src/mlx-omarchy/.work/mlx/mlx/error.h: In member function 'void mlx::core::Error::set_message(Message)':
/home/joshuawarren/src/mlx-omarchy/.work/mlx/mlx/error.h:17:22: warning: 'void std::atomic_store(shared_ptr<_Tp>*, shared_ptr<_Tp>) [with _Tp = __cxx11::basic_string<char>]' is deprecated: use 'std::atomic<std::shared_ptr<T>>' instead [-Wdeprecated-declarations]
   17 |     std::atomic_store(&message_, std::move(msg));
      |     ~~~~~~~~~~~~~~~~~^~~~~~~~~~~~~~~~~~~~~~~~~~~
In file included from /usr/include/c++/16.1.1/memory:83,
                 from /home/joshuawarren/src/mlx-omarchy/.work/mlx/mlx/array.h:7:
/usr/include/c++/16.1.1/bits/shared_ptr_atomic.h:183:5: note: declared here
  183 |     atomic_store(shared_ptr<_Tp>* __p, shared_ptr<_Tp> __r)
      |     ^~~~~~~~~~~~
/home/joshuawarren/src/mlx-omarchy/.work/mlx/mlx/error.h: In member function 'bool mlx::core::Error::valid() const':
/home/joshuawarren/src/mlx-omarchy/.work/mlx/mlx/error.h:21:32: warning: 'std::shared_ptr<_Tp> std::atomic_load(const shared_ptr<_Tp>*) [with _Tp = __cxx11::basic_string<char>]' is deprecated: use 'std::atomic<std::shared_ptr<T>>' instead [-Wdeprecated-declarations]
   21 |     auto msg = std::atomic_load(&message_);
      |                ~~~~~~~~~~~~~~~~^~~~~~~~~~~
/usr/include/c++/16.1.1/bits/shared_ptr_atomic.h:142:5: note: declared here
  142 |     atomic_load(const shared_ptr<_Tp>* __p)
      |     ^~~~~~~~~~~
/home/joshuawarren/src/mlx-omarchy/.work/mlx/mlx/error.h: In member function 'bool mlx::core::Error::store_if_valid(const mlx::core::Error*)':
/home/joshuawarren/src/mlx-omarchy/.work/mlx/mlx/error.h:28:37: warning: 'std::shared_ptr<_Tp> std::atomic_load(const shared_ptr<_Tp>*) [with _Tp = __cxx11::basic_string<char>]' is deprecated: use 'std::atomic<std::shared_ptr<T>>' instead [-Wdeprecated-declarations]
   28 |       Message msg = std::atomic_load(&ptr->message_);
      |                     ~~~~~~~~~~~~~~~~^~~~~~~~~~~~~~~~
/usr/include/c++/16.1.1/bits/shared_ptr_atomic.h:142:5: note: declared here
  142 |     atomic_load(const shared_ptr<_Tp>* __p)
      |     ^~~~~~~~~~~
/home/joshuawarren/src/mlx-omarchy/.work/mlx/mlx/error.h: In member function 'void mlx::core::Error::check()':
/home/joshuawarren/src/mlx-omarchy/.work/mlx/mlx/error.h:39:36: warning: 'std::shared_ptr<_Tp> std::atomic_exchange(shared_ptr<_Tp>*, shared_ptr<_Tp>) [with _Tp = __cxx11::basic_string<char>]' is deprecated: use 'std::atomic<std::shared_ptr<T>>' instead [-Wdeprecated-declarations]
   39 |     auto msg = std::atomic_exchange(&message_, {});
      |                ~~~~~~~~~~~~~~~~~~~~^~~~~~~~~~~~~~~
/usr/include/c++/16.1.1/bits/shared_ptr_atomic.h:225:5: note: declared here
  225 |     atomic_exchange(shared_ptr<_Tp>* __p, shared_ptr<_Tp> __r)
      |     ^~~~~~~~~~~~~~~
[ 93%] Building CXX object CMakeFiles/mlx.dir/mlx/backend/cpu/fft.cpp.o
In file included from /home/joshuawarren/src/mlx-omarchy/.work/mlx/mlx/event.h:8,
                 from /home/joshuawarren/src/mlx-omarchy/.work/mlx/mlx/array.h:14,
                 from /home/joshuawarren/src/mlx-omarchy/.work/mlx/mlx/backend/cpu/encoder.h:7,
                 from /home/joshuawarren/src/mlx-omarchy/.work/mlx/mlx/backend/cpu/encoder.cpp:3:
/home/joshuawarren/src/mlx-omarchy/.work/mlx/mlx/error.h: In member function 'void mlx::core::Error::set_message(Message)':
/home/joshuawarren/src/mlx-omarchy/.work/mlx/mlx/error.h:17:22: warning: 'void std::atomic_store(shared_ptr<_Tp>*, shared_ptr<_Tp>) [with _Tp = __cxx11::basic_string<char>]' is deprecated: use 'std::atomic<std::shared_ptr<T>>' instead [-Wdeprecated-declarations]
   17 |     std::atomic_store(&message_, std::move(msg));
      |     ~~~~~~~~~~~~~~~~~^~~~~~~~~~~~~~~~~~~~~~~~~~~
In file included from /usr/include/c++/16.1.1/memory:83,
                 from /home/joshuawarren/src/mlx-omarchy/.work/mlx/mlx/array.h:7:
/usr/include/c++/16.1.1/bits/shared_ptr_atomic.h:183:5: note: declared here
  183 |     atomic_store(shared_ptr<_Tp>* __p, shared_ptr<_Tp> __r)
      |     ^~~~~~~~~~~~
/home/joshuawarren/src/mlx-omarchy/.work/mlx/mlx/error.h: In member function 'bool mlx::core::Error::valid() const':
/home/joshuawarren/src/mlx-omarchy/.work/mlx/mlx/error.h:21:32: warning: 'std::shared_ptr<_Tp> std::atomic_load(const shared_ptr<_Tp>*) [with _Tp = __cxx11::basic_string<char>]' is deprecated: use 'std::atomic<std::shared_ptr<T>>' instead [-Wdeprecated-declarations]
   21 |     auto msg = std::atomic_load(&message_);
      |                ~~~~~~~~~~~~~~~~^~~~~~~~~~~
/usr/include/c++/16.1.1/bits/shared_ptr_atomic.h:142:5: note: declared here
  142 |     atomic_load(const shared_ptr<_Tp>* __p)
      |     ^~~~~~~~~~~
/home/joshuawarren/src/mlx-omarchy/.work/mlx/mlx/error.h: In member function 'bool mlx::core::Error::store_if_valid(const mlx::core::Error*)':
/home/joshuawarren/src/mlx-omarchy/.work/mlx/mlx/error.h:28:37: warning: 'std::shared_ptr<_Tp> std::atomic_load(const shared_ptr<_Tp>*) [with _Tp = __cxx11::basic_string<char>]' is deprecated: use 'std::atomic<std::shared_ptr<T>>' instead [-Wdeprecated-declarations]
   28 |       Message msg = std::atomic_load(&ptr->message_);
      |                     ~~~~~~~~~~~~~~~~^~~~~~~~~~~~~~~~
/usr/include/c++/16.1.1/bits/shared_ptr_atomic.h:142:5: note: declared here
  142 |     atomic_load(const shared_ptr<_Tp>* __p)
      |     ^~~~~~~~~~~
/home/joshuawarren/src/mlx-omarchy/.work/mlx/mlx/error.h: In member function 'void mlx::core::Error::check()':
/home/joshuawarren/src/mlx-omarchy/.work/mlx/mlx/error.h:39:36: warning: 'std::shared_ptr<_Tp> std::atomic_exchange(shared_ptr<_Tp>*, shared_ptr<_Tp>) [with _Tp = __cxx11::basic_string<char>]' is deprecated: use 'std::atomic<std::shared_ptr<T>>' instead [-Wdeprecated-declarations]
   39 |     auto msg = std::atomic_exchange(&message_, {});
      |                ~~~~~~~~~~~~~~~~~~~~^~~~~~~~~~~~~~~
/usr/include/c++/16.1.1/bits/shared_ptr_atomic.h:225:5: note: declared here
  225 |     atomic_exchange(shared_ptr<_Tp>* __p, shared_ptr<_Tp> __r)
      |     ^~~~~~~~~~~~~~~
[ 93%] Building CXX object CMakeFiles/mlx.dir/mlx/backend/cpu/hadamard.cpp.o
[ 93%] Building CXX object CMakeFiles/mlx.dir/mlx/backend/cpu/matmul.cpp.o
In file included from /home/joshuawarren/src/mlx-omarchy/.work/mlx/mlx/event.h:8,
                 from /home/joshuawarren/src/mlx-omarchy/.work/mlx/mlx/array.h:14,
                 from /home/joshuawarren/src/mlx-omarchy/.work/mlx/mlx/backend/cpu/encoder.h:7,
                 from /home/joshuawarren/src/mlx-omarchy/.work/mlx/mlx/backend/cpu/fft.cpp:7:
/home/joshuawarren/src/mlx-omarchy/.work/mlx/mlx/error.h: In member function 'void mlx::core::Error::set_message(Message)':
/home/joshuawarren/src/mlx-omarchy/.work/mlx/mlx/error.h:17:22: warning: 'void std::atomic_store(shared_ptr<_Tp>*, shared_ptr<_Tp>) [with _Tp = __cxx11::basic_string<char>]' is deprecated: use 'std::atomic<std::shared_ptr<T>>' instead [-Wdeprecated-declarations]
   17 |     std::atomic_store(&message_, std::move(msg));
      |     ~~~~~~~~~~~~~~~~~^~~~~~~~~~~~~~~~~~~~~~~~~~~
In file included from /usr/include/c++/16.1.1/memory:83,
                 from /home/joshuawarren/src/mlx-omarchy/.work/mlx/mlx/3rdparty/pocketfft.h:57,
                 from /home/joshuawarren/src/mlx-omarchy/.work/mlx/mlx/backend/cpu/fft.cpp:5:
/usr/include/c++/16.1.1/bits/shared_ptr_atomic.h:183:5: note: declared here
  183 |     atomic_store(shared_ptr<_Tp>* __p, shared_ptr<_Tp> __r)
      |     ^~~~~~~~~~~~
/home/joshuawarren/src/mlx-omarchy/.work/mlx/mlx/error.h: In member function 'bool mlx::core::Error::valid() const':
/home/joshuawarren/src/mlx-omarchy/.work/mlx/mlx/error.h:21:32: warning: 'std::shared_ptr<_Tp> std::atomic_load(const shared_ptr<_Tp>*) [with _Tp = __cxx11::basic_string<char>]' is deprecated: use 'std::atomic<std::shared_ptr<T>>' instead [-Wdeprecated-declarations]
   21 |     auto msg = std::atomic_load(&message_);
      |                ~~~~~~~~~~~~~~~~^~~~~~~~~~~
/usr/include/c++/16.1.1/bits/shared_ptr_atomic.h:142:5: note: declared here
  142 |     atomic_load(const shared_ptr<_Tp>* __p)
      |     ^~~~~~~~~~~
/home/joshuawarren/src/mlx-omarchy/.work/mlx/mlx/error.h: In member function 'bool mlx::core::Error::store_if_valid(const mlx::core::Error*)':
/home/joshuawarren/src/mlx-omarchy/.work/mlx/mlx/error.h:28:37: warning: 'std::shared_ptr<_Tp> std::atomic_load(const shared_ptr<_Tp>*) [with _Tp = __cxx11::basic_string<char>]' is deprecated: use 'std::atomic<std::shared_ptr<T>>' instead [-Wdeprecated-declarations]
   28 |       Message msg = std::atomic_load(&ptr->message_);
      |                     ~~~~~~~~~~~~~~~~^~~~~~~~~~~~~~~~
/usr/include/c++/16.1.1/bits/shared_ptr_atomic.h:142:5: note: declared here
  142 |     atomic_load(const shared_ptr<_Tp>* __p)
      |     ^~~~~~~~~~~
/home/joshuawarren/src/mlx-omarchy/.work/mlx/mlx/error.h: In member function 'void mlx::core::Error::check()':
/home/joshuawarren/src/mlx-omarchy/.work/mlx/mlx/error.h:39:36: warning: 'std::shared_ptr<_Tp> std::atomic_exchange(shared_ptr<_Tp>*, shared_ptr<_Tp>) [with _Tp = __cxx11::basic_string<char>]' is deprecated: use 'std::atomic<std::shared_ptr<T>>' instead [-Wdeprecated-declarations]
   39 |     auto msg = std::atomic_exchange(&message_, {});
      |                ~~~~~~~~~~~~~~~~~~~~^~~~~~~~~~~~~~~
/usr/include/c++/16.1.1/bits/shared_ptr_atomic.h:225:5: note: declared here
  225 |     atomic_exchange(shared_ptr<_Tp>* __p, shared_ptr<_Tp> __r)
      |     ^~~~~~~~~~~~~~~
In file included from /home/joshuawarren/src/mlx-omarchy/.work/mlx/mlx/event.h:8,
                 from /home/joshuawarren/src/mlx-omarchy/.work/mlx/mlx/array.h:14,
                 from /home/joshuawarren/src/mlx-omarchy/.work/mlx/mlx/utils.h:14,
                 from /home/joshuawarren/src/mlx-omarchy/.work/mlx/mlx/backend/common/hadamard.h:7,
                 from /home/joshuawarren/src/mlx-omarchy/.work/mlx/mlx/backend/cpu/hadamard.cpp:5:
/home/joshuawarren/src/mlx-omarchy/.work/mlx/mlx/error.h: In member function 'void mlx::core::Error::set_message(Message)':
/home/joshuawarren/src/mlx-omarchy/.work/mlx/mlx/error.h:17:22: warning: 'void std::atomic_store(shared_ptr<_Tp>*, shared_ptr<_Tp>) [with _Tp = __cxx11::basic_string<char>]' is deprecated: use 'std::atomic<std::shared_ptr<T>>' instead [-Wdeprecated-declarations]
   17 |     std::atomic_store(&message_, std::move(msg));
      |     ~~~~~~~~~~~~~~~~~^~~~~~~~~~~~~~~~~~~~~~~~~~~
In file included from /usr/include/c++/16.1.1/memory:83,
                 from /home/joshuawarren/src/mlx-omarchy/.work/mlx/mlx/array.h:7:
/usr/include/c++/16.1.1/bits/shared_ptr_atomic.h:183:5: note: declared here
  183 |     atomic_store(shared_ptr<_Tp>* __p, shared_ptr<_Tp> __r)
      |     ^~~~~~~~~~~~
/home/joshuawarren/src/mlx-omarchy/.work/mlx/mlx/error.h: In member function 'bool mlx::core::Error::valid() const':
/home/joshuawarren/src/mlx-omarchy/.work/mlx/mlx/error.h:21:32: warning: 'std::shared_ptr<_Tp> std::atomic_load(const shared_ptr<_Tp>*) [with _Tp = __cxx11::basic_string<char>]' is deprecated: use 'std::atomic<std::shared_ptr<T>>' instead [-Wdeprecated-declarations]
   21 |     auto msg = std::atomic_load(&message_);
      |                ~~~~~~~~~~~~~~~~^~~~~~~~~~~
/usr/include/c++/16.1.1/bits/shared_ptr_atomic.h:142:5: note: declared here
  142 |     atomic_load(const shared_ptr<_Tp>* __p)
      |     ^~~~~~~~~~~
/home/joshuawarren/src/mlx-omarchy/.work/mlx/mlx/error.h: In member function 'bool mlx::core::Error::store_if_valid(const mlx::core::Error*)':
/home/joshuawarren/src/mlx-omarchy/.work/mlx/mlx/error.h:28:37: warning: 'std::shared_ptr<_Tp> std::atomic_load(const shared_ptr<_Tp>*) [with _Tp = __cxx11::basic_string<char>]' is deprecated: use 'std::atomic<std::shared_ptr<T>>' instead [-Wdeprecated-declarations]
   28 |       Message msg = std::atomic_load(&ptr->message_);
      |                     ~~~~~~~~~~~~~~~~^~~~~~~~~~~~~~~~
/usr/include/c++/16.1.1/bits/shared_ptr_atomic.h:142:5: note: declared here
  142 |     atomic_load(const shared_ptr<_Tp>* __p)
      |     ^~~~~~~~~~~
/home/joshuawarren/src/mlx-omarchy/.work/mlx/mlx/error.h: In member function 'void mlx::core::Error::check()':
/home/joshuawarren/src/mlx-omarchy/.work/mlx/mlx/error.h:39:36: warning: 'std::shared_ptr<_Tp> std::atomic_exchange(shared_ptr<_Tp>*, shared_ptr<_Tp>) [with _Tp = __cxx11::basic_string<char>]' is deprecated: use 'std::atomic<std::shared_ptr<T>>' instead [-Wdeprecated-declarations]
   39 |     auto msg = std::atomic_exchange(&message_, {});
      |                ~~~~~~~~~~~~~~~~~~~~^~~~~~~~~~~~~~~
/usr/include/c++/16.1.1/bits/shared_ptr_atomic.h:225:5: note: declared here
  225 |     atomic_exchange(shared_ptr<_Tp>* __p, shared_ptr<_Tp> __r)
      |     ^~~~~~~~~~~~~~~
In file included from /home/joshuawarren/src/mlx-omarchy/.work/mlx/mlx/event.h:8,
                 from /home/joshuawarren/src/mlx-omarchy/.work/mlx/mlx/array.h:14,
                 from /home/joshuawarren/src/mlx-omarchy/.work/mlx/mlx/backend/cpu/matmul.cpp:4:
/home/joshuawarren/src/mlx-omarchy/.work/mlx/mlx/error.h: In member function 'void mlx::core::Error::set_message(Message)':
/home/joshuawarren/src/mlx-omarchy/.work/mlx/mlx/error.h:17:22: warning: 'void std::atomic_store(shared_ptr<_Tp>*, shared_ptr<_Tp>) [with _Tp = __cxx11::basic_string<char>]' is deprecated: use 'std::atomic<std::shared_ptr<T>>' instead [-Wdeprecated-declarations]
   17 |     std::atomic_store(&message_, std::move(msg));
      |     ~~~~~~~~~~~~~~~~~^~~~~~~~~~~~~~~~~~~~~~~~~~~
In file included from /usr/include/c++/16.1.1/memory:83,
                 from /home/joshuawarren/src/mlx-omarchy/.work/mlx/mlx/array.h:7:
/usr/include/c++/16.1.1/bits/shared_ptr_atomic.h:183:5: note: declared here
  183 |     atomic_store(shared_ptr<_Tp>* __p, shared_ptr<_Tp> __r)
      |     ^~~~~~~~~~~~
/home/joshuawarren/src/mlx-omarchy/.work/mlx/mlx/error.h: In member function 'bool mlx::core::Error::valid() const':
/home/joshuawarren/src/mlx-omarchy/.work/mlx/mlx/error.h:21:32: warning: 'std::shared_ptr<_Tp> std::atomic_load(const shared_ptr<_Tp>*) [with _Tp = __cxx11::basic_string<char>]' is deprecated: use 'std::atomic<std::shared_ptr<T>>' instead [-Wdeprecated-declarations]
   21 |     auto msg = std::atomic_load(&message_);
      |                ~~~~~~~~~~~~~~~~^~~~~~~~~~~
/usr/include/c++/16.1.1/bits/shared_ptr_atomic.h:142:5: note: declared here
  142 |     atomic_load(const shared_ptr<_Tp>* __p)
      |     ^~~~~~~~~~~
/home/joshuawarren/src/mlx-omarchy/.work/mlx/mlx/error.h: In member function 'bool mlx::core::Error::store_if_valid(const mlx::core::Error*)':
/home/joshuawarren/src/mlx-omarchy/.work/mlx/mlx/error.h:28:37: warning: 'std::shared_ptr<_Tp> std::atomic_load(const shared_ptr<_Tp>*) [with _Tp = __cxx11::basic_string<char>]' is deprecated: use 'std::atomic<std::shared_ptr<T>>' instead [-Wdeprecated-declarations]
   28 |       Message msg = std::atomic_load(&ptr->message_);
      |                     ~~~~~~~~~~~~~~~~^~~~~~~~~~~~~~~~
/usr/include/c++/16.1.1/bits/shared_ptr_atomic.h:142:5: note: declared here
  142 |     atomic_load(const shared_ptr<_Tp>* __p)
      |     ^~~~~~~~~~~
/home/joshuawarren/src/mlx-omarchy/.work/mlx/mlx/error.h: In member function 'void mlx::core::Error::check()':
/home/joshuawarren/src/mlx-omarchy/.work/mlx/mlx/error.h:39:36: warning: 'std::shared_ptr<_Tp> std::atomic_exchange(shared_ptr<_Tp>*, shared_ptr<_Tp>) [with _Tp = __cxx11::basic_string<char>]' is deprecated: use 'std::atomic<std::shared_ptr<T>>' instead [-Wdeprecated-declarations]
   39 |     auto msg = std::atomic_exchange(&message_, {});
      |                ~~~~~~~~~~~~~~~~~~~~^~~~~~~~~~~~~~~
/usr/include/c++/16.1.1/bits/shared_ptr_atomic.h:225:5: note: declared here
  225 |     atomic_exchange(shared_ptr<_Tp>* __p, shared_ptr<_Tp> __r)
      |     ^~~~~~~~~~~~~~~
[ 93%] Building CXX object CMakeFiles/mlx.dir/mlx/backend/cpu/gemms/cblas.cpp.o
In file included from /home/joshuawarren/src/mlx-omarchy/.work/mlx/mlx/event.h:8,
                 from /home/joshuawarren/src/mlx-omarchy/.work/mlx/mlx/array.h:14,
                 from /home/joshuawarren/src/mlx-omarchy/.work/mlx/mlx/backend/common/utils.h:9,
                 from /home/joshuawarren/src/mlx-omarchy/.work/mlx/mlx/backend/cpu/gemms/cblas.cpp:3:
/home/joshuawarren/src/mlx-omarchy/.work/mlx/mlx/error.h: In member function 'void mlx::core::Error::set_message(Message)':
/home/joshuawarren/src/mlx-omarchy/.work/mlx/mlx/error.h:17:22: warning: 'void std::atomic_store(shared_ptr<_Tp>*, shared_ptr<_Tp>) [with _Tp = __cxx11::basic_string<char>]' is deprecated: use 'std::atomic<std::shared_ptr<T>>' instead [-Wdeprecated-declarations]
   17 |     std::atomic_store(&message_, std::move(msg));
      |     ~~~~~~~~~~~~~~~~~^~~~~~~~~~~~~~~~~~~~~~~~~~~
In file included from /usr/include/c++/16.1.1/memory:83,
                 from /home/joshuawarren/src/mlx-omarchy/.work/mlx/mlx/array.h:7:
/usr/include/c++/16.1.1/bits/shared_ptr_atomic.h:183:5: note: declared here
  183 |     atomic_store(shared_ptr<_Tp>* __p, shared_ptr<_Tp> __r)
      |     ^~~~~~~~~~~~
/home/joshuawarren/src/mlx-omarchy/.work/mlx/mlx/error.h: In member function 'bool mlx::core::Error::valid() const':
/home/joshuawarren/src/mlx-omarchy/.work/mlx/mlx/error.h:21:32: warning: 'std::shared_ptr<_Tp> std::atomic_load(const shared_ptr<_Tp>*) [with _Tp = __cxx11::basic_string<char>]' is deprecated: use 'std::atomic<std::shared_ptr<T>>' instead [-Wdeprecated-declarations]
   21 |     auto msg = std::atomic_load(&message_);
      |                ~~~~~~~~~~~~~~~~^~~~~~~~~~~
/usr/include/c++/16.1.1/bits/shared_ptr_atomic.h:142:5: note: declared here
  142 |     atomic_load(const shared_ptr<_Tp>* __p)
      |     ^~~~~~~~~~~
/home/joshuawarren/src/mlx-omarchy/.work/mlx/mlx/error.h: In member function 'bool mlx::core::Error::store_if_valid(const mlx::core::Error*)':
/home/joshuawarren/src/mlx-omarchy/.work/mlx/mlx/error.h:28:37: warning: 'std::shared_ptr<_Tp> std::atomic_load(const shared_ptr<_Tp>*) [with _Tp = __cxx11::basic_string<char>]' is deprecated: use 'std::atomic<std::shared_ptr<T>>' instead [-Wdeprecated-declarations]
   28 |       Message msg = std::atomic_load(&ptr->message_);
      |                     ~~~~~~~~~~~~~~~~^~~~~~~~~~~~~~~~
/usr/include/c++/16.1.1/bits/shared_ptr_atomic.h:142:5: note: declared here
  142 |     atomic_load(const shared_ptr<_Tp>* __p)
      |     ^~~~~~~~~~~
/home/joshuawarren/src/mlx-omarchy/.work/mlx/mlx/error.h: In member function 'void mlx::core::Error::check()':
/home/joshuawarren/src/mlx-omarchy/.work/mlx/mlx/error.h:39:36: warning: 'std::shared_ptr<_Tp> std::atomic_exchange(shared_ptr<_Tp>*, shared_ptr<_Tp>) [with _Tp = __cxx11::basic_string<char>]' is deprecated: use 'std::atomic<std::shared_ptr<T>>' instead [-Wdeprecated-declarations]
   39 |     auto msg = std::atomic_exchange(&message_, {});
      |                ~~~~~~~~~~~~~~~~~~~~^~~~~~~~~~~~~~~
/usr/include/c++/16.1.1/bits/shared_ptr_atomic.h:225:5: note: declared here
  225 |     atomic_exchange(shared_ptr<_Tp>* __p, shared_ptr<_Tp> __r)
      |     ^~~~~~~~~~~~~~~
[ 93%] Building CXX object CMakeFiles/mlx.dir/mlx/backend/cpu/masked_mm.cpp.o
[ 94%] Building CXX object CMakeFiles/mlx.dir/mlx/backend/cpu/primitives.cpp.o
[ 94%] Building CXX object CMakeFiles/mlx.dir/mlx/backend/cpu/quantized.cpp.o
In file included from /home/joshuawarren/src/mlx-omarchy/.work/mlx/mlx/event.h:8,
                 from /home/joshuawarren/src/mlx-omarchy/.work/mlx/mlx/array.h:14,
                 from /home/joshuawarren/src/mlx-omarchy/.work/mlx/mlx/backend/common/slicing.h:5,
                 from /home/joshuawarren/src/mlx-omarchy/.work/mlx/mlx/backend/cpu/primitives.cpp:11:
/home/joshuawarren/src/mlx-omarchy/.work/mlx/mlx/error.h: In member function 'void mlx::core::Error::set_message(Message)':
/home/joshuawarren/src/mlx-omarchy/.work/mlx/mlx/error.h:17:22: warning: 'void std::atomic_store(shared_ptr<_Tp>*, shared_ptr<_Tp>) [with _Tp = __cxx11::basic_string<char>]' is deprecated: use 'std::atomic<std::shared_ptr<T>>' instead [-Wdeprecated-declarations]
   17 |     std::atomic_store(&message_, std::move(msg));
      |     ~~~~~~~~~~~~~~~~~^~~~~~~~~~~~~~~~~~~~~~~~~~~
In file included from /usr/include/c++/16.1.1/memory:83,
                 from /home/joshuawarren/src/mlx-omarchy/.work/mlx/mlx/array.h:7:
/usr/include/c++/16.1.1/bits/shared_ptr_atomic.h:183:5: note: declared here
  183 |     atomic_store(shared_ptr<_Tp>* __p, shared_ptr<_Tp> __r)
      |     ^~~~~~~~~~~~
/home/joshuawarren/src/mlx-omarchy/.work/mlx/mlx/error.h: In member function 'bool mlx::core::Error::valid() const':
/home/joshuawarren/src/mlx-omarchy/.work/mlx/mlx/error.h:21:32: warning: 'std::shared_ptr<_Tp> std::atomic_load(const shared_ptr<_Tp>*) [with _Tp = __cxx11::basic_string<char>]' is deprecated: use 'std::atomic<std::shared_ptr<T>>' instead [-Wdeprecated-declarations]
   21 |     auto msg = std::atomic_load(&message_);
      |                ~~~~~~~~~~~~~~~~^~~~~~~~~~~
/usr/include/c++/16.1.1/bits/shared_ptr_atomic.h:142:5: note: declared here
  142 |     atomic_load(const shared_ptr<_Tp>* __p)
      |     ^~~~~~~~~~~
/home/joshuawarren/src/mlx-omarchy/.work/mlx/mlx/error.h: In member function 'bool mlx::core::Error::store_if_valid(const mlx::core::Error*)':
/home/joshuawarren/src/mlx-omarchy/.work/mlx/mlx/error.h:28:37: warning: 'std::shared_ptr<_Tp> std::atomic_load(const shared_ptr<_Tp>*) [with _Tp = __cxx11::basic_string<char>]' is deprecated: use 'std::atomic<std::shared_ptr<T>>' instead [-Wdeprecated-declarations]
   28 |       Message msg = std::atomic_load(&ptr->message_);
      |                     ~~~~~~~~~~~~~~~~^~~~~~~~~~~~~~~~
/usr/include/c++/16.1.1/bits/shared_ptr_atomic.h:142:5: note: declared here
  142 |     atomic_load(const shared_ptr<_Tp>* __p)
      |     ^~~~~~~~~~~
/home/joshuawarren/src/mlx-omarchy/.work/mlx/mlx/error.h: In member function 'void mlx::core::Error::check()':
/home/joshuawarren/src/mlx-omarchy/.work/mlx/mlx/error.h:39:36: warning: 'std::shared_ptr<_Tp> std::atomic_exchange(shared_ptr<_Tp>*, shared_ptr<_Tp>) [with _Tp = __cxx11::basic_string<char>]' is deprecated: use 'std::atomic<std::shared_ptr<T>>' instead [-Wdeprecated-declarations]
   39 |     auto msg = std::atomic_exchange(&message_, {});
      |                ~~~~~~~~~~~~~~~~~~~~^~~~~~~~~~~~~~~
/usr/include/c++/16.1.1/bits/shared_ptr_atomic.h:225:5: note: declared here
  225 |     atomic_exchange(shared_ptr<_Tp>* __p, shared_ptr<_Tp> __r)
      |     ^~~~~~~~~~~~~~~
[ 94%] Building CXX object CMakeFiles/mlx.dir/mlx/backend/cpu/reduce.cpp.o
In file included from /home/joshuawarren/src/mlx-omarchy/.work/mlx/mlx/event.h:8,
                 from /home/joshuawarren/src/mlx-omarchy/.work/mlx/mlx/array.h:14,
                 from /home/joshuawarren/src/mlx-omarchy/.work/mlx/mlx/backend/cpu/masked_mm.cpp:5:
/home/joshuawarren/src/mlx-omarchy/.work/mlx/mlx/error.h: In member function 'void mlx::core::Error::set_message(Message)':
/home/joshuawarren/src/mlx-omarchy/.work/mlx/mlx/error.h:17:22: warning: 'void std::atomic_store(shared_ptr<_Tp>*, shared_ptr<_Tp>) [with _Tp = __cxx11::basic_string<char>]' is deprecated: use 'std::atomic<std::shared_ptr<T>>' instead [-Wdeprecated-declarations]
   17 |     std::atomic_store(&message_, std::move(msg));
      |     ~~~~~~~~~~~~~~~~~^~~~~~~~~~~~~~~~~~~~~~~~~~~
In file included from /usr/include/c++/16.1.1/memory:83,
                 from /home/joshuawarren/src/mlx-omarchy/.work/mlx/mlx/array.h:7:
/usr/include/c++/16.1.1/bits/shared_ptr_atomic.h:183:5: note: declared here
  183 |     atomic_store(shared_ptr<_Tp>* __p, shared_ptr<_Tp> __r)
      |     ^~~~~~~~~~~~
/home/joshuawarren/src/mlx-omarchy/.work/mlx/mlx/error.h: In member function 'bool mlx::core::Error::valid() const':
/home/joshuawarren/src/mlx-omarchy/.work/mlx/mlx/error.h:21:32: warning: 'std::shared_ptr<_Tp> std::atomic_load(const shared_ptr<_Tp>*) [with _Tp = __cxx11::basic_string<char>]' is deprecated: use 'std::atomic<std::shared_ptr<T>>' instead [-Wdeprecated-declarations]
   21 |     auto msg = std::atomic_load(&message_);
      |                ~~~~~~~~~~~~~~~~^~~~~~~~~~~
/usr/include/c++/16.1.1/bits/shared_ptr_atomic.h:142:5: note: declared here
  142 |     atomic_load(const shared_ptr<_Tp>* __p)
      |     ^~~~~~~~~~~
/home/joshuawarren/src/mlx-omarchy/.work/mlx/mlx/error.h: In member function 'bool mlx::core::Error::store_if_valid(const mlx::core::Error*)':
/home/joshuawarren/src/mlx-omarchy/.work/mlx/mlx/error.h:28:37: warning: 'std::shared_ptr<_Tp> std::atomic_load(const shared_ptr<_Tp>*) [with _Tp = __cxx11::basic_string<char>]' is deprecated: use 'std::atomic<std::shared_ptr<T>>' instead [-Wdeprecated-declarations]
   28 |       Message msg = std::atomic_load(&ptr->message_);
      |                     ~~~~~~~~~~~~~~~~^~~~~~~~~~~~~~~~
/usr/include/c++/16.1.1/bits/shared_ptr_atomic.h:142:5: note: declared here
  142 |     atomic_load(const shared_ptr<_Tp>* __p)
      |     ^~~~~~~~~~~
/home/joshuawarren/src/mlx-omarchy/.work/mlx/mlx/error.h: In member function 'void mlx::core::Error::check()':
/home/joshuawarren/src/mlx-omarchy/.work/mlx/mlx/error.h:39:36: warning: 'std::shared_ptr<_Tp> std::atomic_exchange(shared_ptr<_Tp>*, shared_ptr<_Tp>) [with _Tp = __cxx11::basic_string<char>]' is deprecated: use 'std::atomic<std::shared_ptr<T>>' instead [-Wdeprecated-declarations]
   39 |     auto msg = std::atomic_exchange(&message_, {});
      |                ~~~~~~~~~~~~~~~~~~~~^~~~~~~~~~~~~~~
/usr/include/c++/16.1.1/bits/shared_ptr_atomic.h:225:5: note: declared here
  225 |     atomic_exchange(shared_ptr<_Tp>* __p, shared_ptr<_Tp> __r)
      |     ^~~~~~~~~~~~~~~
In file included from /home/joshuawarren/src/mlx-omarchy/.work/mlx/mlx/event.h:8,
                 from /home/joshuawarren/src/mlx-omarchy/.work/mlx/mlx/array.h:14,
                 from /home/joshuawarren/src/mlx-omarchy/.work/mlx/mlx/backend/common/utils.h:9,
                 from /home/joshuawarren/src/mlx-omarchy/.work/mlx/mlx/backend/common/unary.h:6,
                 from /home/joshuawarren/src/mlx-omarchy/.work/mlx/mlx/backend/cpu/quantized.cpp:4:
/home/joshuawarren/src/mlx-omarchy/.work/mlx/mlx/error.h: In member function 'void mlx::core::Error::set_message(Message)':
/home/joshuawarren/src/mlx-omarchy/.work/mlx/mlx/error.h:17:22: warning: 'void std::atomic_store(shared_ptr<_Tp>*, shared_ptr<_Tp>) [with _Tp = __cxx11::basic_string<char>]' is deprecated: use 'std::atomic<std::shared_ptr<T>>' instead [-Wdeprecated-declarations]
   17 |     std::atomic_store(&message_, std::move(msg));
      |     ~~~~~~~~~~~~~~~~~^~~~~~~~~~~~~~~~~~~~~~~~~~~
In file included from /usr/include/c++/16.1.1/memory:83,
                 from /home/joshuawarren/src/mlx-omarchy/.work/mlx/mlx/array.h:7:
/usr/include/c++/16.1.1/bits/shared_ptr_atomic.h:183:5: note: declared here
  183 |     atomic_store(shared_ptr<_Tp>* __p, shared_ptr<_Tp> __r)
      |     ^~~~~~~~~~~~
/home/joshuawarren/src/mlx-omarchy/.work/mlx/mlx/error.h: In member function 'bool mlx::core::Error::valid() const':
/home/joshuawarren/src/mlx-omarchy/.work/mlx/mlx/error.h:21:32: warning: 'std::shared_ptr<_Tp> std::atomic_load(const shared_ptr<_Tp>*) [with _Tp = __cxx11::basic_string<char>]' is deprecated: use 'std::atomic<std::shared_ptr<T>>' instead [-Wdeprecated-declarations]
   21 |     auto msg = std::atomic_load(&message_);
      |                ~~~~~~~~~~~~~~~~^~~~~~~~~~~
/usr/include/c++/16.1.1/bits/shared_ptr_atomic.h:142:5: note: declared here
  142 |     atomic_load(const shared_ptr<_Tp>* __p)
      |     ^~~~~~~~~~~
/home/joshuawarren/src/mlx-omarchy/.work/mlx/mlx/error.h: In member function 'bool mlx::core::Error::store_if_valid(const mlx::core::Error*)':
/home/joshuawarren/src/mlx-omarchy/.work/mlx/mlx/error.h:28:37: warning: 'std::shared_ptr<_Tp> std::atomic_load(const shared_ptr<_Tp>*) [with _Tp = __cxx11::basic_string<char>]' is deprecated: use 'std::atomic<std::shared_ptr<T>>' instead [-Wdeprecated-declarations]
   28 |       Message msg = std::atomic_load(&ptr->message_);
      |                     ~~~~~~~~~~~~~~~~^~~~~~~~~~~~~~~~
/usr/include/c++/16.1.1/bits/shared_ptr_atomic.h:142:5: note: declared here
  142 |     atomic_load(const shared_ptr<_Tp>* __p)
      |     ^~~~~~~~~~~
/home/joshuawarren/src/mlx-omarchy/.work/mlx/mlx/error.h: In member function 'void mlx::core::Error::check()':
/home/joshuawarren/src/mlx-omarchy/.work/mlx/mlx/error.h:39:36: warning: 'std::shared_ptr<_Tp> std::atomic_exchange(shared_ptr<_Tp>*, shared_ptr<_Tp>) [with _Tp = __cxx11::basic_string<char>]' is deprecated: use 'std::atomic<std::shared_ptr<T>>' instead [-Wdeprecated-declarations]
   39 |     auto msg = std::atomic_exchange(&message_, {});
      |                ~~~~~~~~~~~~~~~~~~~~^~~~~~~~~~~~~~~
/usr/include/c++/16.1.1/bits/shared_ptr_atomic.h:225:5: note: declared here
  225 |     atomic_exchange(shared_ptr<_Tp>* __p, shared_ptr<_Tp> __r)
      |     ^~~~~~~~~~~~~~~
In file included from /home/joshuawarren/src/mlx-omarchy/.work/mlx/mlx/event.h:8,
                 from /home/joshuawarren/src/mlx-omarchy/.work/mlx/mlx/array.h:14,
                 from /home/joshuawarren/src/mlx-omarchy/.work/mlx/mlx/backend/common/utils.h:9,
                 from /home/joshuawarren/src/mlx-omarchy/.work/mlx/mlx/backend/common/reduce.h:5,
                 from /home/joshuawarren/src/mlx-omarchy/.work/mlx/mlx/backend/cpu/reduce.cpp:7:
/home/joshuawarren/src/mlx-omarchy/.work/mlx/mlx/error.h: In member function 'void mlx::core::Error::set_message(Message)':
/home/joshuawarren/src/mlx-omarchy/.work/mlx/mlx/error.h:17:22: warning: 'void std::atomic_store(shared_ptr<_Tp>*, shared_ptr<_Tp>) [with _Tp = __cxx11::basic_string<char>]' is deprecated: use 'std::atomic<std::shared_ptr<T>>' instead [-Wdeprecated-declarations]
   17 |     std::atomic_store(&message_, std::move(msg));
      |     ~~~~~~~~~~~~~~~~~^~~~~~~~~~~~~~~~~~~~~~~~~~~
In file included from /usr/include/c++/16.1.1/memory:83,
                 from /home/joshuawarren/src/mlx-omarchy/.work/mlx/mlx/array.h:7:
/usr/include/c++/16.1.1/bits/shared_ptr_atomic.h:183:5: note: declared here
  183 |     atomic_store(shared_ptr<_Tp>* __p, shared_ptr<_Tp> __r)
      |     ^~~~~~~~~~~~
/home/joshuawarren/src/mlx-omarchy/.work/mlx/mlx/error.h: In member function 'bool mlx::core::Error::valid() const':
/home/joshuawarren/src/mlx-omarchy/.work/mlx/mlx/error.h:21:32: warning: 'std::shared_ptr<_Tp> std::atomic_load(const shared_ptr<_Tp>*) [with _Tp = __cxx11::basic_string<char>]' is deprecated: use 'std::atomic<std::shared_ptr<T>>' instead [-Wdeprecated-declarations]
   21 |     auto msg = std::atomic_load(&message_);
      |                ~~~~~~~~~~~~~~~~^~~~~~~~~~~
/usr/include/c++/16.1.1/bits/shared_ptr_atomic.h:142:5: note: declared here
  142 |     atomic_load(const shared_ptr<_Tp>* __p)
      |     ^~~~~~~~~~~
/home/joshuawarren/src/mlx-omarchy/.work/mlx/mlx/error.h: In member function 'bool mlx::core::Error::store_if_valid(const mlx::core::Error*)':
/home/joshuawarren/src/mlx-omarchy/.work/mlx/mlx/error.h:28:37: warning: 'std::shared_ptr<_Tp> std::atomic_load(const shared_ptr<_Tp>*) [with _Tp = __cxx11::basic_string<char>]' is deprecated: use 'std::atomic<std::shared_ptr<T>>' instead [-Wdeprecated-declarations]
   28 |       Message msg = std::atomic_load(&ptr->message_);
      |                     ~~~~~~~~~~~~~~~~^~~~~~~~~~~~~~~~
/usr/include/c++/16.1.1/bits/shared_ptr_atomic.h:142:5: note: declared here
  142 |     atomic_load(const shared_ptr<_Tp>* __p)
      |     ^~~~~~~~~~~
/home/joshuawarren/src/mlx-omarchy/.work/mlx/mlx/error.h: In member function 'void mlx::core::Error::check()':
/home/joshuawarren/src/mlx-omarchy/.work/mlx/mlx/error.h:39:36: warning: 'std::shared_ptr<_Tp> std::atomic_exchange(shared_ptr<_Tp>*, shared_ptr<_Tp>) [with _Tp = __cxx11::basic_string<char>]' is deprecated: use 'std::atomic<std::shared_ptr<T>>' instead [-Wdeprecated-declarations]
   39 |     auto msg = std::atomic_exchange(&message_, {});
      |                ~~~~~~~~~~~~~~~~~~~~^~~~~~~~~~~~~~~
/usr/include/c++/16.1.1/bits/shared_ptr_atomic.h:225:5: note: declared here
  225 |     atomic_exchange(shared_ptr<_Tp>* __p, shared_ptr<_Tp> __r)
      |     ^~~~~~~~~~~~~~~
[ 94%] Building CXX object CMakeFiles/mlx.dir/mlx/backend/cpu/scan.cpp.o
[ 94%] Building CXX object CMakeFiles/mlx.dir/mlx/backend/cpu/select.cpp.o
[ 94%] Building CXX object CMakeFiles/mlx.dir/mlx/backend/cpu/softmax.cpp.o
In file included from /home/joshuawarren/src/mlx-omarchy/.work/mlx/mlx/event.h:8,
                 from /home/joshuawarren/src/mlx-omarchy/.work/mlx/mlx/array.h:14,
                 from /home/joshuawarren/src/mlx-omarchy/.work/mlx/mlx/backend/cpu/ternary.h:4,
                 from /home/joshuawarren/src/mlx-omarchy/.work/mlx/mlx/backend/cpu/select.cpp:6:
/home/joshuawarren/src/mlx-omarchy/.work/mlx/mlx/error.h: In member function 'void mlx::core::Error::set_message(Message)':
/home/joshuawarren/src/mlx-omarchy/.work/mlx/mlx/error.h:17:22: warning: 'void std::atomic_store(shared_ptr<_Tp>*, shared_ptr<_Tp>) [with _Tp = __cxx11::basic_string<char>]' is deprecated: use 'std::atomic<std::shared_ptr<T>>' instead [-Wdeprecated-declarations]
   17 |     std::atomic_store(&message_, std::move(msg));
      |     ~~~~~~~~~~~~~~~~~^~~~~~~~~~~~~~~~~~~~~~~~~~~
In file included from /usr/include/c++/16.1.1/memory:83,
                 from /home/joshuawarren/src/mlx-omarchy/.work/mlx/mlx/array.h:7:
/usr/include/c++/16.1.1/bits/shared_ptr_atomic.h:183:5: note: declared here
  183 |     atomic_store(shared_ptr<_Tp>* __p, shared_ptr<_Tp> __r)
      |     ^~~~~~~~~~~~
/home/joshuawarren/src/mlx-omarchy/.work/mlx/mlx/error.h: In member function 'bool mlx::core::Error::valid() const':
/home/joshuawarren/src/mlx-omarchy/.work/mlx/mlx/error.h:21:32: warning: 'std::shared_ptr<_Tp> std::atomic_load(const shared_ptr<_Tp>*) [with _Tp = __cxx11::basic_string<char>]' is deprecated: use 'std::atomic<std::shared_ptr<T>>' instead [-Wdeprecated-declarations]
   21 |     auto msg = std::atomic_load(&message_);
      |                ~~~~~~~~~~~~~~~~^~~~~~~~~~~
/usr/include/c++/16.1.1/bits/shared_ptr_atomic.h:142:5: note: declared here
  142 |     atomic_load(const shared_ptr<_Tp>* __p)
      |     ^~~~~~~~~~~
/home/joshuawarren/src/mlx-omarchy/.work/mlx/mlx/error.h: In member function 'bool mlx::core::Error::store_if_valid(const mlx::core::Error*)':
/home/joshuawarren/src/mlx-omarchy/.work/mlx/mlx/error.h:28:37: warning: 'std::shared_ptr<_Tp> std::atomic_load(const shared_ptr<_Tp>*) [with _Tp = __cxx11::basic_string<char>]' is deprecated: use 'std::atomic<std::shared_ptr<T>>' instead [-Wdeprecated-declarations]
   28 |       Message msg = std::atomic_load(&ptr->message_);
      |                     ~~~~~~~~~~~~~~~~^~~~~~~~~~~~~~~~
/usr/include/c++/16.1.1/bits/shared_ptr_atomic.h:142:5: note: declared here
  142 |     atomic_load(const shared_ptr<_Tp>* __p)
      |     ^~~~~~~~~~~
/home/joshuawarren/src/mlx-omarchy/.work/mlx/mlx/error.h: In member function 'void mlx::core::Error::check()':
/home/joshuawarren/src/mlx-omarchy/.work/mlx/mlx/error.h:39:36: warning: 'std::shared_ptr<_Tp> std::atomic_exchange(shared_ptr<_Tp>*, shared_ptr<_Tp>) [with _Tp = __cxx11::basic_string<char>]' is deprecated: use 'std::atomic<std::shared_ptr<T>>' instead [-Wdeprecated-declarations]
   39 |     auto msg = std::atomic_exchange(&message_, {});
      |                ~~~~~~~~~~~~~~~~~~~~^~~~~~~~~~~~~~~
/usr/include/c++/16.1.1/bits/shared_ptr_atomic.h:225:5: note: declared here
  225 |     atomic_exchange(shared_ptr<_Tp>* __p, shared_ptr<_Tp> __r)
      |     ^~~~~~~~~~~~~~~
In file included from /home/joshuawarren/src/mlx-omarchy/.work/mlx/mlx/event.h:8,
                 from /home/joshuawarren/src/mlx-omarchy/.work/mlx/mlx/array.h:14,
                 from /home/joshuawarren/src/mlx-omarchy/.work/mlx/mlx/backend/common/utils.h:9,
                 from /home/joshuawarren/src/mlx-omarchy/.work/mlx/mlx/backend/cpu/scan.cpp:5:
/home/joshuawarren/src/mlx-omarchy/.work/mlx/mlx/error.h: In member function 'void mlx::core::Error::set_message(Message)':
/home/joshuawarren/src/mlx-omarchy/.work/mlx/mlx/error.h:17:22: warning: 'void std::atomic_store(shared_ptr<_Tp>*, shared_ptr<_Tp>) [with _Tp = __cxx11::basic_string<char>]' is deprecated: use 'std::atomic<std::shared_ptr<T>>' instead [-Wdeprecated-declarations]
   17 |     std::atomic_store(&message_, std::move(msg));
      |     ~~~~~~~~~~~~~~~~~^~~~~~~~~~~~~~~~~~~~~~~~~~~
In file included from /usr/include/c++/16.1.1/memory:83,
                 from /home/joshuawarren/src/mlx-omarchy/.work/mlx/mlx/array.h:7:
/usr/include/c++/16.1.1/bits/shared_ptr_atomic.h:183:5: note: declared here
  183 |     atomic_store(shared_ptr<_Tp>* __p, shared_ptr<_Tp> __r)
      |     ^~~~~~~~~~~~
/home/joshuawarren/src/mlx-omarchy/.work/mlx/mlx/error.h: In member function 'bool mlx::core::Error::valid() const':
/home/joshuawarren/src/mlx-omarchy/.work/mlx/mlx/error.h:21:32: warning: 'std::shared_ptr<_Tp> std::atomic_load(const shared_ptr<_Tp>*) [with _Tp = __cxx11::basic_string<char>]' is deprecated: use 'std::atomic<std::shared_ptr<T>>' instead [-Wdeprecated-declarations]
   21 |     auto msg = std::atomic_load(&message_);
      |                ~~~~~~~~~~~~~~~~^~~~~~~~~~~
/usr/include/c++/16.1.1/bits/shared_ptr_atomic.h:142:5: note: declared here
  142 |     atomic_load(const shared_ptr<_Tp>* __p)
      |     ^~~~~~~~~~~
/home/joshuawarren/src/mlx-omarchy/.work/mlx/mlx/error.h: In member function 'bool mlx::core::Error::store_if_valid(const mlx::core::Error*)':
/home/joshuawarren/src/mlx-omarchy/.work/mlx/mlx/error.h:28:37: warning: 'std::shared_ptr<_Tp> std::atomic_load(const shared_ptr<_Tp>*) [with _Tp = __cxx11::basic_string<char>]' is deprecated: use 'std::atomic<std::shared_ptr<T>>' instead [-Wdeprecated-declarations]
   28 |       Message msg = std::atomic_load(&ptr->message_);
      |                     ~~~~~~~~~~~~~~~~^~~~~~~~~~~~~~~~
/usr/include/c++/16.1.1/bits/shared_ptr_atomic.h:142:5: note: declared here
  142 |     atomic_load(const shared_ptr<_Tp>* __p)
      |     ^~~~~~~~~~~
/home/joshuawarren/src/mlx-omarchy/.work/mlx/mlx/error.h: In member function 'void mlx::core::Error::check()':
/home/joshuawarren/src/mlx-omarchy/.work/mlx/mlx/error.h:39:36: warning: 'std::shared_ptr<_Tp> std::atomic_exchange(shared_ptr<_Tp>*, shared_ptr<_Tp>) [with _Tp = __cxx11::basic_string<char>]' is deprecated: use 'std::atomic<std::shared_ptr<T>>' instead [-Wdeprecated-declarations]
   39 |     auto msg = std::atomic_exchange(&message_, {});
      |                ~~~~~~~~~~~~~~~~~~~~^~~~~~~~~~~~~~~
/usr/include/c++/16.1.1/bits/shared_ptr_atomic.h:225:5: note: declared here
  225 |     atomic_exchange(shared_ptr<_Tp>* __p, shared_ptr<_Tp> __r)
      |     ^~~~~~~~~~~~~~~
In file included from /home/joshuawarren/src/mlx-omarchy/.work/mlx/mlx/event.h:8,
                 from /home/joshuawarren/src/mlx-omarchy/.work/mlx/mlx/array.h:14,
                 from /home/joshuawarren/src/mlx-omarchy/.work/mlx/mlx/backend/cpu/copy.h:7,
                 from /home/joshuawarren/src/mlx-omarchy/.work/mlx/mlx/backend/cpu/softmax.cpp:6:
/home/joshuawarren/src/mlx-omarchy/.work/mlx/mlx/error.h: In member function 'void mlx::core::Error::set_message(Message)':
/home/joshuawarren/src/mlx-omarchy/.work/mlx/mlx/error.h:17:22: warning: 'void std::atomic_store(shared_ptr<_Tp>*, shared_ptr<_Tp>) [with _Tp = __cxx11::basic_string<char>]' is deprecated: use 'std::atomic<std::shared_ptr<T>>' instead [-Wdeprecated-declarations]
   17 |     std::atomic_store(&message_, std::move(msg));
      |     ~~~~~~~~~~~~~~~~~^~~~~~~~~~~~~~~~~~~~~~~~~~~
In file included from /usr/include/c++/16.1.1/memory:83,
                 from /home/joshuawarren/src/mlx-omarchy/.work/mlx/mlx/array.h:7:
/usr/include/c++/16.1.1/bits/shared_ptr_atomic.h:183:5: note: declared here
  183 |     atomic_store(shared_ptr<_Tp>* __p, shared_ptr<_Tp> __r)
      |     ^~~~~~~~~~~~
/home/joshuawarren/src/mlx-omarchy/.work/mlx/mlx/error.h: In member function 'bool mlx::core::Error::valid() const':
/home/joshuawarren/src/mlx-omarchy/.work/mlx/mlx/error.h:21:32: warning: 'std::shared_ptr<_Tp> std::atomic_load(const shared_ptr<_Tp>*) [with _Tp = __cxx11::basic_string<char>]' is deprecated: use 'std::atomic<std::shared_ptr<T>>' instead [-Wdeprecated-declarations]
   21 |     auto msg = std::atomic_load(&message_);
      |                ~~~~~~~~~~~~~~~~^~~~~~~~~~~
/usr/include/c++/16.1.1/bits/shared_ptr_atomic.h:142:5: note: declared here
  142 |     atomic_load(const shared_ptr<_Tp>* __p)
      |     ^~~~~~~~~~~
/home/joshuawarren/src/mlx-omarchy/.work/mlx/mlx/error.h: In member function 'bool mlx::core::Error::store_if_valid(const mlx::core::Error*)':
/home/joshuawarren/src/mlx-omarchy/.work/mlx/mlx/error.h:28:37: warning: 'std::shared_ptr<_Tp> std::atomic_load(const shared_ptr<_Tp>*) [with _Tp = __cxx11::basic_string<char>]' is deprecated: use 'std::atomic<std::shared_ptr<T>>' instead [-Wdeprecated-declarations]
   28 |       Message msg = std::atomic_load(&ptr->message_);
      |                     ~~~~~~~~~~~~~~~~^~~~~~~~~~~~~~~~
/usr/include/c++/16.1.1/bits/shared_ptr_atomic.h:142:5: note: declared here
  142 |     atomic_load(const shared_ptr<_Tp>* __p)
      |     ^~~~~~~~~~~
/home/joshuawarren/src/mlx-omarchy/.work/mlx/mlx/error.h: In member function 'void mlx::core::Error::check()':
/home/joshuawarren/src/mlx-omarchy/.work/mlx/mlx/error.h:39:36: warning: 'std::shared_ptr<_Tp> std::atomic_exchange(shared_ptr<_Tp>*, shared_ptr<_Tp>) [with _Tp = __cxx11::basic_string<char>]' is deprecated: use 'std::atomic<std::shared_ptr<T>>' instead [-Wdeprecated-declarations]
   39 |     auto msg = std::atomic_exchange(&message_, {});
      |                ~~~~~~~~~~~~~~~~~~~~^~~~~~~~~~~~~~~
/usr/include/c++/16.1.1/bits/shared_ptr_atomic.h:225:5: note: declared here
  225 |     atomic_exchange(shared_ptr<_Tp>* __p, shared_ptr<_Tp> __r)
      |     ^~~~~~~~~~~~~~~
[ 94%] Building CXX object CMakeFiles/mlx.dir/mlx/backend/cpu/logsumexp.cpp.o
[ 94%] Building CXX object CMakeFiles/mlx.dir/mlx/backend/cpu/sort.cpp.o
[ 94%] Building CXX object CMakeFiles/mlx.dir/mlx/backend/cpu/threefry.cpp.o
[ 94%] Building CXX object CMakeFiles/mlx.dir/mlx/backend/cpu/indexing.cpp.o
In file included from /home/joshuawarren/src/mlx-omarchy/.work/mlx/mlx/event.h:8,
                 from /home/joshuawarren/src/mlx-omarchy/.work/mlx/mlx/array.h:14,
                 from /home/joshuawarren/src/mlx-omarchy/.work/mlx/mlx/backend/cpu/copy.h:7,
                 from /home/joshuawarren/src/mlx-omarchy/.work/mlx/mlx/backend/cpu/logsumexp.cpp:6:
/home/joshuawarren/src/mlx-omarchy/.work/mlx/mlx/error.h: In member function 'void mlx::core::Error::set_message(Message)':
/home/joshuawarren/src/mlx-omarchy/.work/mlx/mlx/error.h:17:22: warning: 'void std::atomic_store(shared_ptr<_Tp>*, shared_ptr<_Tp>) [with _Tp = __cxx11::basic_string<char>]' is deprecated: use 'std::atomic<std::shared_ptr<T>>' instead [-Wdeprecated-declarations]
   17 |     std::atomic_store(&message_, std::move(msg));
      |     ~~~~~~~~~~~~~~~~~^~~~~~~~~~~~~~~~~~~~~~~~~~~
In file included from /usr/include/c++/16.1.1/memory:83,
                 from /home/joshuawarren/src/mlx-omarchy/.work/mlx/mlx/array.h:7:
/usr/include/c++/16.1.1/bits/shared_ptr_atomic.h:183:5: note: declared here
  183 |     atomic_store(shared_ptr<_Tp>* __p, shared_ptr<_Tp> __r)
      |     ^~~~~~~~~~~~
/home/joshuawarren/src/mlx-omarchy/.work/mlx/mlx/error.h: In member function 'bool mlx::core::Error::valid() const':
/home/joshuawarren/src/mlx-omarchy/.work/mlx/mlx/error.h:21:32: warning: 'std::shared_ptr<_Tp> std::atomic_load(const shared_ptr<_Tp>*) [with _Tp = __cxx11::basic_string<char>]' is deprecated: use 'std::atomic<std::shared_ptr<T>>' instead [-Wdeprecated-declarations]
   21 |     auto msg = std::atomic_load(&message_);
      |                ~~~~~~~~~~~~~~~~^~~~~~~~~~~
/usr/include/c++/16.1.1/bits/shared_ptr_atomic.h:142:5: note: declared here
  142 |     atomic_load(const shared_ptr<_Tp>* __p)
      |     ^~~~~~~~~~~
/home/joshuawarren/src/mlx-omarchy/.work/mlx/mlx/error.h: In member function 'bool mlx::core::Error::store_if_valid(const mlx::core::Error*)':
/home/joshuawarren/src/mlx-omarchy/.work/mlx/mlx/error.h:28:37: warning: 'std::shared_ptr<_Tp> std::atomic_load(const shared_ptr<_Tp>*) [with _Tp = __cxx11::basic_string<char>]' is deprecated: use 'std::atomic<std::shared_ptr<T>>' instead [-Wdeprecated-declarations]
   28 |       Message msg = std::atomic_load(&ptr->message_);
      |                     ~~~~~~~~~~~~~~~~^~~~~~~~~~~~~~~~
/usr/include/c++/16.1.1/bits/shared_ptr_atomic.h:142:5: note: declared here
  142 |     atomic_load(const shared_ptr<_Tp>* __p)
      |     ^~~~~~~~~~~
/home/joshuawarren/src/mlx-omarchy/.work/mlx/mlx/error.h: In member function 'void mlx::core::Error::check()':
/home/joshuawarren/src/mlx-omarchy/.work/mlx/mlx/error.h:39:36: warning: 'std::shared_ptr<_Tp> std::atomic_exchange(shared_ptr<_Tp>*, shared_ptr<_Tp>) [with _Tp = __cxx11::basic_string<char>]' is deprecated: use 'std::atomic<std::shared_ptr<T>>' instead [-Wdeprecated-declarations]
   39 |     auto msg = std::atomic_exchange(&message_, {});
      |                ~~~~~~~~~~~~~~~~~~~~^~~~~~~~~~~~~~~
/usr/include/c++/16.1.1/bits/shared_ptr_atomic.h:225:5: note: declared here
  225 |     atomic_exchange(shared_ptr<_Tp>* __p, shared_ptr<_Tp> __r)
      |     ^~~~~~~~~~~~~~~
In file included from /home/joshuawarren/src/mlx-omarchy/.work/mlx/mlx/event.h:8,
                 from /home/joshuawarren/src/mlx-omarchy/.work/mlx/mlx/array.h:14,
                 from /home/joshuawarren/src/mlx-omarchy/.work/mlx/mlx/backend/common/utils.h:9,
                 from /home/joshuawarren/src/mlx-omarchy/.work/mlx/mlx/backend/cpu/sort.cpp:8:
/home/joshuawarren/src/mlx-omarchy/.work/mlx/mlx/error.h: In member function 'void mlx::core::Error::set_message(Message)':
/home/joshuawarren/src/mlx-omarchy/.work/mlx/mlx/error.h:17:22: warning: 'void std::atomic_store(shared_ptr<_Tp>*, shared_ptr<_Tp>) [with _Tp = __cxx11::basic_string<char>]' is deprecated: use 'std::atomic<std::shared_ptr<T>>' instead [-Wdeprecated-declarations]
   17 |     std::atomic_store(&message_, std::move(msg));
      |     ~~~~~~~~~~~~~~~~~^~~~~~~~~~~~~~~~~~~~~~~~~~~
In file included from /usr/include/c++/16.1.1/memory:83,
                 from /home/joshuawarren/src/mlx-omarchy/.work/mlx/mlx/array.h:7:
/usr/include/c++/16.1.1/bits/shared_ptr_atomic.h:183:5: note: declared here
  183 |     atomic_store(shared_ptr<_Tp>* __p, shared_ptr<_Tp> __r)
      |     ^~~~~~~~~~~~
/home/joshuawarren/src/mlx-omarchy/.work/mlx/mlx/error.h: In member function 'bool mlx::core::Error::valid() const':
/home/joshuawarren/src/mlx-omarchy/.work/mlx/mlx/error.h:21:32: warning: 'std::shared_ptr<_Tp> std::atomic_load(const shared_ptr<_Tp>*) [with _Tp = __cxx11::basic_string<char>]' is deprecated: use 'std::atomic<std::shared_ptr<T>>' instead [-Wdeprecated-declarations]
   21 |     auto msg = std::atomic_load(&message_);
      |                ~~~~~~~~~~~~~~~~^~~~~~~~~~~
/usr/include/c++/16.1.1/bits/shared_ptr_atomic.h:142:5: note: declared here
  142 |     atomic_load(const shared_ptr<_Tp>* __p)
      |     ^~~~~~~~~~~
/home/joshuawarren/src/mlx-omarchy/.work/mlx/mlx/error.h: In member function 'bool mlx::core::Error::store_if_valid(const mlx::core::Error*)':
/home/joshuawarren/src/mlx-omarchy/.work/mlx/mlx/error.h:28:37: warning: 'std::shared_ptr<_Tp> std::atomic_load(const shared_ptr<_Tp>*) [with _Tp = __cxx11::basic_string<char>]' is deprecated: use 'std::atomic<std::shared_ptr<T>>' instead [-Wdeprecated-declarations]
   28 |       Message msg = std::atomic_load(&ptr->message_);
      |                     ~~~~~~~~~~~~~~~~^~~~~~~~~~~~~~~~
/usr/include/c++/16.1.1/bits/shared_ptr_atomic.h:142:5: note: declared here
  142 |     atomic_load(const shared_ptr<_Tp>* __p)
      |     ^~~~~~~~~~~
/home/joshuawarren/src/mlx-omarchy/.work/mlx/mlx/error.h: In member function 'void mlx::core::Error::check()':
/home/joshuawarren/src/mlx-omarchy/.work/mlx/mlx/error.h:39:36: warning: 'std::shared_ptr<_Tp> std::atomic_exchange(shared_ptr<_Tp>*, shared_ptr<_Tp>) [with _Tp = __cxx11::basic_string<char>]' is deprecated: use 'std::atomic<std::shared_ptr<T>>' instead [-Wdeprecated-declarations]
   39 |     auto msg = std::atomic_exchange(&message_, {});
      |                ~~~~~~~~~~~~~~~~~~~~^~~~~~~~~~~~~~~
/usr/include/c++/16.1.1/bits/shared_ptr_atomic.h:225:5: note: declared here
  225 |     atomic_exchange(shared_ptr<_Tp>* __p, shared_ptr<_Tp> __r)
      |     ^~~~~~~~~~~~~~~
[ 95%] Building CXX object CMakeFiles/mlx.dir/mlx/backend/cpu/luf.cpp.o
In file included from /home/joshuawarren/src/mlx-omarchy/.work/mlx/mlx/event.h:8,
                 from /home/joshuawarren/src/mlx-omarchy/.work/mlx/mlx/array.h:14,
                 from /home/joshuawarren/src/mlx-omarchy/.work/mlx/mlx/backend/common/utils.h:9,
                 from /home/joshuawarren/src/mlx-omarchy/.work/mlx/mlx/backend/cpu/indexing.cpp:7:
/home/joshuawarren/src/mlx-omarchy/.work/mlx/mlx/error.h: In member function 'void mlx::core::Error::set_message(Message)':
/home/joshuawarren/src/mlx-omarchy/.work/mlx/mlx/error.h:17:22: warning: 'void std::atomic_store(shared_ptr<_Tp>*, shared_ptr<_Tp>) [with _Tp = __cxx11::basic_string<char>]' is deprecated: use 'std::atomic<std::shared_ptr<T>>' instead [-Wdeprecated-declarations]
   17 |     std::atomic_store(&message_, std::move(msg));
      |     ~~~~~~~~~~~~~~~~~^~~~~~~~~~~~~~~~~~~~~~~~~~~
In file included from /usr/include/c++/16.1.1/memory:83,
                 from /home/joshuawarren/src/mlx-omarchy/.work/mlx/mlx/array.h:7:
/usr/include/c++/16.1.1/bits/shared_ptr_atomic.h:183:5: note: declared here
  183 |     atomic_store(shared_ptr<_Tp>* __p, shared_ptr<_Tp> __r)
      |     ^~~~~~~~~~~~
/home/joshuawarren/src/mlx-omarchy/.work/mlx/mlx/error.h: In member function 'bool mlx::core::Error::valid() const':
/home/joshuawarren/src/mlx-omarchy/.work/mlx/mlx/error.h:21:32: warning: 'std::shared_ptr<_Tp> std::atomic_load(const shared_ptr<_Tp>*) [with _Tp = __cxx11::basic_string<char>]' is deprecated: use 'std::atomic<std::shared_ptr<T>>' instead [-Wdeprecated-declarations]
   21 |     auto msg = std::atomic_load(&message_);
      |                ~~~~~~~~~~~~~~~~^~~~~~~~~~~
/usr/include/c++/16.1.1/bits/shared_ptr_atomic.h:142:5: note: declared here
  142 |     atomic_load(const shared_ptr<_Tp>* __p)
      |     ^~~~~~~~~~~
/home/joshuawarren/src/mlx-omarchy/.work/mlx/mlx/error.h: In member function 'bool mlx::core::Error::store_if_valid(const mlx::core::Error*)':
/home/joshuawarren/src/mlx-omarchy/.work/mlx/mlx/error.h:28:37: warning: 'std::shared_ptr<_Tp> std::atomic_load(const shared_ptr<_Tp>*) [with _Tp = __cxx11::basic_string<char>]' is deprecated: use 'std::atomic<std::shared_ptr<T>>' instead [-Wdeprecated-declarations]
   28 |       Message msg = std::atomic_load(&ptr->message_);
      |                     ~~~~~~~~~~~~~~~~^~~~~~~~~~~~~~~~
/usr/include/c++/16.1.1/bits/shared_ptr_atomic.h:142:5: note: declared here
  142 |     atomic_load(const shared_ptr<_Tp>* __p)
      |     ^~~~~~~~~~~
/home/joshuawarren/src/mlx-omarchy/.work/mlx/mlx/error.h: In member function 'void mlx::core::Error::check()':
/home/joshuawarren/src/mlx-omarchy/.work/mlx/mlx/error.h:39:36: warning: 'std::shared_ptr<_Tp> std::atomic_exchange(shared_ptr<_Tp>*, shared_ptr<_Tp>) [with _Tp = __cxx11::basic_string<char>]' is deprecated: use 'std::atomic<std::shared_ptr<T>>' instead [-Wdeprecated-declarations]
   39 |     auto msg = std::atomic_exchange(&message_, {});
      |                ~~~~~~~~~~~~~~~~~~~~^~~~~~~~~~~~~~~
/usr/include/c++/16.1.1/bits/shared_ptr_atomic.h:225:5: note: declared here
  225 |     atomic_exchange(shared_ptr<_Tp>* __p, shared_ptr<_Tp> __r)
      |     ^~~~~~~~~~~~~~~
In file included from /home/joshuawarren/src/mlx-omarchy/.work/mlx/mlx/event.h:8,
                 from /home/joshuawarren/src/mlx-omarchy/.work/mlx/mlx/array.h:14,
                 from /home/joshuawarren/src/mlx-omarchy/.work/mlx/mlx/backend/cpu/copy.h:7,
                 from /home/joshuawarren/src/mlx-omarchy/.work/mlx/mlx/backend/cpu/luf.cpp:6:
/home/joshuawarren/src/mlx-omarchy/.work/mlx/mlx/error.h: In member function 'void mlx::core::Error::set_message(Message)':
/home/joshuawarren/src/mlx-omarchy/.work/mlx/mlx/error.h:17:22: warning: 'void std::atomic_store(shared_ptr<_Tp>*, shared_ptr<_Tp>) [with _Tp = __cxx11::basic_string<char>]' is deprecated: use 'std::atomic<std::shared_ptr<T>>' instead [-Wdeprecated-declarations]
   17 |     std::atomic_store(&message_, std::move(msg));
      |     ~~~~~~~~~~~~~~~~~^~~~~~~~~~~~~~~~~~~~~~~~~~~
In file included from /usr/include/c++/16.1.1/memory:83,
                 from /home/joshuawarren/src/mlx-omarchy/.work/mlx/mlx/array.h:7:
/usr/include/c++/16.1.1/bits/shared_ptr_atomic.h:183:5: note: declared here
  183 |     atomic_store(shared_ptr<_Tp>* __p, shared_ptr<_Tp> __r)
      |     ^~~~~~~~~~~~
/home/joshuawarren/src/mlx-omarchy/.work/mlx/mlx/error.h: In member function 'bool mlx::core::Error::valid() const':
/home/joshuawarren/src/mlx-omarchy/.work/mlx/mlx/error.h:21:32: warning: 'std::shared_ptr<_Tp> std::atomic_load(const shared_ptr<_Tp>*) [with _Tp = __cxx11::basic_string<char>]' is deprecated: use 'std::atomic<std::shared_ptr<T>>' instead [-Wdeprecated-declarations]
   21 |     auto msg = std::atomic_load(&message_);
      |                ~~~~~~~~~~~~~~~~^~~~~~~~~~~
/usr/include/c++/16.1.1/bits/shared_ptr_atomic.h:142:5: note: declared here
  142 |     atomic_load(const shared_ptr<_Tp>* __p)
      |     ^~~~~~~~~~~
/home/joshuawarren/src/mlx-omarchy/.work/mlx/mlx/error.h: In member function 'bool mlx::core::Error::store_if_valid(const mlx::core::Error*)':
/home/joshuawarren/src/mlx-omarchy/.work/mlx/mlx/error.h:28:37: warning: 'std::shared_ptr<_Tp> std::atomic_load(const shared_ptr<_Tp>*) [with _Tp = __cxx11::basic_string<char>]' is deprecated: use 'std::atomic<std::shared_ptr<T>>' instead [-Wdeprecated-declarations]
   28 |       Message msg = std::atomic_load(&ptr->message_);
      |                     ~~~~~~~~~~~~~~~~^~~~~~~~~~~~~~~~
/usr/include/c++/16.1.1/bits/shared_ptr_atomic.h:142:5: note: declared here
  142 |     atomic_load(const shared_ptr<_Tp>* __p)
      |     ^~~~~~~~~~~
/home/joshuawarren/src/mlx-omarchy/.work/mlx/mlx/error.h: In member function 'void mlx::core::Error::check()':
/home/joshuawarren/src/mlx-omarchy/.work/mlx/mlx/error.h:39:36: warning: 'std::shared_ptr<_Tp> std::atomic_exchange(shared_ptr<_Tp>*, shared_ptr<_Tp>) [with _Tp = __cxx11::basic_string<char>]' is deprecated: use 'std::atomic<std::shared_ptr<T>>' instead [-Wdeprecated-declarations]
   39 |     auto msg = std::atomic_exchange(&message_, {});
      |                ~~~~~~~~~~~~~~~~~~~~^~~~~~~~~~~~~~~
/usr/include/c++/16.1.1/bits/shared_ptr_atomic.h:225:5: note: declared here
  225 |     atomic_exchange(shared_ptr<_Tp>* __p, shared_ptr<_Tp> __r)
      |     ^~~~~~~~~~~~~~~
[ 95%] Building CXX object CMakeFiles/mlx.dir/mlx/backend/cpu/qrf.cpp.o
[ 95%] Building CXX object CMakeFiles/mlx.dir/mlx/backend/cpu/svd.cpp.o
In file included from /home/joshuawarren/src/mlx-omarchy/.work/mlx/mlx/event.h:8,
                 from /home/joshuawarren/src/mlx-omarchy/.work/mlx/mlx/array.h:14,
                 from /home/joshuawarren/src/mlx-omarchy/.work/mlx/mlx/backend/cpu/copy.h:7,
                 from /home/joshuawarren/src/mlx-omarchy/.work/mlx/mlx/backend/cpu/qrf.cpp:4:
/home/joshuawarren/src/mlx-omarchy/.work/mlx/mlx/error.h: In member function 'void mlx::core::Error::set_message(Message)':
/home/joshuawarren/src/mlx-omarchy/.work/mlx/mlx/error.h:17:22: warning: 'void std::atomic_store(shared_ptr<_Tp>*, shared_ptr<_Tp>) [with _Tp = __cxx11::basic_string<char>]' is deprecated: use 'std::atomic<std::shared_ptr<T>>' instead [-Wdeprecated-declarations]
   17 |     std::atomic_store(&message_, std::move(msg));
      |     ~~~~~~~~~~~~~~~~~^~~~~~~~~~~~~~~~~~~~~~~~~~~
In file included from /usr/include/c++/16.1.1/memory:83,
                 from /home/joshuawarren/src/mlx-omarchy/.work/mlx/mlx/array.h:7:
/usr/include/c++/16.1.1/bits/shared_ptr_atomic.h:183:5: note: declared here
  183 |     atomic_store(shared_ptr<_Tp>* __p, shared_ptr<_Tp> __r)
      |     ^~~~~~~~~~~~
/home/joshuawarren/src/mlx-omarchy/.work/mlx/mlx/error.h: In member function 'bool mlx::core::Error::valid() const':
/home/joshuawarren/src/mlx-omarchy/.work/mlx/mlx/error.h:21:32: warning: 'std::shared_ptr<_Tp> std::atomic_load(const shared_ptr<_Tp>*) [with _Tp = __cxx11::basic_string<char>]' is deprecated: use 'std::atomic<std::shared_ptr<T>>' instead [-Wdeprecated-declarations]
   21 |     auto msg = std::atomic_load(&message_);
      |                ~~~~~~~~~~~~~~~~^~~~~~~~~~~
/usr/include/c++/16.1.1/bits/shared_ptr_atomic.h:142:5: note: declared here
  142 |     atomic_load(const shared_ptr<_Tp>* __p)
      |     ^~~~~~~~~~~
/home/joshuawarren/src/mlx-omarchy/.work/mlx/mlx/error.h: In member function 'bool mlx::core::Error::store_if_valid(const mlx::core::Error*)':
/home/joshuawarren/src/mlx-omarchy/.work/mlx/mlx/error.h:28:37: warning: 'std::shared_ptr<_Tp> std::atomic_load(const shared_ptr<_Tp>*) [with _Tp = __cxx11::basic_string<char>]' is deprecated: use 'std::atomic<std::shared_ptr<T>>' instead [-Wdeprecated-declarations]
   28 |       Message msg = std::atomic_load(&ptr->message_);
      |                     ~~~~~~~~~~~~~~~~^~~~~~~~~~~~~~~~
/usr/include/c++/16.1.1/bits/shared_ptr_atomic.h:142:5: note: declared here
  142 |     atomic_load(const shared_ptr<_Tp>* __p)
      |     ^~~~~~~~~~~
/home/joshuawarren/src/mlx-omarchy/.work/mlx/mlx/error.h: In member function 'void mlx::core::Error::check()':
/home/joshuawarren/src/mlx-omarchy/.work/mlx/mlx/error.h:39:36: warning: 'std::shared_ptr<_Tp> std::atomic_exchange(shared_ptr<_Tp>*, shared_ptr<_Tp>) [with _Tp = __cxx11::basic_string<char>]' is deprecated: use 'std::atomic<std::shared_ptr<T>>' instead [-Wdeprecated-declarations]
   39 |     auto msg = std::atomic_exchange(&message_, {});
      |                ~~~~~~~~~~~~~~~~~~~~^~~~~~~~~~~~~~~
/usr/include/c++/16.1.1/bits/shared_ptr_atomic.h:225:5: note: declared here
  225 |     atomic_exchange(shared_ptr<_Tp>* __p, shared_ptr<_Tp> __r)
      |     ^~~~~~~~~~~~~~~
In file included from /home/joshuawarren/src/mlx-omarchy/.work/mlx/mlx/event.h:8,
                 from /home/joshuawarren/src/mlx-omarchy/.work/mlx/mlx/array.h:14,
                 from /home/joshuawarren/src/mlx-omarchy/.work/mlx/mlx/backend/cpu/copy.h:7,
                 from /home/joshuawarren/src/mlx-omarchy/.work/mlx/mlx/backend/cpu/svd.cpp:6:
/home/joshuawarren/src/mlx-omarchy/.work/mlx/mlx/error.h: In member function 'void mlx::core::Error::set_message(Message)':
/home/joshuawarren/src/mlx-omarchy/.work/mlx/mlx/error.h:17:22: warning: 'void std::atomic_store(shared_ptr<_Tp>*, shared_ptr<_Tp>) [with _Tp = __cxx11::basic_string<char>]' is deprecated: use 'std::atomic<std::shared_ptr<T>>' instead [-Wdeprecated-declarations]
   17 |     std::atomic_store(&message_, std::move(msg));
      |     ~~~~~~~~~~~~~~~~~^~~~~~~~~~~~~~~~~~~~~~~~~~~
In file included from /usr/include/c++/16.1.1/memory:83,
                 from /home/joshuawarren/src/mlx-omarchy/.work/mlx/mlx/array.h:7:
/usr/include/c++/16.1.1/bits/shared_ptr_atomic.h:183:5: note: declared here
  183 |     atomic_store(shared_ptr<_Tp>* __p, shared_ptr<_Tp> __r)
      |     ^~~~~~~~~~~~
/home/joshuawarren/src/mlx-omarchy/.work/mlx/mlx/error.h: In member function 'bool mlx::core::Error::valid() const':
/home/joshuawarren/src/mlx-omarchy/.work/mlx/mlx/error.h:21:32: warning: 'std::shared_ptr<_Tp> std::atomic_load(const shared_ptr<_Tp>*) [with _Tp = __cxx11::basic_string<char>]' is deprecated: use 'std::atomic<std::shared_ptr<T>>' instead [-Wdeprecated-declarations]
   21 |     auto msg = std::atomic_load(&message_);
      |                ~~~~~~~~~~~~~~~~^~~~~~~~~~~
/usr/include/c++/16.1.1/bits/shared_ptr_atomic.h:142:5: note: declared here
  142 |     atomic_load(const shared_ptr<_Tp>* __p)
      |     ^~~~~~~~~~~
/home/joshuawarren/src/mlx-omarchy/.work/mlx/mlx/error.h: In member function 'bool mlx::core::Error::store_if_valid(const mlx::core::Error*)':
/home/joshuawarren/src/mlx-omarchy/.work/mlx/mlx/error.h:28:37: warning: 'std::shared_ptr<_Tp> std::atomic_load(const shared_ptr<_Tp>*) [with _Tp = __cxx11::basic_string<char>]' is deprecated: use 'std::atomic<std::shared_ptr<T>>' instead [-Wdeprecated-declarations]
   28 |       Message msg = std::atomic_load(&ptr->message_);
      |                     ~~~~~~~~~~~~~~~~^~~~~~~~~~~~~~~~
/usr/include/c++/16.1.1/bits/shared_ptr_atomic.h:142:5: note: declared here
  142 |     atomic_load(const shared_ptr<_Tp>* __p)
      |     ^~~~~~~~~~~
/home/joshuawarren/src/mlx-omarchy/.work/mlx/mlx/error.h: In member function 'void mlx::core::Error::check()':
/home/joshuawarren/src/mlx-omarchy/.work/mlx/mlx/error.h:39:36: warning: 'std::shared_ptr<_Tp> std::atomic_exchange(shared_ptr<_Tp>*, shared_ptr<_Tp>) [with _Tp = __cxx11::basic_string<char>]' is deprecated: use 'std::atomic<std::shared_ptr<T>>' instead [-Wdeprecated-declarations]
   39 |     auto msg = std::atomic_exchange(&message_, {});
      |                ~~~~~~~~~~~~~~~~~~~~^~~~~~~~~~~~~~~
/usr/include/c++/16.1.1/bits/shared_ptr_atomic.h:225:5: note: declared here
  225 |     atomic_exchange(shared_ptr<_Tp>* __p, shared_ptr<_Tp> __r)
      |     ^~~~~~~~~~~~~~~
[ 95%] Building CXX object CMakeFiles/mlx.dir/mlx/backend/cpu/inverse.cpp.o
In file included from /home/joshuawarren/src/mlx-omarchy/.work/mlx/mlx/event.h:8,
                 from /home/joshuawarren/src/mlx-omarchy/.work/mlx/mlx/array.h:14,
                 from /home/joshuawarren/src/mlx-omarchy/.work/mlx/mlx/backend/cpu/copy.h:7,
                 from /home/joshuawarren/src/mlx-omarchy/.work/mlx/mlx/backend/cpu/inverse.cpp:4:
/home/joshuawarren/src/mlx-omarchy/.work/mlx/mlx/error.h: In member function 'void mlx::core::Error::set_message(Message)':
/home/joshuawarren/src/mlx-omarchy/.work/mlx/mlx/error.h:17:22: warning: 'void std::atomic_store(shared_ptr<_Tp>*, shared_ptr<_Tp>) [with _Tp = __cxx11::basic_string<char>]' is deprecated: use 'std::atomic<std::shared_ptr<T>>' instead [-Wdeprecated-declarations]
   17 |     std::atomic_store(&message_, std::move(msg));
      |     ~~~~~~~~~~~~~~~~~^~~~~~~~~~~~~~~~~~~~~~~~~~~
In file included from /usr/include/c++/16.1.1/memory:83,
                 from /home/joshuawarren/src/mlx-omarchy/.work/mlx/mlx/array.h:7:
/usr/include/c++/16.1.1/bits/shared_ptr_atomic.h:183:5: note: declared here
  183 |     atomic_store(shared_ptr<_Tp>* __p, shared_ptr<_Tp> __r)
      |     ^~~~~~~~~~~~
/home/joshuawarren/src/mlx-omarchy/.work/mlx/mlx/error.h: In member function 'bool mlx::core::Error::valid() const':
/home/joshuawarren/src/mlx-omarchy/.work/mlx/mlx/error.h:21:32: warning: 'std::shared_ptr<_Tp> std::atomic_load(const shared_ptr<_Tp>*) [with _Tp = __cxx11::basic_string<char>]' is deprecated: use 'std::atomic<std::shared_ptr<T>>' instead [-Wdeprecated-declarations]
   21 |     auto msg = std::atomic_load(&message_);
      |                ~~~~~~~~~~~~~~~~^~~~~~~~~~~
/usr/include/c++/16.1.1/bits/shared_ptr_atomic.h:142:5: note: declared here
  142 |     atomic_load(const shared_ptr<_Tp>* __p)
      |     ^~~~~~~~~~~
/home/joshuawarren/src/mlx-omarchy/.work/mlx/mlx/error.h: In member function 'bool mlx::core::Error::store_if_valid(const mlx::core::Error*)':
/home/joshuawarren/src/mlx-omarchy/.work/mlx/mlx/error.h:28:37: warning: 'std::shared_ptr<_Tp> std::atomic_load(const shared_ptr<_Tp>*) [with _Tp = __cxx11::basic_string<char>]' is deprecated: use 'std::atomic<std::shared_ptr<T>>' instead [-Wdeprecated-declarations]
   28 |       Message msg = std::atomic_load(&ptr->message_);
      |                     ~~~~~~~~~~~~~~~~^~~~~~~~~~~~~~~~
/usr/include/c++/16.1.1/bits/shared_ptr_atomic.h:142:5: note: declared here
  142 |     atomic_load(const shared_ptr<_Tp>* __p)
      |     ^~~~~~~~~~~
/home/joshuawarren/src/mlx-omarchy/.work/mlx/mlx/error.h: In member function 'void mlx::core::Error::check()':
/home/joshuawarren/src/mlx-omarchy/.work/mlx/mlx/error.h:39:36: warning: 'std::shared_ptr<_Tp> std::atomic_exchange(shared_ptr<_Tp>*, shared_ptr<_Tp>) [with _Tp = __cxx11::basic_string<char>]' is deprecated: use 'std::atomic<std::shared_ptr<T>>' instead [-Wdeprecated-declarations]
   39 |     auto msg = std::atomic_exchange(&message_, {});
      |                ~~~~~~~~~~~~~~~~~~~~^~~~~~~~~~~~~~~
/usr/include/c++/16.1.1/bits/shared_ptr_atomic.h:225:5: note: declared here
  225 |     atomic_exchange(shared_ptr<_Tp>* __p, shared_ptr<_Tp> __r)
      |     ^~~~~~~~~~~~~~~
[ 95%] Building CXX object CMakeFiles/mlx.dir/mlx/backend/cpu/cholesky.cpp.o
[ 95%] Building CXX object CMakeFiles/mlx.dir/mlx/backend/cpu/unary.cpp.o
In file included from /home/joshuawarren/src/mlx-omarchy/.work/mlx/mlx/event.h:8,
                 from /home/joshuawarren/src/mlx-omarchy/.work/mlx/mlx/array.h:14,
                 from /home/joshuawarren/src/mlx-omarchy/.work/mlx/mlx/backend/cpu/copy.h:7,
                 from /home/joshuawarren/src/mlx-omarchy/.work/mlx/mlx/backend/cpu/cholesky.cpp:4:
/home/joshuawarren/src/mlx-omarchy/.work/mlx/mlx/error.h: In member function 'void mlx::core::Error::set_message(Message)':
/home/joshuawarren/src/mlx-omarchy/.work/mlx/mlx/error.h:17:22: warning: 'void std::atomic_store(shared_ptr<_Tp>*, shared_ptr<_Tp>) [with _Tp = __cxx11::basic_string<char>]' is deprecated: use 'std::atomic<std::shared_ptr<T>>' instead [-Wdeprecated-declarations]
   17 |     std::atomic_store(&message_, std::move(msg));
      |     ~~~~~~~~~~~~~~~~~^~~~~~~~~~~~~~~~~~~~~~~~~~~
In file included from /usr/include/c++/16.1.1/memory:83,
                 from /home/joshuawarren/src/mlx-omarchy/.work/mlx/mlx/array.h:7:
/usr/include/c++/16.1.1/bits/shared_ptr_atomic.h:183:5: note: declared here
  183 |     atomic_store(shared_ptr<_Tp>* __p, shared_ptr<_Tp> __r)
      |     ^~~~~~~~~~~~
/home/joshuawarren/src/mlx-omarchy/.work/mlx/mlx/error.h: In member function 'bool mlx::core::Error::valid() const':
/home/joshuawarren/src/mlx-omarchy/.work/mlx/mlx/error.h:21:32: warning: 'std::shared_ptr<_Tp> std::atomic_load(const shared_ptr<_Tp>*) [with _Tp = __cxx11::basic_string<char>]' is deprecated: use 'std::atomic<std::shared_ptr<T>>' instead [-Wdeprecated-declarations]
   21 |     auto msg = std::atomic_load(&message_);
      |                ~~~~~~~~~~~~~~~~^~~~~~~~~~~
/usr/include/c++/16.1.1/bits/shared_ptr_atomic.h:142:5: note: declared here
  142 |     atomic_load(const shared_ptr<_Tp>* __p)
      |     ^~~~~~~~~~~
/home/joshuawarren/src/mlx-omarchy/.work/mlx/mlx/error.h: In member function 'bool mlx::core::Error::store_if_valid(const mlx::core::Error*)':
/home/joshuawarren/src/mlx-omarchy/.work/mlx/mlx/error.h:28:37: warning: 'std::shared_ptr<_Tp> std::atomic_load(const shared_ptr<_Tp>*) [with _Tp = __cxx11::basic_string<char>]' is deprecated: use 'std::atomic<std::shared_ptr<T>>' instead [-Wdeprecated-declarations]
   28 |       Message msg = std::atomic_load(&ptr->message_);
      |                     ~~~~~~~~~~~~~~~~^~~~~~~~~~~~~~~~
/usr/include/c++/16.1.1/bits/shared_ptr_atomic.h:142:5: note: declared here
  142 |     atomic_load(const shared_ptr<_Tp>* __p)
      |     ^~~~~~~~~~~
/home/joshuawarren/src/mlx-omarchy/.work/mlx/mlx/error.h: In member function 'void mlx::core::Error::check()':
/home/joshuawarren/src/mlx-omarchy/.work/mlx/mlx/error.h:39:36: warning: 'std::shared_ptr<_Tp> std::atomic_exchange(shared_ptr<_Tp>*, shared_ptr<_Tp>) [with _Tp = __cxx11::basic_string<char>]' is deprecated: use 'std::atomic<std::shared_ptr<T>>' instead [-Wdeprecated-declarations]
   39 |     auto msg = std::atomic_exchange(&message_, {});
      |                ~~~~~~~~~~~~~~~~~~~~^~~~~~~~~~~~~~~
/usr/include/c++/16.1.1/bits/shared_ptr_atomic.h:225:5: note: declared here
  225 |     atomic_exchange(shared_ptr<_Tp>* __p, shared_ptr<_Tp> __r)
      |     ^~~~~~~~~~~~~~~
[ 95%] Building CXX object CMakeFiles/mlx.dir/mlx/backend/cpu/eval.cpp.o
In file included from /home/joshuawarren/src/mlx-omarchy/.work/mlx/mlx/event.h:8,
                 from /home/joshuawarren/src/mlx-omarchy/.work/mlx/mlx/array.h:14,
                 from /home/joshuawarren/src/mlx-omarchy/.work/mlx/mlx/backend/common/utils.h:9,
                 from /home/joshuawarren/src/mlx-omarchy/.work/mlx/mlx/backend/common/unary.h:6,
                 from /home/joshuawarren/src/mlx-omarchy/.work/mlx/mlx/backend/cpu/unary.h:5,
                 from /home/joshuawarren/src/mlx-omarchy/.work/mlx/mlx/backend/cpu/unary.cpp:8:
/home/joshuawarren/src/mlx-omarchy/.work/mlx/mlx/error.h: In member function 'void mlx::core::Error::set_message(Message)':
/home/joshuawarren/src/mlx-omarchy/.work/mlx/mlx/error.h:17:22: warning: 'void std::atomic_store(shared_ptr<_Tp>*, shared_ptr<_Tp>) [with _Tp = __cxx11::basic_string<char>]' is deprecated: use 'std::atomic<std::shared_ptr<T>>' instead [-Wdeprecated-declarations]
   17 |     std::atomic_store(&message_, std::move(msg));
      |     ~~~~~~~~~~~~~~~~~^~~~~~~~~~~~~~~~~~~~~~~~~~~
In file included from /usr/include/c++/16.1.1/memory:83,
                 from /home/joshuawarren/src/mlx-omarchy/.work/mlx/mlx/array.h:7:
/usr/include/c++/16.1.1/bits/shared_ptr_atomic.h:183:5: note: declared here
  183 |     atomic_store(shared_ptr<_Tp>* __p, shared_ptr<_Tp> __r)
      |     ^~~~~~~~~~~~
/home/joshuawarren/src/mlx-omarchy/.work/mlx/mlx/error.h: In member function 'bool mlx::core::Error::valid() const':
/home/joshuawarren/src/mlx-omarchy/.work/mlx/mlx/error.h:21:32: warning: 'std::shared_ptr<_Tp> std::atomic_load(const shared_ptr<_Tp>*) [with _Tp = __cxx11::basic_string<char>]' is deprecated: use 'std::atomic<std::shared_ptr<T>>' instead [-Wdeprecated-declarations]
   21 |     auto msg = std::atomic_load(&message_);
      |                ~~~~~~~~~~~~~~~~^~~~~~~~~~~
/usr/include/c++/16.1.1/bits/shared_ptr_atomic.h:142:5: note: declared here
  142 |     atomic_load(const shared_ptr<_Tp>* __p)
      |     ^~~~~~~~~~~
/home/joshuawarren/src/mlx-omarchy/.work/mlx/mlx/error.h: In member function 'bool mlx::core::Error::store_if_valid(const mlx::core::Error*)':
/home/joshuawarren/src/mlx-omarchy/.work/mlx/mlx/error.h:28:37: warning: 'std::shared_ptr<_Tp> std::atomic_load(const shared_ptr<_Tp>*) [with _Tp = __cxx11::basic_string<char>]' is deprecated: use 'std::atomic<std::shared_ptr<T>>' instead [-Wdeprecated-declarations]
   28 |       Message msg = std::atomic_load(&ptr->message_);
      |                     ~~~~~~~~~~~~~~~~^~~~~~~~~~~~~~~~
/usr/include/c++/16.1.1/bits/shared_ptr_atomic.h:142:5: note: declared here
  142 |     atomic_load(const shared_ptr<_Tp>* __p)
      |     ^~~~~~~~~~~
/home/joshuawarren/src/mlx-omarchy/.work/mlx/mlx/error.h: In member function 'void mlx::core::Error::check()':
/home/joshuawarren/src/mlx-omarchy/.work/mlx/mlx/error.h:39:36: warning: 'std::shared_ptr<_Tp> std::atomic_exchange(shared_ptr<_Tp>*, shared_ptr<_Tp>) [with _Tp = __cxx11::basic_string<char>]' is deprecated: use 'std::atomic<std::shared_ptr<T>>' instead [-Wdeprecated-declarations]
   39 |     auto msg = std::atomic_exchange(&message_, {});
      |                ~~~~~~~~~~~~~~~~~~~~^~~~~~~~~~~~~~~
/usr/include/c++/16.1.1/bits/shared_ptr_atomic.h:225:5: note: declared here
  225 |     atomic_exchange(shared_ptr<_Tp>* __p, shared_ptr<_Tp> __r)
      |     ^~~~~~~~~~~~~~~
In file included from /home/joshuawarren/src/mlx-omarchy/.work/mlx/mlx/event.h:8,
                 from /home/joshuawarren/src/mlx-omarchy/.work/mlx/mlx/array.h:14,
                 from /home/joshuawarren/src/mlx-omarchy/.work/mlx/mlx/backend/cpu/eval.h:5,
                 from /home/joshuawarren/src/mlx-omarchy/.work/mlx/mlx/backend/cpu/eval.cpp:2:
/home/joshuawarren/src/mlx-omarchy/.work/mlx/mlx/error.h: In member function 'void mlx::core::Error::set_message(Message)':
/home/joshuawarren/src/mlx-omarchy/.work/mlx/mlx/error.h:17:22: warning: 'void std::atomic_store(shared_ptr<_Tp>*, shared_ptr<_Tp>) [with _Tp = __cxx11::basic_string<char>]' is deprecated: use 'std::atomic<std::shared_ptr<T>>' instead [-Wdeprecated-declarations]
   17 |     std::atomic_store(&message_, std::move(msg));
      |     ~~~~~~~~~~~~~~~~~^~~~~~~~~~~~~~~~~~~~~~~~~~~
In file included from /usr/include/c++/16.1.1/memory:83,
                 from /home/joshuawarren/src/mlx-omarchy/.work/mlx/mlx/array.h:7:
/usr/include/c++/16.1.1/bits/shared_ptr_atomic.h:183:5: note: declared here
  183 |     atomic_store(shared_ptr<_Tp>* __p, shared_ptr<_Tp> __r)
      |     ^~~~~~~~~~~~
/home/joshuawarren/src/mlx-omarchy/.work/mlx/mlx/error.h: In member function 'bool mlx::core::Error::valid() const':
/home/joshuawarren/src/mlx-omarchy/.work/mlx/mlx/error.h:21:32: warning: 'std::shared_ptr<_Tp> std::atomic_load(const shared_ptr<_Tp>*) [with _Tp = __cxx11::basic_string<char>]' is deprecated: use 'std::atomic<std::shared_ptr<T>>' instead [-Wdeprecated-declarations]
   21 |     auto msg = std::atomic_load(&message_);
      |                ~~~~~~~~~~~~~~~~^~~~~~~~~~~
/usr/include/c++/16.1.1/bits/shared_ptr_atomic.h:142:5: note: declared here
  142 |     atomic_load(const shared_ptr<_Tp>* __p)
      |     ^~~~~~~~~~~
/home/joshuawarren/src/mlx-omarchy/.work/mlx/mlx/error.h: In member function 'bool mlx::core::Error::store_if_valid(const mlx::core::Error*)':
/home/joshuawarren/src/mlx-omarchy/.work/mlx/mlx/error.h:28:37: warning: 'std::shared_ptr<_Tp> std::atomic_load(const shared_ptr<_Tp>*) [with _Tp = __cxx11::basic_string<char>]' is deprecated: use 'std::atomic<std::shared_ptr<T>>' instead [-Wdeprecated-declarations]
   28 |       Message msg = std::atomic_load(&ptr->message_);
      |                     ~~~~~~~~~~~~~~~~^~~~~~~~~~~~~~~~
/usr/include/c++/16.1.1/bits/shared_ptr_atomic.h:142:5: note: declared here
  142 |     atomic_load(const shared_ptr<_Tp>* __p)
      |     ^~~~~~~~~~~
/home/joshuawarren/src/mlx-omarchy/.work/mlx/mlx/error.h: In member function 'void mlx::core::Error::check()':
/home/joshuawarren/src/mlx-omarchy/.work/mlx/mlx/error.h:39:36: warning: 'std::shared_ptr<_Tp> std::atomic_exchange(shared_ptr<_Tp>*, shared_ptr<_Tp>) [with _Tp = __cxx11::basic_string<char>]' is deprecated: use 'std::atomic<std::shared_ptr<T>>' instead [-Wdeprecated-declarations]
   39 |     auto msg = std::atomic_exchange(&message_, {});
      |                ~~~~~~~~~~~~~~~~~~~~^~~~~~~~~~~~~~~
/usr/include/c++/16.1.1/bits/shared_ptr_atomic.h:225:5: note: declared here
  225 |     atomic_exchange(shared_ptr<_Tp>* __p, shared_ptr<_Tp> __r)
      |     ^~~~~~~~~~~~~~~
[ 95%] Building CXX object CMakeFiles/mlx.dir/mlx/backend/cpu/compiled_preamble.cpp.o
[ 95%] Building CXX object CMakeFiles/mlx.dir/mlx/backend/cpu/gemms/simd_fp16.cpp.o
[ 96%] Building CXX object CMakeFiles/mlx.dir/mlx/backend/cpu/gemms/simd_bf16.cpp.o
[ 96%] Building CXX object CMakeFiles/mlx.dir/mlx/backend/cpu/compiled.cpp.o
In file included from /home/joshuawarren/src/mlx-omarchy/.work/mlx/mlx/event.h:8,
                 from /home/joshuawarren/src/mlx-omarchy/.work/mlx/mlx/array.h:14,
                 from /home/joshuawarren/src/mlx-omarchy/.work/mlx/mlx/backend/common/utils.h:9,
                 from /home/joshuawarren/src/mlx-omarchy/.work/mlx/mlx/backend/cpu/gemms/simd_fp16.cpp:3:
/home/joshuawarren/src/mlx-omarchy/.work/mlx/mlx/error.h: In member function 'void mlx::core::Error::set_message(Message)':
/home/joshuawarren/src/mlx-omarchy/.work/mlx/mlx/error.h:17:22: warning: 'void std::atomic_store(shared_ptr<_Tp>*, shared_ptr<_Tp>) [with _Tp = __cxx11::basic_string<char>]' is deprecated: use 'std::atomic<std::shared_ptr<T>>' instead [-Wdeprecated-declarations]
   17 |     std::atomic_store(&message_, std::move(msg));
      |     ~~~~~~~~~~~~~~~~~^~~~~~~~~~~~~~~~~~~~~~~~~~~
In file included from /usr/include/c++/16.1.1/memory:83,
                 from /home/joshuawarren/src/mlx-omarchy/.work/mlx/mlx/array.h:7:
/usr/include/c++/16.1.1/bits/shared_ptr_atomic.h:183:5: note: declared here
  183 |     atomic_store(shared_ptr<_Tp>* __p, shared_ptr<_Tp> __r)
      |     ^~~~~~~~~~~~
/home/joshuawarren/src/mlx-omarchy/.work/mlx/mlx/error.h: In member function 'bool mlx::core::Error::valid() const':
/home/joshuawarren/src/mlx-omarchy/.work/mlx/mlx/error.h:21:32: warning: 'std::shared_ptr<_Tp> std::atomic_load(const shared_ptr<_Tp>*) [with _Tp = __cxx11::basic_string<char>]' is deprecated: use 'std::atomic<std::shared_ptr<T>>' instead [-Wdeprecated-declarations]
   21 |     auto msg = std::atomic_load(&message_);
      |                ~~~~~~~~~~~~~~~~^~~~~~~~~~~
/usr/include/c++/16.1.1/bits/shared_ptr_atomic.h:142:5: note: declared here
  142 |     atomic_load(const shared_ptr<_Tp>* __p)
      |     ^~~~~~~~~~~
/home/joshuawarren/src/mlx-omarchy/.work/mlx/mlx/error.h: In member function 'bool mlx::core::Error::store_if_valid(const mlx::core::Error*)':
/home/joshuawarren/src/mlx-omarchy/.work/mlx/mlx/error.h:28:37: warning: 'std::shared_ptr<_Tp> std::atomic_load(const shared_ptr<_Tp>*) [with _Tp = __cxx11::basic_string<char>]' is deprecated: use 'std::atomic<std::shared_ptr<T>>' instead [-Wdeprecated-declarations]
   28 |       Message msg = std::atomic_load(&ptr->message_);
      |                     ~~~~~~~~~~~~~~~~^~~~~~~~~~~~~~~~
/usr/include/c++/16.1.1/bits/shared_ptr_atomic.h:142:5: note: declared here
  142 |     atomic_load(const shared_ptr<_Tp>* __p)
      |     ^~~~~~~~~~~
/home/joshuawarren/src/mlx-omarchy/.work/mlx/mlx/error.h: In member function 'void mlx::core::Error::check()':
/home/joshuawarren/src/mlx-omarchy/.work/mlx/mlx/error.h:39:36: warning: 'std::shared_ptr<_Tp> std::atomic_exchange(shared_ptr<_Tp>*, shared_ptr<_Tp>) [with _Tp = __cxx11::basic_string<char>]' is deprecated: use 'std::atomic<std::shared_ptr<T>>' instead [-Wdeprecated-declarations]
   39 |     auto msg = std::atomic_exchange(&message_, {});
      |                ~~~~~~~~~~~~~~~~~~~~^~~~~~~~~~~~~~~
/usr/include/c++/16.1.1/bits/shared_ptr_atomic.h:225:5: note: declared here
  225 |     atomic_exchange(shared_ptr<_Tp>* __p, shared_ptr<_Tp> __r)
      |     ^~~~~~~~~~~~~~~
[ 96%] Building CXX object CMakeFiles/mlx.dir/mlx/backend/cpu/jit_compiler.cpp.o
In file included from /home/joshuawarren/src/mlx-omarchy/.work/mlx/mlx/event.h:8,
                 from /home/joshuawarren/src/mlx-omarchy/.work/mlx/mlx/array.h:14,
                 from /home/joshuawarren/src/mlx-omarchy/.work/mlx/mlx/backend/common/utils.h:9,
                 from /home/joshuawarren/src/mlx-omarchy/.work/mlx/mlx/backend/cpu/gemms/simd_bf16.cpp:3:
/home/joshuawarren/src/mlx-omarchy/.work/mlx/mlx/error.h: In member function 'void mlx::core::Error::set_message(Message)':
/home/joshuawarren/src/mlx-omarchy/.work/mlx/mlx/error.h:17:22: warning: 'void std::atomic_store(shared_ptr<_Tp>*, shared_ptr<_Tp>) [with _Tp = __cxx11::basic_string<char>]' is deprecated: use 'std::atomic<std::shared_ptr<T>>' instead [-Wdeprecated-declarations]
   17 |     std::atomic_store(&message_, std::move(msg));
      |     ~~~~~~~~~~~~~~~~~^~~~~~~~~~~~~~~~~~~~~~~~~~~
In file included from /usr/include/c++/16.1.1/memory:83,
                 from /home/joshuawarren/src/mlx-omarchy/.work/mlx/mlx/array.h:7:
/usr/include/c++/16.1.1/bits/shared_ptr_atomic.h:183:5: note: declared here
  183 |     atomic_store(shared_ptr<_Tp>* __p, shared_ptr<_Tp> __r)
      |     ^~~~~~~~~~~~
/home/joshuawarren/src/mlx-omarchy/.work/mlx/mlx/error.h: In member function 'bool mlx::core::Error::valid() const':
/home/joshuawarren/src/mlx-omarchy/.work/mlx/mlx/error.h:21:32: warning: 'std::shared_ptr<_Tp> std::atomic_load(const shared_ptr<_Tp>*) [with _Tp = __cxx11::basic_string<char>]' is deprecated: use 'std::atomic<std::shared_ptr<T>>' instead [-Wdeprecated-declarations]
   21 |     auto msg = std::atomic_load(&message_);
      |                ~~~~~~~~~~~~~~~~^~~~~~~~~~~
/usr/include/c++/16.1.1/bits/shared_ptr_atomic.h:142:5: note: declared here
  142 |     atomic_load(const shared_ptr<_Tp>* __p)
      |     ^~~~~~~~~~~
/home/joshuawarren/src/mlx-omarchy/.work/mlx/mlx/error.h: In member function 'bool mlx::core::Error::store_if_valid(const mlx::core::Error*)':
/home/joshuawarren/src/mlx-omarchy/.work/mlx/mlx/error.h:28:37: warning: 'std::shared_ptr<_Tp> std::atomic_load(const shared_ptr<_Tp>*) [with _Tp = __cxx11::basic_string<char>]' is deprecated: use 'std::atomic<std::shared_ptr<T>>' instead [-Wdeprecated-declarations]
   28 |       Message msg = std::atomic_load(&ptr->message_);
      |                     ~~~~~~~~~~~~~~~~^~~~~~~~~~~~~~~~
/usr/include/c++/16.1.1/bits/shared_ptr_atomic.h:142:5: note: declared here
  142 |     atomic_load(const shared_ptr<_Tp>* __p)
      |     ^~~~~~~~~~~
/home/joshuawarren/src/mlx-omarchy/.work/mlx/mlx/error.h: In member function 'void mlx::core::Error::check()':
/home/joshuawarren/src/mlx-omarchy/.work/mlx/mlx/error.h:39:36: warning: 'std::shared_ptr<_Tp> std::atomic_exchange(shared_ptr<_Tp>*, shared_ptr<_Tp>) [with _Tp = __cxx11::basic_string<char>]' is deprecated: use 'std::atomic<std::shared_ptr<T>>' instead [-Wdeprecated-declarations]
   39 |     auto msg = std::atomic_exchange(&message_, {});
      |                ~~~~~~~~~~~~~~~~~~~~^~~~~~~~~~~~~~~
/usr/include/c++/16.1.1/bits/shared_ptr_atomic.h:225:5: note: declared here
  225 |     atomic_exchange(shared_ptr<_Tp>* __p, shared_ptr<_Tp> __r)
      |     ^~~~~~~~~~~~~~~
[ 96%] Building CXX object CMakeFiles/mlx.dir/mlx/distributed/primitives.cpp.o
In file included from /home/joshuawarren/src/mlx-omarchy/.work/mlx/mlx/event.h:8,
                 from /home/joshuawarren/src/mlx-omarchy/.work/mlx/mlx/array.h:14,
                 from /home/joshuawarren/src/mlx-omarchy/.work/mlx/mlx/backend/common/compiled.h:8,
                 from /home/joshuawarren/src/mlx-omarchy/.work/mlx/mlx/backend/cpu/compiled.cpp:12:
/home/joshuawarren/src/mlx-omarchy/.work/mlx/mlx/error.h: In member function 'void mlx::core::Error::set_message(Message)':
/home/joshuawarren/src/mlx-omarchy/.work/mlx/mlx/error.h:17:22: warning: 'void std::atomic_store(shared_ptr<_Tp>*, shared_ptr<_Tp>) [with _Tp = __cxx11::basic_string<char>]' is deprecated: use 'std::atomic<std::shared_ptr<T>>' instead [-Wdeprecated-declarations]
   17 |     std::atomic_store(&message_, std::move(msg));
      |     ~~~~~~~~~~~~~~~~~^~~~~~~~~~~~~~~~~~~~~~~~~~~
In file included from /usr/include/c++/16.1.1/memory:83,
                 from /home/joshuawarren/src/mlx-omarchy/.work/mlx/mlx/array.h:7:
/usr/include/c++/16.1.1/bits/shared_ptr_atomic.h:183:5: note: declared here
  183 |     atomic_store(shared_ptr<_Tp>* __p, shared_ptr<_Tp> __r)
      |     ^~~~~~~~~~~~
/home/joshuawarren/src/mlx-omarchy/.work/mlx/mlx/error.h: In member function 'bool mlx::core::Error::valid() const':
/home/joshuawarren/src/mlx-omarchy/.work/mlx/mlx/error.h:21:32: warning: 'std::shared_ptr<_Tp> std::atomic_load(const shared_ptr<_Tp>*) [with _Tp = __cxx11::basic_string<char>]' is deprecated: use 'std::atomic<std::shared_ptr<T>>' instead [-Wdeprecated-declarations]
   21 |     auto msg = std::atomic_load(&message_);
      |                ~~~~~~~~~~~~~~~~^~~~~~~~~~~
/usr/include/c++/16.1.1/bits/shared_ptr_atomic.h:142:5: note: declared here
  142 |     atomic_load(const shared_ptr<_Tp>* __p)
      |     ^~~~~~~~~~~
/home/joshuawarren/src/mlx-omarchy/.work/mlx/mlx/error.h: In member function 'bool mlx::core::Error::store_if_valid(const mlx::core::Error*)':
/home/joshuawarren/src/mlx-omarchy/.work/mlx/mlx/error.h:28:37: warning: 'std::shared_ptr<_Tp> std::atomic_load(const shared_ptr<_Tp>*) [with _Tp = __cxx11::basic_string<char>]' is deprecated: use 'std::atomic<std::shared_ptr<T>>' instead [-Wdeprecated-declarations]
   28 |       Message msg = std::atomic_load(&ptr->message_);
      |                     ~~~~~~~~~~~~~~~~^~~~~~~~~~~~~~~~
/usr/include/c++/16.1.1/bits/shared_ptr_atomic.h:142:5: note: declared here
  142 |     atomic_load(const shared_ptr<_Tp>* __p)
      |     ^~~~~~~~~~~
/home/joshuawarren/src/mlx-omarchy/.work/mlx/mlx/error.h: In member function 'void mlx::core::Error::check()':
/home/joshuawarren/src/mlx-omarchy/.work/mlx/mlx/error.h:39:36: warning: 'std::shared_ptr<_Tp> std::atomic_exchange(shared_ptr<_Tp>*, shared_ptr<_Tp>) [with _Tp = __cxx11::basic_string<char>]' is deprecated: use 'std::atomic<std::shared_ptr<T>>' instead [-Wdeprecated-declarations]
   39 |     auto msg = std::atomic_exchange(&message_, {});
      |                ~~~~~~~~~~~~~~~~~~~~^~~~~~~~~~~~~~~
/usr/include/c++/16.1.1/bits/shared_ptr_atomic.h:225:5: note: declared here
  225 |     atomic_exchange(shared_ptr<_Tp>* __p, shared_ptr<_Tp> __r)
      |     ^~~~~~~~~~~~~~~
In file included from /home/joshuawarren/src/mlx-omarchy/.work/mlx/mlx/event.h:8,
                 from /home/joshuawarren/src/mlx-omarchy/.work/mlx/mlx/array.h:14,
                 from /home/joshuawarren/src/mlx-omarchy/.work/mlx/mlx/backend/common/utils.h:9,
                 from /home/joshuawarren/src/mlx-omarchy/.work/mlx/mlx/backend/cpu/jit_compiler.cpp:4:
/home/joshuawarren/src/mlx-omarchy/.work/mlx/mlx/error.h: In member function 'void mlx::core::Error::set_message(Message)':
/home/joshuawarren/src/mlx-omarchy/.work/mlx/mlx/error.h:17:22: warning: 'void std::atomic_store(shared_ptr<_Tp>*, shared_ptr<_Tp>) [with _Tp = __cxx11::basic_string<char>]' is deprecated: use 'std::atomic<std::shared_ptr<T>>' instead [-Wdeprecated-declarations]
   17 |     std::atomic_store(&message_, std::move(msg));
      |     ~~~~~~~~~~~~~~~~~^~~~~~~~~~~~~~~~~~~~~~~~~~~
In file included from /usr/include/c++/16.1.1/memory:83,
                 from /home/joshuawarren/src/mlx-omarchy/.work/mlx/mlx/array.h:7:
/usr/include/c++/16.1.1/bits/shared_ptr_atomic.h:183:5: note: declared here
  183 |     atomic_store(shared_ptr<_Tp>* __p, shared_ptr<_Tp> __r)
      |     ^~~~~~~~~~~~
/home/joshuawarren/src/mlx-omarchy/.work/mlx/mlx/error.h: In member function 'bool mlx::core::Error::valid() const':
/home/joshuawarren/src/mlx-omarchy/.work/mlx/mlx/error.h:21:32: warning: 'std::shared_ptr<_Tp> std::atomic_load(const shared_ptr<_Tp>*) [with _Tp = __cxx11::basic_string<char>]' is deprecated: use 'std::atomic<std::shared_ptr<T>>' instead [-Wdeprecated-declarations]
   21 |     auto msg = std::atomic_load(&message_);
      |                ~~~~~~~~~~~~~~~~^~~~~~~~~~~
/usr/include/c++/16.1.1/bits/shared_ptr_atomic.h:142:5: note: declared here
  142 |     atomic_load(const shared_ptr<_Tp>* __p)
      |     ^~~~~~~~~~~
/home/joshuawarren/src/mlx-omarchy/.work/mlx/mlx/error.h: In member function 'bool mlx::core::Error::store_if_valid(const mlx::core::Error*)':
/home/joshuawarren/src/mlx-omarchy/.work/mlx/mlx/error.h:28:37: warning: 'std::shared_ptr<_Tp> std::atomic_load(const shared_ptr<_Tp>*) [with _Tp = __cxx11::basic_string<char>]' is deprecated: use 'std::atomic<std::shared_ptr<T>>' instead [-Wdeprecated-declarations]
   28 |       Message msg = std::atomic_load(&ptr->message_);
      |                     ~~~~~~~~~~~~~~~~^~~~~~~~~~~~~~~~
/usr/include/c++/16.1.1/bits/shared_ptr_atomic.h:142:5: note: declared here
  142 |     atomic_load(const shared_ptr<_Tp>* __p)
      |     ^~~~~~~~~~~
/home/joshuawarren/src/mlx-omarchy/.work/mlx/mlx/error.h: In member function 'void mlx::core::Error::check()':
/home/joshuawarren/src/mlx-omarchy/.work/mlx/mlx/error.h:39:36: warning: 'std::shared_ptr<_Tp> std::atomic_exchange(shared_ptr<_Tp>*, shared_ptr<_Tp>) [with _Tp = __cxx11::basic_string<char>]' is deprecated: use 'std::atomic<std::shared_ptr<T>>' instead [-Wdeprecated-declarations]
   39 |     auto msg = std::atomic_exchange(&message_, {});
      |                ~~~~~~~~~~~~~~~~~~~~^~~~~~~~~~~~~~~
/usr/include/c++/16.1.1/bits/shared_ptr_atomic.h:225:5: note: declared here
  225 |     atomic_exchange(shared_ptr<_Tp>* __p, shared_ptr<_Tp> __r)
      |     ^~~~~~~~~~~~~~~
In file included from /home/joshuawarren/src/mlx-omarchy/.work/mlx/mlx/event.h:8,
                 from /home/joshuawarren/src/mlx-omarchy/.work/mlx/mlx/array.h:14,
                 from /home/joshuawarren/src/mlx-omarchy/.work/mlx/mlx/distributed/distributed.h:10,
                 from /home/joshuawarren/src/mlx-omarchy/.work/mlx/mlx/distributed/ops.h:8,
                 from /home/joshuawarren/src/mlx-omarchy/.work/mlx/mlx/distributed/primitives.cpp:6:
/home/joshuawarren/src/mlx-omarchy/.work/mlx/mlx/error.h: In member function 'void mlx::core::Error::set_message(Message)':
/home/joshuawarren/src/mlx-omarchy/.work/mlx/mlx/error.h:17:22: warning: 'void std::atomic_store(shared_ptr<_Tp>*, shared_ptr<_Tp>) [with _Tp = __cxx11::basic_string<char>]' is deprecated: use 'std::atomic<std::shared_ptr<T>>' instead [-Wdeprecated-declarations]
   17 |     std::atomic_store(&message_, std::move(msg));
      |     ~~~~~~~~~~~~~~~~~^~~~~~~~~~~~~~~~~~~~~~~~~~~
In file included from /usr/include/c++/16.1.1/memory:83,
                 from /home/joshuawarren/src/mlx-omarchy/.work/mlx/mlx/distributed/distributed.h:7:
/usr/include/c++/16.1.1/bits/shared_ptr_atomic.h:183:5: note: declared here
  183 |     atomic_store(shared_ptr<_Tp>* __p, shared_ptr<_Tp> __r)
      |     ^~~~~~~~~~~~
/home/joshuawarren/src/mlx-omarchy/.work/mlx/mlx/error.h: In member function 'bool mlx::core::Error::valid() const':
/home/joshuawarren/src/mlx-omarchy/.work/mlx/mlx/error.h:21:32: warning: 'std::shared_ptr<_Tp> std::atomic_load(const shared_ptr<_Tp>*) [with _Tp = __cxx11::basic_string<char>]' is deprecated: use 'std::atomic<std::shared_ptr<T>>' instead [-Wdeprecated-declarations]
   21 |     auto msg = std::atomic_load(&message_);
      |                ~~~~~~~~~~~~~~~~^~~~~~~~~~~
/usr/include/c++/16.1.1/bits/shared_ptr_atomic.h:142:5: note: declared here
  142 |     atomic_load(const shared_ptr<_Tp>* __p)
      |     ^~~~~~~~~~~
/home/joshuawarren/src/mlx-omarchy/.work/mlx/mlx/error.h: In member function 'bool mlx::core::Error::store_if_valid(const mlx::core::Error*)':
/home/joshuawarren/src/mlx-omarchy/.work/mlx/mlx/error.h:28:37: warning: 'std::shared_ptr<_Tp> std::atomic_load(const shared_ptr<_Tp>*) [with _Tp = __cxx11::basic_string<char>]' is deprecated: use 'std::atomic<std::shared_ptr<T>>' instead [-Wdeprecated-declarations]
   28 |       Message msg = std::atomic_load(&ptr->message_);
      |                     ~~~~~~~~~~~~~~~~^~~~~~~~~~~~~~~~
/usr/include/c++/16.1.1/bits/shared_ptr_atomic.h:142:5: note: declared here
  142 |     atomic_load(const shared_ptr<_Tp>* __p)
      |     ^~~~~~~~~~~
/home/joshuawarren/src/mlx-omarchy/.work/mlx/mlx/error.h: In member function 'void mlx::core::Error::check()':
/home/joshuawarren/src/mlx-omarchy/.work/mlx/mlx/error.h:39:36: warning: 'std::shared_ptr<_Tp> std::atomic_exchange(shared_ptr<_Tp>*, shared_ptr<_Tp>) [with _Tp = __cxx11::basic_string<char>]' is deprecated: use 'std::atomic<std::shared_ptr<T>>' instead [-Wdeprecated-declarations]
   39 |     auto msg = std::atomic_exchange(&message_, {});
      |                ~~~~~~~~~~~~~~~~~~~~^~~~~~~~~~~~~~~
/usr/include/c++/16.1.1/bits/shared_ptr_atomic.h:225:5: note: declared here
  225 |     atomic_exchange(shared_ptr<_Tp>* __p, shared_ptr<_Tp> __r)
      |     ^~~~~~~~~~~~~~~
[ 96%] Building CXX object CMakeFiles/mlx.dir/mlx/distributed/ops.cpp.o
In file included from /home/joshuawarren/src/mlx-omarchy/.work/mlx/mlx/event.h:8,
                 from /home/joshuawarren/src/mlx-omarchy/.work/mlx/mlx/array.h:14,
                 from /home/joshuawarren/src/mlx-omarchy/.work/mlx/mlx/distributed/distributed.h:10,
                 from /home/joshuawarren/src/mlx-omarchy/.work/mlx/mlx/distributed/distributed_impl.h:5,
                 from /home/joshuawarren/src/mlx-omarchy/.work/mlx/mlx/distributed/ops.cpp:7:
/home/joshuawarren/src/mlx-omarchy/.work/mlx/mlx/error.h: In member function 'void mlx::core::Error::set_message(Message)':
/home/joshuawarren/src/mlx-omarchy/.work/mlx/mlx/error.h:17:22: warning: 'void std::atomic_store(shared_ptr<_Tp>*, shared_ptr<_Tp>) [with _Tp = __cxx11::basic_string<char>]' is deprecated: use 'std::atomic<std::shared_ptr<T>>' instead [-Wdeprecated-declarations]
   17 |     std::atomic_store(&message_, std::move(msg));
      |     ~~~~~~~~~~~~~~~~~^~~~~~~~~~~~~~~~~~~~~~~~~~~
In file included from /usr/include/c++/16.1.1/memory:83,
                 from /home/joshuawarren/src/mlx-omarchy/.work/mlx/mlx/distributed/distributed.h:7:
/usr/include/c++/16.1.1/bits/shared_ptr_atomic.h:183:5: note: declared here
  183 |     atomic_store(shared_ptr<_Tp>* __p, shared_ptr<_Tp> __r)
      |     ^~~~~~~~~~~~
/home/joshuawarren/src/mlx-omarchy/.work/mlx/mlx/error.h: In member function 'bool mlx::core::Error::valid() const':
/home/joshuawarren/src/mlx-omarchy/.work/mlx/mlx/error.h:21:32: warning: 'std::shared_ptr<_Tp> std::atomic_load(const shared_ptr<_Tp>*) [with _Tp = __cxx11::basic_string<char>]' is deprecated: use 'std::atomic<std::shared_ptr<T>>' instead [-Wdeprecated-declarations]
   21 |     auto msg = std::atomic_load(&message_);
      |                ~~~~~~~~~~~~~~~~^~~~~~~~~~~
/usr/include/c++/16.1.1/bits/shared_ptr_atomic.h:142:5: note: declared here
  142 |     atomic_load(const shared_ptr<_Tp>* __p)
      |     ^~~~~~~~~~~
/home/joshuawarren/src/mlx-omarchy/.work/mlx/mlx/error.h: In member function 'bool mlx::core::Error::store_if_valid(const mlx::core::Error*)':
/home/joshuawarren/src/mlx-omarchy/.work/mlx/mlx/error.h:28:37: warning: 'std::shared_ptr<_Tp> std::atomic_load(const shared_ptr<_Tp>*) [with _Tp = __cxx11::basic_string<char>]' is deprecated: use 'std::atomic<std::shared_ptr<T>>' instead [-Wdeprecated-declarations]
   28 |       Message msg = std::atomic_load(&ptr->message_);
      |                     ~~~~~~~~~~~~~~~~^~~~~~~~~~~~~~~~
/usr/include/c++/16.1.1/bits/shared_ptr_atomic.h:142:5: note: declared here
  142 |     atomic_load(const shared_ptr<_Tp>* __p)
      |     ^~~~~~~~~~~
/home/joshuawarren/src/mlx-omarchy/.work/mlx/mlx/error.h: In member function 'void mlx::core::Error::check()':
/home/joshuawarren/src/mlx-omarchy/.work/mlx/mlx/error.h:39:36: warning: 'std::shared_ptr<_Tp> std::atomic_exchange(shared_ptr<_Tp>*, shared_ptr<_Tp>) [with _Tp = __cxx11::basic_string<char>]' is deprecated: use 'std::atomic<std::shared_ptr<T>>' instead [-Wdeprecated-declarations]
   39 |     auto msg = std::atomic_exchange(&message_, {});
      |                ~~~~~~~~~~~~~~~~~~~~^~~~~~~~~~~~~~~
/usr/include/c++/16.1.1/bits/shared_ptr_atomic.h:225:5: note: declared here
  225 |     atomic_exchange(shared_ptr<_Tp>* __p, shared_ptr<_Tp> __r)
      |     ^~~~~~~~~~~~~~~
[ 96%] Building CXX object CMakeFiles/mlx.dir/mlx/distributed/distributed.cpp.o
In file included from /home/joshuawarren/src/mlx-omarchy/.work/mlx/mlx/event.h:8,
                 from /home/joshuawarren/src/mlx-omarchy/.work/mlx/mlx/array.h:14,
                 from /home/joshuawarren/src/mlx-omarchy/.work/mlx/mlx/distributed/distributed.h:10,
                 from /home/joshuawarren/src/mlx-omarchy/.work/mlx/mlx/distributed/distributed.cpp:6:
/home/joshuawarren/src/mlx-omarchy/.work/mlx/mlx/error.h: In member function 'void mlx::core::Error::set_message(Message)':
/home/joshuawarren/src/mlx-omarchy/.work/mlx/mlx/error.h:17:22: warning: 'void std::atomic_store(shared_ptr<_Tp>*, shared_ptr<_Tp>) [with _Tp = __cxx11::basic_string<char>]' is deprecated: use 'std::atomic<std::shared_ptr<T>>' instead [-Wdeprecated-declarations]
   17 |     std::atomic_store(&message_, std::move(msg));
      |     ~~~~~~~~~~~~~~~~~^~~~~~~~~~~~~~~~~~~~~~~~~~~
In file included from /usr/include/c++/16.1.1/memory:83,
                 from /home/joshuawarren/src/mlx-omarchy/.work/mlx/mlx/distributed/distributed.h:7:
/usr/include/c++/16.1.1/bits/shared_ptr_atomic.h:183:5: note: declared here
  183 |     atomic_store(shared_ptr<_Tp>* __p, shared_ptr<_Tp> __r)
      |     ^~~~~~~~~~~~
/home/joshuawarren/src/mlx-omarchy/.work/mlx/mlx/error.h: In member function 'bool mlx::core::Error::valid() const':
/home/joshuawarren/src/mlx-omarchy/.work/mlx/mlx/error.h:21:32: warning: 'std::shared_ptr<_Tp> std::atomic_load(const shared_ptr<_Tp>*) [with _Tp = __cxx11::basic_string<char>]' is deprecated: use 'std::atomic<std::shared_ptr<T>>' instead [-Wdeprecated-declarations]
   21 |     auto msg = std::atomic_load(&message_);
      |                ~~~~~~~~~~~~~~~~^~~~~~~~~~~
/usr/include/c++/16.1.1/bits/shared_ptr_atomic.h:142:5: note: declared here
  142 |     atomic_load(const shared_ptr<_Tp>* __p)
      |     ^~~~~~~~~~~
/home/joshuawarren/src/mlx-omarchy/.work/mlx/mlx/error.h: In member function 'bool mlx::core::Error::store_if_valid(const mlx::core::Error*)':
/home/joshuawarren/src/mlx-omarchy/.work/mlx/mlx/error.h:28:37: warning: 'std::shared_ptr<_Tp> std::atomic_load(const shared_ptr<_Tp>*) [with _Tp = __cxx11::basic_string<char>]' is deprecated: use 'std::atomic<std::shared_ptr<T>>' instead [-Wdeprecated-declarations]
   28 |       Message msg = std::atomic_load(&ptr->message_);
      |                     ~~~~~~~~~~~~~~~~^~~~~~~~~~~~~~~~
/usr/include/c++/16.1.1/bits/shared_ptr_atomic.h:142:5: note: declared here
  142 |     atomic_load(const shared_ptr<_Tp>* __p)
      |     ^~~~~~~~~~~
/home/joshuawarren/src/mlx-omarchy/.work/mlx/mlx/error.h: In member function 'void mlx::core::Error::check()':
/home/joshuawarren/src/mlx-omarchy/.work/mlx/mlx/error.h:39:36: warning: 'std::shared_ptr<_Tp> std::atomic_exchange(shared_ptr<_Tp>*, shared_ptr<_Tp>) [with _Tp = __cxx11::basic_string<char>]' is deprecated: use 'std::atomic<std::shared_ptr<T>>' instead [-Wdeprecated-declarations]
   39 |     auto msg = std::atomic_exchange(&message_, {});
      |                ~~~~~~~~~~~~~~~~~~~~^~~~~~~~~~~~~~~
/usr/include/c++/16.1.1/bits/shared_ptr_atomic.h:225:5: note: declared here
  225 |     atomic_exchange(shared_ptr<_Tp>* __p, shared_ptr<_Tp> __r)
      |     ^~~~~~~~~~~~~~~
[ 96%] Building CXX object CMakeFiles/mlx.dir/mlx/distributed/utils.cpp.o
[ 96%] Building CXX object CMakeFiles/mlx.dir/mlx/distributed/mpi/mpi.cpp.o
[ 96%] Building CXX object CMakeFiles/mlx.dir/mlx/distributed/ring/ring.cpp.o
[ 96%] Building CXX object CMakeFiles/mlx.dir/mlx/distributed/nccl/no_nccl.cpp.o
[ 97%] Building CXX object CMakeFiles/mlx.dir/mlx/distributed/jaccl/no_jaccl.cpp.o
In file included from /home/joshuawarren/src/mlx-omarchy/.work/mlx/mlx/event.h:8,
                 from /home/joshuawarren/src/mlx-omarchy/.work/mlx/mlx/array.h:14,
                 from /home/joshuawarren/src/mlx-omarchy/.work/mlx/mlx/backend/cpu/encoder.h:7,
                 from /home/joshuawarren/src/mlx-omarchy/.work/mlx/mlx/distributed/mpi/mpi.cpp:7:
/home/joshuawarren/src/mlx-omarchy/.work/mlx/mlx/error.h: In member function 'void mlx::core::Error::set_message(Message)':
/home/joshuawarren/src/mlx-omarchy/.work/mlx/mlx/error.h:17:22: warning: 'void std::atomic_store(shared_ptr<_Tp>*, shared_ptr<_Tp>) [with _Tp = __cxx11::basic_string<char>]' is deprecated: use 'std::atomic<std::shared_ptr<T>>' instead [-Wdeprecated-declarations]
   17 |     std::atomic_store(&message_, std::move(msg));
      |     ~~~~~~~~~~~~~~~~~^~~~~~~~~~~~~~~~~~~~~~~~~~~
In file included from /usr/include/c++/16.1.1/memory:83,
                 from /home/joshuawarren/src/mlx-omarchy/.work/mlx/mlx/array.h:7:
/usr/include/c++/16.1.1/bits/shared_ptr_atomic.h:183:5: note: declared here
  183 |     atomic_store(shared_ptr<_Tp>* __p, shared_ptr<_Tp> __r)
      |     ^~~~~~~~~~~~
/home/joshuawarren/src/mlx-omarchy/.work/mlx/mlx/error.h: In member function 'bool mlx::core::Error::valid() const':
/home/joshuawarren/src/mlx-omarchy/.work/mlx/mlx/error.h:21:32: warning: 'std::shared_ptr<_Tp> std::atomic_load(const shared_ptr<_Tp>*) [with _Tp = __cxx11::basic_string<char>]' is deprecated: use 'std::atomic<std::shared_ptr<T>>' instead [-Wdeprecated-declarations]
   21 |     auto msg = std::atomic_load(&message_);
      |                ~~~~~~~~~~~~~~~~^~~~~~~~~~~
/usr/include/c++/16.1.1/bits/shared_ptr_atomic.h:142:5: note: declared here
  142 |     atomic_load(const shared_ptr<_Tp>* __p)
      |     ^~~~~~~~~~~
/home/joshuawarren/src/mlx-omarchy/.work/mlx/mlx/error.h: In member function 'bool mlx::core::Error::store_if_valid(const mlx::core::Error*)':
/home/joshuawarren/src/mlx-omarchy/.work/mlx/mlx/error.h:28:37: warning: 'std::shared_ptr<_Tp> std::atomic_load(const shared_ptr<_Tp>*) [with _Tp = __cxx11::basic_string<char>]' is deprecated: use 'std::atomic<std::shared_ptr<T>>' instead [-Wdeprecated-declarations]
   28 |       Message msg = std::atomic_load(&ptr->message_);
      |                     ~~~~~~~~~~~~~~~~^~~~~~~~~~~~~~~~
/usr/include/c++/16.1.1/bits/shared_ptr_atomic.h:142:5: note: declared here
  142 |     atomic_load(const shared_ptr<_Tp>* __p)
      |     ^~~~~~~~~~~
/home/joshuawarren/src/mlx-omarchy/.work/mlx/mlx/error.h: In member function 'void mlx::core::Error::check()':
/home/joshuawarren/src/mlx-omarchy/.work/mlx/mlx/error.h:39:36: warning: 'std::shared_ptr<_Tp> std::atomic_exchange(shared_ptr<_Tp>*, shared_ptr<_Tp>) [with _Tp = __cxx11::basic_string<char>]' is deprecated: use 'std::atomic<std::shared_ptr<T>>' instead [-Wdeprecated-declarations]
   39 |     auto msg = std::atomic_exchange(&message_, {});
      |                ~~~~~~~~~~~~~~~~~~~~^~~~~~~~~~~~~~~
/usr/include/c++/16.1.1/bits/shared_ptr_atomic.h:225:5: note: declared here
  225 |     atomic_exchange(shared_ptr<_Tp>* __p, shared_ptr<_Tp> __r)
      |     ^~~~~~~~~~~~~~~
In file included from /home/joshuawarren/src/mlx-omarchy/.work/mlx/mlx/event.h:8,
                 from /home/joshuawarren/src/mlx-omarchy/.work/mlx/mlx/array.h:14,
                 from /home/joshuawarren/src/mlx-omarchy/.work/mlx/mlx/distributed/distributed.h:10,
                 from /home/joshuawarren/src/mlx-omarchy/.work/mlx/mlx/distributed/jaccl/jaccl.h:7,
                 from /home/joshuawarren/src/mlx-omarchy/.work/mlx/mlx/distributed/jaccl/no_jaccl.cpp:3:
/home/joshuawarren/src/mlx-omarchy/.work/mlx/mlx/error.h: In member function 'void mlx::core::Error::set_message(Message)':
/home/joshuawarren/src/mlx-omarchy/.work/mlx/mlx/error.h:17:22: warning: 'void std::atomic_store(shared_ptr<_Tp>*, shared_ptr<_Tp>) [with _Tp = __cxx11::basic_string<char>]' is deprecated: use 'std::atomic<std::shared_ptr<T>>' instead [-Wdeprecated-declarations]
   17 |     std::atomic_store(&message_, std::move(msg));
      |     ~~~~~~~~~~~~~~~~~^~~~~~~~~~~~~~~~~~~~~~~~~~~
In file included from /usr/include/c++/16.1.1/memory:83,
                 from /home/joshuawarren/src/mlx-omarchy/.work/mlx/mlx/distributed/jaccl/jaccl.h:5:
/usr/include/c++/16.1.1/bits/shared_ptr_atomic.h:183:5: note: declared here
  183 |     atomic_store(shared_ptr<_Tp>* __p, shared_ptr<_Tp> __r)
      |     ^~~~~~~~~~~~
/home/joshuawarren/src/mlx-omarchy/.work/mlx/mlx/error.h: In member function 'bool mlx::core::Error::valid() const':
/home/joshuawarren/src/mlx-omarchy/.work/mlx/mlx/error.h:21:32: warning: 'std::shared_ptr<_Tp> std::atomic_load(const shared_ptr<_Tp>*) [with _Tp = __cxx11::basic_string<char>]' is deprecated: use 'std::atomic<std::shared_ptr<T>>' instead [-Wdeprecated-declarations]
   21 |     auto msg = std::atomic_load(&message_);
      |                ~~~~~~~~~~~~~~~~^~~~~~~~~~~
/usr/include/c++/16.1.1/bits/shared_ptr_atomic.h:142:5: note: declared here
  142 |     atomic_load(const shared_ptr<_Tp>* __p)
      |     ^~~~~~~~~~~
/home/joshuawarren/src/mlx-omarchy/.work/mlx/mlx/error.h: In member function 'bool mlx::core::Error::store_if_valid(const mlx::core::Error*)':
/home/joshuawarren/src/mlx-omarchy/.work/mlx/mlx/error.h:28:37: warning: 'std::shared_ptr<_Tp> std::atomic_load(const shared_ptr<_Tp>*) [with _Tp = __cxx11::basic_string<char>]' is deprecated: use 'std::atomic<std::shared_ptr<T>>' instead [-Wdeprecated-declarations]
   28 |       Message msg = std::atomic_load(&ptr->message_);
      |                     ~~~~~~~~~~~~~~~~^~~~~~~~~~~~~~~~
/usr/include/c++/16.1.1/bits/shared_ptr_atomic.h:142:5: note: declared here
  142 |     atomic_load(const shared_ptr<_Tp>* __p)
      |     ^~~~~~~~~~~
/home/joshuawarren/src/mlx-omarchy/.work/mlx/mlx/error.h: In member function 'void mlx::core::Error::check()':
/home/joshuawarren/src/mlx-omarchy/.work/mlx/mlx/error.h:39:36: warning: 'std::shared_ptr<_Tp> std::atomic_exchange(shared_ptr<_Tp>*, shared_ptr<_Tp>) [with _Tp = __cxx11::basic_string<char>]' is deprecated: use 'std::atomic<std::shared_ptr<T>>' instead [-Wdeprecated-declarations]
   39 |     auto msg = std::atomic_exchange(&message_, {});
      |                ~~~~~~~~~~~~~~~~~~~~^~~~~~~~~~~~~~~
/usr/include/c++/16.1.1/bits/shared_ptr_atomic.h:225:5: note: declared here
  225 |     atomic_exchange(shared_ptr<_Tp>* __p, shared_ptr<_Tp> __r)
      |     ^~~~~~~~~~~~~~~
[ -3%] Building CXX object CMakeFiles/mlx.dir/mlx/io/load.cpp.o
In file included from /home/joshuawarren/src/mlx-omarchy/.work/mlx/mlx/event.h:8,
                 from /home/joshuawarren/src/mlx-omarchy/.work/mlx/mlx/array.h:14,
                 from /home/joshuawarren/src/mlx-omarchy/.work/mlx/mlx/backend/cpu/encoder.h:7,
                 from /home/joshuawarren/src/mlx-omarchy/.work/mlx/mlx/distributed/ring/ring.cpp:21:
/home/joshuawarren/src/mlx-omarchy/.work/mlx/mlx/error.h: In member function 'void mlx::core::Error::set_message(Message)':
/home/joshuawarren/src/mlx-omarchy/.work/mlx/mlx/error.h:17:22: warning: 'void std::atomic_store(shared_ptr<_Tp>*, shared_ptr<_Tp>) [with _Tp = __cxx11::basic_string<char>]' is deprecated: use 'std::atomic<std::shared_ptr<T>>' instead [-Wdeprecated-declarations]
   17 |     std::atomic_store(&message_, std::move(msg));
      |     ~~~~~~~~~~~~~~~~~^~~~~~~~~~~~~~~~~~~~~~~~~~~
In file included from /usr/include/c++/16.1.1/memory:83,
                 from /home/joshuawarren/src/mlx-serve-clean/.work-mlx-linux/mlx-build/_deps/json-src/single_include/nlohmann/json.hpp:29,
                 from /home/joshuawarren/src/mlx-omarchy/.work/mlx/mlx/distributed/ring/ring.cpp:19:
/usr/include/c++/16.1.1/bits/shared_ptr_atomic.h:183:5: note: declared here
  183 |     atomic_store(shared_ptr<_Tp>* __p, shared_ptr<_Tp> __r)
      |     ^~~~~~~~~~~~
/home/joshuawarren/src/mlx-omarchy/.work/mlx/mlx/error.h: In member function 'bool mlx::core::Error::valid() const':
/home/joshuawarren/src/mlx-omarchy/.work/mlx/mlx/error.h:21:32: warning: 'std::shared_ptr<_Tp> std::atomic_load(const shared_ptr<_Tp>*) [with _Tp = __cxx11::basic_string<char>]' is deprecated: use 'std::atomic<std::shared_ptr<T>>' instead [-Wdeprecated-declarations]
   21 |     auto msg = std::atomic_load(&message_);
      |                ~~~~~~~~~~~~~~~~^~~~~~~~~~~
/usr/include/c++/16.1.1/bits/shared_ptr_atomic.h:142:5: note: declared here
  142 |     atomic_load(const shared_ptr<_Tp>* __p)
      |     ^~~~~~~~~~~
/home/joshuawarren/src/mlx-omarchy/.work/mlx/mlx/error.h: In member function 'bool mlx::core::Error::store_if_valid(const mlx::core::Error*)':
/home/joshuawarren/src/mlx-omarchy/.work/mlx/mlx/error.h:28:37: warning: 'std::shared_ptr<_Tp> std::atomic_load(const shared_ptr<_Tp>*) [with _Tp = __cxx11::basic_string<char>]' is deprecated: use 'std::atomic<std::shared_ptr<T>>' instead [-Wdeprecated-declarations]
   28 |       Message msg = std::atomic_load(&ptr->message_);
      |                     ~~~~~~~~~~~~~~~~^~~~~~~~~~~~~~~~
/usr/include/c++/16.1.1/bits/shared_ptr_atomic.h:142:5: note: declared here
  142 |     atomic_load(const shared_ptr<_Tp>* __p)
      |     ^~~~~~~~~~~
/home/joshuawarren/src/mlx-omarchy/.work/mlx/mlx/error.h: In member function 'void mlx::core::Error::check()':
/home/joshuawarren/src/mlx-omarchy/.work/mlx/mlx/error.h:39:36: warning: 'std::shared_ptr<_Tp> std::atomic_exchange(shared_ptr<_Tp>*, shared_ptr<_Tp>) [with _Tp = __cxx11::basic_string<char>]' is deprecated: use 'std::atomic<std::shared_ptr<T>>' instead [-Wdeprecated-declarations]
   39 |     auto msg = std::atomic_exchange(&message_, {});
      |                ~~~~~~~~~~~~~~~~~~~~^~~~~~~~~~~~~~~
/usr/include/c++/16.1.1/bits/shared_ptr_atomic.h:225:5: note: declared here
  225 |     atomic_exchange(shared_ptr<_Tp>* __p, shared_ptr<_Tp> __r)
      |     ^~~~~~~~~~~~~~~
[ 97%] Building CXX object CMakeFiles/mlx.dir/mlx/io/safetensors.cpp.o
In file included from /home/joshuawarren/src/mlx-omarchy/.work/mlx/mlx/event.h:8,
                 from /home/joshuawarren/src/mlx-omarchy/.work/mlx/mlx/array.h:14,
                 from /home/joshuawarren/src/mlx-omarchy/.work/mlx/mlx/distributed/distributed.h:10,
                 from /home/joshuawarren/src/mlx-omarchy/.work/mlx/mlx/distributed/nccl/nccl.h:3,
                 from /home/joshuawarren/src/mlx-omarchy/.work/mlx/mlx/distributed/nccl/no_nccl.cpp:3:
/home/joshuawarren/src/mlx-omarchy/.work/mlx/mlx/error.h: In member function 'void mlx::core::Error::set_message(Message)':
/home/joshuawarren/src/mlx-omarchy/.work/mlx/mlx/error.h:17:22: warning: 'void std::atomic_store(shared_ptr<_Tp>*, shared_ptr<_Tp>) [with _Tp = __cxx11::basic_string<char>]' is deprecated: use 'std::atomic<std::shared_ptr<T>>' instead [-Wdeprecated-declarations]
   17 |     std::atomic_store(&message_, std::move(msg));
      |     ~~~~~~~~~~~~~~~~~^~~~~~~~~~~~~~~~~~~~~~~~~~~
In file included from /usr/include/c++/16.1.1/memory:83,
                 from /home/joshuawarren/src/mlx-omarchy/.work/mlx/mlx/distributed/distributed.h:7:
/usr/include/c++/16.1.1/bits/shared_ptr_atomic.h:183:5: note: declared here
  183 |     atomic_store(shared_ptr<_Tp>* __p, shared_ptr<_Tp> __r)
      |     ^~~~~~~~~~~~
/home/joshuawarren/src/mlx-omarchy/.work/mlx/mlx/error.h: In member function 'bool mlx::core::Error::valid() const':
/home/joshuawarren/src/mlx-omarchy/.work/mlx/mlx/error.h:21:32: warning: 'std::shared_ptr<_Tp> std::atomic_load(const shared_ptr<_Tp>*) [with _Tp = __cxx11::basic_string<char>]' is deprecated: use 'std::atomic<std::shared_ptr<T>>' instead [-Wdeprecated-declarations]
   21 |     auto msg = std::atomic_load(&message_);
      |                ~~~~~~~~~~~~~~~~^~~~~~~~~~~
/usr/include/c++/16.1.1/bits/shared_ptr_atomic.h:142:5: note: declared here
  142 |     atomic_load(const shared_ptr<_Tp>* __p)
      |     ^~~~~~~~~~~
/home/joshuawarren/src/mlx-omarchy/.work/mlx/mlx/error.h: In member function 'bool mlx::core::Error::store_if_valid(const mlx::core::Error*)':
/home/joshuawarren/src/mlx-omarchy/.work/mlx/mlx/error.h:28:37: warning: 'std::shared_ptr<_Tp> std::atomic_load(const shared_ptr<_Tp>*) [with _Tp = __cxx11::basic_string<char>]' is deprecated: use 'std::atomic<std::shared_ptr<T>>' instead [-Wdeprecated-declarations]
   28 |       Message msg = std::atomic_load(&ptr->message_);
      |                     ~~~~~~~~~~~~~~~~^~~~~~~~~~~~~~~~
/usr/include/c++/16.1.1/bits/shared_ptr_atomic.h:142:5: note: declared here
  142 |     atomic_load(const shared_ptr<_Tp>* __p)
      |     ^~~~~~~~~~~
/home/joshuawarren/src/mlx-omarchy/.work/mlx/mlx/error.h: In member function 'void mlx::core::Error::check()':
/home/joshuawarren/src/mlx-omarchy/.work/mlx/mlx/error.h:39:36: warning: 'std::shared_ptr<_Tp> std::atomic_exchange(shared_ptr<_Tp>*, shared_ptr<_Tp>) [with _Tp = __cxx11::basic_string<char>]' is deprecated: use 'std::atomic<std::shared_ptr<T>>' instead [-Wdeprecated-declarations]
   39 |     auto msg = std::atomic_exchange(&message_, {});
      |                ~~~~~~~~~~~~~~~~~~~~^~~~~~~~~~~~~~~
/usr/include/c++/16.1.1/bits/shared_ptr_atomic.h:225:5: note: declared here
  225 |     atomic_exchange(shared_ptr<_Tp>* __p, shared_ptr<_Tp> __r)
      |     ^~~~~~~~~~~~~~~
[ 97%] Building CXX object CMakeFiles/mlx.dir/mlx/io/gguf.cpp.o
[ 97%] Building CXX object CMakeFiles/mlx.dir/mlx/io/gguf_quants.cpp.o
In file included from /home/joshuawarren/src/mlx-omarchy/.work/mlx/mlx/event.h:8,
                 from /home/joshuawarren/src/mlx-omarchy/.work/mlx/mlx/array.h:14,
                 from /home/joshuawarren/src/mlx-omarchy/.work/mlx/mlx/io.h:9,
                 from /home/joshuawarren/src/mlx-omarchy/.work/mlx/mlx/io/load.cpp:17:
/home/joshuawarren/src/mlx-omarchy/.work/mlx/mlx/error.h: In member function 'void mlx::core::Error::set_message(Message)':
/home/joshuawarren/src/mlx-omarchy/.work/mlx/mlx/error.h:17:22: warning: 'void std::atomic_store(shared_ptr<_Tp>*, shared_ptr<_Tp>) [with _Tp = __cxx11::basic_string<char>]' is deprecated: use 'std::atomic<std::shared_ptr<T>>' instead [-Wdeprecated-declarations]
   17 |     std::atomic_store(&message_, std::move(msg));
      |     ~~~~~~~~~~~~~~~~~^~~~~~~~~~~~~~~~~~~~~~~~~~~
In file included from /usr/include/c++/16.1.1/memory:83,
                 from /home/joshuawarren/src/mlx-omarchy/.work/mlx/mlx/array.h:7:
/usr/include/c++/16.1.1/bits/shared_ptr_atomic.h:183:5: note: declared here
  183 |     atomic_store(shared_ptr<_Tp>* __p, shared_ptr<_Tp> __r)
      |     ^~~~~~~~~~~~
/home/joshuawarren/src/mlx-omarchy/.work/mlx/mlx/error.h: In member function 'bool mlx::core::Error::valid() const':
/home/joshuawarren/src/mlx-omarchy/.work/mlx/mlx/error.h:21:32: warning: 'std::shared_ptr<_Tp> std::atomic_load(const shared_ptr<_Tp>*) [with _Tp = __cxx11::basic_string<char>]' is deprecated: use 'std::atomic<std::shared_ptr<T>>' instead [-Wdeprecated-declarations]
   21 |     auto msg = std::atomic_load(&message_);
      |                ~~~~~~~~~~~~~~~~^~~~~~~~~~~
/usr/include/c++/16.1.1/bits/shared_ptr_atomic.h:142:5: note: declared here
  142 |     atomic_load(const shared_ptr<_Tp>* __p)
      |     ^~~~~~~~~~~
/home/joshuawarren/src/mlx-omarchy/.work/mlx/mlx/error.h: In member function 'bool mlx::core::Error::store_if_valid(const mlx::core::Error*)':
/home/joshuawarren/src/mlx-omarchy/.work/mlx/mlx/error.h:28:37: warning: 'std::shared_ptr<_Tp> std::atomic_load(const shared_ptr<_Tp>*) [with _Tp = __cxx11::basic_string<char>]' is deprecated: use 'std::atomic<std::shared_ptr<T>>' instead [-Wdeprecated-declarations]
   28 |       Message msg = std::atomic_load(&ptr->message_);
      |                     ~~~~~~~~~~~~~~~~^~~~~~~~~~~~~~~~
/usr/include/c++/16.1.1/bits/shared_ptr_atomic.h:142:5: note: declared here
  142 |     atomic_load(const shared_ptr<_Tp>* __p)
      |     ^~~~~~~~~~~
/home/joshuawarren/src/mlx-omarchy/.work/mlx/mlx/error.h: In member function 'void mlx::core::Error::check()':
/home/joshuawarren/src/mlx-omarchy/.work/mlx/mlx/error.h:39:36: warning: 'std::shared_ptr<_Tp> std::atomic_exchange(shared_ptr<_Tp>*, shared_ptr<_Tp>) [with _Tp = __cxx11::basic_string<char>]' is deprecated: use 'std::atomic<std::shared_ptr<T>>' instead [-Wdeprecated-declarations]
   39 |     auto msg = std::atomic_exchange(&message_, {});
      |                ~~~~~~~~~~~~~~~~~~~~^~~~~~~~~~~~~~~
/usr/include/c++/16.1.1/bits/shared_ptr_atomic.h:225:5: note: declared here
  225 |     atomic_exchange(shared_ptr<_Tp>* __p, shared_ptr<_Tp> __r)
      |     ^~~~~~~~~~~~~~~
In file included from /home/joshuawarren/src/mlx-omarchy/.work/mlx/mlx/event.h:8,
                 from /home/joshuawarren/src/mlx-omarchy/.work/mlx/mlx/array.h:14,
                 from /home/joshuawarren/src/mlx-omarchy/.work/mlx/mlx/io.h:9,
                 from /home/joshuawarren/src/mlx-omarchy/.work/mlx/mlx/io/gguf.h:4,
                 from /home/joshuawarren/src/mlx-omarchy/.work/mlx/mlx/io/gguf.cpp:9:
/home/joshuawarren/src/mlx-omarchy/.work/mlx/mlx/error.h: In member function 'void mlx::core::Error::set_message(Message)':
/home/joshuawarren/src/mlx-omarchy/.work/mlx/mlx/error.h:17:22: warning: 'void std::atomic_store(shared_ptr<_Tp>*, shared_ptr<_Tp>) [with _Tp = __cxx11::basic_string<char>]' is deprecated: use 'std::atomic<std::shared_ptr<T>>' instead [-Wdeprecated-declarations]
   17 |     std::atomic_store(&message_, std::move(msg));
      |     ~~~~~~~~~~~~~~~~~^~~~~~~~~~~~~~~~~~~~~~~~~~~
In file included from /usr/include/c++/16.1.1/memory:83,
                 from /home/joshuawarren/src/mlx-omarchy/.work/mlx/mlx/array.h:7:
/usr/include/c++/16.1.1/bits/shared_ptr_atomic.h:183:5: note: declared here
  183 |     atomic_store(shared_ptr<_Tp>* __p, shared_ptr<_Tp> __r)
      |     ^~~~~~~~~~~~
/home/joshuawarren/src/mlx-omarchy/.work/mlx/mlx/error.h: In member function 'bool mlx::core::Error::valid() const':
/home/joshuawarren/src/mlx-omarchy/.work/mlx/mlx/error.h:21:32: warning: 'std::shared_ptr<_Tp> std::atomic_load(const shared_ptr<_Tp>*) [with _Tp = __cxx11::basic_string<char>]' is deprecated: use 'std::atomic<std::shared_ptr<T>>' instead [-Wdeprecated-declarations]
   21 |     auto msg = std::atomic_load(&message_);
      |                ~~~~~~~~~~~~~~~~^~~~~~~~~~~
/usr/include/c++/16.1.1/bits/shared_ptr_atomic.h:142:5: note: declared here
  142 |     atomic_load(const shared_ptr<_Tp>* __p)
      |     ^~~~~~~~~~~
/home/joshuawarren/src/mlx-omarchy/.work/mlx/mlx/error.h: In member function 'bool mlx::core::Error::store_if_valid(const mlx::core::Error*)':
/home/joshuawarren/src/mlx-omarchy/.work/mlx/mlx/error.h:28:37: warning: 'std::shared_ptr<_Tp> std::atomic_load(const shared_ptr<_Tp>*) [with _Tp = __cxx11::basic_string<char>]' is deprecated: use 'std::atomic<std::shared_ptr<T>>' instead [-Wdeprecated-declarations]
   28 |       Message msg = std::atomic_load(&ptr->message_);
      |                     ~~~~~~~~~~~~~~~~^~~~~~~~~~~~~~~~
/usr/include/c++/16.1.1/bits/shared_ptr_atomic.h:142:5: note: declared here
  142 |     atomic_load(const shared_ptr<_Tp>* __p)
      |     ^~~~~~~~~~~
/home/joshuawarren/src/mlx-omarchy/.work/mlx/mlx/error.h: In member function 'void mlx::core::Error::check()':
/home/joshuawarren/src/mlx-omarchy/.work/mlx/mlx/error.h:39:36: warning: 'std::shared_ptr<_Tp> std::atomic_exchange(shared_ptr<_Tp>*, shared_ptr<_Tp>) [with _Tp = __cxx11::basic_string<char>]' is deprecated: use 'std::atomic<std::shared_ptr<T>>' instead [-Wdeprecated-declarations]
   39 |     auto msg = std::atomic_exchange(&message_, {});
      |                ~~~~~~~~~~~~~~~~~~~~^~~~~~~~~~~~~~~
/usr/include/c++/16.1.1/bits/shared_ptr_atomic.h:225:5: note: declared here
  225 |     atomic_exchange(shared_ptr<_Tp>* __p, shared_ptr<_Tp> __r)
      |     ^~~~~~~~~~~~~~~
In file included from /home/joshuawarren/src/mlx-omarchy/.work/mlx/mlx/event.h:8,
                 from /home/joshuawarren/src/mlx-omarchy/.work/mlx/mlx/array.h:14,
                 from /home/joshuawarren/src/mlx-omarchy/.work/mlx/mlx/io.h:9,
                 from /home/joshuawarren/src/mlx-omarchy/.work/mlx/mlx/io/gguf.h:4,
                 from /home/joshuawarren/src/mlx-omarchy/.work/mlx/mlx/io/gguf_quants.cpp:7:
/home/joshuawarren/src/mlx-omarchy/.work/mlx/mlx/error.h: In member function 'void mlx::core::Error::set_message(Message)':
/home/joshuawarren/src/mlx-omarchy/.work/mlx/mlx/error.h:17:22: warning: 'void std::atomic_store(shared_ptr<_Tp>*, shared_ptr<_Tp>) [with _Tp = __cxx11::basic_string<char>]' is deprecated: use 'std::atomic<std::shared_ptr<T>>' instead [-Wdeprecated-declarations]
   17 |     std::atomic_store(&message_, std::move(msg));
      |     ~~~~~~~~~~~~~~~~~^~~~~~~~~~~~~~~~~~~~~~~~~~~
In file included from /usr/include/c++/16.1.1/memory:83,
                 from /home/joshuawarren/src/mlx-omarchy/.work/mlx/mlx/array.h:7:
/usr/include/c++/16.1.1/bits/shared_ptr_atomic.h:183:5: note: declared here
  183 |     atomic_store(shared_ptr<_Tp>* __p, shared_ptr<_Tp> __r)
      |     ^~~~~~~~~~~~
/home/joshuawarren/src/mlx-omarchy/.work/mlx/mlx/error.h: In member function 'bool mlx::core::Error::valid() const':
/home/joshuawarren/src/mlx-omarchy/.work/mlx/mlx/error.h:21:32: warning: 'std::shared_ptr<_Tp> std::atomic_load(const shared_ptr<_Tp>*) [with _Tp = __cxx11::basic_string<char>]' is deprecated: use 'std::atomic<std::shared_ptr<T>>' instead [-Wdeprecated-declarations]
   21 |     auto msg = std::atomic_load(&message_);
      |                ~~~~~~~~~~~~~~~~^~~~~~~~~~~
/usr/include/c++/16.1.1/bits/shared_ptr_atomic.h:142:5: note: declared here
  142 |     atomic_load(const shared_ptr<_Tp>* __p)
      |     ^~~~~~~~~~~
/home/joshuawarren/src/mlx-omarchy/.work/mlx/mlx/error.h: In member function 'bool mlx::core::Error::store_if_valid(const mlx::core::Error*)':
/home/joshuawarren/src/mlx-omarchy/.work/mlx/mlx/error.h:28:37: warning: 'std::shared_ptr<_Tp> std::atomic_load(const shared_ptr<_Tp>*) [with _Tp = __cxx11::basic_string<char>]' is deprecated: use 'std::atomic<std::shared_ptr<T>>' instead [-Wdeprecated-declarations]
   28 |       Message msg = std::atomic_load(&ptr->message_);
      |                     ~~~~~~~~~~~~~~~~^~~~~~~~~~~~~~~~
/usr/include/c++/16.1.1/bits/shared_ptr_atomic.h:142:5: note: declared here
  142 |     atomic_load(const shared_ptr<_Tp>* __p)
      |     ^~~~~~~~~~~
/home/joshuawarren/src/mlx-omarchy/.work/mlx/mlx/error.h: In member function 'void mlx::core::Error::check()':
/home/joshuawarren/src/mlx-omarchy/.work/mlx/mlx/error.h:39:36: warning: 'std::shared_ptr<_Tp> std::atomic_exchange(shared_ptr<_Tp>*, shared_ptr<_Tp>) [with _Tp = __cxx11::basic_string<char>]' is deprecated: use 'std::atomic<std::shared_ptr<T>>' instead [-Wdeprecated-declarations]
   39 |     auto msg = std::atomic_exchange(&message_, {});
      |                ~~~~~~~~~~~~~~~~~~~~^~~~~~~~~~~~~~~
/usr/include/c++/16.1.1/bits/shared_ptr_atomic.h:225:5: note: declared here
  225 |     atomic_exchange(shared_ptr<_Tp>* __p, shared_ptr<_Tp> __r)
      |     ^~~~~~~~~~~~~~~
In file included from /home/joshuawarren/src/mlx-omarchy/.work/mlx/mlx/event.h:8,
                 from /home/joshuawarren/src/mlx-omarchy/.work/mlx/mlx/array.h:14,
                 from /home/joshuawarren/src/mlx-omarchy/.work/mlx/mlx/io.h:9,
                 from /home/joshuawarren/src/mlx-omarchy/.work/mlx/mlx/io/safetensors.cpp:11:
/home/joshuawarren/src/mlx-omarchy/.work/mlx/mlx/error.h: In member function 'void mlx::core::Error::set_message(Message)':
/home/joshuawarren/src/mlx-omarchy/.work/mlx/mlx/error.h:17:22: warning: 'void std::atomic_store(shared_ptr<_Tp>*, shared_ptr<_Tp>) [with _Tp = __cxx11::basic_string<char>]' is deprecated: use 'std::atomic<std::shared_ptr<T>>' instead [-Wdeprecated-declarations]
   17 |     std::atomic_store(&message_, std::move(msg));
      |     ~~~~~~~~~~~~~~~~~^~~~~~~~~~~~~~~~~~~~~~~~~~~
In file included from /usr/include/c++/16.1.1/memory:83,
                 from /home/joshuawarren/src/mlx-serve-clean/.work-mlx-linux/mlx-build/_deps/json-src/single_include/nlohmann/json.hpp:29,
                 from /home/joshuawarren/src/mlx-omarchy/.work/mlx/mlx/io/safetensors.cpp:3:
/usr/include/c++/16.1.1/bits/shared_ptr_atomic.h:183:5: note: declared here
  183 |     atomic_store(shared_ptr<_Tp>* __p, shared_ptr<_Tp> __r)
      |     ^~~~~~~~~~~~
/home/joshuawarren/src/mlx-omarchy/.work/mlx/mlx/error.h: In member function 'bool mlx::core::Error::valid() const':
/home/joshuawarren/src/mlx-omarchy/.work/mlx/mlx/error.h:21:32: warning: 'std::shared_ptr<_Tp> std::atomic_load(const shared_ptr<_Tp>*) [with _Tp = __cxx11::basic_string<char>]' is deprecated: use 'std::atomic<std::shared_ptr<T>>' instead [-Wdeprecated-declarations]
   21 |     auto msg = std::atomic_load(&message_);
      |                ~~~~~~~~~~~~~~~~^~~~~~~~~~~
/usr/include/c++/16.1.1/bits/shared_ptr_atomic.h:142:5: note: declared here
  142 |     atomic_load(const shared_ptr<_Tp>* __p)
      |     ^~~~~~~~~~~
/home/joshuawarren/src/mlx-omarchy/.work/mlx/mlx/error.h: In member function 'bool mlx::core::Error::store_if_valid(const mlx::core::Error*)':
/home/joshuawarren/src/mlx-omarchy/.work/mlx/mlx/error.h:28:37: warning: 'std::shared_ptr<_Tp> std::atomic_load(const shared_ptr<_Tp>*) [with _Tp = __cxx11::basic_string<char>]' is deprecated: use 'std::atomic<std::shared_ptr<T>>' instead [-Wdeprecated-declarations]
   28 |       Message msg = std::atomic_load(&ptr->message_);
      |                     ~~~~~~~~~~~~~~~~^~~~~~~~~~~~~~~~
/usr/include/c++/16.1.1/bits/shared_ptr_atomic.h:142:5: note: declared here
  142 |     atomic_load(const shared_ptr<_Tp>* __p)
      |     ^~~~~~~~~~~
/home/joshuawarren/src/mlx-omarchy/.work/mlx/mlx/error.h: In member function 'void mlx::core::Error::check()':
/home/joshuawarren/src/mlx-omarchy/.work/mlx/mlx/error.h:39:36: warning: 'std::shared_ptr<_Tp> std::atomic_exchange(shared_ptr<_Tp>*, shared_ptr<_Tp>) [with _Tp = __cxx11::basic_string<char>]' is deprecated: use 'std::atomic<std::shared_ptr<T>>' instead [-Wdeprecated-declarations]
   39 |     auto msg = std::atomic_exchange(&message_, {});
      |                ~~~~~~~~~~~~~~~~~~~~^~~~~~~~~~~~~~~
/usr/include/c++/16.1.1/bits/shared_ptr_atomic.h:225:5: note: declared here
  225 |     atomic_exchange(shared_ptr<_Tp>* __p, shared_ptr<_Tp> __r)
      |     ^~~~~~~~~~~~~~~
[ 97%] Building CXX object CMakeFiles/mlx.dir/mlx/backend/metal/no_metal.cpp.o
[ 97%] Building CXX object CMakeFiles/mlx.dir/mlx/backend/cuda/no_cuda.cpp.o
[ 97%] Building CXX object CMakeFiles/mlx.dir/mlx/backend/omarchy/allocator.cpp.o
[ 97%] Building CXX object CMakeFiles/mlx.dir/mlx/backend/omarchy/compiled.cpp.o
In file included from /home/joshuawarren/src/mlx-omarchy/.work/mlx/mlx/event.h:8,
                 from /home/joshuawarren/src/mlx-omarchy/.work/mlx/mlx/array.h:14,
                 from /home/joshuawarren/src/mlx-omarchy/.work/mlx/mlx/memory.h:9,
                 from /home/joshuawarren/src/mlx-omarchy/.work/mlx/mlx/backend/omarchy/allocator.cpp:15:
/home/joshuawarren/src/mlx-omarchy/.work/mlx/mlx/error.h: In member function 'void mlx::core::Error::set_message(Message)':
/home/joshuawarren/src/mlx-omarchy/.work/mlx/mlx/error.h:17:22: warning: 'void std::atomic_store(shared_ptr<_Tp>*, shared_ptr<_Tp>) [with _Tp = __cxx11::basic_string<char>]' is deprecated: use 'std::atomic<std::shared_ptr<T>>' instead [-Wdeprecated-declarations]
   17 |     std::atomic_store(&message_, std::move(msg));
      |     ~~~~~~~~~~~~~~~~~^~~~~~~~~~~~~~~~~~~~~~~~~~~
In file included from /usr/include/c++/16.1.1/memory:83,
                 from /home/joshuawarren/src/mlx-omarchy/.work/mlx/mlx/backend/omarchy/device.h:14,
                 from /home/joshuawarren/src/mlx-omarchy/.work/mlx/mlx/backend/omarchy/allocator.cpp:13:
/usr/include/c++/16.1.1/bits/shared_ptr_atomic.h:183:5: note: declared here
  183 |     atomic_store(shared_ptr<_Tp>* __p, shared_ptr<_Tp> __r)
      |     ^~~~~~~~~~~~
/home/joshuawarren/src/mlx-omarchy/.work/mlx/mlx/error.h: In member function 'bool mlx::core::Error::valid() const':
/home/joshuawarren/src/mlx-omarchy/.work/mlx/mlx/error.h:21:32: warning: 'std::shared_ptr<_Tp> std::atomic_load(const shared_ptr<_Tp>*) [with _Tp = __cxx11::basic_string<char>]' is deprecated: use 'std::atomic<std::shared_ptr<T>>' instead [-Wdeprecated-declarations]
   21 |     auto msg = std::atomic_load(&message_);
      |                ~~~~~~~~~~~~~~~~^~~~~~~~~~~
/usr/include/c++/16.1.1/bits/shared_ptr_atomic.h:142:5: note: declared here
  142 |     atomic_load(const shared_ptr<_Tp>* __p)
      |     ^~~~~~~~~~~
/home/joshuawarren/src/mlx-omarchy/.work/mlx/mlx/error.h: In member function 'bool mlx::core::Error::store_if_valid(const mlx::core::Error*)':
/home/joshuawarren/src/mlx-omarchy/.work/mlx/mlx/error.h:28:37: warning: 'std::shared_ptr<_Tp> std::atomic_load(const shared_ptr<_Tp>*) [with _Tp = __cxx11::basic_string<char>]' is deprecated: use 'std::atomic<std::shared_ptr<T>>' instead [-Wdeprecated-declarations]
   28 |       Message msg = std::atomic_load(&ptr->message_);
      |                     ~~~~~~~~~~~~~~~~^~~~~~~~~~~~~~~~
/usr/include/c++/16.1.1/bits/shared_ptr_atomic.h:142:5: note: declared here
  142 |     atomic_load(const shared_ptr<_Tp>* __p)
      |     ^~~~~~~~~~~
/home/joshuawarren/src/mlx-omarchy/.work/mlx/mlx/error.h: In member function 'void mlx::core::Error::check()':
/home/joshuawarren/src/mlx-omarchy/.work/mlx/mlx/error.h:39:36: warning: 'std::shared_ptr<_Tp> std::atomic_exchange(shared_ptr<_Tp>*, shared_ptr<_Tp>) [with _Tp = __cxx11::basic_string<char>]' is deprecated: use 'std::atomic<std::shared_ptr<T>>' instead [-Wdeprecated-declarations]
   39 |     auto msg = std::atomic_exchange(&message_, {});
      |                ~~~~~~~~~~~~~~~~~~~~^~~~~~~~~~~~~~~
/usr/include/c++/16.1.1/bits/shared_ptr_atomic.h:225:5: note: declared here
  225 |     atomic_exchange(shared_ptr<_Tp>* __p, shared_ptr<_Tp> __r)
      |     ^~~~~~~~~~~~~~~
In file included from /home/joshuawarren/src/mlx-omarchy/.work/mlx/mlx/event.h:8,
                 from /home/joshuawarren/src/mlx-omarchy/.work/mlx/mlx/array.h:14,
                 from /home/joshuawarren/src/mlx-omarchy/.work/mlx/mlx/utils.h:14,
                 from /home/joshuawarren/src/mlx-omarchy/.work/mlx/mlx/fast.h:10,
                 from /home/joshuawarren/src/mlx-omarchy/.work/mlx/mlx/backend/cuda/no_cuda.cpp:4:
/home/joshuawarren/src/mlx-omarchy/.work/mlx/mlx/error.h: In member function 'void mlx::core::Error::set_message(Message)':
/home/joshuawarren/src/mlx-omarchy/.work/mlx/mlx/error.h:17:22: warning: 'void std::atomic_store(shared_ptr<_Tp>*, shared_ptr<_Tp>) [with _Tp = __cxx11::basic_string<char>]' is deprecated: use 'std::atomic<std::shared_ptr<T>>' instead [-Wdeprecated-declarations]
   17 |     std::atomic_store(&message_, std::move(msg));
      |     ~~~~~~~~~~~~~~~~~^~~~~~~~~~~~~~~~~~~~~~~~~~~
In file included from /usr/include/c++/16.1.1/memory:83,
                 from /home/joshuawarren/src/mlx-omarchy/.work/mlx/mlx/array.h:7:
/usr/include/c++/16.1.1/bits/shared_ptr_atomic.h:183:5: note: declared here
  183 |     atomic_store(shared_ptr<_Tp>* __p, shared_ptr<_Tp> __r)
      |     ^~~~~~~~~~~~
/home/joshuawarren/src/mlx-omarchy/.work/mlx/mlx/error.h: In member function 'bool mlx::core::Error::valid() const':
/home/joshuawarren/src/mlx-omarchy/.work/mlx/mlx/error.h:21:32: warning: 'std::shared_ptr<_Tp> std::atomic_load(const shared_ptr<_Tp>*) [with _Tp = __cxx11::basic_string<char>]' is deprecated: use 'std::atomic<std::shared_ptr<T>>' instead [-Wdeprecated-declarations]
   21 |     auto msg = std::atomic_load(&message_);
      |                ~~~~~~~~~~~~~~~~^~~~~~~~~~~
/usr/include/c++/16.1.1/bits/shared_ptr_atomic.h:142:5: note: declared here
  142 |     atomic_load(const shared_ptr<_Tp>* __p)
      |     ^~~~~~~~~~~
/home/joshuawarren/src/mlx-omarchy/.work/mlx/mlx/error.h: In member function 'bool mlx::core::Error::store_if_valid(const mlx::core::Error*)':
/home/joshuawarren/src/mlx-omarchy/.work/mlx/mlx/error.h:28:37: warning: 'std::shared_ptr<_Tp> std::atomic_load(const shared_ptr<_Tp>*) [with _Tp = __cxx11::basic_string<char>]' is deprecated: use 'std::atomic<std::shared_ptr<T>>' instead [-Wdeprecated-declarations]
   28 |       Message msg = std::atomic_load(&ptr->message_);
      |                     ~~~~~~~~~~~~~~~~^~~~~~~~~~~~~~~~
/usr/include/c++/16.1.1/bits/shared_ptr_atomic.h:142:5: note: declared here
  142 |     atomic_load(const shared_ptr<_Tp>* __p)
      |     ^~~~~~~~~~~
/home/joshuawarren/src/mlx-omarchy/.work/mlx/mlx/error.h: In member function 'void mlx::core::Error::check()':
/home/joshuawarren/src/mlx-omarchy/.work/mlx/mlx/error.h:39:36: warning: 'std::shared_ptr<_Tp> std::atomic_exchange(shared_ptr<_Tp>*, shared_ptr<_Tp>) [with _Tp = __cxx11::basic_string<char>]' is deprecated: use 'std::atomic<std::shared_ptr<T>>' instead [-Wdeprecated-declarations]
   39 |     auto msg = std::atomic_exchange(&message_, {});
      |                ~~~~~~~~~~~~~~~~~~~~^~~~~~~~~~~~~~~
/usr/include/c++/16.1.1/bits/shared_ptr_atomic.h:225:5: note: declared here
  225 |     atomic_exchange(shared_ptr<_Tp>* __p, shared_ptr<_Tp> __r)
      |     ^~~~~~~~~~~~~~~
In file included from /home/joshuawarren/src/mlx-omarchy/.work/mlx/mlx/event.h:8,
                 from /home/joshuawarren/src/mlx-omarchy/.work/mlx/mlx/array.h:14,
                 from /home/joshuawarren/src/mlx-omarchy/.work/mlx/mlx/backend/omarchy/compiled.h:8,
                 from /home/joshuawarren/src/mlx-omarchy/.work/mlx/mlx/backend/omarchy/compiled.cpp:4:
/home/joshuawarren/src/mlx-omarchy/.work/mlx/mlx/error.h: In member function 'void mlx::core::Error::set_message(Message)':
/home/joshuawarren/src/mlx-omarchy/.work/mlx/mlx/error.h:17:22: warning: 'void std::atomic_store(shared_ptr<_Tp>*, shared_ptr<_Tp>) [with _Tp = __cxx11::basic_string<char>]' is deprecated: use 'std::atomic<std::shared_ptr<T>>' instead [-Wdeprecated-declarations]
   17 |     std::atomic_store(&message_, std::move(msg));
      |     ~~~~~~~~~~~~~~~~~^~~~~~~~~~~~~~~~~~~~~~~~~~~
In file included from /usr/include/c++/16.1.1/memory:83,
                 from /home/joshuawarren/src/mlx-omarchy/.work/mlx/mlx/array.h:7:
/usr/include/c++/16.1.1/bits/shared_ptr_atomic.h:183:5: note: declared here
  183 |     atomic_store(shared_ptr<_Tp>* __p, shared_ptr<_Tp> __r)
      |     ^~~~~~~~~~~~
/home/joshuawarren/src/mlx-omarchy/.work/mlx/mlx/error.h: In member function 'bool mlx::core::Error::valid() const':
/home/joshuawarren/src/mlx-omarchy/.work/mlx/mlx/error.h:21:32: warning: 'std::shared_ptr<_Tp> std::atomic_load(const shared_ptr<_Tp>*) [with _Tp = __cxx11::basic_string<char>]' is deprecated: use 'std::atomic<std::shared_ptr<T>>' instead [-Wdeprecated-declarations]
   21 |     auto msg = std::atomic_load(&message_);
      |                ~~~~~~~~~~~~~~~~^~~~~~~~~~~
/usr/include/c++/16.1.1/bits/shared_ptr_atomic.h:142:5: note: declared here
  142 |     atomic_load(const shared_ptr<_Tp>* __p)
      |     ^~~~~~~~~~~
/home/joshuawarren/src/mlx-omarchy/.work/mlx/mlx/error.h: In member function 'bool mlx::core::Error::store_if_valid(const mlx::core::Error*)':
/home/joshuawarren/src/mlx-omarchy/.work/mlx/mlx/error.h:28:37: warning: 'std::shared_ptr<_Tp> std::atomic_load(const shared_ptr<_Tp>*) [with _Tp = __cxx11::basic_string<char>]' is deprecated: use 'std::atomic<std::shared_ptr<T>>' instead [-Wdeprecated-declarations]
   28 |       Message msg = std::atomic_load(&ptr->message_);
      |                     ~~~~~~~~~~~~~~~~^~~~~~~~~~~~~~~~
/usr/include/c++/16.1.1/bits/shared_ptr_atomic.h:142:5: note: declared here
  142 |     atomic_load(const shared_ptr<_Tp>* __p)
      |     ^~~~~~~~~~~
/home/joshuawarren/src/mlx-omarchy/.work/mlx/mlx/error.h: In member function 'void mlx::core::Error::check()':
/home/joshuawarren/src/mlx-omarchy/.work/mlx/mlx/error.h:39:36: warning: 'std::shared_ptr<_Tp> std::atomic_exchange(shared_ptr<_Tp>*, shared_ptr<_Tp>) [with _Tp = __cxx11::basic_string<char>]' is deprecated: use 'std::atomic<std::shared_ptr<T>>' instead [-Wdeprecated-declarations]
   39 |     auto msg = std::atomic_exchange(&message_, {});
      |                ~~~~~~~~~~~~~~~~~~~~^~~~~~~~~~~~~~~
/usr/include/c++/16.1.1/bits/shared_ptr_atomic.h:225:5: note: declared here
  225 |     atomic_exchange(shared_ptr<_Tp>* __p, shared_ptr<_Tp> __r)
      |     ^~~~~~~~~~~~~~~
[ 98%] Building CXX object CMakeFiles/mlx.dir/mlx/backend/omarchy/custom_kernel.cpp.o
[ 98%] Building CXX object CMakeFiles/mlx.dir/mlx/backend/omarchy/compute.cpp.o
[ 98%] Building CXX object CMakeFiles/mlx.dir/mlx/backend/omarchy/device.cpp.o
In file included from /home/joshuawarren/src/mlx-omarchy/.work/mlx/mlx/event.h:8,
                 from /home/joshuawarren/src/mlx-omarchy/.work/mlx/mlx/array.h:14,
                 from /home/joshuawarren/src/mlx-omarchy/.work/mlx/mlx/primitives.h:8,
                 from /home/joshuawarren/src/mlx-omarchy/.work/mlx/mlx/fast_primitives.h:7,
                 from /home/joshuawarren/src/mlx-omarchy/.work/mlx/mlx/backend/omarchy/custom_kernel.cpp:4:
/home/joshuawarren/src/mlx-omarchy/.work/mlx/mlx/error.h: In member function 'void mlx::core::Error::set_message(Message)':
/home/joshuawarren/src/mlx-omarchy/.work/mlx/mlx/error.h:17:22: warning: 'void std::atomic_store(shared_ptr<_Tp>*, shared_ptr<_Tp>) [with _Tp = __cxx11::basic_string<char>]' is deprecated: use 'std::atomic<std::shared_ptr<T>>' instead [-Wdeprecated-declarations]
   17 |     std::atomic_store(&message_, std::move(msg));
      |     ~~~~~~~~~~~~~~~~~^~~~~~~~~~~~~~~~~~~~~~~~~~~
In file included from /usr/include/c++/16.1.1/memory:83,
                 from /home/joshuawarren/src/mlx-omarchy/.work/mlx/mlx/array.h:7:
/usr/include/c++/16.1.1/bits/shared_ptr_atomic.h:183:5: note: declared here
  183 |     atomic_store(shared_ptr<_Tp>* __p, shared_ptr<_Tp> __r)
      |     ^~~~~~~~~~~~
/home/joshuawarren/src/mlx-omarchy/.work/mlx/mlx/error.h: In member function 'bool mlx::core::Error::valid() const':
/home/joshuawarren/src/mlx-omarchy/.work/mlx/mlx/error.h:21:32: warning: 'std::shared_ptr<_Tp> std::atomic_load(const shared_ptr<_Tp>*) [with _Tp = __cxx11::basic_string<char>]' is deprecated: use 'std::atomic<std::shared_ptr<T>>' instead [-Wdeprecated-declarations]
   21 |     auto msg = std::atomic_load(&message_);
      |                ~~~~~~~~~~~~~~~~^~~~~~~~~~~
/usr/include/c++/16.1.1/bits/shared_ptr_atomic.h:142:5: note: declared here
  142 |     atomic_load(const shared_ptr<_Tp>* __p)
      |     ^~~~~~~~~~~
/home/joshuawarren/src/mlx-omarchy/.work/mlx/mlx/error.h: In member function 'bool mlx::core::Error::store_if_valid(const mlx::core::Error*)':
/home/joshuawarren/src/mlx-omarchy/.work/mlx/mlx/error.h:28:37: warning: 'std::shared_ptr<_Tp> std::atomic_load(const shared_ptr<_Tp>*) [with _Tp = __cxx11::basic_string<char>]' is deprecated: use 'std::atomic<std::shared_ptr<T>>' instead [-Wdeprecated-declarations]
   28 |       Message msg = std::atomic_load(&ptr->message_);
      |                     ~~~~~~~~~~~~~~~~^~~~~~~~~~~~~~~~
/usr/include/c++/16.1.1/bits/shared_ptr_atomic.h:142:5: note: declared here
  142 |     atomic_load(const shared_ptr<_Tp>* __p)
      |     ^~~~~~~~~~~
/home/joshuawarren/src/mlx-omarchy/.work/mlx/mlx/error.h: In member function 'void mlx::core::Error::check()':
/home/joshuawarren/src/mlx-omarchy/.work/mlx/mlx/error.h:39:36: warning: 'std::shared_ptr<_Tp> std::atomic_exchange(shared_ptr<_Tp>*, shared_ptr<_Tp>) [with _Tp = __cxx11::basic_string<char>]' is deprecated: use 'std::atomic<std::shared_ptr<T>>' instead [-Wdeprecated-declarations]
   39 |     auto msg = std::atomic_exchange(&message_, {});
      |                ~~~~~~~~~~~~~~~~~~~~^~~~~~~~~~~~~~~
/usr/include/c++/16.1.1/bits/shared_ptr_atomic.h:225:5: note: declared here
  225 |     atomic_exchange(shared_ptr<_Tp>* __p, shared_ptr<_Tp> __r)
      |     ^~~~~~~~~~~~~~~
[ 98%] Building CXX object CMakeFiles/mlx.dir/mlx/backend/omarchy/capability_sim.cpp.o
[ 98%] Building CXX object CMakeFiles/mlx.dir/mlx/backend/omarchy/device_info.cpp.o
[ 98%] Building CXX object CMakeFiles/mlx.dir/mlx/backend/omarchy/encoder.cpp.o
/home/joshuawarren/src/mlx-omarchy/.work/mlx/mlx/backend/omarchy/custom_kernel.cpp: In member function 'virtual void mlx::core::fast::CustomKernel::eval_gpu(const std::vector<mlx::core::array>&, std::vector<mlx::core::array>&)':
/home/joshuawarren/src/mlx-omarchy/.work/mlx/mlx/backend/omarchy/custom_kernel.cpp:1070:42: warning: narrowing conversion of '(& input)->mlx::core::array::ndim()' from 'size_t' {aka 'long unsigned int'} to 'int' [-Wnarrowing]
 1070 |           std::vector<int32_t>{input.ndim()}, int32, encoder);
      |                                ~~~~~~~~~~^~
/home/joshuawarren/src/mlx-omarchy/.work/mlx/mlx/backend/omarchy/custom_kernel.cpp:1070:42: warning: narrowing conversion of '(& input)->mlx::core::array::ndim()' from 'size_t' {aka 'long unsigned int'} to 'int' [-Wnarrowing]
[ 98%] Building CXX object CMakeFiles/mlx.dir/mlx/backend/omarchy/eval.cpp.o
[ 98%] Building CXX object CMakeFiles/mlx.dir/mlx/backend/omarchy/event.cpp.o
In file included from /home/joshuawarren/src/mlx-omarchy/.work/mlx/mlx/event.h:8,
                 from /home/joshuawarren/src/mlx-omarchy/.work/mlx/mlx/array.h:14,
                 from /home/joshuawarren/src/mlx-omarchy/.work/mlx/mlx/backend/omarchy/encoder.h:17,
                 from /home/joshuawarren/src/mlx-omarchy/.work/mlx/mlx/backend/omarchy/encoder.cpp:4:
/home/joshuawarren/src/mlx-omarchy/.work/mlx/mlx/error.h: In member function 'void mlx::core::Error::set_message(Message)':
/home/joshuawarren/src/mlx-omarchy/.work/mlx/mlx/error.h:17:22: warning: 'void std::atomic_store(shared_ptr<_Tp>*, shared_ptr<_Tp>) [with _Tp = __cxx11::basic_string<char>]' is deprecated: use 'std::atomic<std::shared_ptr<T>>' instead [-Wdeprecated-declarations]
   17 |     std::atomic_store(&message_, std::move(msg));
      |     ~~~~~~~~~~~~~~~~~^~~~~~~~~~~~~~~~~~~~~~~~~~~
In file included from /usr/include/c++/16.1.1/memory:83,
                 from /home/joshuawarren/src/mlx-omarchy/.work/mlx/mlx/backend/omarchy/encoder.h:11:
/usr/include/c++/16.1.1/bits/shared_ptr_atomic.h:183:5: note: declared here
  183 |     atomic_store(shared_ptr<_Tp>* __p, shared_ptr<_Tp> __r)
      |     ^~~~~~~~~~~~
/home/joshuawarren/src/mlx-omarchy/.work/mlx/mlx/error.h: In member function 'bool mlx::core::Error::valid() const':
/home/joshuawarren/src/mlx-omarchy/.work/mlx/mlx/error.h:21:32: warning: 'std::shared_ptr<_Tp> std::atomic_load(const shared_ptr<_Tp>*) [with _Tp = __cxx11::basic_string<char>]' is deprecated: use 'std::atomic<std::shared_ptr<T>>' instead [-Wdeprecated-declarations]
   21 |     auto msg = std::atomic_load(&message_);
      |                ~~~~~~~~~~~~~~~~^~~~~~~~~~~
/usr/include/c++/16.1.1/bits/shared_ptr_atomic.h:142:5: note: declared here
  142 |     atomic_load(const shared_ptr<_Tp>* __p)
      |     ^~~~~~~~~~~
/home/joshuawarren/src/mlx-omarchy/.work/mlx/mlx/error.h: In member function 'bool mlx::core::Error::store_if_valid(const mlx::core::Error*)':
/home/joshuawarren/src/mlx-omarchy/.work/mlx/mlx/error.h:28:37: warning: 'std::shared_ptr<_Tp> std::atomic_load(const shared_ptr<_Tp>*) [with _Tp = __cxx11::basic_string<char>]' is deprecated: use 'std::atomic<std::shared_ptr<T>>' instead [-Wdeprecated-declarations]
   28 |       Message msg = std::atomic_load(&ptr->message_);
      |                     ~~~~~~~~~~~~~~~~^~~~~~~~~~~~~~~~
/usr/include/c++/16.1.1/bits/shared_ptr_atomic.h:142:5: note: declared here
  142 |     atomic_load(const shared_ptr<_Tp>* __p)
      |     ^~~~~~~~~~~
/home/joshuawarren/src/mlx-omarchy/.work/mlx/mlx/error.h: In member function 'void mlx::core::Error::check()':
/home/joshuawarren/src/mlx-omarchy/.work/mlx/mlx/error.h:39:36: warning: 'std::shared_ptr<_Tp> std::atomic_exchange(shared_ptr<_Tp>*, shared_ptr<_Tp>) [with _Tp = __cxx11::basic_string<char>]' is deprecated: use 'std::atomic<std::shared_ptr<T>>' instead [-Wdeprecated-declarations]
   39 |     auto msg = std::atomic_exchange(&message_, {});
      |                ~~~~~~~~~~~~~~~~~~~~^~~~~~~~~~~~~~~
/usr/include/c++/16.1.1/bits/shared_ptr_atomic.h:225:5: note: declared here
  225 |     atomic_exchange(shared_ptr<_Tp>* __p, shared_ptr<_Tp> __r)
      |     ^~~~~~~~~~~~~~~
In file included from /home/joshuawarren/src/mlx-omarchy/.work/mlx/mlx/event.h:8,
                 from /home/joshuawarren/src/mlx-omarchy/.work/mlx/mlx/array.h:14,
                 from /home/joshuawarren/src/mlx-omarchy/.work/mlx/mlx/backend/gpu/eval.h:8,
                 from /home/joshuawarren/src/mlx-omarchy/.work/mlx/mlx/backend/omarchy/eval.cpp:8:
/home/joshuawarren/src/mlx-omarchy/.work/mlx/mlx/error.h: In member function 'void mlx::core::Error::set_message(Message)':
/home/joshuawarren/src/mlx-omarchy/.work/mlx/mlx/error.h:17:22: warning: 'void std::atomic_store(shared_ptr<_Tp>*, shared_ptr<_Tp>) [with _Tp = __cxx11::basic_string<char>]' is deprecated: use 'std::atomic<std::shared_ptr<T>>' instead [-Wdeprecated-declarations]
   17 |     std::atomic_store(&message_, std::move(msg));
      |     ~~~~~~~~~~~~~~~~~^~~~~~~~~~~~~~~~~~~~~~~~~~~
In file included from /usr/include/c++/16.1.1/memory:83,
                 from /home/joshuawarren/src/mlx-omarchy/.work/mlx/mlx/backend/gpu/eval.h:6:
/usr/include/c++/16.1.1/bits/shared_ptr_atomic.h:183:5: note: declared here
  183 |     atomic_store(shared_ptr<_Tp>* __p, shared_ptr<_Tp> __r)
      |     ^~~~~~~~~~~~
/home/joshuawarren/src/mlx-omarchy/.work/mlx/mlx/error.h: In member function 'bool mlx::core::Error::valid() const':
/home/joshuawarren/src/mlx-omarchy/.work/mlx/mlx/error.h:21:32: warning: 'std::shared_ptr<_Tp> std::atomic_load(const shared_ptr<_Tp>*) [with _Tp = __cxx11::basic_string<char>]' is deprecated: use 'std::atomic<std::shared_ptr<T>>' instead [-Wdeprecated-declarations]
   21 |     auto msg = std::atomic_load(&message_);
      |                ~~~~~~~~~~~~~~~~^~~~~~~~~~~
/usr/include/c++/16.1.1/bits/shared_ptr_atomic.h:142:5: note: declared here
  142 |     atomic_load(const shared_ptr<_Tp>* __p)
      |     ^~~~~~~~~~~
/home/joshuawarren/src/mlx-omarchy/.work/mlx/mlx/error.h: In member function 'bool mlx::core::Error::store_if_valid(const mlx::core::Error*)':
/home/joshuawarren/src/mlx-omarchy/.work/mlx/mlx/error.h:28:37: warning: 'std::shared_ptr<_Tp> std::atomic_load(const shared_ptr<_Tp>*) [with _Tp = __cxx11::basic_string<char>]' is deprecated: use 'std::atomic<std::shared_ptr<T>>' instead [-Wdeprecated-declarations]
   28 |       Message msg = std::atomic_load(&ptr->message_);
      |                     ~~~~~~~~~~~~~~~~^~~~~~~~~~~~~~~~
/usr/include/c++/16.1.1/bits/shared_ptr_atomic.h:142:5: note: declared here
  142 |     atomic_load(const shared_ptr<_Tp>* __p)
      |     ^~~~~~~~~~~
/home/joshuawarren/src/mlx-omarchy/.work/mlx/mlx/error.h: In member function 'void mlx::core::Error::check()':
/home/joshuawarren/src/mlx-omarchy/.work/mlx/mlx/error.h:39:36: warning: 'std::shared_ptr<_Tp> std::atomic_exchange(shared_ptr<_Tp>*, shared_ptr<_Tp>) [with _Tp = __cxx11::basic_string<char>]' is deprecated: use 'std::atomic<std::shared_ptr<T>>' instead [-Wdeprecated-declarations]
   39 |     auto msg = std::atomic_exchange(&message_, {});
      |                ~~~~~~~~~~~~~~~~~~~~^~~~~~~~~~~~~~~
/usr/include/c++/16.1.1/bits/shared_ptr_atomic.h:225:5: note: declared here
  225 |     atomic_exchange(shared_ptr<_Tp>* __p, shared_ptr<_Tp> __r)
      |     ^~~~~~~~~~~~~~~
In file included from /home/joshuawarren/src/mlx-omarchy/.work/mlx/mlx/event.h:8,
                 from /home/joshuawarren/src/mlx-omarchy/.work/mlx/mlx/backend/omarchy/event.cpp:10:
/home/joshuawarren/src/mlx-omarchy/.work/mlx/mlx/error.h: In member function 'void mlx::core::Error::set_message(Message)':
/home/joshuawarren/src/mlx-omarchy/.work/mlx/mlx/error.h:17:22: warning: 'void std::atomic_store(shared_ptr<_Tp>*, shared_ptr<_Tp>) [with _Tp = __cxx11::basic_string<char>]' is deprecated: use 'std::atomic<std::shared_ptr<T>>' instead [-Wdeprecated-declarations]
   17 |     std::atomic_store(&message_, std::move(msg));
      |     ~~~~~~~~~~~~~~~~~^~~~~~~~~~~~~~~~~~~~~~~~~~~
In file included from /usr/include/c++/16.1.1/memory:83,
                 from /home/joshuawarren/src/mlx-omarchy/.work/mlx/mlx/event.h:5:
/usr/include/c++/16.1.1/bits/shared_ptr_atomic.h:183:5: note: declared here
  183 |     atomic_store(shared_ptr<_Tp>* __p, shared_ptr<_Tp> __r)
      |     ^~~~~~~~~~~~
/home/joshuawarren/src/mlx-omarchy/.work/mlx/mlx/error.h: In member function 'bool mlx::core::Error::valid() const':
/home/joshuawarren/src/mlx-omarchy/.work/mlx/mlx/error.h:21:32: warning: 'std::shared_ptr<_Tp> std::atomic_load(const shared_ptr<_Tp>*) [with _Tp = __cxx11::basic_string<char>]' is deprecated: use 'std::atomic<std::shared_ptr<T>>' instead [-Wdeprecated-declarations]
   21 |     auto msg = std::atomic_load(&message_);
      |                ~~~~~~~~~~~~~~~~^~~~~~~~~~~
/usr/include/c++/16.1.1/bits/shared_ptr_atomic.h:142:5: note: declared here
  142 |     atomic_load(const shared_ptr<_Tp>* __p)
      |     ^~~~~~~~~~~
/home/joshuawarren/src/mlx-omarchy/.work/mlx/mlx/error.h: In member function 'bool mlx::core::Error::store_if_valid(const mlx::core::Error*)':
/home/joshuawarren/src/mlx-omarchy/.work/mlx/mlx/error.h:28:37: warning: 'std::shared_ptr<_Tp> std::atomic_load(const shared_ptr<_Tp>*) [with _Tp = __cxx11::basic_string<char>]' is deprecated: use 'std::atomic<std::shared_ptr<T>>' instead [-Wdeprecated-declarations]
   28 |       Message msg = std::atomic_load(&ptr->message_);
      |                     ~~~~~~~~~~~~~~~~^~~~~~~~~~~~~~~~
/usr/include/c++/16.1.1/bits/shared_ptr_atomic.h:142:5: note: declared here
  142 |     atomic_load(const shared_ptr<_Tp>* __p)
      |     ^~~~~~~~~~~
/home/joshuawarren/src/mlx-omarchy/.work/mlx/mlx/error.h: In member function 'void mlx::core::Error::check()':
/home/joshuawarren/src/mlx-omarchy/.work/mlx/mlx/error.h:39:36: warning: 'std::shared_ptr<_Tp> std::atomic_exchange(shared_ptr<_Tp>*, shared_ptr<_Tp>) [with _Tp = __cxx11::basic_string<char>]' is deprecated: use 'std::atomic<std::shared_ptr<T>>' instead [-Wdeprecated-declarations]
   39 |     auto msg = std::atomic_exchange(&message_, {});
      |                ~~~~~~~~~~~~~~~~~~~~^~~~~~~~~~~~~~~
/usr/include/c++/16.1.1/bits/shared_ptr_atomic.h:225:5: note: declared here
  225 |     atomic_exchange(shared_ptr<_Tp>* __p, shared_ptr<_Tp> __r)
      |     ^~~~~~~~~~~~~~~
[ 98%] Building CXX object CMakeFiles/mlx.dir/mlx/backend/omarchy/fence.cpp.o
[ 98%] Building CXX object CMakeFiles/mlx.dir/mlx/backend/omarchy/copy.cpp.o
[ 99%] Building CXX object CMakeFiles/mlx.dir/mlx/backend/omarchy/primitives.cpp.o
In file included from /home/joshuawarren/src/mlx-omarchy/.work/mlx/mlx/event.h:8,
                 from /home/joshuawarren/src/mlx-omarchy/.work/mlx/mlx/array.h:14,
                 from /home/joshuawarren/src/mlx-omarchy/.work/mlx/mlx/fence.h:5,
                 from /home/joshuawarren/src/mlx-omarchy/.work/mlx/mlx/backend/omarchy/fence.cpp:7:
/home/joshuawarren/src/mlx-omarchy/.work/mlx/mlx/error.h: In member function 'void mlx::core::Error::set_message(Message)':
/home/joshuawarren/src/mlx-omarchy/.work/mlx/mlx/error.h:17:22: warning: 'void std::atomic_store(shared_ptr<_Tp>*, shared_ptr<_Tp>) [with _Tp = __cxx11::basic_string<char>]' is deprecated: use 'std::atomic<std::shared_ptr<T>>' instead [-Wdeprecated-declarations]
   17 |     std::atomic_store(&message_, std::move(msg));
      |     ~~~~~~~~~~~~~~~~~^~~~~~~~~~~~~~~~~~~~~~~~~~~
In file included from /usr/include/c++/16.1.1/memory:83,
                 from /home/joshuawarren/src/mlx-omarchy/.work/mlx/mlx/array.h:7:
/usr/include/c++/16.1.1/bits/shared_ptr_atomic.h:183:5: note: declared here
  183 |     atomic_store(shared_ptr<_Tp>* __p, shared_ptr<_Tp> __r)
      |     ^~~~~~~~~~~~
/home/joshuawarren/src/mlx-omarchy/.work/mlx/mlx/error.h: In member function 'bool mlx::core::Error::valid() const':
/home/joshuawarren/src/mlx-omarchy/.work/mlx/mlx/error.h:21:32: warning: 'std::shared_ptr<_Tp> std::atomic_load(const shared_ptr<_Tp>*) [with _Tp = __cxx11::basic_string<char>]' is deprecated: use 'std::atomic<std::shared_ptr<T>>' instead [-Wdeprecated-declarations]
   21 |     auto msg = std::atomic_load(&message_);
      |                ~~~~~~~~~~~~~~~~^~~~~~~~~~~
/usr/include/c++/16.1.1/bits/shared_ptr_atomic.h:142:5: note: declared here
  142 |     atomic_load(const shared_ptr<_Tp>* __p)
      |     ^~~~~~~~~~~
/home/joshuawarren/src/mlx-omarchy/.work/mlx/mlx/error.h: In member function 'bool mlx::core::Error::store_if_valid(const mlx::core::Error*)':
/home/joshuawarren/src/mlx-omarchy/.work/mlx/mlx/error.h:28:37: warning: 'std::shared_ptr<_Tp> std::atomic_load(const shared_ptr<_Tp>*) [with _Tp = __cxx11::basic_string<char>]' is deprecated: use 'std::atomic<std::shared_ptr<T>>' instead [-Wdeprecated-declarations]
   28 |       Message msg = std::atomic_load(&ptr->message_);
      |                     ~~~~~~~~~~~~~~~~^~~~~~~~~~~~~~~~
/usr/include/c++/16.1.1/bits/shared_ptr_atomic.h:142:5: note: declared here
  142 |     atomic_load(const shared_ptr<_Tp>* __p)
      |     ^~~~~~~~~~~
/home/joshuawarren/src/mlx-omarchy/.work/mlx/mlx/error.h: In member function 'void mlx::core::Error::check()':
/home/joshuawarren/src/mlx-omarchy/.work/mlx/mlx/error.h:39:36: warning: 'std::shared_ptr<_Tp> std::atomic_exchange(shared_ptr<_Tp>*, shared_ptr<_Tp>) [with _Tp = __cxx11::basic_string<char>]' is deprecated: use 'std::atomic<std::shared_ptr<T>>' instead [-Wdeprecated-declarations]
   39 |     auto msg = std::atomic_exchange(&message_, {});
      |                ~~~~~~~~~~~~~~~~~~~~^~~~~~~~~~~~~~~
/usr/include/c++/16.1.1/bits/shared_ptr_atomic.h:225:5: note: declared here
  225 |     atomic_exchange(shared_ptr<_Tp>* __p, shared_ptr<_Tp> __r)
      |     ^~~~~~~~~~~~~~~
[ 99%] Building CXX object CMakeFiles/mlx.dir/mlx/backend/omarchy/slicing.cpp.o
[ 99%] Building CXX object CMakeFiles/mlx.dir/mlx/backend/omarchy/fused_chain.cpp.o
In file included from /home/joshuawarren/src/mlx-omarchy/.work/mlx/mlx/event.h:8,
                 from /home/joshuawarren/src/mlx-omarchy/.work/mlx/mlx/array.h:14,
                 from /home/joshuawarren/src/mlx-omarchy/.work/mlx/mlx/backend/omarchy/unsupported.h:10,
                 from /home/joshuawarren/src/mlx-omarchy/.work/mlx/mlx/backend/omarchy/primitives.cpp:6:
/home/joshuawarren/src/mlx-omarchy/.work/mlx/mlx/error.h: In member function 'void mlx::core::Error::set_message(Message)':
/home/joshuawarren/src/mlx-omarchy/.work/mlx/mlx/error.h:17:22: warning: 'void std::atomic_store(shared_ptr<_Tp>*, shared_ptr<_Tp>) [with _Tp = __cxx11::basic_string<char>]' is deprecated: use 'std::atomic<std::shared_ptr<T>>' instead [-Wdeprecated-declarations]
   17 |     std::atomic_store(&message_, std::move(msg));
      |     ~~~~~~~~~~~~~~~~~^~~~~~~~~~~~~~~~~~~~~~~~~~~
In file included from /usr/include/c++/16.1.1/memory:83,
                 from /home/joshuawarren/src/mlx-omarchy/.work/mlx/mlx/array.h:7:
/usr/include/c++/16.1.1/bits/shared_ptr_atomic.h:183:5: note: declared here
  183 |     atomic_store(shared_ptr<_Tp>* __p, shared_ptr<_Tp> __r)
      |     ^~~~~~~~~~~~
/home/joshuawarren/src/mlx-omarchy/.work/mlx/mlx/error.h: In member function 'bool mlx::core::Error::valid() const':
/home/joshuawarren/src/mlx-omarchy/.work/mlx/mlx/error.h:21:32: warning: 'std::shared_ptr<_Tp> std::atomic_load(const shared_ptr<_Tp>*) [with _Tp = __cxx11::basic_string<char>]' is deprecated: use 'std::atomic<std::shared_ptr<T>>' instead [-Wdeprecated-declarations]
   21 |     auto msg = std::atomic_load(&message_);
      |                ~~~~~~~~~~~~~~~~^~~~~~~~~~~
/usr/include/c++/16.1.1/bits/shared_ptr_atomic.h:142:5: note: declared here
  142 |     atomic_load(const shared_ptr<_Tp>* __p)
      |     ^~~~~~~~~~~
/home/joshuawarren/src/mlx-omarchy/.work/mlx/mlx/error.h: In member function 'bool mlx::core::Error::store_if_valid(const mlx::core::Error*)':
/home/joshuawarren/src/mlx-omarchy/.work/mlx/mlx/error.h:28:37: warning: 'std::shared_ptr<_Tp> std::atomic_load(const shared_ptr<_Tp>*) [with _Tp = __cxx11::basic_string<char>]' is deprecated: use 'std::atomic<std::shared_ptr<T>>' instead [-Wdeprecated-declarations]
   28 |       Message msg = std::atomic_load(&ptr->message_);
      |                     ~~~~~~~~~~~~~~~~^~~~~~~~~~~~~~~~
/usr/include/c++/16.1.1/bits/shared_ptr_atomic.h:142:5: note: declared here
  142 |     atomic_load(const shared_ptr<_Tp>* __p)
      |     ^~~~~~~~~~~
/home/joshuawarren/src/mlx-omarchy/.work/mlx/mlx/error.h: In member function 'void mlx::core::Error::check()':
/home/joshuawarren/src/mlx-omarchy/.work/mlx/mlx/error.h:39:36: warning: 'std::shared_ptr<_Tp> std::atomic_exchange(shared_ptr<_Tp>*, shared_ptr<_Tp>) [with _Tp = __cxx11::basic_string<char>]' is deprecated: use 'std::atomic<std::shared_ptr<T>>' instead [-Wdeprecated-declarations]
   39 |     auto msg = std::atomic_exchange(&message_, {});
      |                ~~~~~~~~~~~~~~~~~~~~^~~~~~~~~~~~~~~
/usr/include/c++/16.1.1/bits/shared_ptr_atomic.h:225:5: note: declared here
  225 |     atomic_exchange(shared_ptr<_Tp>* __p, shared_ptr<_Tp> __r)
      |     ^~~~~~~~~~~~~~~
In file included from /home/joshuawarren/src/mlx-omarchy/.work/mlx/mlx/event.h:8,
                 from /home/joshuawarren/src/mlx-omarchy/.work/mlx/mlx/array.h:14,
                 from /home/joshuawarren/src/mlx-omarchy/.work/mlx/mlx/backend/omarchy/unsupported.h:10,
                 from /home/joshuawarren/src/mlx-omarchy/.work/mlx/mlx/backend/omarchy/slicing.cpp:13:
/home/joshuawarren/src/mlx-omarchy/.work/mlx/mlx/error.h: In member function 'void mlx::core::Error::set_message(Message)':
/home/joshuawarren/src/mlx-omarchy/.work/mlx/mlx/error.h:17:22: warning: 'void std::atomic_store(shared_ptr<_Tp>*, shared_ptr<_Tp>) [with _Tp = __cxx11::basic_string<char>]' is deprecated: use 'std::atomic<std::shared_ptr<T>>' instead [-Wdeprecated-declarations]
   17 |     std::atomic_store(&message_, std::move(msg));
      |     ~~~~~~~~~~~~~~~~~^~~~~~~~~~~~~~~~~~~~~~~~~~~
In file included from /usr/include/c++/16.1.1/memory:83,
                 from /home/joshuawarren/src/mlx-omarchy/.work/mlx/mlx/array.h:7:
/usr/include/c++/16.1.1/bits/shared_ptr_atomic.h:183:5: note: declared here
  183 |     atomic_store(shared_ptr<_Tp>* __p, shared_ptr<_Tp> __r)
      |     ^~~~~~~~~~~~
/home/joshuawarren/src/mlx-omarchy/.work/mlx/mlx/error.h: In member function 'bool mlx::core::Error::valid() const':
/home/joshuawarren/src/mlx-omarchy/.work/mlx/mlx/error.h:21:32: warning: 'std::shared_ptr<_Tp> std::atomic_load(const shared_ptr<_Tp>*) [with _Tp = __cxx11::basic_string<char>]' is deprecated: use 'std::atomic<std::shared_ptr<T>>' instead [-Wdeprecated-declarations]
   21 |     auto msg = std::atomic_load(&message_);
      |                ~~~~~~~~~~~~~~~~^~~~~~~~~~~
/usr/include/c++/16.1.1/bits/shared_ptr_atomic.h:142:5: note: declared here
  142 |     atomic_load(const shared_ptr<_Tp>* __p)
      |     ^~~~~~~~~~~
/home/joshuawarren/src/mlx-omarchy/.work/mlx/mlx/error.h: In member function 'bool mlx::core::Error::store_if_valid(const mlx::core::Error*)':
/home/joshuawarren/src/mlx-omarchy/.work/mlx/mlx/error.h:28:37: warning: 'std::shared_ptr<_Tp> std::atomic_load(const shared_ptr<_Tp>*) [with _Tp = __cxx11::basic_string<char>]' is deprecated: use 'std::atomic<std::shared_ptr<T>>' instead [-Wdeprecated-declarations]
   28 |       Message msg = std::atomic_load(&ptr->message_);
      |                     ~~~~~~~~~~~~~~~~^~~~~~~~~~~~~~~~
/usr/include/c++/16.1.1/bits/shared_ptr_atomic.h:142:5: note: declared here
  142 |     atomic_load(const shared_ptr<_Tp>* __p)
      |     ^~~~~~~~~~~
/home/joshuawarren/src/mlx-omarchy/.work/mlx/mlx/error.h: In member function 'void mlx::core::Error::check()':
/home/joshuawarren/src/mlx-omarchy/.work/mlx/mlx/error.h:39:36: warning: 'std::shared_ptr<_Tp> std::atomic_exchange(shared_ptr<_Tp>*, shared_ptr<_Tp>) [with _Tp = __cxx11::basic_string<char>]' is deprecated: use 'std::atomic<std::shared_ptr<T>>' instead [-Wdeprecated-declarations]
   39 |     auto msg = std::atomic_exchange(&message_, {});
      |                ~~~~~~~~~~~~~~~~~~~~^~~~~~~~~~~~~~~
/usr/include/c++/16.1.1/bits/shared_ptr_atomic.h:225:5: note: declared here
  225 |     atomic_exchange(shared_ptr<_Tp>* __p, shared_ptr<_Tp> __r)
      |     ^~~~~~~~~~~~~~~
In file included from /home/joshuawarren/src/mlx-omarchy/.work/mlx/mlx/event.h:8,
                 from /home/joshuawarren/src/mlx-omarchy/.work/mlx/mlx/array.h:14,
                 from /home/joshuawarren/src/mlx-omarchy/.work/mlx/mlx/backend/omarchy/unsupported.h:10,
                 from /home/joshuawarren/src/mlx-omarchy/.work/mlx/mlx/backend/omarchy/copy.cpp:9:
/home/joshuawarren/src/mlx-omarchy/.work/mlx/mlx/error.h: In member function 'void mlx::core::Error::set_message(Message)':
/home/joshuawarren/src/mlx-omarchy/.work/mlx/mlx/error.h:17:22: warning: 'void std::atomic_store(shared_ptr<_Tp>*, shared_ptr<_Tp>) [with _Tp = __cxx11::basic_string<char>]' is deprecated: use 'std::atomic<std::shared_ptr<T>>' instead [-Wdeprecated-declarations]
   17 |     std::atomic_store(&message_, std::move(msg));
      |     ~~~~~~~~~~~~~~~~~^~~~~~~~~~~~~~~~~~~~~~~~~~~
In file included from /usr/include/c++/16.1.1/memory:83,
                 from /home/joshuawarren/src/mlx-omarchy/.work/mlx/mlx/array.h:7:
/usr/include/c++/16.1.1/bits/shared_ptr_atomic.h:183:5: note: declared here
  183 |     atomic_store(shared_ptr<_Tp>* __p, shared_ptr<_Tp> __r)
      |     ^~~~~~~~~~~~
/home/joshuawarren/src/mlx-omarchy/.work/mlx/mlx/error.h: In member function 'bool mlx::core::Error::valid() const':
/home/joshuawarren/src/mlx-omarchy/.work/mlx/mlx/error.h:21:32: warning: 'std::shared_ptr<_Tp> std::atomic_load(const shared_ptr<_Tp>*) [with _Tp = __cxx11::basic_string<char>]' is deprecated: use 'std::atomic<std::shared_ptr<T>>' instead [-Wdeprecated-declarations]
   21 |     auto msg = std::atomic_load(&message_);
      |                ~~~~~~~~~~~~~~~~^~~~~~~~~~~
/usr/include/c++/16.1.1/bits/shared_ptr_atomic.h:142:5: note: declared here
  142 |     atomic_load(const shared_ptr<_Tp>* __p)
      |     ^~~~~~~~~~~
/home/joshuawarren/src/mlx-omarchy/.work/mlx/mlx/error.h: In member function 'bool mlx::core::Error::store_if_valid(const mlx::core::Error*)':
/home/joshuawarren/src/mlx-omarchy/.work/mlx/mlx/error.h:28:37: warning: 'std::shared_ptr<_Tp> std::atomic_load(const shared_ptr<_Tp>*) [with _Tp = __cxx11::basic_string<char>]' is deprecated: use 'std::atomic<std::shared_ptr<T>>' instead [-Wdeprecated-declarations]
   28 |       Message msg = std::atomic_load(&ptr->message_);
      |                     ~~~~~~~~~~~~~~~~^~~~~~~~~~~~~~~~
/usr/include/c++/16.1.1/bits/shared_ptr_atomic.h:142:5: note: declared here
  142 |     atomic_load(const shared_ptr<_Tp>* __p)
      |     ^~~~~~~~~~~
/home/joshuawarren/src/mlx-omarchy/.work/mlx/mlx/error.h: In member function 'void mlx::core::Error::check()':
/home/joshuawarren/src/mlx-omarchy/.work/mlx/mlx/error.h:39:36: warning: 'std::shared_ptr<_Tp> std::atomic_exchange(shared_ptr<_Tp>*, shared_ptr<_Tp>) [with _Tp = __cxx11::basic_string<char>]' is deprecated: use 'std::atomic<std::shared_ptr<T>>' instead [-Wdeprecated-declarations]
   39 |     auto msg = std::atomic_exchange(&message_, {});
      |                ~~~~~~~~~~~~~~~~~~~~^~~~~~~~~~~~~~~
/usr/include/c++/16.1.1/bits/shared_ptr_atomic.h:225:5: note: declared here
  225 |     atomic_exchange(shared_ptr<_Tp>* __p, shared_ptr<_Tp> __r)
      |     ^~~~~~~~~~~~~~~
[ 99%] Building CXX object CMakeFiles/mlx.dir/mlx/backend/omarchy/stream.cpp.o
In file included from /home/joshuawarren/src/mlx-omarchy/.work/mlx/mlx/event.h:8,
                 from /home/joshuawarren/src/mlx-omarchy/.work/mlx/mlx/array.h:14,
                 from /home/joshuawarren/src/mlx-omarchy/.work/mlx/mlx/backend/omarchy/fused_chain.h:13,
                 from /home/joshuawarren/src/mlx-omarchy/.work/mlx/mlx/backend/omarchy/fused_chain.cpp:4:
/home/joshuawarren/src/mlx-omarchy/.work/mlx/mlx/error.h: In member function 'void mlx::core::Error::set_message(Message)':
/home/joshuawarren/src/mlx-omarchy/.work/mlx/mlx/error.h:17:22: warning: 'void std::atomic_store(shared_ptr<_Tp>*, shared_ptr<_Tp>) [with _Tp = __cxx11::basic_string<char>]' is deprecated: use 'std::atomic<std::shared_ptr<T>>' instead [-Wdeprecated-declarations]
   17 |     std::atomic_store(&message_, std::move(msg));
      |     ~~~~~~~~~~~~~~~~~^~~~~~~~~~~~~~~~~~~~~~~~~~~
In file included from /usr/include/c++/16.1.1/memory:83,
                 from /home/joshuawarren/src/mlx-omarchy/.work/mlx/mlx/backend/omarchy/fused_chain.h:9:
/usr/include/c++/16.1.1/bits/shared_ptr_atomic.h:183:5: note: declared here
  183 |     atomic_store(shared_ptr<_Tp>* __p, shared_ptr<_Tp> __r)
      |     ^~~~~~~~~~~~
/home/joshuawarren/src/mlx-omarchy/.work/mlx/mlx/error.h: In member function 'bool mlx::core::Error::valid() const':
/home/joshuawarren/src/mlx-omarchy/.work/mlx/mlx/error.h:21:32: warning: 'std::shared_ptr<_Tp> std::atomic_load(const shared_ptr<_Tp>*) [with _Tp = __cxx11::basic_string<char>]' is deprecated: use 'std::atomic<std::shared_ptr<T>>' instead [-Wdeprecated-declarations]
   21 |     auto msg = std::atomic_load(&message_);
      |                ~~~~~~~~~~~~~~~~^~~~~~~~~~~
/usr/include/c++/16.1.1/bits/shared_ptr_atomic.h:142:5: note: declared here
  142 |     atomic_load(const shared_ptr<_Tp>* __p)
      |     ^~~~~~~~~~~
/home/joshuawarren/src/mlx-omarchy/.work/mlx/mlx/error.h: In member function 'bool mlx::core::Error::store_if_valid(const mlx::core::Error*)':
/home/joshuawarren/src/mlx-omarchy/.work/mlx/mlx/error.h:28:37: warning: 'std::shared_ptr<_Tp> std::atomic_load(const shared_ptr<_Tp>*) [with _Tp = __cxx11::basic_string<char>]' is deprecated: use 'std::atomic<std::shared_ptr<T>>' instead [-Wdeprecated-declarations]
   28 |       Message msg = std::atomic_load(&ptr->message_);
      |                     ~~~~~~~~~~~~~~~~^~~~~~~~~~~~~~~~
/usr/include/c++/16.1.1/bits/shared_ptr_atomic.h:142:5: note: declared here
  142 |     atomic_load(const shared_ptr<_Tp>* __p)
      |     ^~~~~~~~~~~
/home/joshuawarren/src/mlx-omarchy/.work/mlx/mlx/error.h: In member function 'void mlx::core::Error::check()':
/home/joshuawarren/src/mlx-omarchy/.work/mlx/mlx/error.h:39:36: warning: 'std::shared_ptr<_Tp> std::atomic_exchange(shared_ptr<_Tp>*, shared_ptr<_Tp>) [with _Tp = __cxx11::basic_string<char>]' is deprecated: use 'std::atomic<std::shared_ptr<T>>' instead [-Wdeprecated-declarations]
   39 |     auto msg = std::atomic_exchange(&message_, {});
      |                ~~~~~~~~~~~~~~~~~~~~^~~~~~~~~~~~~~~
/usr/include/c++/16.1.1/bits/shared_ptr_atomic.h:225:5: note: declared here
  225 |     atomic_exchange(shared_ptr<_Tp>* __p, shared_ptr<_Tp> __r)
      |     ^~~~~~~~~~~~~~~
In file included from /home/joshuawarren/src/mlx-omarchy/.work/mlx/mlx/event.h:8,
                 from /home/joshuawarren/src/mlx-omarchy/.work/mlx/mlx/array.h:14,
                 from /home/joshuawarren/src/mlx-omarchy/.work/mlx/mlx/backend/gpu/eval.h:8,
                 from /home/joshuawarren/src/mlx-omarchy/.work/mlx/mlx/backend/omarchy/stream.cpp:7:
/home/joshuawarren/src/mlx-omarchy/.work/mlx/mlx/error.h: In member function 'void mlx::core::Error::set_message(Message)':
/home/joshuawarren/src/mlx-omarchy/.work/mlx/mlx/error.h:17:22: warning: 'void std::atomic_store(shared_ptr<_Tp>*, shared_ptr<_Tp>) [with _Tp = __cxx11::basic_string<char>]' is deprecated: use 'std::atomic<std::shared_ptr<T>>' instead [-Wdeprecated-declarations]
   17 |     std::atomic_store(&message_, std::move(msg));
      |     ~~~~~~~~~~~~~~~~~^~~~~~~~~~~~~~~~~~~~~~~~~~~
In file included from /usr/include/c++/16.1.1/memory:83,
                 from /home/joshuawarren/src/mlx-omarchy/.work/mlx/mlx/backend/gpu/eval.h:6:
/usr/include/c++/16.1.1/bits/shared_ptr_atomic.h:183:5: note: declared here
  183 |     atomic_store(shared_ptr<_Tp>* __p, shared_ptr<_Tp> __r)
      |     ^~~~~~~~~~~~
/home/joshuawarren/src/mlx-omarchy/.work/mlx/mlx/error.h: In member function 'bool mlx::core::Error::valid() const':
/home/joshuawarren/src/mlx-omarchy/.work/mlx/mlx/error.h:21:32: warning: 'std::shared_ptr<_Tp> std::atomic_load(const shared_ptr<_Tp>*) [with _Tp = __cxx11::basic_string<char>]' is deprecated: use 'std::atomic<std::shared_ptr<T>>' instead [-Wdeprecated-declarations]
   21 |     auto msg = std::atomic_load(&message_);
      |                ~~~~~~~~~~~~~~~~^~~~~~~~~~~
/usr/include/c++/16.1.1/bits/shared_ptr_atomic.h:142:5: note: declared here
  142 |     atomic_load(const shared_ptr<_Tp>* __p)
      |     ^~~~~~~~~~~
/home/joshuawarren/src/mlx-omarchy/.work/mlx/mlx/error.h: In member function 'bool mlx::core::Error::store_if_valid(const mlx::core::Error*)':
/home/joshuawarren/src/mlx-omarchy/.work/mlx/mlx/error.h:28:37: warning: 'std::shared_ptr<_Tp> std::atomic_load(const shared_ptr<_Tp>*) [with _Tp = __cxx11::basic_string<char>]' is deprecated: use 'std::atomic<std::shared_ptr<T>>' instead [-Wdeprecated-declarations]
   28 |       Message msg = std::atomic_load(&ptr->message_);
      |                     ~~~~~~~~~~~~~~~~^~~~~~~~~~~~~~~~
/usr/include/c++/16.1.1/bits/shared_ptr_atomic.h:142:5: note: declared here
  142 |     atomic_load(const shared_ptr<_Tp>* __p)
      |     ^~~~~~~~~~~
/home/joshuawarren/src/mlx-omarchy/.work/mlx/mlx/error.h: In member function 'void mlx::core::Error::check()':
/home/joshuawarren/src/mlx-omarchy/.work/mlx/mlx/error.h:39:36: warning: 'std::shared_ptr<_Tp> std::atomic_exchange(shared_ptr<_Tp>*, shared_ptr<_Tp>) [with _Tp = __cxx11::basic_string<char>]' is deprecated: use 'std::atomic<std::shared_ptr<T>>' instead [-Wdeprecated-declarations]
   39 |     auto msg = std::atomic_exchange(&message_, {});
      |                ~~~~~~~~~~~~~~~~~~~~^~~~~~~~~~~~~~~
/usr/include/c++/16.1.1/bits/shared_ptr_atomic.h:225:5: note: declared here
  225 |     atomic_exchange(shared_ptr<_Tp>* __p, shared_ptr<_Tp> __r)
      |     ^~~~~~~~~~~~~~~
[ 99%] Building CXX object CMakeFiles/mlx.dir/mlx/backend/omarchy/ane/manifest.cpp.o
[ 99%] Building CXX object CMakeFiles/mlx.dir/mlx/backend/omarchy/ane/bundle.cpp.o
[ 99%] Building CXX object CMakeFiles/mlx.dir/mlx/backend/omarchy/ane/worker.cpp.o
[ 99%] Building CXX object CMakeFiles/mlx.dir/mlx/backend/omarchy/ane/worker_libane.cpp.o
[ 99%] Building CXX object CMakeFiles/mlx.dir/mlx/backend/omarchy/vulkan.cpp.o
[ -3%] Building CXX object CMakeFiles/mlx.dir/mlx/backend/gpu/copy.cpp.o
In file included from /home/joshuawarren/src/mlx-omarchy/.work/mlx/mlx/event.h:8,
                 from /home/joshuawarren/src/mlx-omarchy/.work/mlx/mlx/array.h:14,
                 from /home/joshuawarren/src/mlx-omarchy/.work/mlx/mlx/backend/common/utils.h:9,
                 from /home/joshuawarren/src/mlx-omarchy/.work/mlx/mlx/backend/common/copy.h:5,
                 from /home/joshuawarren/src/mlx-omarchy/.work/mlx/mlx/backend/gpu/copy.h:5,
                 from /home/joshuawarren/src/mlx-omarchy/.work/mlx/mlx/backend/gpu/copy.cpp:3:
/home/joshuawarren/src/mlx-omarchy/.work/mlx/mlx/error.h: In member function 'void mlx::core::Error::set_message(Message)':
/home/joshuawarren/src/mlx-omarchy/.work/mlx/mlx/error.h:17:22: warning: 'void std::atomic_store(shared_ptr<_Tp>*, shared_ptr<_Tp>) [with _Tp = __cxx11::basic_string<char>]' is deprecated: use 'std::atomic<std::shared_ptr<T>>' instead [-Wdeprecated-declarations]
   17 |     std::atomic_store(&message_, std::move(msg));
      |     ~~~~~~~~~~~~~~~~~^~~~~~~~~~~~~~~~~~~~~~~~~~~
In file included from /usr/include/c++/16.1.1/memory:83,
                 from /home/joshuawarren/src/mlx-omarchy/.work/mlx/mlx/array.h:7:
/usr/include/c++/16.1.1/bits/shared_ptr_atomic.h:183:5: note: declared here
  183 |     atomic_store(shared_ptr<_Tp>* __p, shared_ptr<_Tp> __r)
      |     ^~~~~~~~~~~~
/home/joshuawarren/src/mlx-omarchy/.work/mlx/mlx/error.h: In member function 'bool mlx::core::Error::valid() const':
/home/joshuawarren/src/mlx-omarchy/.work/mlx/mlx/error.h:21:32: warning: 'std::shared_ptr<_Tp> std::atomic_load(const shared_ptr<_Tp>*) [with _Tp = __cxx11::basic_string<char>]' is deprecated: use 'std::atomic<std::shared_ptr<T>>' instead [-Wdeprecated-declarations]
   21 |     auto msg = std::atomic_load(&message_);
      |                ~~~~~~~~~~~~~~~~^~~~~~~~~~~
/usr/include/c++/16.1.1/bits/shared_ptr_atomic.h:142:5: note: declared here
  142 |     atomic_load(const shared_ptr<_Tp>* __p)
      |     ^~~~~~~~~~~
/home/joshuawarren/src/mlx-omarchy/.work/mlx/mlx/error.h: In member function 'bool mlx::core::Error::store_if_valid(const mlx::core::Error*)':
/home/joshuawarren/src/mlx-omarchy/.work/mlx/mlx/error.h:28:37: warning: 'std::shared_ptr<_Tp> std::atomic_load(const shared_ptr<_Tp>*) [with _Tp = __cxx11::basic_string<char>]' is deprecated: use 'std::atomic<std::shared_ptr<T>>' instead [-Wdeprecated-declarations]
   28 |       Message msg = std::atomic_load(&ptr->message_);
      |                     ~~~~~~~~~~~~~~~~^~~~~~~~~~~~~~~~
/usr/include/c++/16.1.1/bits/shared_ptr_atomic.h:142:5: note: declared here
  142 |     atomic_load(const shared_ptr<_Tp>* __p)
      |     ^~~~~~~~~~~
/home/joshuawarren/src/mlx-omarchy/.work/mlx/mlx/error.h: In member function 'void mlx::core::Error::check()':
/home/joshuawarren/src/mlx-omarchy/.work/mlx/mlx/error.h:39:36: warning: 'std::shared_ptr<_Tp> std::atomic_exchange(shared_ptr<_Tp>*, shared_ptr<_Tp>) [with _Tp = __cxx11::basic_string<char>]' is deprecated: use 'std::atomic<std::shared_ptr<T>>' instead [-Wdeprecated-declarations]
   39 |     auto msg = std::atomic_exchange(&message_, {});
      |                ~~~~~~~~~~~~~~~~~~~~^~~~~~~~~~~~~~~
/usr/include/c++/16.1.1/bits/shared_ptr_atomic.h:225:5: note: declared here
  225 |     atomic_exchange(shared_ptr<_Tp>* __p, shared_ptr<_Tp> __r)
      |     ^~~~~~~~~~~~~~~
[100%] Building CXX object CMakeFiles/mlx.dir/mlx/backend/gpu/primitives.cpp.o
[100%] Building CXX object CMakeFiles/mlx.dir/mlx/backend/gpu/slicing.cpp.o
In file included from /home/joshuawarren/src/mlx-omarchy/.work/mlx/mlx/event.h:8,
                 from /home/joshuawarren/src/mlx-omarchy/.work/mlx/mlx/array.h:14,
                 from /home/joshuawarren/src/mlx-omarchy/.work/mlx/mlx/primitives.h:8,
                 from /home/joshuawarren/src/mlx-omarchy/.work/mlx/mlx/backend/gpu/primitives.cpp:3:
/home/joshuawarren/src/mlx-omarchy/.work/mlx/mlx/error.h: In member function 'void mlx::core::Error::set_message(Message)':
/home/joshuawarren/src/mlx-omarchy/.work/mlx/mlx/error.h:17:22: warning: 'void std::atomic_store(shared_ptr<_Tp>*, shared_ptr<_Tp>) [with _Tp = __cxx11::basic_string<char>]' is deprecated: use 'std::atomic<std::shared_ptr<T>>' instead [-Wdeprecated-declarations]
   17 |     std::atomic_store(&message_, std::move(msg));
      |     ~~~~~~~~~~~~~~~~~^~~~~~~~~~~~~~~~~~~~~~~~~~~
In file included from /usr/include/c++/16.1.1/memory:83,
                 from /home/joshuawarren/src/mlx-omarchy/.work/mlx/mlx/array.h:7:
/usr/include/c++/16.1.1/bits/shared_ptr_atomic.h:183:5: note: declared here
  183 |     atomic_store(shared_ptr<_Tp>* __p, shared_ptr<_Tp> __r)
      |     ^~~~~~~~~~~~
/home/joshuawarren/src/mlx-omarchy/.work/mlx/mlx/error.h: In member function 'bool mlx::core::Error::valid() const':
/home/joshuawarren/src/mlx-omarchy/.work/mlx/mlx/error.h:21:32: warning: 'std::shared_ptr<_Tp> std::atomic_load(const shared_ptr<_Tp>*) [with _Tp = __cxx11::basic_string<char>]' is deprecated: use 'std::atomic<std::shared_ptr<T>>' instead [-Wdeprecated-declarations]
   21 |     auto msg = std::atomic_load(&message_);
      |                ~~~~~~~~~~~~~~~~^~~~~~~~~~~
/usr/include/c++/16.1.1/bits/shared_ptr_atomic.h:142:5: note: declared here
  142 |     atomic_load(const shared_ptr<_Tp>* __p)
      |     ^~~~~~~~~~~
/home/joshuawarren/src/mlx-omarchy/.work/mlx/mlx/error.h: In member function 'bool mlx::core::Error::store_if_valid(const mlx::core::Error*)':
/home/joshuawarren/src/mlx-omarchy/.work/mlx/mlx/error.h:28:37: warning: 'std::shared_ptr<_Tp> std::atomic_load(const shared_ptr<_Tp>*) [with _Tp = __cxx11::basic_string<char>]' is deprecated: use 'std::atomic<std::shared_ptr<T>>' instead [-Wdeprecated-declarations]
   28 |       Message msg = std::atomic_load(&ptr->message_);
      |                     ~~~~~~~~~~~~~~~~^~~~~~~~~~~~~~~~
/usr/include/c++/16.1.1/bits/shared_ptr_atomic.h:142:5: note: declared here
  142 |     atomic_load(const shared_ptr<_Tp>* __p)
      |     ^~~~~~~~~~~
/home/joshuawarren/src/mlx-omarchy/.work/mlx/mlx/error.h: In member function 'void mlx::core::Error::check()':
/home/joshuawarren/src/mlx-omarchy/.work/mlx/mlx/error.h:39:36: warning: 'std::shared_ptr<_Tp> std::atomic_exchange(shared_ptr<_Tp>*, shared_ptr<_Tp>) [with _Tp = __cxx11::basic_string<char>]' is deprecated: use 'std::atomic<std::shared_ptr<T>>' instead [-Wdeprecated-declarations]
   39 |     auto msg = std::atomic_exchange(&message_, {});
      |                ~~~~~~~~~~~~~~~~~~~~^~~~~~~~~~~~~~~
/usr/include/c++/16.1.1/bits/shared_ptr_atomic.h:225:5: note: declared here
  225 |     atomic_exchange(shared_ptr<_Tp>* __p, shared_ptr<_Tp> __r)
      |     ^~~~~~~~~~~~~~~
In file included from /home/joshuawarren/src/mlx-omarchy/.work/mlx/mlx/event.h:8,
                 from /home/joshuawarren/src/mlx-omarchy/.work/mlx/mlx/array.h:14,
                 from /home/joshuawarren/src/mlx-omarchy/.work/mlx/mlx/backend/common/slicing.h:5,
                 from /home/joshuawarren/src/mlx-omarchy/.work/mlx/mlx/backend/gpu/slicing.cpp:3:
/home/joshuawarren/src/mlx-omarchy/.work/mlx/mlx/error.h: In member function 'void mlx::core::Error::set_message(Message)':
/home/joshuawarren/src/mlx-omarchy/.work/mlx/mlx/error.h:17:22: warning: 'void std::atomic_store(shared_ptr<_Tp>*, shared_ptr<_Tp>) [with _Tp = __cxx11::basic_string<char>]' is deprecated: use 'std::atomic<std::shared_ptr<T>>' instead [-Wdeprecated-declarations]
   17 |     std::atomic_store(&message_, std::move(msg));
      |     ~~~~~~~~~~~~~~~~~^~~~~~~~~~~~~~~~~~~~~~~~~~~
In file included from /usr/include/c++/16.1.1/memory:83,
                 from /home/joshuawarren/src/mlx-omarchy/.work/mlx/mlx/array.h:7:
/usr/include/c++/16.1.1/bits/shared_ptr_atomic.h:183:5: note: declared here
  183 |     atomic_store(shared_ptr<_Tp>* __p, shared_ptr<_Tp> __r)
      |     ^~~~~~~~~~~~
/home/joshuawarren/src/mlx-omarchy/.work/mlx/mlx/error.h: In member function 'bool mlx::core::Error::valid() const':
/home/joshuawarren/src/mlx-omarchy/.work/mlx/mlx/error.h:21:32: warning: 'std::shared_ptr<_Tp> std::atomic_load(const shared_ptr<_Tp>*) [with _Tp = __cxx11::basic_string<char>]' is deprecated: use 'std::atomic<std::shared_ptr<T>>' instead [-Wdeprecated-declarations]
   21 |     auto msg = std::atomic_load(&message_);
      |                ~~~~~~~~~~~~~~~~^~~~~~~~~~~
/usr/include/c++/16.1.1/bits/shared_ptr_atomic.h:142:5: note: declared here
  142 |     atomic_load(const shared_ptr<_Tp>* __p)
      |     ^~~~~~~~~~~
/home/joshuawarren/src/mlx-omarchy/.work/mlx/mlx/error.h: In member function 'bool mlx::core::Error::store_if_valid(const mlx::core::Error*)':
/home/joshuawarren/src/mlx-omarchy/.work/mlx/mlx/error.h:28:37: warning: 'std::shared_ptr<_Tp> std::atomic_load(const shared_ptr<_Tp>*) [with _Tp = __cxx11::basic_string<char>]' is deprecated: use 'std::atomic<std::shared_ptr<T>>' instead [-Wdeprecated-declarations]
   28 |       Message msg = std::atomic_load(&ptr->message_);
      |                     ~~~~~~~~~~~~~~~~^~~~~~~~~~~~~~~~
/usr/include/c++/16.1.1/bits/shared_ptr_atomic.h:142:5: note: declared here
  142 |     atomic_load(const shared_ptr<_Tp>* __p)
      |     ^~~~~~~~~~~
/home/joshuawarren/src/mlx-omarchy/.work/mlx/mlx/error.h: In member function 'void mlx::core::Error::check()':
/home/joshuawarren/src/mlx-omarchy/.work/mlx/mlx/error.h:39:36: warning: 'std::shared_ptr<_Tp> std::atomic_exchange(shared_ptr<_Tp>*, shared_ptr<_Tp>) [with _Tp = __cxx11::basic_string<char>]' is deprecated: use 'std::atomic<std::shared_ptr<T>>' instead [-Wdeprecated-declarations]
   39 |     auto msg = std::atomic_exchange(&message_, {});
      |                ~~~~~~~~~~~~~~~~~~~~^~~~~~~~~~~~~~~
/usr/include/c++/16.1.1/bits/shared_ptr_atomic.h:225:5: note: declared here
  225 |     atomic_exchange(shared_ptr<_Tp>* __p, shared_ptr<_Tp> __r)
      |     ^~~~~~~~~~~~~~~
[100%] Linking CXX shared library libmlx.so
[100%] Built target mlx
[100%] Building CXX object tools/mlx-omarchy-info/CMakeFiles/mlx-omarchy-info.dir/main.cpp.o
In file included from /home/joshuawarren/src/mlx-omarchy/.work/mlx/mlx/event.h:8,
                 from /home/joshuawarren/src/mlx-omarchy/.work/mlx/mlx/array.h:14,
                 from /home/joshuawarren/src/mlx-omarchy/.work/mlx/mlx/backend/omarchy/encoder.h:17,
                 from /home/joshuawarren/src/mlx-omarchy/.work/mlx/tools/mlx-omarchy-info/main.cpp:36:
/home/joshuawarren/src/mlx-omarchy/.work/mlx/mlx/error.h: In member function 'void mlx::core::Error::set_message(Message)':
/home/joshuawarren/src/mlx-omarchy/.work/mlx/mlx/error.h:17:22: warning: 'void std::atomic_store(shared_ptr<_Tp>*, shared_ptr<_Tp>) [with _Tp = __cxx11::basic_string<char>]' is deprecated: use 'std::atomic<std::shared_ptr<T>>' instead [-Wdeprecated-declarations]
   17 |     std::atomic_store(&message_, std::move(msg));
      |     ~~~~~~~~~~~~~~~~~^~~~~~~~~~~~~~~~~~~~~~~~~~~
In file included from /usr/include/c++/16.1.1/memory:83,
                 from /home/joshuawarren/src/mlx-omarchy/.work/mlx/mlx/backend/omarchy/device.h:14,
                 from /home/joshuawarren/src/mlx-omarchy/.work/mlx/tools/mlx-omarchy-info/main.cpp:35:
/usr/include/c++/16.1.1/bits/shared_ptr_atomic.h:183:5: note: declared here
  183 |     atomic_store(shared_ptr<_Tp>* __p, shared_ptr<_Tp> __r)
      |     ^~~~~~~~~~~~
/home/joshuawarren/src/mlx-omarchy/.work/mlx/mlx/error.h: In member function 'bool mlx::core::Error::valid() const':
/home/joshuawarren/src/mlx-omarchy/.work/mlx/mlx/error.h:21:32: warning: 'std::shared_ptr<_Tp> std::atomic_load(const shared_ptr<_Tp>*) [with _Tp = __cxx11::basic_string<char>]' is deprecated: use 'std::atomic<std::shared_ptr<T>>' instead [-Wdeprecated-declarations]
   21 |     auto msg = std::atomic_load(&message_);
      |                ~~~~~~~~~~~~~~~~^~~~~~~~~~~
/usr/include/c++/16.1.1/bits/shared_ptr_atomic.h:142:5: note: declared here
  142 |     atomic_load(const shared_ptr<_Tp>* __p)
      |     ^~~~~~~~~~~
/home/joshuawarren/src/mlx-omarchy/.work/mlx/mlx/error.h: In member function 'bool mlx::core::Error::store_if_valid(const mlx::core::Error*)':
/home/joshuawarren/src/mlx-omarchy/.work/mlx/mlx/error.h:28:37: warning: 'std::shared_ptr<_Tp> std::atomic_load(const shared_ptr<_Tp>*) [with _Tp = __cxx11::basic_string<char>]' is deprecated: use 'std::atomic<std::shared_ptr<T>>' instead [-Wdeprecated-declarations]
   28 |       Message msg = std::atomic_load(&ptr->message_);
      |                     ~~~~~~~~~~~~~~~~^~~~~~~~~~~~~~~~
/usr/include/c++/16.1.1/bits/shared_ptr_atomic.h:142:5: note: declared here
  142 |     atomic_load(const shared_ptr<_Tp>* __p)
      |     ^~~~~~~~~~~
/home/joshuawarren/src/mlx-omarchy/.work/mlx/mlx/error.h: In member function 'void mlx::core::Error::check()':
/home/joshuawarren/src/mlx-omarchy/.work/mlx/mlx/error.h:39:36: warning: 'std::shared_ptr<_Tp> std::atomic_exchange(shared_ptr<_Tp>*, shared_ptr<_Tp>) [with _Tp = __cxx11::basic_string<char>]' is deprecated: use 'std::atomic<std::shared_ptr<T>>' instead [-Wdeprecated-declarations]
   39 |     auto msg = std::atomic_exchange(&message_, {});
      |                ~~~~~~~~~~~~~~~~~~~~^~~~~~~~~~~~~~~
/usr/include/c++/16.1.1/bits/shared_ptr_atomic.h:225:5: note: declared here
  225 |     atomic_exchange(shared_ptr<_Tp>* __p, shared_ptr<_Tp> __r)
      |     ^~~~~~~~~~~~~~~
[100%] Linking CXX executable mlx-omarchy-info
[100%] Built target mlx-omarchy-info
== patch mlx-c for the fork's gather_qmm signature
== configure mlx-c: /home/joshuawarren/src/mlx-serve-clean/lib/mlxc-src
-- The CXX compiler identification is GNU 16.1.1
-- The C compiler identification is GNU 16.1.1
-- Detecting CXX compiler ABI info
-- Detecting CXX compiler ABI info - done
-- Check for working CXX compiler: /usr/bin/c++ - skipped
-- Detecting CXX compile features
-- Detecting CXX compile features - done
-- Detecting C compiler ABI info
-- Detecting C compiler ABI info - done
-- Check for working C compiler: /usr/bin/cc - skipped
-- Detecting C compile features
-- Detecting C compile features - done
-- Found Vulkan: /usr/lib/libvulkan.so (found version "1.4.357") found components: glslc glslangValidator
-- Found MLX: /home/joshuawarren/src/mlx-serve-clean/.work-mlx-linux/mlx-prefix/lib/libmlx.so
-- Configuring done (0.5s)
-- Generating done (0.0s)
-- Build files have been written to: /home/joshuawarren/src/mlx-serve-clean/.work-mlx-linux/mlxc-build
[  7%] Building CXX object CMakeFiles/mlxc.dir/mlx/c/closure.cpp.o
[  7%] Building CXX object CMakeFiles/mlxc.dir/mlx/c/array.cpp.o
[ 11%] Building CXX object CMakeFiles/mlxc.dir/mlx/c/device.cpp.o
[ 18%] Building CXX object CMakeFiles/mlxc.dir/mlx/c/cuda.cpp.o
[ 18%] Building CXX object CMakeFiles/mlxc.dir/mlx/c/distributed_group.cpp.o
[ 22%] Building CXX object CMakeFiles/mlxc.dir/mlx/c/error.cpp.o
[ 29%] Building CXX object CMakeFiles/mlxc.dir/mlx/c/compile.cpp.o
[ 29%] Building CXX object CMakeFiles/mlxc.dir/mlx/c/distributed.cpp.o
[ 33%] Building CXX object CMakeFiles/mlxc.dir/mlx/c/export.cpp.o
[ 37%] Building CXX object CMakeFiles/mlxc.dir/mlx/c/fast.cpp.o
[ 40%] Building CXX object CMakeFiles/mlxc.dir/mlx/c/fft.cpp.o
[ 44%] Building CXX object CMakeFiles/mlxc.dir/mlx/c/graph_utils.cpp.o
[ 48%] Building CXX object CMakeFiles/mlxc.dir/mlx/c/io.cpp.o
[ 51%] Building CXX object CMakeFiles/mlxc.dir/mlx/c/io_types.cpp.o
[ 55%] Building CXX object CMakeFiles/mlxc.dir/mlx/c/linalg.cpp.o
[ 59%] Building CXX object CMakeFiles/mlxc.dir/mlx/c/map.cpp.o
[ 62%] Building CXX object CMakeFiles/mlxc.dir/mlx/c/memory.cpp.o
[ 66%] Building CXX object CMakeFiles/mlxc.dir/mlx/c/metal.cpp.o
[ 70%] Building CXX object CMakeFiles/mlxc.dir/mlx/c/ops.cpp.o
[ 74%] Building CXX object CMakeFiles/mlxc.dir/mlx/c/random.cpp.o
[ 77%] Building CXX object CMakeFiles/mlxc.dir/mlx/c/stream.cpp.o
[ 81%] Building CXX object CMakeFiles/mlxc.dir/mlx/c/string.cpp.o
[ 85%] Building CXX object CMakeFiles/mlxc.dir/mlx/c/transforms.cpp.o
[ 88%] Building CXX object CMakeFiles/mlxc.dir/mlx/c/transforms_impl.cpp.o
[ 92%] Building CXX object CMakeFiles/mlxc.dir/mlx/c/vector.cpp.o
[ 96%] Building CXX object CMakeFiles/mlxc.dir/mlx/c/version.cpp.o
[100%] Linking CXX shared library libmlxc.so
[100%] Built target mlxc
== stage /home/joshuawarren/src/mlx-serve-clean/lib/mlx
== build lib/jinja_cpp/libjinja-linux.a
== done: /home/joshuawarren/src/mlx-serve-clean/lib/mlx
-rw-r--r-- 1 joshuawarren joshuawarren 106 Sep 19 13:42 /home/joshuawarren/src/mlx-serve-clean/lib/mlx/.version

/home/joshuawarren/src/mlx-serve-clean/lib/mlx/lib:
total 24500
-rwxr-xr-x 1 joshuawarren joshuawarren 24143368 Sep 19 13:42 libmlx.so
-rwxr-xr-x 1 joshuawarren joshuawarren  1004400 Sep 19 13:42 libmlxc.so
+ echo '== zig build =='
== zig build ==
+ zig build --release=fast
+ echo '== version =='
== version ==
+ ./zig-out/bin/mlx-serve --version
mlx-serve 26.9.5-dev
mlx 0.32.3
mlx-c 56b2d39fc831f2c0eb5bb94d82ef7191f7b31fa6
nax off (requires M5-class GPU)
ggml unavailable (no embedded llama.cpp)
llama.cpp unavailable (macOS-only engine)
gguf 3
ds4 unknown
+ echo CLEAN_BUILD_OK
CLEAN_BUILD_OK
