file,case,kind,detail
test_array.py,test_add_numpy,named,Add dtype
test_array.py,test_api,named,Equal dtype
test_array.py,test_array_at,named,Add dtype
test_array.py,test_array_at_complex_add_gpu,named,non-zero scalar fill
test_array.py,test_array_at_slice_update_extensive,named,SliceUpdate reduce
test_array.py,test_array_comparison,named,GreaterEqual dtype
test_array.py,test_array_copy,named,Abs dtype
test_array.py,test_array_from_noncontiguous_np,named,Equal dtype
test_array.py,test_array_np_dtype_conversion,named,dtype converting copy
test_array.py,test_array_pickle,named,Abs dtype
test_array.py,test_buffer_protocol,named,dtype converting copy
test_array.py,test_construction_from_lists,named,Equal dtype
test_array.py,test_construction_from_lists_of_mlx_arrays,named,dtype converting copy
test_array.py,test_construction_from_lists_wide_ints,named,Take dtype
test_array.py,test_dlpack_cpu_dtype_mapping,named,non-zero scalar fill
test_array.py,test_dlpack_cpu_dtype_mapping,named,non-zero scalar fill
test_array.py,test_dlpack_cpu_dtype_mapping,named,non-zero scalar fill
test_array.py,test_dlpack_cpu_dtype_mapping,named,non-zero scalar fill
test_array.py,test_dlpack_cpu_dtype_mapping,named,non-zero scalar fill
test_array.py,test_dlpack_cpu_dtype_mapping,named,non-zero scalar fill
test_array.py,test_dlpack_cpu_dtype_mapping,named,non-zero scalar fill
test_array.py,test_dlpack_cpu_dtype_mapping,named,non-zero scalar fill
test_array.py,test_dlpack_cpu_dtype_mapping,named,non-zero scalar fill
test_array.py,test_dlpack_cpu_dtype_mapping,named,non-zero scalar fill
test_array.py,test_format,named,matrix layout Take
test_array.py,test_getitem_with_list,assert,
test_array.py,test_indexing,named,non-axis-0 Take
test_array.py,test_indexing_grad,named,Scatter Sum dtype
test_array.py,test_init_from_array,named,dtype converting copy
test_array.py,test_inplace,named,Add dtype
test_array.py,test_logical_overloads,named,BitwiseAnd dtype
test_array.py,test_real_imag,named,Imag
test_array.py,test_setitem,named,non-zero scalar fill
test_array.py,test_setitem_with_boolean_mask,named,MaskedScatter mask layout
test_array.py,test_setitem_with_list,assert,
test_array.py,test_slice_negative_step,assert,
test_array.py,test_slice_update_contiguous_2d,named,SliceUpdate reduce
test_autograd.py,test_autograd_types,assert,
test_autograd.py,test_complex_abs_grad,named,Abs dtype
test_autograd.py,test_complex_exp_vjp,named,Exp dtype
test_autograd.py,test_complex_log_vjp,named,Abs dtype
test_autograd.py,test_complex_prod_vjp,named,Take dtype
test_autograd.py,test_complex_unary_vjps,named,Abs dtype
test_autograd.py,test_complex_vjps,named,non-zero scalar fill
test_autograd.py,test_cummax_grad,named,Select dtype
test_autograd.py,test_cummin_grad,named,Select dtype
test_autograd.py,test_cumprod_grad,named,Select layout
test_autograd.py,test_eval_in_grad,assert,
test_autograd.py,test_jvp_through_bitwise_ops,named,BitwiseOr dtype
test_autograd.py,test_jvp_with_partly_traced_inputs,named,dtype converting copy
test_autograd.py,test_power_grad,named,dtype converting copy
test_autograd.py,test_reduce_jvp,named,Multiply dtype
test_autograd.py,test_scatter_add_vjp,named,matrix layout Take
test_autograd.py,test_scatter_max_vjp,named,matrix layout Take
test_autograd.py,test_scatter_min_vjp,named,matrix layout Take
test_autograd.py,test_scatter_vjp,named,matrix layout Take
test_autograd.py,test_second_order_permutation_ops,named,Select dtype
test_autograd.py,test_slice_grads,named,negative stride copy
test_autograd.py,test_slice_update_max_vjp,named,SliceUpdate reduce
test_autograd.py,test_slice_update_min_vjp,named,SliceUpdate reduce
test_autograd.py,test_slice_update_multiply_vjp,named,SliceUpdate reduce
test_autograd.py,test_sort_grad,named,non-suffix ArgSort
test_autograd.py,test_split_against_slice,named,non-contiguous Multiply
test_autograd.py,test_stop_gradient_computed_indices,named,Scatter Sum dtype
test_autograd.py,test_take_along_axis_complex_vjp,named,ScatterAxis dtype
test_bf16.py,test_arg_reduction_ops,named,non-suffix ArgMin
test_blas.py,test_addmm,named,broadcast AddMM
test_blas.py,test_block_masked_matmul,named,strided copy
test_blas.py,test_block_masked_matmul,named,strided reshape
test_blas.py,test_block_masked_matmul,named,strided reshape
test_blas.py,test_block_masked_matmul,named,strided reshape
test_blas.py,test_block_masked_matmul,named,strided reshape
test_blas.py,test_block_masked_matmul,named,strided reshape
test_blas.py,test_block_masked_matmul,named,strided reshape
test_blas.py,test_block_masked_matmul,named,strided reshape
test_blas.py,test_block_masked_matmul,named,strided reshape
test_blas.py,test_complex_gemm,named,dtype converting copy
test_blas.py,test_complex_gemv,named,dtype converting copy
test_blas.py,test_gather_matmul,named,dtype converting copy
test_blas.py,test_gather_matmul,named,dtype converting copy
test_blas.py,test_gather_matmul,named,Arange dtype
test_blas.py,test_gather_matmul,named,Arange dtype
test_blas.py,test_gather_matmul,named,dtype converting copy
test_blas.py,test_gather_matmul,named,dtype converting copy
test_blas.py,test_gather_matmul,named,dtype converting copy
test_blas.py,test_gather_matmul,named,dtype converting copy
test_blas.py,test_gather_matmul,named,dtype converting copy
test_blas.py,test_gather_matmul,named,dtype converting copy
test_blas.py,test_gather_matmul,named,dtype converting copy
test_blas.py,test_gather_matmul,named,dtype converting copy
test_blas.py,test_gather_matmul,named,dtype converting copy
test_blas.py,test_gather_matmul_grad,named,matrix layout Take
test_blas.py,test_gather_mm_blocks,named,Arange dtype
test_blas.py,test_gather_mm_blocks,named,Arange dtype
test_blas.py,test_gather_mm_blocks,named,Arange dtype
test_blas.py,test_gather_mm_blocks,named,Arange dtype
test_blas.py,test_gather_mm_blocks,named,Arange dtype
test_blas.py,test_gather_mm_blocks,named,matrix layout Take
test_blas.py,test_gather_mm_blocks,named,Arange dtype
test_blas.py,test_gather_mm_blocks,named,Arange dtype
test_blas.py,test_gather_mm_blocks,named,Arange dtype
test_blas.py,test_gather_mm_blocks,named,Arange dtype
test_blas.py,test_gather_mm_blocks,named,Arange dtype
test_blas.py,test_gather_mm_blocks,named,matrix layout Take
test_blas.py,test_gather_mm_blocks,named,Arange dtype
test_blas.py,test_gather_mm_blocks,named,Arange dtype
test_blas.py,test_gather_mm_blocks,named,Arange dtype
test_blas.py,test_gather_mm_blocks,named,Arange dtype
test_blas.py,test_gather_mm_blocks,named,Arange dtype
test_blas.py,test_gather_mm_blocks,named,matrix layout Take
test_blas.py,test_gather_mm_sorted,named,Minimum dtype
test_blas.py,test_gather_mm_sorted,named,Minimum dtype
test_blas.py,test_gather_mm_sorted_vjp,named,Minimum dtype
test_blas.py,test_matrix_vector_attn,named,rank>4 strided copy
test_blas.py,test_matrix_vector_attn,named,rank>4 strided copy
test_blas.py,test_matrix_vector_batched,named,matrix rank Matmul
test_blas.py,test_matrix_vector_batched,named,matrix rank Matmul
test_blas.py,test_segmented_mm,named,dtype converting copy
test_compile.py,test_compile_abs_unsigned,named,Abs dtype
test_compile.py,test_compile_capture,named,Add dtype
test_compile.py,test_compile_donates_input_buffer,cpucpu,IndexError cpu stream table
test_compile.py,test_compile_dynamic_dims,named,broadcast rank Add
test_compile.py,test_compile_equal_nan,named,Equal dtype
test_compile.py,test_compile_inputs_with_primitives,named,Add dtype
test_compile.py,test_compile_kwargs,named,Add dtype
test_compile.py,test_compile_many_inputs,named,non-zero scalar fill
test_compile.py,test_compile_multi_output,named,non-zero scalar fill
test_compile.py,test_compile_negative_strides,named,negative stride copy
test_compile.py,test_compile_nonfinite_constants,named,matrix layout Take
test_compile.py,test_compile_output_with_siblings,named,non-contiguous LayerNormVJP
test_compile.py,test_compile_rng_across_threads,other,KeyError: 'advances'
test_compile.py,test_compile_types,named,Add dtype
test_compile.py,test_compile_with_closure,named,Add dtype
test_compile.py,test_compile_with_constant,named,Add dtype
test_compile.py,test_compiled_subnormal_bool_cast,named,dtype converting copy
test_compile.py,test_double_constant,cpucpu,IndexError cpu stream table
test_compile.py,test_dtypes,named,dtype converting copy
test_compile.py,test_function_creates_array,named,Add dtype
test_compile.py,test_inf_constant,named,Select dtype
test_compile.py,test_max_into_equal,named,Equal dtype
test_compile.py,test_shapeless_compile,named,Add dtype
test_compile.py,test_shapeless_compile_gather_qmm,named,Quantize direction
test_compile.py,test_shapeless_compile_reduce_after_gather,named,matrix layout Take
test_compile.py,test_shapeless_compile_with_reduction,named,non-zero scalar fill
test_compile.py,test_simple_compile,named,Add dtype
test_conv.py,test_conv2d_large_filter_small_channels,cpucpu,IndexError cpu stream table
test_conv.py,test_conv2d_unaligned_channels,cpucpu,IndexError cpu stream table
test_conv.py,test_conv_1d_groups_flipped,named,non-2D Convolution
test_conv.py,test_conv_1d_with_2d,named,non-2D Convolution
test_conv.py,test_conv_3D_small_kd_decomposition,cpucpu,IndexError cpu stream table
test_conv.py,test_conv_general_flip_grad,named,negative stride copy
test_conv.py,test_conv_groups_grad,named,non-2D Convolution
test_conv.py,test_numpy_conv,named,non-2D Convolution
test_conv.py,test_numpy_conv,named,negative stride copy
test_conv.py,test_numpy_conv,named,negative stride copy
test_conv.py,test_numpy_conv,named,negative stride copy
test_conv.py,test_numpy_conv,named,negative stride copy
test_conv.py,test_numpy_conv,named,negative stride copy
test_conv.py,test_numpy_conv,named,negative stride copy
test_conv.py,test_numpy_conv,named,negative stride copy
test_conv.py,test_numpy_conv,named,non-2D Convolution
test_conv.py,test_numpy_conv,named,negative stride copy
test_conv.py,test_numpy_conv,named,negative stride copy
test_conv.py,test_numpy_conv,named,negative stride copy
test_conv.py,test_numpy_conv,named,negative stride copy
test_conv.py,test_numpy_conv,named,negative stride copy
test_conv.py,test_numpy_conv,named,negative stride copy
test_conv.py,test_numpy_conv,named,negative stride copy
test_device.py,test_device_context,cpucpu,IndexError cpu stream table
test_device.py,test_op_on_device,cpucpu,IndexError cpu stream table
test_device.py,test_op_on_stream,cpucpu,IndexError cpu stream table
test_device.py,test_stream,cpucpu,IndexError cpu stream table
test_device.py,test_device_count,assert,
test_device.py,test_device_info_cpu,assert,
test_double.py,test_binary_ops,cpucpu,IndexError cpu stream table
test_double.py,test_gemm,cpucpu,IndexError cpu stream table
test_double.py,test_get_and_set_item,cpucpu,IndexError cpu stream table
test_double.py,test_lapack,cpucpu,IndexError cpu stream table
test_double.py,test_linspace,cpucpu,IndexError cpu stream table
test_double.py,test_python_float_keeps_double_precision,cpucpu,IndexError cpu stream table
test_double.py,test_reductions,cpucpu,IndexError cpu stream table
test_double.py,test_type_promotion,cpucpu,IndexError cpu stream table
test_double.py,test_unary_ops,cpucpu,IndexError cpu stream table
test_double.py,test_where,cpucpu,IndexError cpu stream table
test_einsum.py,test_ellipses,named,non-axis-0 Take
test_einsum.py,test_opt_einsum_test_cases,named,broadcast rank Multiply
test_einsum.py,test_simple_einsum,assert,
test_eval.py,test_async_eval,named,Add dtype
test_eval.py,test_async_eval_error_in_synchronize,cpucpu,IndexError cpu stream table
test_eval.py,test_async_eval_into_eval,named,Add dtype
test_eval.py,test_async_eval_into_eval_diff_stream,ncpuimpl,Abs has no CPU implementation.
test_eval.py,test_async_eval_twice,named,Add dtype
test_eval.py,test_donation_for_noops,assert,
test_eval.py,test_eval_mixed,named,Add dtype
test_eval.py,test_eval_slow_fast_multi_stream,cpucpu,IndexError cpu stream table
test_export_import.py,test_basic_export_import,cpucpu,IndexError cpu stream table
test_export_import.py,test_export_control_flow,cpucpu,IndexError cpu stream table
test_export_import.py,test_export_control_flow,cpucpu,IndexError cpu stream table
test_export_import.py,test_export_control_flow,named,Add dtype
test_export_import.py,test_export_control_flow,named,Add dtype
test_export_import.py,test_export_conv,cpucpu,IndexError cpu stream table
test_export_import.py,test_export_conv_shapeless,cpucpu,IndexError cpu stream table
test_export_import.py,test_export_import_custom_kernel,other,UnboundLocalError custom_kernel (upstream harness artifact)
test_export_import.py,test_export_import_multi_with_constants,cpucpu,IndexError cpu stream table
test_export_import.py,test_export_import_shapeless,cpucpu,IndexError cpu stream table
test_export_import.py,test_export_matmul_shapeless_batch_and_mid_dim,cpucpu,IndexError cpu stream table
test_export_import.py,test_export_matmul_shapeless_mid_dim,cpucpu,IndexError cpu stream table
test_export_import.py,test_export_quantized_model,named,Quantize direction
test_export_import.py,test_export_quantized_model,named,Quantize direction
test_export_import.py,test_export_random_sample,cpucpu,IndexError cpu stream table
test_export_import.py,test_export_searchsorted,named,Equal dtype
test_export_import.py,test_export_variable_inputs,named,Add dtype
test_export_import.py,test_export_with_kwargs,named,Add dtype
test_fast.py,test_cross_entropy,named,Minimum dtype
test_fast.py,test_cross_entropy_grad,named,Minimum dtype
test_fast.py,test_custom_kernel_args,other,UnboundLocalError custom_kernel (upstream harness artifact)
test_fast.py,test_custom_kernel_attributes,other,UnboundLocalError custom_kernel (upstream harness artifact)
test_fast.py,test_custom_kernel_basic,other,UnboundLocalError custom_kernel (upstream harness artifact)
test_fast.py,test_custom_kernel_helper,other,UnboundLocalError custom_kernel (upstream harness artifact)
test_fast.py,test_custom_kernel_strides,other,UnboundLocalError custom_kernel (upstream harness artifact)
test_fast.py,test_layer_norm_grad,assert,
test_fast.py,test_layer_norm_grad_no_params,named,non-contiguous LayerNormVJP
test_fast.py,test_layer_norm_grad_params,named,non-contiguous LayerNormVJP
test_fast.py,test_rms_norm,assert,
test_fast.py,test_rms_norm_grad,assert,
test_fast_sdpa.py,test_sdpa,named,Add dtype
test_fast_sdpa.py,test_sdpa,named,Add dtype
test_fast_sdpa.py,test_sdpa,named,Add dtype
test_fast_sdpa.py,test_sdpa,named,Add dtype
test_fast_sdpa.py,test_sdpa,named,Add dtype
test_fast_sdpa.py,test_sdpa,named,Add dtype
test_fast_sdpa.py,test_sdpa,named,Add dtype
test_fast_sdpa.py,test_sdpa,named,Add dtype
test_fast_sdpa.py,test_sdpa,named,Add dtype
test_fast_sdpa.py,test_sdpa,named,Add dtype
test_fast_sdpa.py,test_sdpa,named,Add dtype
test_fast_sdpa.py,test_sdpa,named,Add dtype
test_fast_sdpa.py,test_sdpa,named,Add dtype
test_fast_sdpa.py,test_sdpa,named,Add dtype
test_fast_sdpa.py,test_sdpa,named,Add dtype
test_fast_sdpa.py,test_sdpa,named,Add dtype
test_fast_sdpa.py,test_sdpa,named,Add dtype
test_fast_sdpa.py,test_sdpa,named,Add dtype
test_fast_sdpa.py,test_sdpa,named,Add dtype
test_fast_sdpa.py,test_sdpa,named,Add dtype
test_fast_sdpa.py,test_sdpa,named,Add dtype
test_fast_sdpa.py,test_sdpa,named,Add dtype
test_fast_sdpa.py,test_sdpa,named,Add dtype
test_fast_sdpa.py,test_sdpa,named,Add dtype
test_fast_sdpa.py,test_sdpa,named,Add dtype
test_fast_sdpa.py,test_sdpa,named,Add dtype
test_fast_sdpa.py,test_sdpa,named,Add dtype
test_fast_sdpa.py,test_sdpa,named,Add dtype
test_fast_sdpa.py,test_sdpa,named,Add dtype
test_fast_sdpa.py,test_sdpa,named,Add dtype
test_fast_sdpa.py,test_sdpa,named,Add dtype
test_fast_sdpa.py,test_sdpa,named,Add dtype
test_fast_sdpa.py,test_sdpa,named,Add dtype
test_fast_sdpa.py,test_sdpa,named,Add dtype
test_fast_sdpa.py,test_sdpa,named,Add dtype
test_fast_sdpa.py,test_sdpa,named,Add dtype
test_fast_sdpa.py,test_sdpa,named,Add dtype
test_fast_sdpa.py,test_sdpa,named,Add dtype
test_fast_sdpa.py,test_sdpa,named,Add dtype
test_fast_sdpa.py,test_sdpa,named,Add dtype
test_fast_sdpa.py,test_sdpa,named,Add dtype
test_fast_sdpa.py,test_sdpa,named,Add dtype
test_fast_sdpa.py,test_sdpa,named,Add dtype
test_fast_sdpa.py,test_sdpa,named,Add dtype
test_fast_sdpa.py,test_sdpa,named,Add dtype
test_fast_sdpa.py,test_sdpa,named,Add dtype
test_fast_sdpa.py,test_sdpa,named,Add dtype
test_fast_sdpa.py,test_sdpa,named,Add dtype
test_fast_sdpa.py,test_sdpa,named,Add dtype
test_fast_sdpa.py,test_sdpa,named,Add dtype
test_fast_sdpa.py,test_sdpa,named,Add dtype
test_fast_sdpa.py,test_sdpa,named,Add dtype
test_fast_sdpa.py,test_sdpa,named,Add dtype
test_fast_sdpa.py,test_sdpa,named,Add dtype
test_fast_sdpa.py,test_sdpa,named,Add dtype
test_fast_sdpa.py,test_sdpa,named,Add dtype
test_fast_sdpa.py,test_sdpa,named,Add dtype
test_fast_sdpa.py,test_sdpa,named,Add dtype
test_fast_sdpa.py,test_sdpa,named,Add dtype
test_fast_sdpa.py,test_sdpa,named,Add dtype
test_fast_sdpa.py,test_sdpa_attention_sinks,named,ScaledDotProductAttention sinks
test_fast_sdpa.py,test_sdpa_attention_sinks,named,ScaledDotProductAttention sinks
test_fast_sdpa.py,test_sdpa_attention_sinks,named,ScaledDotProductAttention sinks
test_fast_sdpa.py,test_sdpa_attention_sinks,named,ScaledDotProductAttention sinks
test_fast_sdpa.py,test_sdpa_attention_sinks,named,ScaledDotProductAttention sinks
test_fast_sdpa.py,test_sdpa_attention_sinks,named,ScaledDotProductAttention sinks
test_fast_sdpa.py,test_sdpa_attention_sinks,named,ScaledDotProductAttention sinks
test_fast_sdpa.py,test_sdpa_attention_sinks,named,ScaledDotProductAttention sinks
test_fast_sdpa.py,test_sdpa_attention_sinks,named,ScaledDotProductAttention sinks
test_fast_sdpa.py,test_sdpa_attention_sinks,named,ScaledDotProductAttention sinks
test_fast_sdpa.py,test_sdpa_attention_sinks,named,ScaledDotProductAttention sinks
test_fast_sdpa.py,test_sdpa_attention_sinks,named,ScaledDotProductAttention sinks
test_fast_sdpa.py,test_sdpa_attention_sinks,named,ScaledDotProductAttention sinks
test_fast_sdpa.py,test_sdpa_attention_sinks,named,ScaledDotProductAttention sinks
test_fast_sdpa.py,test_sdpa_attention_sinks,named,ScaledDotProductAttention sinks
test_fast_sdpa.py,test_sdpa_attention_sinks,named,ScaledDotProductAttention sinks
test_fast_sdpa.py,test_sdpa_broadcast_mask,assert,
test_fast_sdpa.py,test_sdpa_few_query,assert,
test_fast_sdpa.py,test_sdpa_full_head_dim_256,named,Add dtype
test_fast_sdpa.py,test_sdpa_full_head_dim_256,named,Add dtype
test_fast_sdpa.py,test_sdpa_full_head_dim_256,named,Add dtype
test_fast_sdpa.py,test_sdpa_full_head_dim_256,named,Add dtype
test_fast_sdpa.py,test_sdpa_full_head_dim_256,named,Add dtype
test_fast_sdpa.py,test_sdpa_full_head_dim_256,named,Add dtype
test_fast_sdpa.py,test_sdpa_full_head_dim_256,named,Add dtype
test_fast_sdpa.py,test_sdpa_full_head_dim_256,named,Add dtype
test_fast_sdpa.py,test_sdpa_full_head_dim_256,named,Add dtype
test_fast_sdpa.py,test_sdpa_full_head_dim_256,named,Add dtype
test_fast_sdpa.py,test_sdpa_full_head_dim_256,named,Add dtype
test_fast_sdpa.py,test_sdpa_full_head_dim_256,named,Add dtype
test_fast_sdpa.py,test_sdpa_full_head_dim_256,named,Add dtype
test_fast_sdpa.py,test_sdpa_full_head_dim_256,named,Add dtype
test_fast_sdpa.py,test_sdpa_fully_masked,assert,
test_fast_sdpa.py,test_sdpa_grad,named,Add dtype
test_fast_sdpa.py,test_sdpa_head_dim_72,named,Add dtype
test_fast_sdpa.py,test_sdpa_head_dim_72,named,Add dtype
test_fast_sdpa.py,test_sdpa_head_dim_72,assert,
test_fast_sdpa.py,test_sdpa_head_dim_72,assert,
test_fast_sdpa.py,test_sdpa_head_dim_72,assert,
test_fast_sdpa.py,test_sdpa_head_dim_72,named,Add dtype
test_fast_sdpa.py,test_sdpa_head_dim_72,named,Add dtype
test_fast_sdpa.py,test_sdpa_head_dim_72,named,Add dtype
test_fast_sdpa.py,test_sdpa_head_dim_72,assert,
test_fast_sdpa.py,test_sdpa_head_dim_72,assert,
test_fast_sdpa.py,test_sdpa_head_dim_72,assert,
test_fast_sdpa.py,test_sdpa_head_dim_72,named,Add dtype
test_fast_sdpa.py,test_sdpa_head_dim_72,named,Add dtype
test_fast_sdpa.py,test_sdpa_head_dim_72,named,Add dtype
test_fast_sdpa.py,test_sdpa_head_dim_72,assert,
test_fast_sdpa.py,test_sdpa_head_dim_72,assert,
test_fast_sdpa.py,test_sdpa_head_dim_72,assert,
test_fast_sdpa.py,test_sdpa_head_dim_72,named,Add dtype
test_fast_sdpa.py,test_sdpa_head_dim_72,named,Add dtype
test_fast_sdpa.py,test_sdpa_head_dim_72,named,Add dtype
test_fast_sdpa.py,test_sdpa_head_dim_72,assert,
test_fast_sdpa.py,test_sdpa_head_dim_72,assert,
test_fast_sdpa.py,test_sdpa_head_dim_72,assert,
test_fast_sdpa.py,test_sdpa_head_dim_72,named,Add dtype
test_fast_sdpa.py,test_sdpa_head_dim_96,named,Add dtype
test_fast_sdpa.py,test_sdpa_head_dim_96,named,Add dtype
test_fast_sdpa.py,test_sdpa_head_dim_96,assert,
test_fast_sdpa.py,test_sdpa_head_dim_96,assert,
test_fast_sdpa.py,test_sdpa_head_dim_96,assert,
test_fast_sdpa.py,test_sdpa_head_dim_96,named,Add dtype
test_fast_sdpa.py,test_sdpa_head_dim_96,named,Add dtype
test_fast_sdpa.py,test_sdpa_head_dim_96,named,Add dtype
test_fast_sdpa.py,test_sdpa_head_dim_96,assert,
test_fast_sdpa.py,test_sdpa_head_dim_96,assert,
test_fast_sdpa.py,test_sdpa_head_dim_96,assert,
test_fast_sdpa.py,test_sdpa_head_dim_96,named,Add dtype
test_fast_sdpa.py,test_sdpa_head_dim_96,named,Add dtype
test_fast_sdpa.py,test_sdpa_head_dim_96,named,Add dtype
test_fast_sdpa.py,test_sdpa_head_dim_96,assert,
test_fast_sdpa.py,test_sdpa_head_dim_96,assert,
test_fast_sdpa.py,test_sdpa_head_dim_96,assert,
test_fast_sdpa.py,test_sdpa_head_dim_96,named,Add dtype
test_fast_sdpa.py,test_sdpa_head_dim_96,named,Add dtype
test_fast_sdpa.py,test_sdpa_head_dim_96,named,Add dtype
test_fast_sdpa.py,test_sdpa_head_dim_96,assert,
test_fast_sdpa.py,test_sdpa_head_dim_96,assert,
test_fast_sdpa.py,test_sdpa_head_dim_96,assert,
test_fast_sdpa.py,test_sdpa_head_dim_96,named,Add dtype
test_fast_sdpa.py,test_sdpa_nan_bug,named,Add dtype
test_fast_sdpa.py,test_sdpa_noncontiguous_inputs,named,non-zero scalar fill
test_fast_sdpa.py,test_sdpa_promote_mask,assert,
test_fast_sdpa.py,test_sdpa_sliced,named,Add dtype
test_fast_sdpa.py,test_sdpa_sliced,named,Add dtype
test_fast_sdpa.py,test_sdpa_sliced,named,Add dtype
test_fast_sdpa.py,test_sdpa_sliced,named,Add dtype
test_fast_sdpa.py,test_sdpa_sliced,named,Add dtype
test_fast_sdpa.py,test_sdpa_sliced,named,Add dtype
test_fast_sdpa.py,test_sdpa_sliced,named,Add dtype
test_fast_sdpa.py,test_sdpa_sliced,named,Add dtype
test_fast_sdpa.py,test_sdpa_sliced,named,Add dtype
test_fast_sdpa.py,test_sdpa_sliced,named,Add dtype
test_fast_sdpa.py,test_sdpa_sliced,named,Add dtype
test_fast_sdpa.py,test_sdpa_sliced,named,Add dtype
test_fast_sdpa.py,test_sdpa_sliced,named,Add dtype
test_fast_sdpa.py,test_sdpa_sliced,named,Add dtype
test_fast_sdpa.py,test_sdpa_sliced,named,Add dtype
test_fast_sdpa.py,test_sdpa_sliced,named,Add dtype
test_fast_sdpa.py,test_sdpa_sliced,named,Add dtype
test_fast_sdpa.py,test_sdpa_sliced,named,Add dtype
test_fast_sdpa.py,test_sdpa_sliced,named,Add dtype
test_fast_sdpa.py,test_sdpa_sliced,named,Add dtype
test_fast_sdpa.py,test_sdpa_sliced,named,Add dtype
test_fast_sdpa.py,test_sdpa_sliced,named,Add dtype
test_fast_sdpa.py,test_sdpa_sliced,named,Add dtype
test_fast_sdpa.py,test_sdpa_sliced,named,Add dtype
test_fast_sdpa.py,test_sdpa_sliced,named,Add dtype
test_fast_sdpa.py,test_sdpa_sliced,named,Add dtype
test_fast_sdpa.py,test_sdpa_sliced,named,Add dtype
test_fast_sdpa.py,test_sdpa_sliced,named,Add dtype
test_fast_sdpa.py,test_sdpa_sliced,named,Add dtype
test_fast_sdpa.py,test_sdpa_sliced,named,Add dtype
test_fast_sdpa.py,test_sdpa_sliced,named,Add dtype
test_fast_sdpa.py,test_sdpa_sliced,named,Add dtype
test_fast_sdpa.py,test_sdpa_sliced,named,Add dtype
test_fast_sdpa.py,test_sdpa_sliced,named,Add dtype
test_fast_sdpa.py,test_sdpa_sliced,named,Add dtype
test_fast_sdpa.py,test_sdpa_sliced,named,Add dtype
test_fast_sdpa.py,test_sdpa_sliced,named,Add dtype
test_fast_sdpa.py,test_sdpa_sliced,named,Add dtype
test_fast_sdpa.py,test_sdpa_sliced,named,Add dtype
test_fast_sdpa.py,test_sdpa_sliced,named,Add dtype
test_fast_sdpa.py,test_sdpa_sliced,named,Add dtype
test_fast_sdpa.py,test_sdpa_sliced,named,Add dtype
test_fast_sdpa.py,test_sdpa_sliced,named,Add dtype
test_fast_sdpa.py,test_sdpa_sliced,named,Add dtype
test_fast_sdpa.py,test_sdpa_sliced,named,Add dtype
test_fast_sdpa.py,test_sdpa_sliced,named,Add dtype
test_fast_sdpa.py,test_sdpa_sliced,named,Add dtype
test_fast_sdpa.py,test_sdpa_sliced,named,Add dtype
test_fast_sdpa.py,test_sdpa_vector,assert,
test_fast_sdpa.py,test_sdpa_vector_batched,assert,
test_fast_sdpa.py,test_sdpa_vector_gqa_long,assert,
test_fast_sdpa.py,test_sdpa_vector_kv_transposed_head_seq,assert,
test_fft.py,test_fft,named,FFT transform length 100 (power-of-two lengths 2 to 2048 are implemented; other lengths need Bluestein or mixed-radix stages; which are not landed)
test_fft.py,test_fft_big_powers_of_two,named,FFT transform length 4096 (power-of-two lengths 2 to 2048 are implemented; other lengths need Bluestein or mixed-radix stages; which are not landed)
test_fft.py,test_fft_contiguity,named,strided copy
test_fft.py,test_fft_into_ifft,named,dtype converting copy
test_fft.py,test_fft_jvp,named,FFT transform length 10 (power-of-two lengths 2 to 2048 are implemented; other lengths need Bluestein or mixed-radix stages; which are not landed)
test_fft.py,test_fft_large_numbers,named,FFT transform length 1037 (power-of-two lengths 2 to 2048 are implemented; other lengths need Bluestein or mixed-radix stages; which are not landed)
test_fft.py,test_fft_norm,named,FFT transform length 6 (power-of-two lengths 2 to 2048 are implemented; other lengths need Bluestein or mixed-radix stages; which are not landed)
test_fft.py,test_fft_shared_mem,named,FFT transform length 3 (power-of-two lengths 2 to 2048 are implemented; other lengths need Bluestein or mixed-radix stages; which are not landed)
test_fft.py,test_fft_vmap,named,FFT transform length 10 (power-of-two lengths 2 to 2048 are implemented; other lengths need Bluestein or mixed-radix stages; which are not landed)
test_fft.py,test_fftn,named,strided copy
test_fft.py,test_fftshift,named,strided copy
test_fft.py,test_ifftshift,named,strided copy
test_init.py,test_identity,named,multi-index Scatter
test_init.py,test_orthogonal,cpucpu,IndexError cpu stream table
test_init.py,test_sparse,named,dtype converting copy
test_init.py,test_sparse,named,dtype converting copy
test_init.py,test_sparse,named,dtype converting copy
test_init.py,test_sparse,named,dtype converting copy
test_init.py,test_sparse,named,dtype converting copy
test_init.py,test_sparse,named,dtype converting copy
test_init.py,test_sparse_zeros_per_row,named,dtype converting copy
test_init.py,test_sparse_zeros_per_row,named,dtype converting copy
test_init.py,test_sparse_zeros_per_row,named,dtype converting copy
test_init.py,test_uniform,named,GreaterEqual dtype
test_init.py,test_uniform,named,GreaterEqual dtype
test_init.py,test_uniform,named,GreaterEqual dtype
test_init.py,test_uniform,named,GreaterEqual dtype
test_init.py,test_uniform,named,GreaterEqual dtype
test_init.py,test_uniform,named,GreaterEqual dtype
test_linalg.py,test_cholesky,cpucpu,IndexError cpu stream table
test_linalg.py,test_cholesky_inv,cpucpu,IndexError cpu stream table
test_linalg.py,test_complex_norm,named,Abs dtype
test_linalg.py,test_complex_norm,named,Abs dtype
test_linalg.py,test_complex_norm,named,Abs dtype
test_linalg.py,test_complex_norm,named,Abs dtype
test_linalg.py,test_complex_norm,named,Abs dtype
test_linalg.py,test_complex_norm,named,Abs dtype
test_linalg.py,test_complex_norm,named,Abs dtype
test_linalg.py,test_complex_norm,named,Abs dtype
test_linalg.py,test_complex_norm,named,Abs dtype
test_linalg.py,test_complex_norm,named,Abs dtype
test_linalg.py,test_complex_norm,named,Abs dtype
test_linalg.py,test_complex_norm,named,Abs dtype
test_linalg.py,test_cross_product,named,Multiply dtype
test_linalg.py,test_det,cpucpu,IndexError cpu stream table
test_linalg.py,test_eig,cpucpu,IndexError cpu stream table
test_linalg.py,test_eigh,cpucpu,IndexError cpu stream table
test_linalg.py,test_inverse,cpucpu,IndexError cpu stream table
test_linalg.py,test_lu,cpucpu,IndexError cpu stream table
test_linalg.py,test_lu_factor,cpucpu,IndexError cpu stream table
test_linalg.py,test_norm,named,Sum dtype
test_linalg.py,test_norm,cpucpu,IndexError cpu stream table
test_linalg.py,test_pseudo_inverse,cpucpu,IndexError cpu stream table
test_linalg.py,test_qr_factorization,cpucpu,IndexError cpu stream table
test_linalg.py,test_slogdet,cpucpu,IndexError cpu stream table
test_linalg.py,test_solve,cpucpu,IndexError cpu stream table
test_linalg.py,test_solve_triangular,cpucpu,IndexError cpu stream table
test_linalg.py,test_svd_decomposition,cpucpu,IndexError cpu stream table
test_linalg.py,test_tri_inverse,cpucpu,IndexError cpu stream table
test_load.py,test_load_donation,assert,
test_load.py,test_load_npy_dtype,cpucpu,IndexError cpu stream table
test_load.py,test_load_npy_read_error,cpucpu,IndexError cpu stream table
test_load.py,test_save_and_load,named,Equal dtype
test_load.py,test_save_and_load,named,Equal dtype
test_load.py,test_save_and_load,named,Equal dtype
test_load.py,test_save_and_load,named,Equal dtype
test_load.py,test_save_and_load,named,Equal dtype
test_load.py,test_save_and_load,named,Equal dtype
test_load.py,test_save_and_load,named,Equal dtype
test_load.py,test_save_and_load,named,Equal dtype
test_load.py,test_save_and_load,named,Equal dtype
test_load.py,test_save_and_load,named,Equal dtype
test_load.py,test_save_and_load,named,Equal dtype
test_load.py,test_save_and_load,named,Equal dtype
test_load.py,test_save_and_load,named,Equal dtype
test_load.py,test_save_and_load,named,Equal dtype
test_load.py,test_save_and_load,named,Equal dtype
test_load.py,test_save_and_load,named,Equal dtype
test_load.py,test_save_and_load,named,Equal dtype
test_load.py,test_save_and_load,named,Equal dtype
test_load.py,test_save_and_load,named,Equal dtype
test_load.py,test_save_and_load,named,Equal dtype
test_load.py,test_save_and_load,named,Equal dtype
test_load.py,test_save_and_load,named,Equal dtype
test_load.py,test_save_and_load,named,Equal dtype
test_load.py,test_save_and_load,named,Equal dtype
test_load.py,test_save_and_load,named,And rank above 4
test_load.py,test_save_and_load,named,Equal dtype
test_load.py,test_save_and_load,named,Equal dtype
test_load.py,test_save_and_load,named,Equal dtype
test_load.py,test_save_and_load,named,Equal dtype
test_load.py,test_save_and_load,named,And rank above 4
test_load.py,test_save_and_load,named,And rank above 4
test_load.py,test_save_and_load,named,Equal dtype
test_load.py,test_save_and_load,named,Equal dtype
test_load.py,test_save_and_load,named,Equal dtype
test_load.py,test_save_and_load,named,Equal dtype
test_load.py,test_save_and_load_fs,named,Equal dtype
test_load.py,test_save_and_load_fs,named,Equal dtype
test_load.py,test_save_and_load_fs,named,Equal dtype
test_load.py,test_save_and_load_fs,named,Equal dtype
test_load.py,test_save_and_load_fs,named,Equal dtype
test_load.py,test_save_and_load_fs,named,Equal dtype
test_load.py,test_save_and_load_fs,named,Equal dtype
test_load.py,test_save_and_load_fs,named,Equal dtype
test_load.py,test_save_and_load_fs,named,Equal dtype
test_load.py,test_save_and_load_fs,named,Equal dtype
test_load.py,test_save_and_load_fs,named,Equal dtype
test_load.py,test_save_and_load_fs,named,Equal dtype
test_load.py,test_save_and_load_fs,named,Equal dtype
test_load.py,test_save_and_load_fs,named,Equal dtype
test_load.py,test_save_and_load_fs,named,Equal dtype
test_load.py,test_save_and_load_fs,named,Equal dtype
test_load.py,test_save_and_load_fs,named,Equal dtype
test_load.py,test_save_and_load_fs,named,Equal dtype
test_load.py,test_save_and_load_fs,named,Equal dtype
test_load.py,test_save_and_load_fs,named,Equal dtype
test_load.py,test_save_and_load_fs,named,Equal dtype
test_load.py,test_save_and_load_fs,named,Equal dtype
test_load.py,test_save_and_load_fs,named,Equal dtype
test_load.py,test_save_and_load_fs,named,Equal dtype
test_load.py,test_save_and_load_fs,named,And rank above 4
test_load.py,test_save_and_load_fs,named,Equal dtype
test_load.py,test_save_and_load_fs,named,Equal dtype
test_load.py,test_save_and_load_fs,named,Equal dtype
test_load.py,test_save_and_load_fs,named,Equal dtype
test_load.py,test_save_and_load_fs,named,And rank above 4
test_load.py,test_save_and_load_fs,named,And rank above 4
test_load.py,test_save_and_load_fs,named,Equal dtype
test_load.py,test_save_and_load_fs,named,Equal dtype
test_load.py,test_save_and_load_fs,named,Equal dtype
test_load.py,test_save_and_load_fs,named,Equal dtype
test_load.py,test_save_and_load_gguf,named,And rank above 4
test_load.py,test_save_and_load_gguf,named,And rank above 4
test_load.py,test_save_and_load_gguf,named,non-zero scalar fill
test_load.py,test_save_and_load_gguf,named,non-zero scalar fill
test_load.py,test_save_and_load_gguf,named,non-zero scalar fill
test_load.py,test_save_and_load_gguf,named,non-zero scalar fill
test_load.py,test_save_and_load_gguf,named,non-zero scalar fill
test_load.py,test_save_and_load_gguf,named,non-zero scalar fill
test_load.py,test_save_and_load_gguf,named,non-zero scalar fill
test_load.py,test_save_and_load_gguf,named,non-zero scalar fill
test_load.py,test_save_and_load_gguf,named,non-zero scalar fill
test_load.py,test_save_and_load_gguf,named,non-zero scalar fill
test_load.py,test_save_and_load_gguf,named,non-zero scalar fill
test_load.py,test_save_and_load_gguf,named,non-zero scalar fill
test_load.py,test_save_and_load_gguf,named,And rank above 4
test_load.py,test_save_and_load_gguf_metadata_arrays,named,dtype converting copy
test_load.py,test_save_and_load_gguf_metadata_basic,named,non-zero scalar fill
test_load.py,test_save_and_load_gguf_metadata_mixed,named,non-zero scalar fill
test_load.py,test_save_and_load_safetensors,named,non-zero scalar fill
test_load.py,test_save_and_load_safetensors,named,non-zero scalar fill
test_load.py,test_save_and_load_safetensors,named,non-zero scalar fill
test_load.py,test_save_and_load_safetensors,named,non-zero scalar fill
test_load.py,test_save_and_load_safetensors,named,non-zero scalar fill
test_load.py,test_save_and_load_safetensors,named,non-zero scalar fill
test_load.py,test_save_and_load_safetensors,named,non-zero scalar fill
test_load.py,test_save_and_load_safetensors,named,non-zero scalar fill
test_load.py,test_save_and_load_safetensors,named,non-zero scalar fill
test_load.py,test_save_and_load_safetensors,named,non-zero scalar fill
test_load.py,test_save_and_load_safetensors,named,non-zero scalar fill
test_load.py,test_save_and_load_safetensors,named,non-zero scalar fill
test_load.py,test_save_and_load_safetensors,named,non-zero scalar fill
test_load.py,test_save_and_load_safetensors,named,non-zero scalar fill
test_load.py,test_save_and_load_safetensors,named,non-zero scalar fill
test_load.py,test_save_and_load_safetensors,named,non-zero scalar fill
test_load.py,test_save_and_load_safetensors,named,non-zero scalar fill
test_load.py,test_save_and_load_safetensors,named,non-zero scalar fill
test_load.py,test_save_and_load_safetensors,named,non-zero scalar fill
test_load.py,test_save_and_load_safetensors,named,non-zero scalar fill
test_load.py,test_save_and_load_safetensors,named,non-zero scalar fill
test_load.py,test_save_and_load_safetensors,named,non-zero scalar fill
test_load.py,test_save_and_load_safetensors,named,non-zero scalar fill
test_load.py,test_save_and_load_safetensors,named,non-zero scalar fill
test_load.py,test_save_and_load_safetensors,named,non-zero scalar fill
test_load.py,test_save_and_load_safetensors,named,non-zero scalar fill
test_load.py,test_save_and_load_safetensors,named,non-zero scalar fill
test_load.py,test_save_and_load_safetensors,named,non-zero scalar fill
test_load.py,test_save_and_load_safetensors,named,non-zero scalar fill
test_load.py,test_save_and_load_safetensors,named,non-zero scalar fill
test_load.py,test_save_and_load_safetensors,named,non-zero scalar fill
test_load.py,test_save_and_load_safetensors,named,non-zero scalar fill
test_load.py,test_save_and_load_safetensors,named,And rank above 4
test_load.py,test_save_and_load_safetensors,named,And rank above 4
test_load.py,test_save_and_load_safetensors,named,non-zero scalar fill
test_load.py,test_save_and_load_safetensors,named,non-zero scalar fill
test_load.py,test_save_and_load_safetensors,named,non-zero scalar fill
test_load.py,test_save_and_load_safetensors,named,non-zero scalar fill
test_load.py,test_save_and_load_safetensors,named,And rank above 4
test_load.py,test_savez_and_loadz,named,Equal dtype
test_load.py,test_savez_and_loadz,named,Equal dtype
test_load.py,test_savez_and_loadz,named,Equal dtype
test_load.py,test_savez_and_loadz,named,Equal dtype
test_load.py,test_savez_and_loadz,named,Equal dtype
test_load.py,test_savez_and_loadz,named,Equal dtype
test_load.py,test_savez_and_loadz,named,And rank above 4
test_load.py,test_savez_and_loadz,named,Equal dtype
test_load.py,test_savez_and_loadz,named,And rank above 4
test_load.py,test_savez_and_loadz,named,And rank above 4
test_load.py,test_savez_and_loadz,named,Equal dtype
test_losses.py,test_margin_ranking_loss,named,Negative dtype
test_nn.py,test_causal_mask,named,dtype converting copy
test_nn.py,test_conv1d,named,non-2D Convolution
test_nn.py,test_gelu,assert,
test_nn.py,test_gru,named,non-contiguous Multiply
test_nn.py,test_instance_norm,named,non-contiguous LayerNorm
test_nn.py,test_pooling,assert,
test_nn.py,test_quantized_embedding,named,Quantize direction
test_nn.py,test_sin_pe,named,non-axis-0 Take
test_nn.py,test_step,named,GreaterEqual dtype
test_nn.py,test_upsample,named,Arange dtype
test_nn.py,test_upsample_align_corners_one_dim,named,dtype converting copy
test_ops.py,test_add,named,Add dtype
test_ops.py,test_arange_corner_cases_cast,named,Arange dtype
test_ops.py,test_arange_inferred_dtype,named,Arange dtype
test_ops.py,test_argmin_argmax,named,non-suffix ArgMin
test_ops.py,test_argpartition,named,ArgPartition dtype
test_ops.py,test_argsort_nan,named,matrix layout Take
test_ops.py,test_argsort_nan,named,matrix layout Take
test_ops.py,test_argsort_nan,named,matrix layout Take
test_ops.py,test_array_equal,assert,
test_ops.py,test_as_strided,named,negative stride copy
test_ops.py,test_binary_ops,named,Add dtype
test_ops.py,test_binary_ops,named,Add dtype
test_ops.py,test_binary_ops,named,Add dtype
test_ops.py,test_binary_ops,named,Add dtype
test_ops.py,test_binary_ops,named,Add dtype
test_ops.py,test_binary_ops,named,Add dtype
test_ops.py,test_binary_ops,named,Add dtype
test_ops.py,test_binary_ops,named,Add dtype
test_ops.py,test_binary_ops,named,Subtract dtype
test_ops.py,test_binary_ops,named,Subtract dtype
test_ops.py,test_binary_ops,named,Subtract dtype
test_ops.py,test_binary_ops,named,Subtract dtype
test_ops.py,test_binary_ops,named,Subtract dtype
test_ops.py,test_binary_ops,named,Subtract dtype
test_ops.py,test_binary_ops,named,Multiply dtype
test_ops.py,test_binary_ops,named,Multiply dtype
test_ops.py,test_binary_ops,named,Multiply dtype
test_ops.py,test_binary_ops,named,Multiply dtype
test_ops.py,test_binary_ops,named,Multiply dtype
test_ops.py,test_binary_ops,named,Multiply dtype
test_ops.py,test_binary_ops,named,Multiply dtype
test_ops.py,test_binary_ops,named,Multiply dtype
test_ops.py,test_binary_ops,named,Divide dtype
test_ops.py,test_binary_ops,named,Divide dtype
test_ops.py,test_binary_ops,named,Divide dtype
test_ops.py,test_binary_ops,named,Divide dtype
test_ops.py,test_binary_ops,named,Divide dtype
test_ops.py,test_binary_ops,named,Divide dtype
test_ops.py,test_binary_ops,named,Divide dtype
test_ops.py,test_binary_ops,named,Divide dtype
test_ops.py,test_binary_ops,named,Maximum dtype
test_ops.py,test_binary_ops,named,Maximum dtype
test_ops.py,test_binary_ops,named,Maximum dtype
test_ops.py,test_binary_ops,named,Maximum dtype
test_ops.py,test_binary_ops,named,Maximum dtype
test_ops.py,test_binary_ops,named,Maximum dtype
test_ops.py,test_binary_ops,named,Maximum dtype
test_ops.py,test_binary_ops,named,Maximum dtype
test_ops.py,test_binary_ops,named,Minimum dtype
test_ops.py,test_binary_ops,named,Minimum dtype
test_ops.py,test_binary_ops,named,Minimum dtype
test_ops.py,test_binary_ops,named,Minimum dtype
test_ops.py,test_binary_ops,named,Minimum dtype
test_ops.py,test_binary_ops,named,Minimum dtype
test_ops.py,test_binary_ops,named,Minimum dtype
test_ops.py,test_binary_ops,named,Minimum dtype
test_ops.py,test_bitwise_grad,named,dtype converting copy
test_ops.py,test_bitwise_ops,named,Minimum dtype
test_ops.py,test_clip,assert,
test_ops.py,test_comparisons,named,GreaterEqual dtype
test_ops.py,test_complex_ops,named,ArcCos dtype
test_ops.py,test_complex_ops,named,ArcSin dtype
test_ops.py,test_complex_ops,named,ArcTan dtype
test_ops.py,test_complex_ops,named,Square dtype
test_ops.py,test_complex_ops,named,Sqrt dtype
test_ops.py,test_complex_ops,named,Rsqrt dtype
test_ops.py,test_complex_power,named,Power dtype
test_ops.py,test_conjugate,named,Conjugate
test_ops.py,test_count_nonzero,named,dtype converting copy
test_ops.py,test_cummax_cummin_nan,assert,
test_ops.py,test_diag,named,Arange dtype
test_ops.py,test_diagonal,named,non-axis-0 Take
test_ops.py,test_divide,named,Divide dtype
test_ops.py,test_divmod,named,DivMod dtype
test_ops.py,test_dynamic_slicing,named,Minimum dtype
test_ops.py,test_eye,named,multi-index Scatter
test_ops.py,test_flip,assert,
test_ops.py,test_full_ones_zeros,named,strided copy
test_ops.py,test_hadamard_grad_vmap,named,dtype converting copy
test_ops.py,test_integer_power,named,Power dtype
test_ops.py,test_irregular_alignments,named,dtype converting copy
test_ops.py,test_irregular_binary_ops,assert,
test_ops.py,test_isfinite,named,Imag
test_ops.py,test_isinf,named,dtype converting copy
test_ops.py,test_isnan,named,dtype converting copy
test_ops.py,test_isneginf,named,dtype converting copy
test_ops.py,test_isposinf,named,dtype converting copy
test_ops.py,test_kron,named,Multiply dtype
test_ops.py,test_large_binary,named,non-zero scalar fill
test_ops.py,test_linspace,named,Abs dtype
test_ops.py,test_linspace_endpoint,named,non-contiguous Abs
test_ops.py,test_log,named,dtype converting copy
test_ops.py,test_log10,named,dtype converting copy
test_ops.py,test_log1p,named,dtype converting copy
test_ops.py,test_log2,named,dtype converting copy
test_ops.py,test_logaddexp,named,dtype converting copy
test_ops.py,test_logcumsumexp,named,Scan LogAddExp
test_ops.py,test_logical_and,assert,
test_ops.py,test_logical_not,assert,
test_ops.py,test_logical_or,assert,
test_ops.py,test_logical_xor,named,NotEqual dtype
test_ops.py,test_masked_scatter,named,MaskedScatter mask layout
test_ops.py,test_median,named,Sort dtype
test_ops.py,test_median_nan,named,Select layout
test_ops.py,test_meshgrid,named,non-contiguous Abs
test_ops.py,test_nan_to_num,named,Select layout
test_ops.py,test_outer,named,dtype converting copy
test_ops.py,test_pad,named,non-zero fill
test_ops.py,test_pad,named,non-zero fill
test_ops.py,test_pad_reflect_symmetric,named,negative stride copy
test_ops.py,test_partition,named,Partition dtype
test_ops.py,test_partition,named,Partition dtype
test_ops.py,test_partition,named,Partition dtype
test_ops.py,test_partition,named,Partition dtype
test_ops.py,test_partition,named,Partition dtype
test_ops.py,test_partition,named,Partition dtype
test_ops.py,test_partition,named,Partition dtype
test_ops.py,test_partition,named,Partition dtype
test_ops.py,test_partition,named,Partition dtype
test_ops.py,test_partition,named,Partition dtype
test_ops.py,test_partition,named,Partition dtype
test_ops.py,test_partition,named,Partition dtype
test_ops.py,test_partition,named,non-suffix Partition
test_ops.py,test_partition,named,non-suffix Partition
test_ops.py,test_partition,named,non-suffix Partition
test_ops.py,test_partition,named,non-suffix Partition
test_ops.py,test_partition,named,non-suffix Partition
test_ops.py,test_partition,named,non-suffix Partition
test_ops.py,test_put_along_axis,assert,
test_ops.py,test_real_imag,named,dtype converting copy
test_ops.py,test_remainder,named,Negative dtype
test_ops.py,test_repeat,named,non-contiguous Abs
test_ops.py,test_round,named,Round dtype
test_ops.py,test_scalar_inputs,named,Add dtype
test_ops.py,test_scans,named,Scan dtype
test_ops.py,test_scans_complex_exclusive,named,Scan dtype
test_ops.py,test_searchsorted,named,dtype converting copy
test_ops.py,test_sign,named,dtype converting copy
test_ops.py,test_sin,assert,
test_ops.py,test_slice_update_reversed,named,negative stride copy
test_ops.py,test_slice_with_negative_stride,named,negative stride copy
test_ops.py,test_softmax,named,matrix layout Take
test_ops.py,test_sort,assert,
test_ops.py,test_sort,assert,
test_ops.py,test_sort,assert,
test_ops.py,test_sort,assert,
test_ops.py,test_sort,assert,
test_ops.py,test_sort,assert,
test_ops.py,test_sort,assert,
test_ops.py,test_sort,assert,
test_ops.py,test_sort,assert,
test_ops.py,test_sort,assert,
test_ops.py,test_sort,assert,
test_ops.py,test_sort,assert,
test_ops.py,test_sort,assert,
test_ops.py,test_sort,assert,
test_ops.py,test_sort,assert,
test_ops.py,test_sort,assert,
test_ops.py,test_sort,assert,
test_ops.py,test_sort,assert,
test_ops.py,test_sort,assert,
test_ops.py,test_sort,assert,
test_ops.py,test_sort,assert,
test_ops.py,test_sort,assert,
test_ops.py,test_sort,assert,
test_ops.py,test_sort_nan,assert,
test_ops.py,test_sort_nan,assert,
test_ops.py,test_sort_nan,assert,
test_ops.py,test_sort_nan,named,Sort dtype
test_ops.py,test_std,named,Sum dtype
test_ops.py,test_subnormal_bool_cast,named,dtype converting copy
test_ops.py,test_sum,assert,
test_ops.py,test_take,named,matrix layout Take
test_ops.py,test_take_along_axis,named,Take dtype
test_ops.py,test_tile,named,rank>4 strided copy
test_ops.py,test_trace,named,Arange dtype
test_ops.py,test_trig_ops,named,Sin dtype
test_ops.py,test_trig_ops,named,Cos dtype
test_ops.py,test_trig_ops,named,Tan dtype
test_ops.py,test_trig_ops,named,Sinh dtype
test_ops.py,test_trig_ops,named,Cosh dtype
test_ops.py,test_trig_ops,named,Tanh dtype
test_ops.py,test_triu,named,Select layout
test_ops.py,test_unstack,named,strided copy
test_ops.py,test_var,named,Sum dtype
test_ops.py,test_vecdot,named,Multiply dtype
test_ops.py,test_view,named,Minimum dtype
test_ops.py,test_where,named,Select dtype
test_optimizers.py,test_adafactor,named,Add dtype
test_optimizers.py,test_optimizers,named,Add dtype
test_optimizers.py,test_clip_grad_norm,named,Square dtype
test_optimizers.py,test_compile_with_schedule,named,dtype converting copy
test_optimizers.py,test_cosine_decay,named,Minimum dtype
test_optimizers.py,test_decay_lr,named,Divide dtype
test_optimizers.py,test_linear_warmup_with_cosine_decay,named,Minimum dtype
test_optimizers.py,test_schedule_joiner,named,Select dtype
test_quantized.py,test_fp_qmv,named,Quantize direction
test_quantized.py,test_fp_qmv,named,Quantize direction
test_quantized.py,test_fp_qmv,named,Quantize direction
test_quantized.py,test_fp_qmv,named,Quantize direction
test_quantized.py,test_fp_qmv,named,Quantize direction
test_quantized.py,test_fp_qmv,named,Quantize direction
test_quantized.py,test_fp_qmv,named,Quantize direction
test_quantized.py,test_fp_qmv,named,Quantize direction
test_quantized.py,test_fp_qmv,named,Quantize direction
test_quantized.py,test_fp_qmv,named,Quantize direction
test_quantized.py,test_fp_qmv,named,Quantize direction
test_quantized.py,test_fp_qmv,named,Quantize direction
test_quantized.py,test_fp_qmv,named,Quantize direction
test_quantized.py,test_fp_qmv,named,Quantize direction
test_quantized.py,test_fp_qmv,named,Quantize direction
test_quantized.py,test_fp_qmv,named,Quantize direction
test_quantized.py,test_fp_qmv,named,Quantize direction
test_quantized.py,test_fp_qmv,named,Quantize direction
test_quantized.py,test_fp_qmv,named,Quantize direction
test_quantized.py,test_fp_qmv,named,Quantize direction
test_quantized.py,test_fp_qmv,named,Quantize direction
test_quantized.py,test_fp_qmv,named,Quantize direction
test_quantized.py,test_fp_qmv,named,Quantize direction
test_quantized.py,test_fp_qmv,named,Quantize direction
test_quantized.py,test_fp_qmv,named,Quantize direction
test_quantized.py,test_fp_qmv,named,Quantize direction
test_quantized.py,test_fp_qmv,named,Quantize direction
test_quantized.py,test_fp_qmv,named,Quantize direction
test_quantized.py,test_fp_qmv,named,Quantize direction
test_quantized.py,test_fp_qmv,named,Quantize direction
test_quantized.py,test_fp_qmv,named,Quantize direction
test_quantized.py,test_fp_qmv,named,Quantize direction
test_quantized.py,test_fp_qmv,named,Quantize direction
test_quantized.py,test_fp_qmv,named,Quantize direction
test_quantized.py,test_fp_qmv,named,Quantize direction
test_quantized.py,test_fp_qmv,named,Quantize direction
test_quantized.py,test_fp_qmv,named,Quantize direction
test_quantized.py,test_fp_qmv,named,Quantize direction
test_quantized.py,test_fp_qmv,named,Quantize direction
test_quantized.py,test_fp_qmv,named,Quantize direction
test_quantized.py,test_fp_qmv,named,Quantize direction
test_quantized.py,test_fp_qmv,named,Quantize direction
test_quantized.py,test_fp_qmv,named,Quantize direction
test_quantized.py,test_fp_qmv,named,Quantize direction
test_quantized.py,test_fp_qmv,named,Quantize direction
test_quantized.py,test_fp_qmv,named,Quantize direction
test_quantized.py,test_fp_qmv,named,Quantize direction
test_quantized.py,test_fp_qmv,named,Quantize direction
test_quantized.py,test_fp_qmv,named,Quantize direction
test_quantized.py,test_fp_qmv,named,Quantize direction
test_quantized.py,test_fp_qmv,named,Quantize direction
test_quantized.py,test_fp_qmv,named,Quantize direction
test_quantized.py,test_fp_qmv,named,Quantize direction
test_quantized.py,test_fp_qmv,named,Quantize direction
test_quantized.py,test_fp_qmv,named,Quantize direction
test_quantized.py,test_fp_qmv,named,Quantize direction
test_quantized.py,test_fp_qmv,named,Quantize direction
test_quantized.py,test_fp_qmv,named,Quantize direction
test_quantized.py,test_fp_qmv,named,Quantize direction
test_quantized.py,test_fp_qmv,named,Quantize direction
test_quantized.py,test_fp_qmv,named,Quantize direction
test_quantized.py,test_fp_qmv,named,Quantize direction
test_quantized.py,test_fp_qmv,named,Quantize direction
test_quantized.py,test_fp_qmv,named,Quantize direction
test_quantized.py,test_fp_qmv,named,Quantize direction
test_quantized.py,test_fp_qmv,named,Quantize direction
test_quantized.py,test_fp_qmv,named,Quantize direction
test_quantized.py,test_fp_qmv,named,Quantize direction
test_quantized.py,test_fp_qmv,named,Quantize direction
test_quantized.py,test_fp_qmv,named,Quantize direction
test_quantized.py,test_fp_qmv,named,Quantize direction
test_quantized.py,test_fp_qmv,named,Quantize direction
test_quantized.py,test_fp_qmv,named,Quantize direction
test_quantized.py,test_fp_qmv,named,Quantize direction
test_quantized.py,test_fp_qmv,named,Quantize direction
test_quantized.py,test_fp_qmv,named,Quantize direction
test_quantized.py,test_fp_qmv,named,Quantize direction
test_quantized.py,test_fp_qmv,named,Quantize direction
test_quantized.py,test_fp_qmv,named,Quantize direction
test_quantized.py,test_fp_qmv,named,Quantize direction
test_quantized.py,test_fp_qmv,named,Quantize direction
test_quantized.py,test_fp_qmv,named,Quantize direction
test_quantized.py,test_fp_qmv,named,Quantize direction
test_quantized.py,test_fp_qmv,named,Quantize direction
test_quantized.py,test_fp_qmv,named,Quantize direction
test_quantized.py,test_fp_qmv,named,Quantize direction
test_quantized.py,test_fp_qmv,named,Quantize direction
test_quantized.py,test_fp_qmv,named,Quantize direction
test_quantized.py,test_fp_qmv,named,Quantize direction
test_quantized.py,test_fp_qmv,named,Quantize direction
test_quantized.py,test_fp_qmv,named,Quantize direction
test_quantized.py,test_fp_qmv,named,Quantize direction
test_quantized.py,test_fp_qmv,named,Quantize direction
test_quantized.py,test_fp_qmv,named,Quantize direction
test_quantized.py,test_fp_qmv,named,Quantize direction
test_quantized.py,test_fp_qmv,named,Quantize direction
test_quantized.py,test_fp_qmv,named,Quantize direction
test_quantized.py,test_fp_qmv,named,Quantize direction
test_quantized.py,test_fp_qmv,named,Quantize direction
test_quantized.py,test_fp_qmv,named,Quantize direction
test_quantized.py,test_fp_qmv,named,Quantize direction
test_quantized.py,test_fp_qmv,named,Quantize direction
test_quantized.py,test_fp_qmv,named,Quantize direction
test_quantized.py,test_fp_qmv,named,Quantize direction
test_quantized.py,test_fp_qmv,named,Quantize direction
test_quantized.py,test_fp_qmv,named,Quantize direction
test_quantized.py,test_fp_qmv,named,Quantize direction
test_quantized.py,test_fp_qmv,named,Quantize direction
test_quantized.py,test_fp_qmv,named,Quantize direction
test_quantized.py,test_fp_qmv,named,Quantize direction
test_quantized.py,test_fp_qmv,named,Quantize direction
test_quantized.py,test_fp_qmv,named,Quantize direction
test_quantized.py,test_fp_qmv,named,Quantize direction
test_quantized.py,test_fp_qmv,named,Quantize direction
test_quantized.py,test_fp_qmv,named,Quantize direction
test_quantized.py,test_fp_qmv,named,Quantize direction
test_quantized.py,test_fp_qmv,named,Quantize direction
test_quantized.py,test_fp_qmv,named,Quantize direction
test_quantized.py,test_fp_qmv,named,Quantize direction
test_quantized.py,test_fp_qmv,named,Quantize direction
test_quantized.py,test_fp_qmv,named,Quantize direction
test_quantized.py,test_fp_qmv_large_output,named,Quantize direction
test_quantized.py,test_fp_qmv_large_output,named,Quantize direction
test_quantized.py,test_fp_qmv_large_output,named,Quantize direction
test_quantized.py,test_fp_qmv_large_output,named,Quantize direction
test_quantized.py,test_fp_qmv_large_output,named,Quantize direction
test_quantized.py,test_fp_qmv_large_output,named,Quantize direction
test_quantized.py,test_fp_qvm,named,Quantize direction
test_quantized.py,test_fp_qvm,named,Quantize direction
test_quantized.py,test_fp_qvm,named,Quantize direction
test_quantized.py,test_fp_qvm,named,Quantize direction
test_quantized.py,test_fp_qvm,named,Quantize direction
test_quantized.py,test_fp_qvm,named,Quantize direction
test_quantized.py,test_fp_qvm,named,Quantize direction
test_quantized.py,test_fp_qvm,named,Quantize direction
test_quantized.py,test_fp_qvm,named,Quantize direction
test_quantized.py,test_fp_qvm,named,Quantize direction
test_quantized.py,test_fp_qvm,named,Quantize direction
test_quantized.py,test_fp_qvm,named,Quantize direction
test_quantized.py,test_fp_qvm,named,Quantize direction
test_quantized.py,test_fp_qvm,named,Quantize direction
test_quantized.py,test_fp_qvm,named,Quantize direction
test_quantized.py,test_fp_qvm,named,Quantize direction
test_quantized.py,test_fp_qvm,named,Quantize direction
test_quantized.py,test_fp_qvm,named,Quantize direction
test_quantized.py,test_fp_qvm,named,Quantize direction
test_quantized.py,test_fp_qvm,named,Quantize direction
test_quantized.py,test_fp_qvm,named,Quantize direction
test_quantized.py,test_fp_qvm,named,Quantize direction
test_quantized.py,test_fp_qvm,named,Quantize direction
test_quantized.py,test_fp_qvm,named,Quantize direction
test_quantized.py,test_fp_qvm,named,Quantize direction
test_quantized.py,test_fp_qvm,named,Quantize direction
test_quantized.py,test_fp_qvm,named,Quantize direction
test_quantized.py,test_fp_qvm,named,Quantize direction
test_quantized.py,test_fp_qvm,named,Quantize direction
test_quantized.py,test_fp_qvm,named,Quantize direction
test_quantized.py,test_fp_qvm,named,Quantize direction
test_quantized.py,test_fp_qvm,named,Quantize direction
test_quantized.py,test_fp_qvm,named,Quantize direction
test_quantized.py,test_fp_qvm,named,Quantize direction
test_quantized.py,test_fp_qvm,named,Quantize direction
test_quantized.py,test_fp_qvm,named,Quantize direction
test_quantized.py,test_fp_qvm,named,Quantize direction
test_quantized.py,test_fp_qvm,named,Quantize direction
test_quantized.py,test_fp_qvm,named,Quantize direction
test_quantized.py,test_fp_qvm,named,Quantize direction
test_quantized.py,test_fp_qvm,named,Quantize direction
test_quantized.py,test_fp_qvm,named,Quantize direction
test_quantized.py,test_fp_qvm,named,Quantize direction
test_quantized.py,test_fp_qvm,named,Quantize direction
test_quantized.py,test_fp_qvm,named,Quantize direction
test_quantized.py,test_fp_qvm,named,Quantize direction
test_quantized.py,test_fp_qvm,named,Quantize direction
test_quantized.py,test_fp_qvm,named,Quantize direction
test_quantized.py,test_fp_qvm,named,Quantize direction
test_quantized.py,test_fp_qvm,named,Quantize direction
test_quantized.py,test_fp_qvm,named,Quantize direction
test_quantized.py,test_fp_qvm,named,Quantize direction
test_quantized.py,test_fp_qvm,named,Quantize direction
test_quantized.py,test_fp_qvm,named,Quantize direction
test_quantized.py,test_fp_qvm,named,Quantize direction
test_quantized.py,test_fp_qvm,named,Quantize direction
test_quantized.py,test_fp_qvm,named,Quantize direction
test_quantized.py,test_fp_qvm,named,Quantize direction
test_quantized.py,test_fp_qvm,named,Quantize direction
test_quantized.py,test_fp_qvm,named,Quantize direction
test_quantized.py,test_fp_qvm,named,Quantize direction
test_quantized.py,test_fp_qvm,named,Quantize direction
test_quantized.py,test_fp_qvm,named,Quantize direction
test_quantized.py,test_fp_qvm,named,Quantize direction
test_quantized.py,test_fp_qvm,named,Quantize direction
test_quantized.py,test_fp_qvm,named,Quantize direction
test_quantized.py,test_fp_qvm,named,Quantize direction
test_quantized.py,test_fp_qvm,named,Quantize direction
test_quantized.py,test_fp_qvm,named,Quantize direction
test_quantized.py,test_fp_qvm,named,Quantize direction
test_quantized.py,test_fp_qvm,named,Quantize direction
test_quantized.py,test_fp_qvm,named,Quantize direction
test_quantized.py,test_fp_qvm,named,Quantize direction
test_quantized.py,test_fp_qvm,named,Quantize direction
test_quantized.py,test_fp_qvm,named,Quantize direction
test_quantized.py,test_fp_qvm,named,Quantize direction
test_quantized.py,test_fp_qvm,named,Quantize direction
test_quantized.py,test_fp_qvm,named,Quantize direction
test_quantized.py,test_fp_qvm,named,Quantize direction
test_quantized.py,test_fp_qvm,named,Quantize direction
test_quantized.py,test_fp_qvm,named,Quantize direction
test_quantized.py,test_fp_qvm,named,Quantize direction
test_quantized.py,test_fp_qvm,named,Quantize direction
test_quantized.py,test_fp_qvm,named,Quantize direction
test_quantized.py,test_fp_qvm,named,Quantize direction
test_quantized.py,test_fp_qvm,named,Quantize direction
test_quantized.py,test_fp_qvm,named,Quantize direction
test_quantized.py,test_fp_qvm,named,Quantize direction
test_quantized.py,test_fp_qvm,named,Quantize direction
test_quantized.py,test_fp_qvm,named,Quantize direction
test_quantized.py,test_fp_qvm,named,Quantize direction
test_quantized.py,test_fp_qvm,named,Quantize direction
test_quantized.py,test_fp_qvm,named,Quantize direction
test_quantized.py,test_fp_qvm,named,Quantize direction
test_quantized.py,test_fp_qvm,named,Quantize direction
test_quantized.py,test_fp_qvm,named,Quantize direction
test_quantized.py,test_fp_qvm,named,Quantize direction
test_quantized.py,test_fp_qvm,named,Quantize direction
test_quantized.py,test_fp_qvm,named,Quantize direction
test_quantized.py,test_fp_qvm,named,Quantize direction
test_quantized.py,test_fp_qvm,named,Quantize direction
test_quantized.py,test_fp_qvm,named,Quantize direction
test_quantized.py,test_fp_qvm,named,Quantize direction
test_quantized.py,test_fp_qvm,named,Quantize direction
test_quantized.py,test_fp_qvm,named,Quantize direction
test_quantized.py,test_fp_qvm,named,Quantize direction
test_quantized.py,test_fp_qvm,named,Quantize direction
test_quantized.py,test_fp_qvm,named,Quantize direction
test_quantized.py,test_fp_qvm,named,Quantize direction
test_quantized.py,test_fp_qvm,named,Quantize direction
test_quantized.py,test_fp_qvm,named,Quantize direction
test_quantized.py,test_gather_matmul_grad,named,Quantize direction
test_quantized.py,test_gather_qmm,named,Quantize direction
test_quantized.py,test_gather_qmm,named,Quantize direction
test_quantized.py,test_gather_qmm,named,Quantize direction
test_quantized.py,test_gather_qmm,named,dtype converting copy
test_quantized.py,test_gather_qmm,named,dtype converting copy
test_quantized.py,test_gather_qmm,named,Quantize direction
test_quantized.py,test_gather_qmm,named,Quantize direction
test_quantized.py,test_gather_qmm,named,dtype converting copy
test_quantized.py,test_gather_qmm,named,dtype converting copy
test_quantized.py,test_gather_qmm,named,Quantize direction
test_quantized.py,test_gather_qmm,named,Quantize direction
test_quantized.py,test_gather_qmm,named,Quantize direction
test_quantized.py,test_gather_qmm,named,Arange dtype
test_quantized.py,test_gather_qmm,named,Arange dtype
test_quantized.py,test_gather_qmm,named,Quantize direction
test_quantized.py,test_gather_qmm,named,Quantize direction
test_quantized.py,test_gather_qmm,named,Arange dtype
test_quantized.py,test_gather_qmm,named,Arange dtype
test_quantized.py,test_gather_qmm,named,Quantize direction
test_quantized.py,test_gather_qmm,named,Quantize direction
test_quantized.py,test_gather_qmm,named,Quantize direction
test_quantized.py,test_gather_qmm,named,Quantize direction
test_quantized.py,test_gather_qmm,named,Quantize direction
test_quantized.py,test_gather_qmm,named,Quantize direction
test_quantized.py,test_gather_qmm,named,Quantize direction
test_quantized.py,test_gather_qmm,named,Quantize direction
test_quantized.py,test_gather_qmm,named,Quantize direction
test_quantized.py,test_gather_qmm,named,Quantize direction
test_quantized.py,test_gather_qmm,named,Quantize direction
test_quantized.py,test_gather_qmm,named,Quantize direction
test_quantized.py,test_gather_qmm,named,dtype converting copy
test_quantized.py,test_gather_qmm,named,dtype converting copy
test_quantized.py,test_gather_qmm,named,Quantize direction
test_quantized.py,test_gather_qmm,named,Quantize direction
test_quantized.py,test_gather_qmm,named,dtype converting copy
test_quantized.py,test_gather_qmm,named,dtype converting copy
test_quantized.py,test_gather_qmm,named,Quantize direction
test_quantized.py,test_gather_qmm,named,Quantize direction
test_quantized.py,test_gather_qmm,named,Quantize direction
test_quantized.py,test_gather_qmm,named,Quantize direction
test_quantized.py,test_gather_qmm,named,Quantize direction
test_quantized.py,test_gather_qmm,named,Quantize direction
test_quantized.py,test_gather_qmm,named,Quantize direction
test_quantized.py,test_gather_qmm,named,Quantize direction
test_quantized.py,test_gather_qmm,named,Quantize direction
test_quantized.py,test_gather_qmm,named,Quantize direction
test_quantized.py,test_gather_qmm,named,Quantize direction
test_quantized.py,test_gather_qmm,named,Quantize direction
test_quantized.py,test_gather_qmm,named,dtype converting copy
test_quantized.py,test_gather_qmm,named,dtype converting copy
test_quantized.py,test_gather_qmm,named,Quantize direction
test_quantized.py,test_gather_qmm,named,Quantize direction
test_quantized.py,test_gather_qmm,named,dtype converting copy
test_quantized.py,test_gather_qmm,named,dtype converting copy
test_quantized.py,test_gather_qmm,named,Quantize direction
test_quantized.py,test_gather_qmm,named,Quantize direction
test_quantized.py,test_gather_qmm,named,Quantize direction
test_quantized.py,test_gather_qmm,named,Quantize direction
test_quantized.py,test_gather_qmm,named,Quantize direction
test_quantized.py,test_gather_qmm,named,Quantize direction
test_quantized.py,test_gather_qmm,named,Quantize direction
test_quantized.py,test_gather_qmm,named,Quantize direction
test_quantized.py,test_gather_qmm,named,Quantize direction
test_quantized.py,test_gather_qmm,named,Quantize direction
test_quantized.py,test_gather_qmm,named,Quantize direction
test_quantized.py,test_gather_qmm,named,Quantize direction
test_quantized.py,test_gather_qmm,named,Quantize direction
test_quantized.py,test_gather_qmm,named,Quantize direction
test_quantized.py,test_gather_qmm,named,Quantize direction
test_quantized.py,test_gather_qmm,named,Quantize direction
test_quantized.py,test_gather_qmm,named,Quantize direction
test_quantized.py,test_gather_qmm,named,Quantize direction
test_quantized.py,test_gather_qmm,named,Quantize direction
test_quantized.py,test_gather_qmm,named,Quantize direction
test_quantized.py,test_gather_qmm,named,Quantize direction
test_quantized.py,test_gather_qmm,named,Quantize direction
test_quantized.py,test_gather_qmm,named,Quantize direction
test_quantized.py,test_gather_qmm,named,Quantize direction
test_quantized.py,test_gather_qmm,named,Quantize direction
test_quantized.py,test_gather_qmm,named,Quantize direction
test_quantized.py,test_gather_qmm,named,Quantize direction
test_quantized.py,test_gather_qmm_grad,named,Minimum dtype
test_quantized.py,test_gather_qmm_matrix_path,named,matrix layout Take
test_quantized.py,test_gather_qmm_matrix_path,named,matrix layout Take
test_quantized.py,test_gather_qmm_sorted,named,Arange dtype
test_quantized.py,test_gather_qmm_sorted,named,Arange dtype
test_quantized.py,test_gather_qmm_sorted,named,Arange dtype
test_quantized.py,test_gather_qmm_sorted,named,Arange dtype
test_quantized.py,test_gather_qmm_sorted,named,Arange dtype
test_quantized.py,test_gather_qmm_sorted,named,Arange dtype
test_quantized.py,test_gather_qmm_sorted,named,Arange dtype
test_quantized.py,test_gather_qmm_sorted,named,Arange dtype
test_quantized.py,test_gather_qmm_sorted,named,Arange dtype
test_quantized.py,test_gather_qmm_sorted,named,Arange dtype
test_quantized.py,test_gather_qmm_sorted,named,Arange dtype
test_quantized.py,test_gather_qmm_sorted,named,Arange dtype
test_quantized.py,test_gather_qmm_sorted,named,Arange dtype
test_quantized.py,test_gather_qmm_sorted,named,Arange dtype
test_quantized.py,test_gather_qmm_sorted,named,Arange dtype
test_quantized.py,test_gather_qmm_sorted,named,Arange dtype
test_quantized.py,test_gather_qmm_sorted,named,Arange dtype
test_quantized.py,test_gather_qmm_sorted_sliced_weight,named,Minimum dtype
test_quantized.py,test_gather_qqmm,named,Quantize direction
test_quantized.py,test_gather_qqmm,named,Quantize direction
test_quantized.py,test_gather_qqmm,named,Quantize direction
test_quantized.py,test_gather_qqmm,named,Quantize direction
test_quantized.py,test_gather_qqmm,named,Quantize direction
test_quantized.py,test_gather_qqmm,named,Quantize direction
test_quantized.py,test_gather_qqmm,named,Quantize direction
test_quantized.py,test_gather_qqmm,named,Quantize direction
test_quantized.py,test_gather_qqmm,named,Quantize direction
test_quantized.py,test_gather_qqmm,named,Quantize direction
test_quantized.py,test_gather_qqmm,named,Quantize direction
test_quantized.py,test_gather_qqmm,named,Quantize direction
test_quantized.py,test_gather_qqmm,named,Quantize direction
test_quantized.py,test_gather_qqmm,named,Quantize direction
test_quantized.py,test_gather_qqmm,named,Quantize direction
test_quantized.py,test_gather_qqmm,named,Quantize direction
test_quantized.py,test_gather_qqmm,named,Quantize direction
test_quantized.py,test_gather_qqmm,named,Quantize direction
test_quantized.py,test_gather_qqmm,named,Quantize direction
test_quantized.py,test_gather_qqmm,named,Quantize direction
test_quantized.py,test_gather_qqmm,named,Quantize direction
test_quantized.py,test_gather_qqmm,named,Quantize direction
test_quantized.py,test_gather_qqmm,named,Quantize direction
test_quantized.py,test_gather_qqmm,named,Quantize direction
test_quantized.py,test_gather_qqmm,named,Quantize direction
test_quantized.py,test_gather_qqmm,named,Quantize direction
test_quantized.py,test_gather_qqmm,named,Quantize direction
test_quantized.py,test_gather_qqmm,named,Quantize direction
test_quantized.py,test_gather_qqmm,named,Quantize direction
test_quantized.py,test_gather_qqmm,named,Quantize direction
test_quantized.py,test_gather_qqmm,named,Quantize direction
test_quantized.py,test_gather_qqmm,named,Quantize direction
test_quantized.py,test_gather_qqmm,named,Quantize direction
test_quantized.py,test_gather_qqmm,named,Quantize direction
test_quantized.py,test_gather_qqmm,named,Quantize direction
test_quantized.py,test_gather_qqmm,named,Quantize direction
test_quantized.py,test_gather_qqmm,named,Quantize direction
test_quantized.py,test_gather_qqmm,named,Quantize direction
test_quantized.py,test_gather_qqmm,named,Quantize direction
test_quantized.py,test_gather_qqmm,named,Quantize direction
test_quantized.py,test_gather_qqmm,named,Quantize direction
test_quantized.py,test_gather_qqmm,named,Quantize direction
test_quantized.py,test_gather_qqmm,named,Quantize direction
test_quantized.py,test_gather_qqmm,named,Quantize direction
test_quantized.py,test_gather_qqmm,named,Quantize direction
test_quantized.py,test_gather_qqmm,named,Quantize direction
test_quantized.py,test_gather_qqmm,named,Quantize direction
test_quantized.py,test_gather_qqmm,named,Quantize direction
test_quantized.py,test_gather_qqmm,named,Quantize direction
test_quantized.py,test_gather_qqmm,named,Quantize direction
test_quantized.py,test_gather_qqmm,named,Quantize direction
test_quantized.py,test_gather_qqmm,named,Quantize direction
test_quantized.py,test_gather_qqmm,named,Quantize direction
test_quantized.py,test_gather_qqmm,named,Quantize direction
test_quantized.py,test_gather_qqmm,named,Quantize direction
test_quantized.py,test_gather_qqmm,named,Quantize direction
test_quantized.py,test_gather_qqmm,named,Quantize direction
test_quantized.py,test_gather_qqmm,named,Quantize direction
test_quantized.py,test_gather_qqmm,named,Quantize direction
test_quantized.py,test_gather_qqmm,named,Quantize direction
test_quantized.py,test_gather_qqmm,named,Quantize direction
test_quantized.py,test_gather_qqmm,named,Quantize direction
test_quantized.py,test_gather_qqmm,named,Quantize direction
test_quantized.py,test_gather_qqmm,named,Quantize direction
test_quantized.py,test_gather_qqmm,named,Quantize direction
test_quantized.py,test_gather_qqmm,named,Quantize direction
test_quantized.py,test_gather_qqmm,named,Quantize direction
test_quantized.py,test_gather_qqmm,named,Quantize direction
test_quantized.py,test_gather_qqmm,named,Quantize direction
test_quantized.py,test_gather_qqmm,named,Quantize direction
test_quantized.py,test_gather_qqmm,named,Quantize direction
test_quantized.py,test_gather_qqmm,named,Quantize direction
test_quantized.py,test_gather_qqmm,named,Quantize direction
test_quantized.py,test_gather_qqmm,named,Quantize direction
test_quantized.py,test_gather_qqmm,named,Quantize direction
test_quantized.py,test_gather_qqmm,named,Quantize direction
test_quantized.py,test_gather_qqmm,named,Quantize direction
test_quantized.py,test_gather_qqmm,named,Quantize direction
test_quantized.py,test_gather_qqmm,named,Quantize direction
test_quantized.py,test_gather_qqmm,named,Quantize direction
test_quantized.py,test_mxfp4_quantize_dequantize,named,Minimum dtype
test_quantized.py,test_mxfp8_block_scale_does_not_saturate,named,Quantize direction
test_quantized.py,test_mxfp8_quantize_dequantize,named,Quantize direction
test_quantized.py,test_non_multiples,named,Quantize direction
test_quantized.py,test_nvfp4_quantize_dequantize,named,Minimum dtype
test_quantized.py,test_qmm,named,Quantize direction
test_quantized.py,test_qmm,named,Quantize direction
test_quantized.py,test_qmm,named,Quantize direction
test_quantized.py,test_qmm,named,Quantize direction
test_quantized.py,test_qmm,named,Quantize direction
test_quantized.py,test_qmm,named,Quantize direction
test_quantized.py,test_qmm,named,Quantize direction
test_quantized.py,test_qmm,named,Quantize direction
test_quantized.py,test_qmm,named,Quantize direction
test_quantized.py,test_qmm,named,Quantize direction
test_quantized.py,test_qmm,named,Quantize direction
test_quantized.py,test_qmm,named,Quantize direction
test_quantized.py,test_qmm,named,Quantize direction
test_quantized.py,test_qmm,named,Quantize direction
test_quantized.py,test_qmm,named,Quantize direction
test_quantized.py,test_qmm,named,Quantize direction
test_quantized.py,test_qmm,named,Quantize direction
test_quantized.py,test_qmm,named,Quantize direction
test_quantized.py,test_qmm,named,Quantize direction
test_quantized.py,test_qmm,named,Quantize direction
test_quantized.py,test_qmm,named,Quantize direction
test_quantized.py,test_qmm,named,Quantize direction
test_quantized.py,test_qmm,named,Quantize direction
test_quantized.py,test_qmm,named,Quantize direction
test_quantized.py,test_qmm,named,Quantize direction
test_quantized.py,test_qmm,named,Quantize direction
test_quantized.py,test_qmm,named,Quantize direction
test_quantized.py,test_qmm,named,Quantize direction
test_quantized.py,test_qmm,named,Quantize direction
test_quantized.py,test_qmm,named,Quantize direction
test_quantized.py,test_qmm,named,Quantize direction
test_quantized.py,test_qmm,named,Quantize direction
test_quantized.py,test_qmm,named,Quantize direction
test_quantized.py,test_qmm,named,Quantize direction
test_quantized.py,test_qmm,named,Quantize direction
test_quantized.py,test_qmm,named,Quantize direction
test_quantized.py,test_qmm,named,Quantize direction
test_quantized.py,test_qmm,named,Quantize direction
test_quantized.py,test_qmm,named,Quantize direction
test_quantized.py,test_qmm,named,Quantize direction
test_quantized.py,test_qmm,named,Quantize direction
test_quantized.py,test_qmm,named,Quantize direction
test_quantized.py,test_qmm,named,Quantize direction
test_quantized.py,test_qmm,named,Quantize direction
test_quantized.py,test_qmm,named,Quantize direction
test_quantized.py,test_qmm,named,Quantize direction
test_quantized.py,test_qmm,named,Quantize direction
test_quantized.py,test_qmm,named,Quantize direction
test_quantized.py,test_qmm,named,Quantize direction
test_quantized.py,test_qmm,named,Quantize direction
test_quantized.py,test_qmm,named,Quantize direction
test_quantized.py,test_qmm,named,Quantize direction
test_quantized.py,test_qmm,named,Quantize direction
test_quantized.py,test_qmm,named,Quantize direction
test_quantized.py,test_qmm,named,Quantize direction
test_quantized.py,test_qmm,named,Quantize direction
test_quantized.py,test_qmm,named,Quantize direction
test_quantized.py,test_qmm,named,Quantize direction
test_quantized.py,test_qmm,named,Quantize direction
test_quantized.py,test_qmm,named,Quantize direction
test_quantized.py,test_qmm,named,Quantize direction
test_quantized.py,test_qmm,named,Quantize direction
test_quantized.py,test_qmm,named,Quantize direction
test_quantized.py,test_qmm,named,Quantize direction
test_quantized.py,test_qmm,named,Quantize direction
test_quantized.py,test_qmm,named,Quantize direction
test_quantized.py,test_qmm,named,Quantize direction
test_quantized.py,test_qmm,named,Quantize direction
test_quantized.py,test_qmm,named,Quantize direction
test_quantized.py,test_qmm,named,Quantize direction
test_quantized.py,test_qmm,named,Quantize direction
test_quantized.py,test_qmm,named,Quantize direction
test_quantized.py,test_qmm,named,Quantize direction
test_quantized.py,test_qmm,named,Quantize direction
test_quantized.py,test_qmm,named,Quantize direction
test_quantized.py,test_qmm,named,Quantize direction
test_quantized.py,test_qmm,named,Quantize direction
test_quantized.py,test_qmm,named,Quantize direction
test_quantized.py,test_qmm,named,Quantize direction
test_quantized.py,test_qmm,named,Quantize direction
test_quantized.py,test_qmm,named,Quantize direction
test_quantized.py,test_qmm,named,Quantize direction
test_quantized.py,test_qmm,named,Quantize direction
test_quantized.py,test_qmm,named,Quantize direction
test_quantized.py,test_qmm,named,Quantize direction
test_quantized.py,test_qmm,named,Quantize direction
test_quantized.py,test_qmm,named,Quantize direction
test_quantized.py,test_qmm,named,Quantize direction
test_quantized.py,test_qmm,named,Quantize direction
test_quantized.py,test_qmm,named,Quantize direction
test_quantized.py,test_qmm,named,Quantize direction
test_quantized.py,test_qmm,named,Quantize direction
test_quantized.py,test_qmm,named,Quantize direction
test_quantized.py,test_qmm,named,Quantize direction
test_quantized.py,test_qmm,named,Quantize direction
test_quantized.py,test_qmm,named,Quantize direction
test_quantized.py,test_qmm,named,Quantize direction
test_quantized.py,test_qmm,named,Quantize direction
test_quantized.py,test_qmm,named,Quantize direction
test_quantized.py,test_qmm,named,Quantize direction
test_quantized.py,test_qmm,named,Quantize direction
test_quantized.py,test_qmm,named,Quantize direction
test_quantized.py,test_qmm,named,Quantize direction
test_quantized.py,test_qmm,named,Quantize direction
test_quantized.py,test_qmm,named,Quantize direction
test_quantized.py,test_qmm,named,Quantize direction
test_quantized.py,test_qmm,named,Quantize direction
test_quantized.py,test_qmm,named,Quantize direction
test_quantized.py,test_qmm,named,Quantize direction
test_quantized.py,test_qmm,named,Quantize direction
test_quantized.py,test_qmm,named,Quantize direction
test_quantized.py,test_qmm,named,Quantize direction
test_quantized.py,test_qmm,named,Quantize direction
test_quantized.py,test_qmm,named,Quantize direction
test_quantized.py,test_qmm,named,Quantize direction
test_quantized.py,test_qmm,named,Quantize direction
test_quantized.py,test_qmm,named,Quantize direction
test_quantized.py,test_qmm,named,Quantize direction
test_quantized.py,test_qmm,named,Quantize direction
test_quantized.py,test_qmm,named,Quantize direction
test_quantized.py,test_qmm,named,Quantize direction
test_quantized.py,test_qmm,named,Quantize direction
test_quantized.py,test_qmm,named,Quantize direction
test_quantized.py,test_qmm,named,Quantize direction
test_quantized.py,test_qmm,named,Quantize direction
test_quantized.py,test_qmm,named,Quantize direction
test_quantized.py,test_qmm,named,Quantize direction
test_quantized.py,test_qmm,named,Quantize direction
test_quantized.py,test_qmm,named,Quantize direction
test_quantized.py,test_qmm,named,Quantize direction
test_quantized.py,test_qmm,named,Quantize direction
test_quantized.py,test_qmm,named,Quantize direction
test_quantized.py,test_qmm,named,Quantize direction
test_quantized.py,test_qmm,named,Quantize direction
test_quantized.py,test_qmm,named,Quantize direction
test_quantized.py,test_qmm,named,Quantize direction
test_quantized.py,test_qmm,named,Quantize direction
test_quantized.py,test_qmm,named,Quantize direction
test_quantized.py,test_qmm,named,Quantize direction
test_quantized.py,test_qmm,named,Quantize direction
test_quantized.py,test_qmm,named,Quantize direction
test_quantized.py,test_qmm,named,Quantize direction
test_quantized.py,test_qmm,named,Quantize direction
test_quantized.py,test_qmm,named,Quantize direction
test_quantized.py,test_qmm,named,Quantize direction
test_quantized.py,test_qmm,named,Quantize direction
test_quantized.py,test_qmm,named,Quantize direction
test_quantized.py,test_qmm,named,Quantize direction
test_quantized.py,test_qmm,named,Quantize direction
test_quantized.py,test_qmm,named,Quantize direction
test_quantized.py,test_qmm,named,Quantize direction
test_quantized.py,test_qmm,named,Quantize direction
test_quantized.py,test_qmm,named,Quantize direction
test_quantized.py,test_qmm,named,Quantize direction
test_quantized.py,test_qmm,named,Quantize direction
test_quantized.py,test_qmm,named,Quantize direction
test_quantized.py,test_qmm,named,Quantize direction
test_quantized.py,test_qmm,named,Quantize direction
test_quantized.py,test_qmm,named,Quantize direction
test_quantized.py,test_qmm,named,Quantize direction
test_quantized.py,test_qmm,named,Quantize direction
test_quantized.py,test_qmm,named,Quantize direction
test_quantized.py,test_qmm,named,Quantize direction
test_quantized.py,test_qmm,named,Quantize direction
test_quantized.py,test_qmm,named,Quantize direction
test_quantized.py,test_qmm,named,Quantize direction
test_quantized.py,test_qmm,named,Quantize direction
test_quantized.py,test_qmm,named,Quantize direction
test_quantized.py,test_qmm,named,Quantize direction
test_quantized.py,test_qmm,named,Quantize direction
test_quantized.py,test_qmm,named,Quantize direction
test_quantized.py,test_qmm,named,Quantize direction
test_quantized.py,test_qmm,named,Quantize direction
test_quantized.py,test_qmm,named,Quantize direction
test_quantized.py,test_qmm,named,Quantize direction
test_quantized.py,test_qmm,named,Quantize direction
test_quantized.py,test_qmm,named,Quantize direction
test_quantized.py,test_qmm,named,Quantize direction
test_quantized.py,test_qmm,named,Quantize direction
test_quantized.py,test_qmm,named,Quantize direction
test_quantized.py,test_qmm,named,Quantize direction
test_quantized.py,test_qmm,named,Quantize direction
test_quantized.py,test_qmm,named,Quantize direction
test_quantized.py,test_qmm,named,Quantize direction
test_quantized.py,test_qmm,named,Quantize direction
test_quantized.py,test_qmm,named,Quantize direction
test_quantized.py,test_qmm,named,Quantize direction
test_quantized.py,test_qmm,named,Quantize direction
test_quantized.py,test_qmm,named,Quantize direction
test_quantized.py,test_qmm,named,Quantize direction
test_quantized.py,test_qmm,named,Quantize direction
test_quantized.py,test_qmm,named,Quantize direction
test_quantized.py,test_qmm,named,Quantize direction
test_quantized.py,test_qmm,named,Quantize direction
test_quantized.py,test_qmm,named,Quantize direction
test_quantized.py,test_qmm,named,Quantize direction
test_quantized.py,test_qmm,named,Quantize direction
test_quantized.py,test_qmm,named,Quantize direction
test_quantized.py,test_qmm,named,Quantize direction
test_quantized.py,test_qmm,named,Quantize direction
test_quantized.py,test_qmm,named,Quantize direction
test_quantized.py,test_qmm,named,Quantize direction
test_quantized.py,test_qmm,named,Quantize direction
test_quantized.py,test_qmm,named,Quantize direction
test_quantized.py,test_qmm,named,Quantize direction
test_quantized.py,test_qmm,named,Quantize direction
test_quantized.py,test_qmm,named,Quantize direction
test_quantized.py,test_qmm,named,Quantize direction
test_quantized.py,test_qmm,named,Quantize direction
test_quantized.py,test_qmm,named,Quantize direction
test_quantized.py,test_qmm,named,Quantize direction
test_quantized.py,test_qmm,named,Quantize direction
test_quantized.py,test_qmm,named,Quantize direction
test_quantized.py,test_qmm,named,Quantize direction
test_quantized.py,test_qmm,named,Quantize direction
test_quantized.py,test_qmm,named,Quantize direction
test_quantized.py,test_qmm,named,Quantize direction
test_quantized.py,test_qmm,named,Quantize direction
test_quantized.py,test_qmm,named,Quantize direction
test_quantized.py,test_qmm,named,Quantize direction
test_quantized.py,test_qmm,named,Quantize direction
test_quantized.py,test_qmm,named,Quantize direction
test_quantized.py,test_qmm,named,Quantize direction
test_quantized.py,test_qmm,named,Quantize direction
test_quantized.py,test_qmm,named,Quantize direction
test_quantized.py,test_qmm,named,Quantize direction
test_quantized.py,test_qmm,named,Quantize direction
test_quantized.py,test_qmm,named,Quantize direction
test_quantized.py,test_qmm,named,Quantize direction
test_quantized.py,test_qmm,named,Quantize direction
test_quantized.py,test_qmm,named,Quantize direction
test_quantized.py,test_qmm,named,Quantize direction
test_quantized.py,test_qmm,named,Quantize direction
test_quantized.py,test_qmm,named,Quantize direction
test_quantized.py,test_qmm,named,Quantize direction
test_quantized.py,test_qmm,named,Quantize direction
test_quantized.py,test_qmm,named,Quantize direction
test_quantized.py,test_qmm,named,Quantize direction
test_quantized.py,test_qmm,named,Quantize direction
test_quantized.py,test_qmm,named,Quantize direction
test_quantized.py,test_qmm,named,Quantize direction
test_quantized.py,test_qmm,named,Quantize direction
test_quantized.py,test_qmm,named,Quantize direction
test_quantized.py,test_qmm,named,Quantize direction
test_quantized.py,test_qmm,named,Quantize direction
test_quantized.py,test_qmm,named,Quantize direction
test_quantized.py,test_qmm,named,Quantize direction
test_quantized.py,test_qmm,named,Quantize direction
test_quantized.py,test_qmm,named,Quantize direction
test_quantized.py,test_qmm,named,Quantize direction
test_quantized.py,test_qmm,named,Quantize direction
test_quantized.py,test_qmm,named,Quantize direction
test_quantized.py,test_qmm,named,Quantize direction
test_quantized.py,test_qmm,named,Quantize direction
test_quantized.py,test_qmm,named,Quantize direction
test_quantized.py,test_qmm,named,Quantize direction
test_quantized.py,test_qmm,named,Quantize direction
test_quantized.py,test_qmm,named,Quantize direction
test_quantized.py,test_qmm,named,Quantize direction
test_quantized.py,test_qmm,named,Quantize direction
test_quantized.py,test_qmm,named,Quantize direction
test_quantized.py,test_qmm,named,Quantize direction
test_quantized.py,test_qmm,named,Quantize direction
test_quantized.py,test_qmm,named,Quantize direction
test_quantized.py,test_qmm,named,Quantize direction
test_quantized.py,test_qmm,named,Quantize direction
test_quantized.py,test_qmm,named,Quantize direction
test_quantized.py,test_qmm,named,Quantize direction
test_quantized.py,test_qmm,named,Quantize direction
test_quantized.py,test_qmm,named,Quantize direction
test_quantized.py,test_qmm,named,Quantize direction
test_quantized.py,test_qmm,named,Quantize direction
test_quantized.py,test_qmm,named,Quantize direction
test_quantized.py,test_qmm,named,Quantize direction
test_quantized.py,test_qmm,named,Quantize direction
test_quantized.py,test_qmm,named,Quantize direction
test_quantized.py,test_qmm,named,Quantize direction
test_quantized.py,test_qmm,named,Quantize direction
test_quantized.py,test_qmm,named,Quantize direction
test_quantized.py,test_qmm,named,Quantize direction
test_quantized.py,test_qmm,named,Quantize direction
test_quantized.py,test_qmm,named,Quantize direction
test_quantized.py,test_qmm,named,Quantize direction
test_quantized.py,test_qmm,named,Quantize direction
test_quantized.py,test_qmm,named,Quantize direction
test_quantized.py,test_qmm,named,Quantize direction
test_quantized.py,test_qmm,named,Quantize direction
test_quantized.py,test_qmm,named,Quantize direction
test_quantized.py,test_qmm_jvp,named,Quantize direction
test_quantized.py,test_qmm_large_dims,named,Quantize direction
test_quantized.py,test_qmm_large_dims,named,Quantize direction
test_quantized.py,test_qmm_large_dims,named,Quantize direction
test_quantized.py,test_qmm_large_dims,named,Quantize direction
test_quantized.py,test_qmm_shapes,named,Quantize direction
test_quantized.py,test_qmm_small_m_block,named,Quantize direction
test_quantized.py,test_qmm_small_m_block,named,Quantize direction
test_quantized.py,test_qmm_vjp,named,Quantize direction
test_quantized.py,test_qmv,named,Quantize direction
test_quantized.py,test_qmv,named,Quantize direction
test_quantized.py,test_qmv,named,Quantize direction
test_quantized.py,test_qmv,named,Quantize direction
test_quantized.py,test_qmv,named,Quantize direction
test_quantized.py,test_qmv,named,Quantize direction
test_quantized.py,test_qmv,named,Quantize direction
test_quantized.py,test_qmv,named,Quantize direction
test_quantized.py,test_qmv,named,Quantize direction
test_quantized.py,test_qmv,named,Quantize direction
test_quantized.py,test_qmv,named,Quantize direction
test_quantized.py,test_qmv,named,Quantize direction
test_quantized.py,test_qmv,named,Quantize direction
test_quantized.py,test_qmv,named,Quantize direction
test_quantized.py,test_qmv,named,Quantize direction
test_quantized.py,test_qmv,named,Quantize direction
test_quantized.py,test_qmv,named,Quantize direction
test_quantized.py,test_qmv,named,Quantize direction
test_quantized.py,test_qmv,named,Quantize direction
test_quantized.py,test_qmv,named,Quantize direction
test_quantized.py,test_qmv,named,Quantize direction
test_quantized.py,test_qmv,named,Quantize direction
test_quantized.py,test_qmv,named,Quantize direction
test_quantized.py,test_qmv,named,Quantize direction
test_quantized.py,test_qmv,named,Quantize direction
test_quantized.py,test_qmv,named,Quantize direction
test_quantized.py,test_qmv,named,Quantize direction
test_quantized.py,test_qmv,named,Quantize direction
test_quantized.py,test_qmv,named,Quantize direction
test_quantized.py,test_qmv,named,Quantize direction
test_quantized.py,test_qmv,named,Quantize direction
test_quantized.py,test_qmv,named,Quantize direction
test_quantized.py,test_qmv,named,Quantize direction
test_quantized.py,test_qmv,named,Quantize direction
test_quantized.py,test_qmv,named,Quantize direction
test_quantized.py,test_qmv,named,Quantize direction
test_quantized.py,test_qmv,named,Quantize direction
test_quantized.py,test_qmv,named,Quantize direction
test_quantized.py,test_qmv,named,Quantize direction
test_quantized.py,test_qmv,named,Quantize direction
test_quantized.py,test_qmv,named,Quantize direction
test_quantized.py,test_qmv,named,Quantize direction
test_quantized.py,test_qmv,named,Quantize direction
test_quantized.py,test_qmv,named,Quantize direction
test_quantized.py,test_qmv,named,Quantize direction
test_quantized.py,test_qmv,named,Quantize direction
test_quantized.py,test_qmv,named,Quantize direction
test_quantized.py,test_qmv,named,Quantize direction
test_quantized.py,test_qmv,named,Quantize direction
test_quantized.py,test_qmv,named,Quantize direction
test_quantized.py,test_qmv,named,Quantize direction
test_quantized.py,test_qmv,named,Quantize direction
test_quantized.py,test_qmv,named,Quantize direction
test_quantized.py,test_qmv,named,Quantize direction
test_quantized.py,test_qmv,named,Quantize direction
test_quantized.py,test_qmv,named,Quantize direction
test_quantized.py,test_qmv,named,Quantize direction
test_quantized.py,test_qmv,named,Quantize direction
test_quantized.py,test_qmv,named,Quantize direction
test_quantized.py,test_qmv,named,Quantize direction
test_quantized.py,test_qmv,named,Quantize direction
test_quantized.py,test_qmv,named,Quantize direction
test_quantized.py,test_qmv,named,Quantize direction
test_quantized.py,test_qmv,named,Quantize direction
test_quantized.py,test_qmv,named,Quantize direction
test_quantized.py,test_qmv,named,Quantize direction
test_quantized.py,test_qmv,named,Quantize direction
test_quantized.py,test_qmv,named,Quantize direction
test_quantized.py,test_qmv,named,Quantize direction
test_quantized.py,test_qmv,named,Quantize direction
test_quantized.py,test_qmv,named,Quantize direction
test_quantized.py,test_qmv,named,Quantize direction
test_quantized.py,test_qmv,named,Quantize direction
test_quantized.py,test_qmv,named,Quantize direction
test_quantized.py,test_qmv,named,Quantize direction
test_quantized.py,test_qmv,named,Quantize direction
test_quantized.py,test_qmv,named,Quantize direction
test_quantized.py,test_qmv,named,Quantize direction
test_quantized.py,test_qmv,named,Quantize direction
test_quantized.py,test_qmv,named,Quantize direction
test_quantized.py,test_qmv,named,Quantize direction
test_quantized.py,test_qmv,named,Quantize direction
test_quantized.py,test_qmv,named,Quantize direction
test_quantized.py,test_qmv,named,Quantize direction
test_quantized.py,test_qmv,named,Quantize direction
test_quantized.py,test_qmv,named,Quantize direction
test_quantized.py,test_qmv,named,Quantize direction
test_quantized.py,test_qmv,named,Quantize direction
test_quantized.py,test_qmv,named,Quantize direction
test_quantized.py,test_qmv,named,Quantize direction
test_quantized.py,test_qmv,named,Quantize direction
test_quantized.py,test_qmv,named,Quantize direction
test_quantized.py,test_qmv,named,Quantize direction
test_quantized.py,test_qmv,named,Quantize direction
test_quantized.py,test_qmv,named,Quantize direction
test_quantized.py,test_qmv,named,Quantize direction
test_quantized.py,test_qmv,named,Quantize direction
test_quantized.py,test_qmv,named,Quantize direction
test_quantized.py,test_qmv,named,Quantize direction
test_quantized.py,test_qmv,named,Quantize direction
test_quantized.py,test_qmv,named,Quantize direction
test_quantized.py,test_qmv,named,Quantize direction
test_quantized.py,test_qmv,named,Quantize direction
test_quantized.py,test_qmv,named,Quantize direction
test_quantized.py,test_qmv,named,Quantize direction
test_quantized.py,test_qmv,named,Quantize direction
test_quantized.py,test_qmv,named,Quantize direction
test_quantized.py,test_qmv,named,Quantize direction
test_quantized.py,test_qmv,named,Quantize direction
test_quantized.py,test_qmv,named,Quantize direction
test_quantized.py,test_qmv,named,Quantize direction
test_quantized.py,test_qmv,named,Quantize direction
test_quantized.py,test_qmv,named,Quantize direction
test_quantized.py,test_qmv,named,Quantize direction
test_quantized.py,test_qmv,named,Quantize direction
test_quantized.py,test_qmv,named,Quantize direction
test_quantized.py,test_qmv,named,Quantize direction
test_quantized.py,test_qmv,named,Quantize direction
test_quantized.py,test_qmv,named,Quantize direction
test_quantized.py,test_qmv,named,Quantize direction
test_quantized.py,test_qmv,named,Quantize direction
test_quantized.py,test_qmv,named,Quantize direction
test_quantized.py,test_qmv,named,Quantize direction
test_quantized.py,test_qmv,named,Quantize direction
test_quantized.py,test_qmv,named,Quantize direction
test_quantized.py,test_qmv,named,Quantize direction
test_quantized.py,test_qmv,named,Quantize direction
test_quantized.py,test_qmv,named,Quantize direction
test_quantized.py,test_qmv,named,Quantize direction
test_quantized.py,test_qmv,named,Quantize direction
test_quantized.py,test_qmv,named,Quantize direction
test_quantized.py,test_qmv,named,Quantize direction
test_quantized.py,test_qmv,named,Quantize direction
test_quantized.py,test_qmv,named,Quantize direction
test_quantized.py,test_qmv,named,Quantize direction
test_quantized.py,test_qmv,named,Quantize direction
test_quantized.py,test_qmv,named,Quantize direction
test_quantized.py,test_qmv,named,Quantize direction
test_quantized.py,test_qmv,named,Quantize direction
test_quantized.py,test_qmv,named,Quantize direction
test_quantized.py,test_qmv,named,Quantize direction
test_quantized.py,test_qmv,named,Quantize direction
test_quantized.py,test_qmv,named,Quantize direction
test_quantized.py,test_qmv,named,Quantize direction
test_quantized.py,test_qmv,named,Quantize direction
test_quantized.py,test_qmv,named,Quantize direction
test_quantized.py,test_qmv,named,Quantize direction
test_quantized.py,test_qmv,named,Quantize direction
test_quantized.py,test_qmv,named,Quantize direction
test_quantized.py,test_qmv,named,Quantize direction
test_quantized.py,test_qmv,named,Quantize direction
test_quantized.py,test_qmv,named,Quantize direction
test_quantized.py,test_qmv,named,Quantize direction
test_quantized.py,test_qmv,named,Quantize direction
test_quantized.py,test_qmv,named,Quantize direction
test_quantized.py,test_qmv,named,Quantize direction
test_quantized.py,test_qmv,named,Quantize direction
test_quantized.py,test_qmv,named,Quantize direction
test_quantized.py,test_qmv,named,Quantize direction
test_quantized.py,test_qmv,named,Quantize direction
test_quantized.py,test_qmv,named,Quantize direction
test_quantized.py,test_qmv,named,Quantize direction
test_quantized.py,test_qmv,named,Quantize direction
test_quantized.py,test_qmv,named,Quantize direction
test_quantized.py,test_qmv,named,Quantize direction
test_quantized.py,test_qmv,named,Quantize direction
test_quantized.py,test_qmv,named,Quantize direction
test_quantized.py,test_qmv,named,Quantize direction
test_quantized.py,test_qmv,named,Quantize direction
test_quantized.py,test_qmv,named,Quantize direction
test_quantized.py,test_qmv,named,Quantize direction
test_quantized.py,test_qmv,named,Quantize direction
test_quantized.py,test_qmv,named,Quantize direction
test_quantized.py,test_qmv,named,Quantize direction
test_quantized.py,test_qmv,named,Quantize direction
test_quantized.py,test_qmv,named,Quantize direction
test_quantized.py,test_qmv,named,Quantize direction
test_quantized.py,test_qmv,named,Quantize direction
test_quantized.py,test_qmv,named,Quantize direction
test_quantized.py,test_qmv,named,Quantize direction
test_quantized.py,test_qmv,named,Quantize direction
test_quantized.py,test_qmv,named,Quantize direction
test_quantized.py,test_qmv,named,Quantize direction
test_quantized.py,test_qmv,named,Quantize direction
test_quantized.py,test_qmv,named,Quantize direction
test_quantized.py,test_qmv,named,Quantize direction
test_quantized.py,test_qmv,named,Quantize direction
test_quantized.py,test_qmv,named,Quantize direction
test_quantized.py,test_qmv,named,Quantize direction
test_quantized.py,test_qmv,named,Quantize direction
test_quantized.py,test_qmv,named,Quantize direction
test_quantized.py,test_qmv,named,Quantize direction
test_quantized.py,test_qmv,named,Quantize direction
test_quantized.py,test_qmv,named,Quantize direction
test_quantized.py,test_qmv,named,Quantize direction
test_quantized.py,test_qmv,named,Quantize direction
test_quantized.py,test_qmv,named,Quantize direction
test_quantized.py,test_qmv,named,Quantize direction
test_quantized.py,test_qmv,named,Quantize direction
test_quantized.py,test_qmv,named,Quantize direction
test_quantized.py,test_qmv,named,Quantize direction
test_quantized.py,test_qmv,named,Quantize direction
test_quantized.py,test_qmv,named,Quantize direction
test_quantized.py,test_qmv,named,Quantize direction
test_quantized.py,test_qmv,named,Quantize direction
test_quantized.py,test_qmv,named,Quantize direction
test_quantized.py,test_qmv,named,Quantize direction
test_quantized.py,test_qmv,named,Quantize direction
test_quantized.py,test_qmv,named,Quantize direction
test_quantized.py,test_qmv,named,Quantize direction
test_quantized.py,test_qmv,named,Quantize direction
test_quantized.py,test_qmv,named,Quantize direction
test_quantized.py,test_qmv,named,Quantize direction
test_quantized.py,test_qmv,named,Quantize direction
test_quantized.py,test_qmv,named,Quantize direction
test_quantized.py,test_qmv,named,Quantize direction
test_quantized.py,test_qmv,named,Quantize direction
test_quantized.py,test_qmv,named,Quantize direction
test_quantized.py,test_qmv,named,Quantize direction
test_quantized.py,test_qmv,named,Quantize direction
test_quantized.py,test_qmv,named,Quantize direction
test_quantized.py,test_qmv,named,Quantize direction
test_quantized.py,test_qmv,named,Quantize direction
test_quantized.py,test_qmv,named,Quantize direction
test_quantized.py,test_qmv,named,Quantize direction
test_quantized.py,test_qmv,named,Quantize direction
test_quantized.py,test_qmv,named,Quantize direction
test_quantized.py,test_qmv,named,Quantize direction
test_quantized.py,test_qmv,named,Quantize direction
test_quantized.py,test_qmv,named,Quantize direction
test_quantized.py,test_qmv,named,Quantize direction
test_quantized.py,test_qmv,named,Quantize direction
test_quantized.py,test_qmv,named,Quantize direction
test_quantized.py,test_qmv,named,Quantize direction
test_quantized.py,test_qmv,named,Quantize direction
test_quantized.py,test_qmv,named,Quantize direction
test_quantized.py,test_qmv,named,Quantize direction
test_quantized.py,test_qmv,named,Quantize direction
test_quantized.py,test_qmv,named,Quantize direction
test_quantized.py,test_qmv,named,Quantize direction
test_quantized.py,test_qmv,named,Quantize direction
test_quantized.py,test_qmv,named,Quantize direction
test_quantized.py,test_qmv,named,Quantize direction
test_quantized.py,test_qmv,named,Quantize direction
test_quantized.py,test_qmv,named,Quantize direction
test_quantized.py,test_qmv,named,Quantize direction
test_quantized.py,test_qmv,named,Quantize direction
test_quantized.py,test_qmv,named,Quantize direction
test_quantized.py,test_qmv,named,Quantize direction
test_quantized.py,test_qmv,named,Quantize direction
test_quantized.py,test_qmv,named,Quantize direction
test_quantized.py,test_qmv,named,Quantize direction
test_quantized.py,test_qmv,named,Quantize direction
test_quantized.py,test_qmv,named,Quantize direction
test_quantized.py,test_qmv,named,Quantize direction
test_quantized.py,test_qmv,named,Quantize direction
test_quantized.py,test_qmv,named,Quantize direction
test_quantized.py,test_qmv,named,Quantize direction
test_quantized.py,test_qmv,named,Quantize direction
test_quantized.py,test_qmv,named,Quantize direction
test_quantized.py,test_qmv,named,Quantize direction
test_quantized.py,test_qmv,named,Quantize direction
test_quantized.py,test_qmv,named,Quantize direction
test_quantized.py,test_qmv,named,Quantize direction
test_quantized.py,test_qmv,named,Quantize direction
test_quantized.py,test_qmv,named,Quantize direction
test_quantized.py,test_qmv,named,Quantize direction
test_quantized.py,test_qmv,named,Quantize direction
test_quantized.py,test_qmv,named,Quantize direction
test_quantized.py,test_qmv,named,Quantize direction
test_quantized.py,test_qmv,named,Quantize direction
test_quantized.py,test_qmv,named,Quantize direction
test_quantized.py,test_qmv,named,Quantize direction
test_quantized.py,test_qmv,named,Quantize direction
test_quantized.py,test_qmv,named,Quantize direction
test_quantized.py,test_qmv,named,Quantize direction
test_quantized.py,test_qmv,named,Quantize direction
test_quantized.py,test_qmv,named,Quantize direction
test_quantized.py,test_qmv,named,Quantize direction
test_quantized.py,test_qmv,named,Quantize direction
test_quantized.py,test_qmv,named,Quantize direction
test_quantized.py,test_qmv,named,Quantize direction
test_quantized.py,test_qmv,named,Quantize direction
test_quantized.py,test_qmv,named,Quantize direction
test_quantized.py,test_qmv,named,Quantize direction
test_quantized.py,test_qmv,named,Quantize direction
test_quantized.py,test_qmv,named,Quantize direction
test_quantized.py,test_qmv,named,Quantize direction
test_quantized.py,test_qmv,named,Quantize direction
test_quantized.py,test_qmv,named,Quantize direction
test_quantized.py,test_qmv,named,Quantize direction
test_quantized.py,test_qmv,named,Quantize direction
test_quantized.py,test_qmv,named,Quantize direction
test_quantized.py,test_qmv,named,Quantize direction
test_quantized.py,test_qmv,named,Quantize direction
test_quantized.py,test_qmv,named,Quantize direction
test_quantized.py,test_qmv,named,Quantize direction
test_quantized.py,test_qmv,named,Quantize direction
test_quantized.py,test_qmv,named,Quantize direction
test_quantized.py,test_qmv,named,Quantize direction
test_quantized.py,test_qmv,named,Quantize direction
test_quantized.py,test_qmv,named,Quantize direction
test_quantized.py,test_qmv,named,Quantize direction
test_quantized.py,test_qmv,named,Quantize direction
test_quantized.py,test_qmv,named,Quantize direction
test_quantized.py,test_qmv,named,Quantize direction
test_quantized.py,test_qmv,named,Quantize direction
test_quantized.py,test_qmv,named,Quantize direction
test_quantized.py,test_qmv,named,Quantize direction
test_quantized.py,test_qmv,named,Quantize direction
test_quantized.py,test_qmv,named,Quantize direction
test_quantized.py,test_qmv,named,Quantize direction
test_quantized.py,test_qmv,named,Quantize direction
test_quantized.py,test_qmv,named,Quantize direction
test_quantized.py,test_qmv,named,Quantize direction
test_quantized.py,test_qmv,named,Quantize direction
test_quantized.py,test_qmv,named,Quantize direction
test_quantized.py,test_qmv,named,Quantize direction
test_quantized.py,test_qmv,named,Quantize direction
test_quantized.py,test_qmv,named,Quantize direction
test_quantized.py,test_qmv,named,Quantize direction
test_quantized.py,test_qmv,named,Quantize direction
test_quantized.py,test_qmv,named,Quantize direction
test_quantized.py,test_qmv,named,Quantize direction
test_quantized.py,test_qmv,named,Quantize direction
test_quantized.py,test_qmv,named,Quantize direction
test_quantized.py,test_qmv,named,Quantize direction
test_quantized.py,test_qmv,named,Quantize direction
test_quantized.py,test_qmv,named,Quantize direction
test_quantized.py,test_qmv,named,Quantize direction
test_quantized.py,test_qmv,named,Quantize direction
test_quantized.py,test_qmv,named,Quantize direction
test_quantized.py,test_qmv,named,Quantize direction
test_quantized.py,test_qmv,named,Quantize direction
test_quantized.py,test_qmv,named,Quantize direction
test_quantized.py,test_qmv,named,Quantize direction
test_quantized.py,test_qmv,named,Quantize direction
test_quantized.py,test_qmv,named,Quantize direction
test_quantized.py,test_qmv,named,Quantize direction
test_quantized.py,test_qmv,named,Quantize direction
test_quantized.py,test_qmv,named,Quantize direction
test_quantized.py,test_qmv,named,Quantize direction
test_quantized.py,test_qmv,named,Quantize direction
test_quantized.py,test_qmv,named,Quantize direction
test_quantized.py,test_qmv,named,Quantize direction
test_quantized.py,test_qmv,named,Quantize direction
test_quantized.py,test_qmv,named,Quantize direction
test_quantized.py,test_qmv,named,Quantize direction
test_quantized.py,test_qmv,named,Quantize direction
test_quantized.py,test_qmv,named,Quantize direction
test_quantized.py,test_qmv,named,Quantize direction
test_quantized.py,test_qmv,named,Quantize direction
test_quantized.py,test_qmv,named,Quantize direction
test_quantized.py,test_qmv,named,Quantize direction
test_quantized.py,test_qmv,named,Quantize direction
test_quantized.py,test_qmv,named,Quantize direction
test_quantized.py,test_qmv,named,Quantize direction
test_quantized.py,test_qmv,named,Quantize direction
test_quantized.py,test_qmv,named,Quantize direction
test_quantized.py,test_qmv,named,Quantize direction
test_quantized.py,test_qmv_small_non_multiples,named,Quantize direction
test_quantized.py,test_qmv_small_non_multiples,named,Quantize direction
test_quantized.py,test_qmv_small_non_multiples,named,Quantize direction
test_quantized.py,test_qmv_small_non_multiples,named,Quantize direction
test_quantized.py,test_qmv_small_non_multiples,named,Quantize direction
test_quantized.py,test_qmv_small_non_multiples,named,Quantize direction
test_quantized.py,test_qmv_small_non_multiples,named,Quantize direction
test_quantized.py,test_qmv_small_non_multiples,named,Quantize direction
test_quantized.py,test_qmv_small_non_multiples,named,Quantize direction
test_quantized.py,test_qmv_small_non_multiples,named,Quantize direction
test_quantized.py,test_qmv_small_non_multiples,named,Quantize direction
test_quantized.py,test_qmv_small_non_multiples,named,Quantize direction
test_quantized.py,test_qmv_wide,named,Quantize direction
test_quantized.py,test_qmv_wide,named,Quantize direction
test_quantized.py,test_qmv_wide,named,Quantize direction
test_quantized.py,test_qmv_wide,named,Quantize direction
test_quantized.py,test_qmv_wide,named,Quantize direction
test_quantized.py,test_qmv_wide,named,Quantize direction
test_quantized.py,test_qmv_wide,named,Quantize direction
test_quantized.py,test_qmv_wide,named,Quantize direction
test_quantized.py,test_qmv_wide,named,Quantize direction
test_quantized.py,test_qmv_wide,named,Quantize direction
test_quantized.py,test_qmv_wide,named,Quantize direction
test_quantized.py,test_qmv_wide,named,Quantize direction
test_quantized.py,test_qmv_wide,named,Quantize direction
test_quantized.py,test_qmv_wide,named,Quantize direction
test_quantized.py,test_qmv_wide,named,Quantize direction
test_quantized.py,test_qmv_wide,named,Quantize direction
test_quantized.py,test_qmv_wide,named,Quantize direction
test_quantized.py,test_qmv_wide,named,Quantize direction
test_quantized.py,test_qmv_wide,named,Quantize direction
test_quantized.py,test_qmv_wide,named,Quantize direction
test_quantized.py,test_qmv_wide,named,Quantize direction
test_quantized.py,test_qmv_wide,named,Quantize direction
test_quantized.py,test_qmv_wide,named,Quantize direction
test_quantized.py,test_qmv_wide,named,Quantize direction
test_quantized.py,test_qmv_wide,named,Quantize direction
test_quantized.py,test_qmv_wide,named,Quantize direction
test_quantized.py,test_qmv_wide,named,Quantize direction
test_quantized.py,test_qmv_wide,named,Quantize direction
test_quantized.py,test_qmv_wide,named,Quantize direction
test_quantized.py,test_qmv_wide,named,Quantize direction
test_quantized.py,test_qmv_wide,named,Quantize direction
test_quantized.py,test_qmv_wide,named,Quantize direction
test_quantized.py,test_qmv_wide,named,Quantize direction
test_quantized.py,test_qmv_wide,named,Quantize direction
test_quantized.py,test_qmv_wide,named,Quantize direction
test_quantized.py,test_qmv_wide,named,Quantize direction
test_quantized.py,test_qmv_wide,named,Quantize direction
test_quantized.py,test_qmv_wide,named,Quantize direction
test_quantized.py,test_qmv_wide,named,Quantize direction
test_quantized.py,test_qmv_wide,named,Quantize direction
test_quantized.py,test_qmv_wide,named,Quantize direction
test_quantized.py,test_qmv_wide,named,Quantize direction
test_quantized.py,test_qmv_wide,named,Quantize direction
test_quantized.py,test_qmv_wide,named,Quantize direction
test_quantized.py,test_qmv_wide,named,Quantize direction
test_quantized.py,test_qmv_wide,named,Quantize direction
test_quantized.py,test_qmv_wide,named,Quantize direction
test_quantized.py,test_qmv_wide,named,Quantize direction
test_quantized.py,test_qmv_wide,named,Quantize direction
test_quantized.py,test_qmv_wide,named,Quantize direction
test_quantized.py,test_qmv_wide,named,Quantize direction
test_quantized.py,test_qmv_wide,named,Quantize direction
test_quantized.py,test_qmv_wide,named,Quantize direction
test_quantized.py,test_qmv_wide,named,Quantize direction
test_quantized.py,test_qmv_wide,named,Quantize direction
test_quantized.py,test_qmv_wide,named,Quantize direction
test_quantized.py,test_qmv_wide,named,Quantize direction
test_quantized.py,test_qmv_wide,named,Quantize direction
test_quantized.py,test_qmv_wide,named,Quantize direction
test_quantized.py,test_qmv_wide,named,Quantize direction
test_quantized.py,test_qmv_wide,named,Quantize direction
test_quantized.py,test_qmv_wide,named,Quantize direction
test_quantized.py,test_qmv_wide,named,Quantize direction
test_quantized.py,test_qmv_wide,named,Quantize direction
test_quantized.py,test_qmv_wide,named,Quantize direction
test_quantized.py,test_qmv_wide,named,Quantize direction
test_quantized.py,test_qmv_wide,named,Quantize direction
test_quantized.py,test_qmv_wide,named,Quantize direction
test_quantized.py,test_qmv_wide,named,Quantize direction
test_quantized.py,test_qmv_wide,named,Quantize direction
test_quantized.py,test_qmv_wide,named,Quantize direction
test_quantized.py,test_qmv_wide,named,Quantize direction
test_quantized.py,test_qmv_wide,named,Quantize direction
test_quantized.py,test_qmv_wide,named,Quantize direction
test_quantized.py,test_qmv_wide,named,Quantize direction
test_quantized.py,test_qmv_wide,named,Quantize direction
test_quantized.py,test_qmv_wide,named,Quantize direction
test_quantized.py,test_qmv_wide,named,Quantize direction
test_quantized.py,test_qmv_wide,named,Quantize direction
test_quantized.py,test_qmv_wide,named,Quantize direction
test_quantized.py,test_qmv_wide,named,Quantize direction
test_quantized.py,test_qmv_wide,named,Quantize direction
test_quantized.py,test_qmv_wide,named,Quantize direction
test_quantized.py,test_qmv_wide,named,Quantize direction
test_quantized.py,test_qmv_wide,named,Quantize direction
test_quantized.py,test_qmv_wide,named,Quantize direction
test_quantized.py,test_qmv_wide,named,Quantize direction
test_quantized.py,test_qmv_wide,named,Quantize direction
test_quantized.py,test_qmv_wide,named,Quantize direction
test_quantized.py,test_qmv_wide,named,Quantize direction
test_quantized.py,test_qmv_wide,named,Quantize direction
test_quantized.py,test_qmv_wide,named,Quantize direction
test_quantized.py,test_qmv_wide,named,Quantize direction
test_quantized.py,test_qmv_wide,named,Quantize direction
test_quantized.py,test_qmv_wide,named,Quantize direction
test_quantized.py,test_qmv_wide,named,Quantize direction
test_quantized.py,test_qmv_wide,named,Quantize direction
test_quantized.py,test_qmv_wide,named,Quantize direction
test_quantized.py,test_qmv_wide,named,Quantize direction
test_quantized.py,test_qmv_wide,named,Quantize direction
test_quantized.py,test_qmv_wide,named,Quantize direction
test_quantized.py,test_qmv_wide,named,Quantize direction
test_quantized.py,test_qmv_wide,named,Quantize direction
test_quantized.py,test_qmv_wide,named,Quantize direction
test_quantized.py,test_qmv_wide,named,Quantize direction
test_quantized.py,test_qmv_wide,named,Quantize direction
test_quantized.py,test_qmv_wide,named,Quantize direction
test_quantized.py,test_qmv_wide,named,Quantize direction
test_quantized.py,test_qmv_wide,named,Quantize direction
test_quantized.py,test_qmv_wide,named,Quantize direction
test_quantized.py,test_qmv_wide,named,Quantize direction
test_quantized.py,test_qmv_wide,named,Quantize direction
test_quantized.py,test_qmv_wide,named,Quantize direction
test_quantized.py,test_qmv_wide,named,Quantize direction
test_quantized.py,test_qmv_wide,named,Quantize direction
test_quantized.py,test_qmv_wide,named,Quantize direction
test_quantized.py,test_qmv_wide,named,Quantize direction
test_quantized.py,test_qmv_wide,named,Quantize direction
test_quantized.py,test_qmv_wide,named,Quantize direction
test_quantized.py,test_qmv_wide,named,Quantize direction
test_quantized.py,test_qmv_wide,named,Quantize direction
test_quantized.py,test_qmv_wide,named,Quantize direction
test_quantized.py,test_qmv_wide,named,Quantize direction
test_quantized.py,test_qmv_wide,named,Quantize direction
test_quantized.py,test_qmv_wide,named,Quantize direction
test_quantized.py,test_qmv_wide,named,Quantize direction
test_quantized.py,test_qmv_wide,named,Quantize direction
test_quantized.py,test_qmv_wide,named,Quantize direction
test_quantized.py,test_qmv_wide,named,Quantize direction
test_quantized.py,test_qmv_wide,named,Quantize direction
test_quantized.py,test_qmv_wide,named,Quantize direction
test_quantized.py,test_qmv_wide,named,Quantize direction
test_quantized.py,test_qmv_wide,named,Quantize direction
test_quantized.py,test_qmv_wide,named,Quantize direction
test_quantized.py,test_qmv_wide,named,Quantize direction
test_quantized.py,test_qmv_wide,named,Quantize direction
test_quantized.py,test_qmv_wide,named,Quantize direction
test_quantized.py,test_qmv_wide,named,Quantize direction
test_quantized.py,test_qmv_wide,named,Quantize direction
test_quantized.py,test_qmv_wide,named,Quantize direction
test_quantized.py,test_qmv_wide,named,Quantize direction
test_quantized.py,test_qmv_wide,named,Quantize direction
test_quantized.py,test_qmv_wide,named,Quantize direction
test_quantized.py,test_qmv_wide,named,Quantize direction
test_quantized.py,test_qmv_wide,named,Quantize direction
test_quantized.py,test_qmv_wide,named,Quantize direction
test_quantized.py,test_qmv_wide,named,Quantize direction
test_quantized.py,test_qmv_wide,named,Quantize direction
test_quantized.py,test_qmv_wide,named,Quantize direction
test_quantized.py,test_qmv_wide,named,Quantize direction
test_quantized.py,test_qmv_wide,named,Quantize direction
test_quantized.py,test_qmv_wide,named,Quantize direction
test_quantized.py,test_qmv_wide,named,Quantize direction
test_quantized.py,test_qmv_wide,named,Quantize direction
test_quantized.py,test_qmv_wide,named,Quantize direction
test_quantized.py,test_qmv_wide,named,Quantize direction
test_quantized.py,test_qmv_wide,named,Quantize direction
test_quantized.py,test_qmv_wide,named,Quantize direction
test_quantized.py,test_qmv_wide,named,Quantize direction
test_quantized.py,test_qmv_wide,named,Quantize direction
test_quantized.py,test_qmv_wide,named,Quantize direction
test_quantized.py,test_qmv_wide,named,Quantize direction
test_quantized.py,test_qmv_wide,named,Quantize direction
test_quantized.py,test_qmv_wide,named,Quantize direction
test_quantized.py,test_qmv_wide,named,Quantize direction
test_quantized.py,test_qmv_wide,named,Quantize direction
test_quantized.py,test_qmv_wide,named,Quantize direction
test_quantized.py,test_qmv_wide,named,Quantize direction
test_quantized.py,test_qmv_wide,named,Quantize direction
test_quantized.py,test_qmv_wide,named,Quantize direction
test_quantized.py,test_qmv_wide,named,Quantize direction
test_quantized.py,test_qmv_wide,named,Quantize direction
test_quantized.py,test_qmv_wide,named,Quantize direction
test_quantized.py,test_qmv_wide,named,Quantize direction
test_quantized.py,test_qmv_wide,named,Quantize direction
test_quantized.py,test_qmv_wide,named,Quantize direction
test_quantized.py,test_qmv_wide,named,Quantize direction
test_quantized.py,test_qmv_wide,named,Quantize direction
test_quantized.py,test_qmv_wide,named,Quantize direction
test_quantized.py,test_qmv_wide,named,Quantize direction
test_quantized.py,test_qmv_wide,named,Quantize direction
test_quantized.py,test_qmv_wide,named,Quantize direction
test_quantized.py,test_qmv_wide,named,Quantize direction
test_quantized.py,test_qmv_wide,named,Quantize direction
test_quantized.py,test_qmv_wide,named,Quantize direction
test_quantized.py,test_qmv_wide,named,Quantize direction
test_quantized.py,test_qmv_wide,named,Quantize direction
test_quantized.py,test_qmv_wide,named,Quantize direction
test_quantized.py,test_qmv_wide,named,Quantize direction
test_quantized.py,test_qmv_wide,named,Quantize direction
test_quantized.py,test_qmv_wide,named,Quantize direction
test_quantized.py,test_qmv_wide,named,Quantize direction
test_quantized.py,test_qmv_wide,named,Quantize direction
test_quantized.py,test_qmv_wide,named,Quantize direction
test_quantized.py,test_qmv_wide,named,Quantize direction
test_quantized.py,test_qmv_wide,named,Quantize direction
test_quantized.py,test_qmv_wide,named,Quantize direction
test_quantized.py,test_qmv_wide,named,Quantize direction
test_quantized.py,test_qmv_wide,named,Quantize direction
test_quantized.py,test_qmv_wide,named,Quantize direction
test_quantized.py,test_qmv_wide,named,Quantize direction
test_quantized.py,test_qmv_wide,named,Quantize direction
test_quantized.py,test_qmv_wide,named,Quantize direction
test_quantized.py,test_qmv_wide,named,Quantize direction
test_quantized.py,test_qmv_wide,named,Quantize direction
test_quantized.py,test_qmv_wide,named,Quantize direction
test_quantized.py,test_qmv_wide,named,Quantize direction
test_quantized.py,test_qmv_wide,named,Quantize direction
test_quantized.py,test_qmv_wide,named,Quantize direction
test_quantized.py,test_qmv_wide,named,Quantize direction
test_quantized.py,test_qmv_wide,named,Quantize direction
test_quantized.py,test_qmv_wide,named,Quantize direction
test_quantized.py,test_qmv_wide,named,Quantize direction
test_quantized.py,test_qmv_wide,named,Quantize direction
test_quantized.py,test_qmv_wide,named,Quantize direction
test_quantized.py,test_qmv_wide,named,Quantize direction
test_quantized.py,test_qmv_wide,named,Quantize direction
test_quantized.py,test_qmv_wide,named,Quantize direction
test_quantized.py,test_qmv_wide,named,Quantize direction
test_quantized.py,test_qmv_wide,named,Quantize direction
test_quantized.py,test_qmv_wide,named,Quantize direction
test_quantized.py,test_qmv_wide,named,Quantize direction
test_quantized.py,test_qmv_wide,named,Quantize direction
test_quantized.py,test_qmv_wide,named,Quantize direction
test_quantized.py,test_qmv_wide,named,Quantize direction
test_quantized.py,test_qmv_wide,named,Quantize direction
test_quantized.py,test_qmv_wide,named,Quantize direction
test_quantized.py,test_qmv_wide,named,Quantize direction
test_quantized.py,test_qmv_wide,named,Quantize direction
test_quantized.py,test_qmv_wide,named,Quantize direction
test_quantized.py,test_qmv_wide,named,Quantize direction
test_quantized.py,test_qmv_wide,named,Quantize direction
test_quantized.py,test_qmv_wide,named,Quantize direction
test_quantized.py,test_qmv_wide,named,Quantize direction
test_quantized.py,test_qmv_wide,named,Quantize direction
test_quantized.py,test_qmv_wide,named,Quantize direction
test_quantized.py,test_qmv_wide,named,Quantize direction
test_quantized.py,test_qmv_wide,named,Quantize direction
test_quantized.py,test_qmv_wide,named,Quantize direction
test_quantized.py,test_qmv_wide,named,Quantize direction
test_quantized.py,test_qmv_wide,named,Quantize direction
test_quantized.py,test_qmv_wide,named,Quantize direction
test_quantized.py,test_qmv_wide,named,Quantize direction
test_quantized.py,test_qmv_wide,named,Quantize direction
test_quantized.py,test_qmv_wide,named,Quantize direction
test_quantized.py,test_qmv_wide,named,Quantize direction
test_quantized.py,test_qmv_wide,named,Quantize direction
test_quantized.py,test_qmv_wide,named,Quantize direction
test_quantized.py,test_qmv_wide,named,Quantize direction
test_quantized.py,test_qmv_wide,named,Quantize direction
test_quantized.py,test_qmv_wide,named,Quantize direction
test_quantized.py,test_qmv_wide,named,Quantize direction
test_quantized.py,test_qmv_wide,named,Quantize direction
test_quantized.py,test_qmv_wide,named,Quantize direction
test_quantized.py,test_qmv_wide,named,Quantize direction
test_quantized.py,test_qmv_wide,named,Quantize direction
test_quantized.py,test_qmv_wide,named,Quantize direction
test_quantized.py,test_qmv_wide,named,Quantize direction
test_quantized.py,test_qmv_wide,named,Quantize direction
test_quantized.py,test_qmv_wide,named,Quantize direction
test_quantized.py,test_qmv_wide,named,Quantize direction
test_quantized.py,test_qmv_wide,named,Quantize direction
test_quantized.py,test_qmv_wide,named,Quantize direction
test_quantized.py,test_qmv_wide,named,Quantize direction
test_quantized.py,test_qmv_wide,named,Quantize direction
test_quantized.py,test_qmv_wide,named,Quantize direction
test_quantized.py,test_qmv_wide,named,Quantize direction
test_quantized.py,test_qmv_wide,named,Quantize direction
test_quantized.py,test_qmv_wide,named,Quantize direction
test_quantized.py,test_qmv_wide,named,Quantize direction
test_quantized.py,test_qmv_wide,named,Quantize direction
test_quantized.py,test_qmv_wide,named,Quantize direction
test_quantized.py,test_qmv_wide,named,Quantize direction
test_quantized.py,test_qmv_wide,named,Quantize direction
test_quantized.py,test_qmv_wide,named,Quantize direction
test_quantized.py,test_qmv_wide,named,Quantize direction
test_quantized.py,test_qmv_wide,named,Quantize direction
test_quantized.py,test_qmv_wide,named,Quantize direction
test_quantized.py,test_qmv_wide,named,Quantize direction
test_quantized.py,test_qmv_wide,named,Quantize direction
test_quantized.py,test_qmv_wide,named,Quantize direction
test_quantized.py,test_qmv_wide,named,Quantize direction
test_quantized.py,test_qmv_wide,named,Quantize direction
test_quantized.py,test_qmv_wide,named,Quantize direction
test_quantized.py,test_qmv_wide,named,Quantize direction
test_quantized.py,test_qmv_wide,named,Quantize direction
test_quantized.py,test_qmv_wide,named,Quantize direction
test_quantized.py,test_qmv_wide,named,Quantize direction
test_quantized.py,test_qmv_wide,named,Quantize direction
test_quantized.py,test_qmv_wide,named,Quantize direction
test_quantized.py,test_qmv_wide,named,Quantize direction
test_quantized.py,test_qmv_wide,named,Quantize direction
test_quantized.py,test_qmv_wide,named,Quantize direction
test_quantized.py,test_qmv_wide,named,Quantize direction
test_quantized.py,test_qmv_wide,named,Quantize direction
test_quantized.py,test_qmv_wide,named,Quantize direction
test_quantized.py,test_qmv_wide,named,Quantize direction
test_quantized.py,test_qmv_wide,named,Quantize direction
test_quantized.py,test_qmv_wide,named,Quantize direction
test_quantized.py,test_qmv_wide,named,Quantize direction
test_quantized.py,test_qmv_wide,named,Quantize direction
test_quantized.py,test_qmv_wide,named,Quantize direction
test_quantized.py,test_qmv_wide,named,Quantize direction
test_quantized.py,test_qmv_wide,named,Quantize direction
test_quantized.py,test_qmv_wide,named,Quantize direction
test_quantized.py,test_qmv_wide,named,Quantize direction
test_quantized.py,test_qmv_wide,named,Quantize direction
test_quantized.py,test_qmv_wide,named,Quantize direction
test_quantized.py,test_qmv_wide,named,Quantize direction
test_quantized.py,test_qmv_wide,named,Quantize direction
test_quantized.py,test_qmv_wide,named,Quantize direction
test_quantized.py,test_qmv_wide,named,Quantize direction
test_quantized.py,test_qmv_wide,named,Quantize direction
test_quantized.py,test_qmv_wide,named,Quantize direction
test_quantized.py,test_qmv_wide,named,Quantize direction
test_quantized.py,test_qmv_wide,named,Quantize direction
test_quantized.py,test_qmv_wide,named,Quantize direction
test_quantized.py,test_qmv_wide,named,Quantize direction
test_quantized.py,test_qmv_wide,named,Quantize direction
test_quantized.py,test_qmv_wide,named,Quantize direction
test_quantized.py,test_qmv_wide,named,Quantize direction
test_quantized.py,test_qmv_wide,named,Quantize direction
test_quantized.py,test_qmv_wide,named,Quantize direction
test_quantized.py,test_qmv_wide,named,Quantize direction
test_quantized.py,test_qmv_wide,named,Quantize direction
test_quantized.py,test_qmv_wide,named,Quantize direction
test_quantized.py,test_qmv_wide,named,Quantize direction
test_quantized.py,test_qmv_wide,named,Quantize direction
test_quantized.py,test_qmv_wide,named,Quantize direction
test_quantized.py,test_qmv_wide,named,Quantize direction
test_quantized.py,test_qmv_wide,named,Quantize direction
test_quantized.py,test_qmv_wide,named,Quantize direction
test_quantized.py,test_qmv_wide,named,Quantize direction
test_quantized.py,test_qmv_wide,named,Quantize direction
test_quantized.py,test_qmv_wide,named,Quantize direction
test_quantized.py,test_qmv_wide,named,Quantize direction
test_quantized.py,test_qmv_wide,named,Quantize direction
test_quantized.py,test_qmv_wide,named,Quantize direction
test_quantized.py,test_qmv_wide,named,Quantize direction
test_quantized.py,test_qmv_wide,named,Quantize direction
test_quantized.py,test_qmv_wide,named,Quantize direction
test_quantized.py,test_qmv_wide,named,Quantize direction
test_quantized.py,test_qmv_wide,named,Quantize direction
test_quantized.py,test_qmv_wide,named,Quantize direction
test_quantized.py,test_qmv_wide,named,Quantize direction
test_quantized.py,test_qmv_wide,named,Quantize direction
test_quantized.py,test_qmv_wide,named,Quantize direction
test_quantized.py,test_qmv_wide,named,Quantize direction
test_quantized.py,test_qmv_wide,named,Quantize direction
test_quantized.py,test_qmv_wide,named,Quantize direction
test_quantized.py,test_qmv_wide,named,Quantize direction
test_quantized.py,test_qmv_wide,named,Quantize direction
test_quantized.py,test_qmv_wide,named,Quantize direction
test_quantized.py,test_qmv_wide,named,Quantize direction
test_quantized.py,test_qmv_wide,named,Quantize direction
test_quantized.py,test_qmv_wide,named,Quantize direction
test_quantized.py,test_qmv_wide,named,Quantize direction
test_quantized.py,test_qmv_wide,named,Quantize direction
test_quantized.py,test_qmv_wide,named,Quantize direction
test_quantized.py,test_qmv_wide,named,Quantize direction
test_quantized.py,test_qmv_wide,named,Quantize direction
test_quantized.py,test_qmv_wide,named,Quantize direction
test_quantized.py,test_qmv_wide,named,Quantize direction
test_quantized.py,test_qmv_wide,named,Quantize direction
test_quantized.py,test_qmv_wide,named,Quantize direction
test_quantized.py,test_qmv_wide,named,Quantize direction
test_quantized.py,test_qmv_wide,named,Quantize direction
test_quantized.py,test_qmv_wide,named,Quantize direction
test_quantized.py,test_qmv_wide,named,Quantize direction
test_quantized.py,test_qmv_wide,named,Quantize direction
test_quantized.py,test_qmv_wide,named,Quantize direction
test_quantized.py,test_qmv_wide,named,Quantize direction
test_quantized.py,test_qmv_wide,named,Quantize direction
test_quantized.py,test_qmv_wide,named,Quantize direction
test_quantized.py,test_qmv_wide,named,Quantize direction
test_quantized.py,test_qmv_wide,named,Quantize direction
test_quantized.py,test_qmv_wide,named,Quantize direction
test_quantized.py,test_qmv_wide,named,Quantize direction
test_quantized.py,test_qmv_wide,named,Quantize direction
test_quantized.py,test_qmv_wide,named,Quantize direction
test_quantized.py,test_qmv_wide,named,Quantize direction
test_quantized.py,test_qmv_wide,named,Quantize direction
test_quantized.py,test_qmv_wide,named,Quantize direction
test_quantized.py,test_qmv_wide,named,Quantize direction
test_quantized.py,test_qmv_wide,named,Quantize direction
test_quantized.py,test_qmv_wide,named,Quantize direction
test_quantized.py,test_qmv_wide,named,Quantize direction
test_quantized.py,test_qmv_wide,named,Quantize direction
test_quantized.py,test_qmv_wide,named,Quantize direction
test_quantized.py,test_qmv_wide,named,Quantize direction
test_quantized.py,test_qmv_wide,named,Quantize direction
test_quantized.py,test_qmv_wide,named,Quantize direction
test_quantized.py,test_qmv_wide,named,Quantize direction
test_quantized.py,test_qmv_wide,named,Quantize direction
test_quantized.py,test_qmv_wide,named,Quantize direction
test_quantized.py,test_qmv_wide,named,Quantize direction
test_quantized.py,test_qmv_wide,named,Quantize direction
test_quantized.py,test_qmv_wide,named,Quantize direction
test_quantized.py,test_qmv_wide,named,Quantize direction
test_quantized.py,test_qmv_wide,named,Quantize direction
test_quantized.py,test_qmv_wide,named,Quantize direction
test_quantized.py,test_qmv_wide,named,Quantize direction
test_quantized.py,test_qmv_wide,named,Quantize direction
test_quantized.py,test_qmv_wide,named,Quantize direction
test_quantized.py,test_qmv_wide,named,Quantize direction
test_quantized.py,test_qmv_wide,named,Quantize direction
test_quantized.py,test_qmv_wide,named,Quantize direction
test_quantized.py,test_qmv_wide,named,Quantize direction
test_quantized.py,test_qmv_wide,named,Quantize direction
test_quantized.py,test_qmv_wide,named,Quantize direction
test_quantized.py,test_qmv_wide,named,Quantize direction
test_quantized.py,test_qmv_wide,named,Quantize direction
test_quantized.py,test_qmv_wide,named,Quantize direction
test_quantized.py,test_qmv_wide,named,Quantize direction
test_quantized.py,test_qmv_wide,named,Quantize direction
test_quantized.py,test_qmv_wide,named,Quantize direction
test_quantized.py,test_qmv_wide,named,Quantize direction
test_quantized.py,test_qmv_wide,named,Quantize direction
test_quantized.py,test_qmv_wide,named,Quantize direction
test_quantized.py,test_qmv_wide,named,Quantize direction
test_quantized.py,test_qmv_wide,named,Quantize direction
test_quantized.py,test_qmv_wide,named,Quantize direction
test_quantized.py,test_qmv_wide,named,Quantize direction
test_quantized.py,test_qmv_wide,named,Quantize direction
test_quantized.py,test_qmv_wide,named,Quantize direction
test_quantized.py,test_qmv_wide,named,Quantize direction
test_quantized.py,test_qmv_wide,named,Quantize direction
test_quantized.py,test_qmv_wide,named,Quantize direction
test_quantized.py,test_qmv_wide,named,Quantize direction
test_quantized.py,test_qmv_wide,named,Quantize direction
test_quantized.py,test_qmv_wide,named,Quantize direction
test_quantized.py,test_qmv_wide,named,Quantize direction
test_quantized.py,test_qmv_wide,named,Quantize direction
test_quantized.py,test_qmv_wide,named,Quantize direction
test_quantized.py,test_qmv_wide,named,Quantize direction
test_quantized.py,test_qmv_wide,named,Quantize direction
test_quantized.py,test_qmv_wide,named,Quantize direction
test_quantized.py,test_qmv_wide,named,Quantize direction
test_quantized.py,test_qmv_wide,named,Quantize direction
test_quantized.py,test_qmv_wide,named,Quantize direction
test_quantized.py,test_qmv_wide,named,Quantize direction
test_quantized.py,test_qmv_wide,named,Quantize direction
test_quantized.py,test_qmv_wide,named,Quantize direction
test_quantized.py,test_qmv_wide,named,Quantize direction
test_quantized.py,test_qmv_wide,named,Quantize direction
test_quantized.py,test_qmv_wide,named,Quantize direction
test_quantized.py,test_qmv_wide,named,Quantize direction
test_quantized.py,test_qmv_wide,named,Quantize direction
test_quantized.py,test_qmv_wide,named,Quantize direction
test_quantized.py,test_qmv_wide,named,Quantize direction
test_quantized.py,test_qmv_wide,named,Quantize direction
test_quantized.py,test_qmv_wide,named,Quantize direction
test_quantized.py,test_qmv_wide,named,Quantize direction
test_quantized.py,test_qmv_wide,named,Quantize direction
test_quantized.py,test_qmv_wide,named,Quantize direction
test_quantized.py,test_qmv_wide,named,Quantize direction
test_quantized.py,test_qmv_wide,named,Quantize direction
test_quantized.py,test_qmv_wide,named,Quantize direction
test_quantized.py,test_qmv_wide,named,Quantize direction
test_quantized.py,test_qmv_wide,named,Quantize direction
test_quantized.py,test_qmv_wide,named,Quantize direction
test_quantized.py,test_qmv_wide,named,Quantize direction
test_quantized.py,test_qmv_wide,named,Quantize direction
test_quantized.py,test_qmv_wide,named,Quantize direction
test_quantized.py,test_qmv_wide,named,Quantize direction
test_quantized.py,test_qmv_wide,named,Quantize direction
test_quantized.py,test_qmv_wide,named,Quantize direction
test_quantized.py,test_qmv_wide,named,Quantize direction
test_quantized.py,test_qmv_wide,named,Quantize direction
test_quantized.py,test_qmv_wide,named,Quantize direction
test_quantized.py,test_qmv_wide,named,Quantize direction
test_quantized.py,test_qmv_wide,named,Quantize direction
test_quantized.py,test_qmv_wide,named,Quantize direction
test_quantized.py,test_qmv_wide,named,Quantize direction
test_quantized.py,test_qmv_wide,named,Quantize direction
test_quantized.py,test_qmv_wide,named,Quantize direction
test_quantized.py,test_qmv_wide,named,Quantize direction
test_quantized.py,test_qmv_wide,named,Quantize direction
test_quantized.py,test_qmv_wide,named,Quantize direction
test_quantized.py,test_qmv_wide,named,Quantize direction
test_quantized.py,test_qmv_wide,named,Quantize direction
test_quantized.py,test_qmv_wide,named,Quantize direction
test_quantized.py,test_qmv_wide,named,Quantize direction
test_quantized.py,test_qmv_wide,named,Quantize direction
test_quantized.py,test_qmv_wide,named,Quantize direction
test_quantized.py,test_qmv_wide,named,Quantize direction
test_quantized.py,test_qmv_wide,named,Quantize direction
test_quantized.py,test_qmv_wide,named,Quantize direction
test_quantized.py,test_qmv_wide,named,Quantize direction
test_quantized.py,test_qmv_wide,named,Quantize direction
test_quantized.py,test_qmv_wide,named,Quantize direction
test_quantized.py,test_qmv_wide,named,Quantize direction
test_quantized.py,test_qmv_wide,named,Quantize direction
test_quantized.py,test_qmv_wide,named,Quantize direction
test_quantized.py,test_qmv_wide,named,Quantize direction
test_quantized.py,test_qmv_wide,named,Quantize direction
test_quantized.py,test_qmv_wide,named,Quantize direction
test_quantized.py,test_qmv_wide,named,Quantize direction
test_quantized.py,test_qmv_wide,named,Quantize direction
test_quantized.py,test_qmv_wide,named,Quantize direction
test_quantized.py,test_qmv_wide,named,Quantize direction
test_quantized.py,test_qmv_wide,named,Quantize direction
test_quantized.py,test_qmv_wide,named,Quantize direction
test_quantized.py,test_qmv_wide,named,Quantize direction
test_quantized.py,test_qmv_wide,named,Quantize direction
test_quantized.py,test_qmv_wide,named,Quantize direction
test_quantized.py,test_qmv_wide,named,Quantize direction
test_quantized.py,test_qmv_wide,named,Quantize direction
test_quantized.py,test_qmv_wide,named,Quantize direction
test_quantized.py,test_qmv_wide,named,Quantize direction
test_quantized.py,test_qmv_wide,named,Quantize direction
test_quantized.py,test_qmv_wide,named,Quantize direction
test_quantized.py,test_qmv_wide,named,Quantize direction
test_quantized.py,test_qmv_wide,named,Quantize direction
test_quantized.py,test_qmv_wide,named,Quantize direction
test_quantized.py,test_qmv_wide,named,Quantize direction
test_quantized.py,test_qmv_wide,named,Quantize direction
test_quantized.py,test_qmv_wide,named,Quantize direction
test_quantized.py,test_qmv_wide,named,Quantize direction
test_quantized.py,test_qmv_wide,named,Quantize direction
test_quantized.py,test_qmv_wide,named,Quantize direction
test_quantized.py,test_qmv_wide,named,Quantize direction
test_quantized.py,test_qmv_wide,named,Quantize direction
test_quantized.py,test_qmv_wide,named,Quantize direction
test_quantized.py,test_qmv_wide,named,Quantize direction
test_quantized.py,test_qmv_wide,named,Quantize direction
test_quantized.py,test_qmv_wide,named,Quantize direction
test_quantized.py,test_qmv_wide,named,Quantize direction
test_quantized.py,test_qmv_wide,named,Quantize direction
test_quantized.py,test_qmv_wide,named,Quantize direction
test_quantized.py,test_qmv_wide,named,Quantize direction
test_quantized.py,test_qmv_wide,named,Quantize direction
test_quantized.py,test_qmv_wide,named,Quantize direction
test_quantized.py,test_qmv_wide,named,Quantize direction
test_quantized.py,test_qmv_wide,named,Quantize direction
test_quantized.py,test_qmv_wide,named,Quantize direction
test_quantized.py,test_qmv_wide,named,Quantize direction
test_quantized.py,test_qmv_wide,named,Quantize direction
test_quantized.py,test_qmv_wide,named,Quantize direction
test_quantized.py,test_qmv_wide,named,Quantize direction
test_quantized.py,test_qmv_wide,named,Quantize direction
test_quantized.py,test_qmv_wide,named,Quantize direction
test_quantized.py,test_qmv_wide,named,Quantize direction
test_quantized.py,test_qmv_wide,named,Quantize direction
test_quantized.py,test_qmv_wide,named,Quantize direction
test_quantized.py,test_qmv_wide,named,Quantize direction
test_quantized.py,test_qmv_wide,named,Quantize direction
test_quantized.py,test_qmv_wide,named,Quantize direction
test_quantized.py,test_qmv_wide,named,Quantize direction
test_quantized.py,test_qmv_wide,named,Quantize direction
test_quantized.py,test_qmv_wide,named,Quantize direction
test_quantized.py,test_qmv_wide,named,Quantize direction
test_quantized.py,test_qmv_wide,named,Quantize direction
test_quantized.py,test_qmv_wide,named,Quantize direction
test_quantized.py,test_qmv_wide,named,Quantize direction
test_quantized.py,test_qmv_wide,named,Quantize direction
test_quantized.py,test_qmv_wide,named,Quantize direction
test_quantized.py,test_qmv_wide,named,Quantize direction
test_quantized.py,test_qmv_wide,named,Quantize direction
test_quantized.py,test_qmv_wide,named,Quantize direction
test_quantized.py,test_qmv_wide,named,Quantize direction
test_quantized.py,test_qmv_wide,named,Quantize direction
test_quantized.py,test_qmv_wide,named,Quantize direction
test_quantized.py,test_qmv_wide,named,Quantize direction
test_quantized.py,test_qmv_wide,named,Quantize direction
test_quantized.py,test_qmv_wide,named,Quantize direction
test_quantized.py,test_qmv_wide,named,Quantize direction
test_quantized.py,test_qmv_wide,named,Quantize direction
test_quantized.py,test_qmv_wide,named,Quantize direction
test_quantized.py,test_qmv_wide,named,Quantize direction
test_quantized.py,test_qmv_wide,named,Quantize direction
test_quantized.py,test_qmv_wide,named,Quantize direction
test_quantized.py,test_qmv_wide,named,Quantize direction
test_quantized.py,test_qmv_wide,named,Quantize direction
test_quantized.py,test_qmv_wide,named,Quantize direction
test_quantized.py,test_qmv_wide,named,Quantize direction
test_quantized.py,test_qmv_wide,named,Quantize direction
test_quantized.py,test_qmv_wide,named,Quantize direction
test_quantized.py,test_qmv_wide,named,Quantize direction
test_quantized.py,test_qmv_wide,named,Quantize direction
test_quantized.py,test_qmv_wide,named,Quantize direction
test_quantized.py,test_qmv_wide,named,Quantize direction
test_quantized.py,test_qmv_wide,named,Quantize direction
test_quantized.py,test_qmv_wide,named,Quantize direction
test_quantized.py,test_qmv_wide,named,Quantize direction
test_quantized.py,test_qmv_wide,named,Quantize direction
test_quantized.py,test_qmv_wide,named,Quantize direction
test_quantized.py,test_qmv_wide,named,Quantize direction
test_quantized.py,test_qmv_wide,named,Quantize direction
test_quantized.py,test_qmv_wide,named,Quantize direction
test_quantized.py,test_qmv_wide,named,Quantize direction
test_quantized.py,test_qmv_wide,named,Quantize direction
test_quantized.py,test_qmv_wide,named,Quantize direction
test_quantized.py,test_qmv_wide,named,Quantize direction
test_quantized.py,test_qmv_wide,named,Quantize direction
test_quantized.py,test_qmv_wide,named,Quantize direction
test_quantized.py,test_qmv_wide,named,Quantize direction
test_quantized.py,test_qmv_wide,named,Quantize direction
test_quantized.py,test_qmv_wide,named,Quantize direction
test_quantized.py,test_qmv_wide,named,Quantize direction
test_quantized.py,test_qmv_wide,named,Quantize direction
test_quantized.py,test_qmv_wide,named,Quantize direction
test_quantized.py,test_qmv_wide,named,Quantize direction
test_quantized.py,test_qmv_wide,named,Quantize direction
test_quantized.py,test_qmv_wide,named,Quantize direction
test_quantized.py,test_qmv_wide,named,Quantize direction
test_quantized.py,test_qmv_wide,named,Quantize direction
test_quantized.py,test_qmv_wide,named,Quantize direction
test_quantized.py,test_qmv_wide,named,Quantize direction
test_quantized.py,test_qmv_wide,named,Quantize direction
test_quantized.py,test_qmv_wide,named,Quantize direction
test_quantized.py,test_qmv_wide,named,Quantize direction
test_quantized.py,test_qmv_wide,named,Quantize direction
test_quantized.py,test_qmv_wide,named,Quantize direction
test_quantized.py,test_qmv_wide,named,Quantize direction
test_quantized.py,test_qmv_wide,named,Quantize direction
test_quantized.py,test_qmv_wide,named,Quantize direction
test_quantized.py,test_qmv_wide,named,Quantize direction
test_quantized.py,test_qmv_wide,named,Quantize direction
test_quantized.py,test_qmv_wide,named,Quantize direction
test_quantized.py,test_qmv_wide,named,Quantize direction
test_quantized.py,test_qmv_wide,named,Quantize direction
test_quantized.py,test_qmv_wide,named,Quantize direction
test_quantized.py,test_qmv_wide,named,Quantize direction
test_quantized.py,test_qmv_wide,named,Quantize direction
test_quantized.py,test_qmv_wide,named,Quantize direction
test_quantized.py,test_qmv_wide,named,Quantize direction
test_quantized.py,test_qmv_wide,named,Quantize direction
test_quantized.py,test_qmv_wide,named,Quantize direction
test_quantized.py,test_qmv_wide,named,Quantize direction
test_quantized.py,test_qmv_wide,named,Quantize direction
test_quantized.py,test_qmv_wide,named,Quantize direction
test_quantized.py,test_qmv_wide,named,Quantize direction
test_quantized.py,test_qmv_wide,named,Quantize direction
test_quantized.py,test_qmv_wide,named,Quantize direction
test_quantized.py,test_qmv_wide,named,Quantize direction
test_quantized.py,test_qmv_wide,named,Quantize direction
test_quantized.py,test_qmv_wide,named,Quantize direction
test_quantized.py,test_qmv_wide,named,Quantize direction
test_quantized.py,test_qmv_wide,named,Quantize direction
test_quantized.py,test_qmv_wide,named,Quantize direction
test_quantized.py,test_qmv_wide,named,Quantize direction
test_quantized.py,test_qmv_wide,named,Quantize direction
test_quantized.py,test_qmv_wide,named,Quantize direction
test_quantized.py,test_qmv_wide,named,Quantize direction
test_quantized.py,test_qmv_wide,named,Quantize direction
test_quantized.py,test_qmv_wide,named,Quantize direction
test_quantized.py,test_qmv_wide,named,Quantize direction
test_quantized.py,test_qmv_wide,named,Quantize direction
test_quantized.py,test_qmv_wide,named,Quantize direction
test_quantized.py,test_qmv_wide,named,Quantize direction
test_quantized.py,test_qmv_wide,named,Quantize direction
test_quantized.py,test_qmv_wide,named,Quantize direction
test_quantized.py,test_qmv_wide,named,Quantize direction
test_quantized.py,test_qmv_wide,named,Quantize direction
test_quantized.py,test_qmv_wide,named,Quantize direction
test_quantized.py,test_qmv_wide,named,Quantize direction
test_quantized.py,test_qmv_wide,named,Quantize direction
test_quantized.py,test_qmv_wide,named,Quantize direction
test_quantized.py,test_qmv_wide,named,Quantize direction
test_quantized.py,test_qmv_wide,named,Quantize direction
test_quantized.py,test_qmv_wide,named,Quantize direction
test_quantized.py,test_qmv_wide,named,Quantize direction
test_quantized.py,test_qmv_wide,named,Quantize direction
test_quantized.py,test_qmv_wide,named,Quantize direction
test_quantized.py,test_qmv_wide,named,Quantize direction
test_quantized.py,test_qmv_wide,named,Quantize direction
test_quantized.py,test_qmv_wide,named,Quantize direction
test_quantized.py,test_qmv_wide,named,Quantize direction
test_quantized.py,test_qmv_wide,named,Quantize direction
test_quantized.py,test_qmv_wide,named,Quantize direction
test_quantized.py,test_qmv_wide,named,Quantize direction
test_quantized.py,test_qmv_wide,named,Quantize direction
test_quantized.py,test_qmv_wide,named,Quantize direction
test_quantized.py,test_qmv_wide,named,Quantize direction
test_quantized.py,test_qmv_wide,named,Quantize direction
test_quantized.py,test_qmv_wide,named,Quantize direction
test_quantized.py,test_qmv_wide,named,Quantize direction
test_quantized.py,test_qmv_wide,named,Quantize direction
test_quantized.py,test_qmv_wide,named,Quantize direction
test_quantized.py,test_qmv_wide,named,Quantize direction
test_quantized.py,test_qmv_wide,named,Quantize direction
test_quantized.py,test_qmv_wide,named,Quantize direction
test_quantized.py,test_qmv_wide,named,Quantize direction
test_quantized.py,test_qmv_wide,named,Quantize direction
test_quantized.py,test_qmv_wide,named,Quantize direction
test_quantized.py,test_qmv_wide,named,Quantize direction
test_quantized.py,test_qmv_wide,named,Quantize direction
test_quantized.py,test_qmv_wide,named,Quantize direction
test_quantized.py,test_qmv_wide,named,Quantize direction
test_quantized.py,test_qmv_wide,named,Quantize direction
test_quantized.py,test_qmv_wide,named,Quantize direction
test_quantized.py,test_qmv_wide,named,Quantize direction
test_quantized.py,test_qmv_wide,named,Quantize direction
test_quantized.py,test_qmv_wide,named,Quantize direction
test_quantized.py,test_qmv_wide,named,Quantize direction
test_quantized.py,test_qmv_wide,named,Quantize direction
test_quantized.py,test_qmv_wide,named,Quantize direction
test_quantized.py,test_qmv_wide,named,Quantize direction
test_quantized.py,test_qmv_wide,named,Quantize direction
test_quantized.py,test_qmv_wide,named,Quantize direction
test_quantized.py,test_qmv_wide,named,Quantize direction
test_quantized.py,test_qmv_wide,named,Quantize direction
test_quantized.py,test_qmv_wide,named,Quantize direction
test_quantized.py,test_qmv_wide,named,Quantize direction
test_quantized.py,test_qmv_wide,named,Quantize direction
test_quantized.py,test_qmv_wide,named,Quantize direction
test_quantized.py,test_qmv_wide,named,Quantize direction
test_quantized.py,test_qmv_wide,named,Quantize direction
test_quantized.py,test_qmv_wide,named,Quantize direction
test_quantized.py,test_qmv_wide,named,Quantize direction
test_quantized.py,test_qmv_wide,named,Quantize direction
test_quantized.py,test_qmv_wide,named,Quantize direction
test_quantized.py,test_qmv_wide,named,Quantize direction
test_quantized.py,test_qmv_wide,named,Quantize direction
test_quantized.py,test_qmv_wide,named,Quantize direction
test_quantized.py,test_qmv_wide,named,Quantize direction
test_quantized.py,test_qmv_wide,named,Quantize direction
test_quantized.py,test_qmv_wide,named,Quantize direction
test_quantized.py,test_qmv_wide,named,Quantize direction
test_quantized.py,test_qmv_wide,named,Quantize direction
test_quantized.py,test_qmv_wide,named,Quantize direction
test_quantized.py,test_qmv_wide,named,Quantize direction
test_quantized.py,test_qmv_wide,named,Quantize direction
test_quantized.py,test_qmv_wide,named,Quantize direction
test_quantized.py,test_qmv_wide,named,Quantize direction
test_quantized.py,test_qmv_wide,named,Quantize direction
test_quantized.py,test_qmv_wide,named,Quantize direction
test_quantized.py,test_qmv_wide,named,Quantize direction
test_quantized.py,test_qmv_wide,named,Quantize direction
test_quantized.py,test_qmv_wide,named,Quantize direction
test_quantized.py,test_qmv_wide,named,Quantize direction
test_quantized.py,test_qmv_wide,named,Quantize direction
test_quantized.py,test_qmv_wide,named,Quantize direction
test_quantized.py,test_qmv_wide,named,Quantize direction
test_quantized.py,test_qmv_wide,named,Quantize direction
test_quantized.py,test_qmv_wide,named,Quantize direction
test_quantized.py,test_qmv_wide,named,Quantize direction
test_quantized.py,test_qmv_wide,named,Quantize direction
test_quantized.py,test_qmv_wide,named,Quantize direction
test_quantized.py,test_qmv_wide,named,Quantize direction
test_quantized.py,test_qmv_wide,named,Quantize direction
test_quantized.py,test_qmv_wide,named,Quantize direction
test_quantized.py,test_qmv_wide,named,Quantize direction
test_quantized.py,test_qmv_wide,named,Quantize direction
test_quantized.py,test_qmv_wide,named,Quantize direction
test_quantized.py,test_qmv_wide,named,Quantize direction
test_quantized.py,test_qmv_wide,named,Quantize direction
test_quantized.py,test_qmv_wide,named,Quantize direction
test_quantized.py,test_qmv_wide,named,Quantize direction
test_quantized.py,test_qmv_wide,named,Quantize direction
test_quantized.py,test_qmv_wide,named,Quantize direction
test_quantized.py,test_qmv_wide,named,Quantize direction
test_quantized.py,test_qmv_wide,named,Quantize direction
test_quantized.py,test_qmv_wide,named,Quantize direction
test_quantized.py,test_qmv_wide,named,Quantize direction
test_quantized.py,test_qmv_wide,named,Quantize direction
test_quantized.py,test_qmv_wide,named,Quantize direction
test_quantized.py,test_qmv_wide,named,Quantize direction
test_quantized.py,test_qmv_wide,named,Quantize direction
test_quantized.py,test_qmv_wide,named,Quantize direction
test_quantized.py,test_qmv_wide,named,Quantize direction
test_quantized.py,test_qmv_wide,named,Quantize direction
test_quantized.py,test_qmv_wide,named,Quantize direction
test_quantized.py,test_qmv_wide,named,Quantize direction
test_quantized.py,test_qmv_wide,named,Quantize direction
test_quantized.py,test_qmv_wide,named,Quantize direction
test_quantized.py,test_qmv_wide,named,Quantize direction
test_quantized.py,test_qmv_wide,named,Quantize direction
test_quantized.py,test_qmv_wide,named,Quantize direction
test_quantized.py,test_qmv_wide,named,Quantize direction
test_quantized.py,test_qmv_wide,named,Quantize direction
test_quantized.py,test_qmv_wide,named,Quantize direction
test_quantized.py,test_qmv_wide,named,Quantize direction
test_quantized.py,test_qmv_wide,named,Quantize direction
test_quantized.py,test_qmv_wide,named,Quantize direction
test_quantized.py,test_qmv_wide,named,Quantize direction
test_quantized.py,test_qmv_wide,named,Quantize direction
test_quantized.py,test_qmv_wide,named,Quantize direction
test_quantized.py,test_qmv_wide,named,Quantize direction
test_quantized.py,test_qmv_wide,named,Quantize direction
test_quantized.py,test_qmv_wide,named,Quantize direction
test_quantized.py,test_qmv_wide,named,Quantize direction
test_quantized.py,test_qmv_wide,named,Quantize direction
test_quantized.py,test_qmv_wide,named,Quantize direction
test_quantized.py,test_qmv_wide,named,Quantize direction
test_quantized.py,test_qmv_wide,named,Quantize direction
test_quantized.py,test_qmv_wide,named,Quantize direction
test_quantized.py,test_qmv_wide,named,Quantize direction
test_quantized.py,test_qmv_wide,named,Quantize direction
test_quantized.py,test_qmv_wide,named,Quantize direction
test_quantized.py,test_qmv_wide,named,Quantize direction
test_quantized.py,test_qmv_wide,named,Quantize direction
test_quantized.py,test_qmv_wide,named,Quantize direction
test_quantized.py,test_qmv_wide,named,Quantize direction
test_quantized.py,test_qmv_wide,named,Quantize direction
test_quantized.py,test_qmv_wide,named,Quantize direction
test_quantized.py,test_qmv_wide,named,Quantize direction
test_quantized.py,test_qmv_wide,named,Quantize direction
test_quantized.py,test_qmv_wide,named,Quantize direction
test_quantized.py,test_qmv_wide,named,Quantize direction
test_quantized.py,test_qmv_wide,named,Quantize direction
test_quantized.py,test_qmv_wide,named,Quantize direction
test_quantized.py,test_qmv_wide,named,Quantize direction
test_quantized.py,test_qmv_wide,named,Quantize direction
test_quantized.py,test_qmv_wide,named,Quantize direction
test_quantized.py,test_qmv_wide,named,Quantize direction
test_quantized.py,test_qmv_wide,named,Quantize direction
test_quantized.py,test_qmv_wide,named,Quantize direction
test_quantized.py,test_qmv_wide,named,Quantize direction
test_quantized.py,test_qmv_wide,named,Quantize direction
test_quantized.py,test_qmv_wide,named,Quantize direction
test_quantized.py,test_qmv_wide,named,Quantize direction
test_quantized.py,test_qmv_wide,named,Quantize direction
test_quantized.py,test_qmv_wide,named,Quantize direction
test_quantized.py,test_qmv_wide,named,Quantize direction
test_quantized.py,test_qmv_wide,named,Quantize direction
test_quantized.py,test_qmv_wide,named,Quantize direction
test_quantized.py,test_qmv_wide,named,Quantize direction
test_quantized.py,test_qmv_wide,named,Quantize direction
test_quantized.py,test_qmv_wide,named,Quantize direction
test_quantized.py,test_qmv_wide,named,Quantize direction
test_quantized.py,test_qmv_wide,named,Quantize direction
test_quantized.py,test_qmv_wide,named,Quantize direction
test_quantized.py,test_qmv_wide,named,Quantize direction
test_quantized.py,test_qmv_wide,named,Quantize direction
test_quantized.py,test_qmv_wide,named,Quantize direction
test_quantized.py,test_qmv_wide,named,Quantize direction
test_quantized.py,test_qmv_wide,named,Quantize direction
test_quantized.py,test_qmv_wide,named,Quantize direction
test_quantized.py,test_qmv_wide,named,Quantize direction
test_quantized.py,test_qmv_wide,named,Quantize direction
test_quantized.py,test_qmv_wide,named,Quantize direction
test_quantized.py,test_qmv_wide,named,Quantize direction
test_quantized.py,test_qmv_wide,named,Quantize direction
test_quantized.py,test_qmv_wide,named,Quantize direction
test_quantized.py,test_qmv_wide,named,Quantize direction
test_quantized.py,test_qmv_wide,named,Quantize direction
test_quantized.py,test_qmv_wide,named,Quantize direction
test_quantized.py,test_qmv_wide,named,Quantize direction
test_quantized.py,test_qmv_wide,named,Quantize direction
test_quantized.py,test_qmv_wide,named,Quantize direction
test_quantized.py,test_qmv_wide,named,Quantize direction
test_quantized.py,test_qmv_wide,named,Quantize direction
test_quantized.py,test_qmv_wide,named,Quantize direction
test_quantized.py,test_qmv_wide,named,Quantize direction
test_quantized.py,test_qmv_wide,named,Quantize direction
test_quantized.py,test_qmv_wide,named,Quantize direction
test_quantized.py,test_qmv_wide,named,Quantize direction
test_quantized.py,test_qmv_wide,named,Quantize direction
test_quantized.py,test_qmv_wide,named,Quantize direction
test_quantized.py,test_qmv_wide,named,Quantize direction
test_quantized.py,test_qmv_wide,named,Quantize direction
test_quantized.py,test_qmv_wide,named,Quantize direction
test_quantized.py,test_qmv_wide,named,Quantize direction
test_quantized.py,test_qmv_wide,named,Quantize direction
test_quantized.py,test_qmv_wide,named,Quantize direction
test_quantized.py,test_qmv_wide,named,Quantize direction
test_quantized.py,test_qmv_wide,named,Quantize direction
test_quantized.py,test_qmv_wide,named,Quantize direction
test_quantized.py,test_qmv_wide,named,Quantize direction
test_quantized.py,test_qmv_wide,named,Quantize direction
test_quantized.py,test_qmv_wide,named,Quantize direction
test_quantized.py,test_qmv_wide,named,Quantize direction
test_quantized.py,test_qmv_wide,named,Quantize direction
test_quantized.py,test_qmv_wide,named,Quantize direction
test_quantized.py,test_qmv_wide,named,Quantize direction
test_quantized.py,test_qmv_wide,named,Quantize direction
test_quantized.py,test_qmv_wide,named,Quantize direction
test_quantized.py,test_qmv_wide,named,Quantize direction
test_quantized.py,test_qmv_wide,named,Quantize direction
test_quantized.py,test_qmv_wide,named,Quantize direction
test_quantized.py,test_qmv_wide,named,Quantize direction
test_quantized.py,test_qmv_wide,named,Quantize direction
test_quantized.py,test_qmv_wide,named,Quantize direction
test_quantized.py,test_qmv_wide,named,Quantize direction
test_quantized.py,test_qmv_wide,named,Quantize direction
test_quantized.py,test_qmv_wide,named,Quantize direction
test_quantized.py,test_qmv_wide,named,Quantize direction
test_quantized.py,test_qmv_wide,named,Quantize direction
test_quantized.py,test_qmv_wide,named,Quantize direction
test_quantized.py,test_qmv_wide,named,Quantize direction
test_quantized.py,test_qmv_wide,named,Quantize direction
test_quantized.py,test_qmv_wide,named,Quantize direction
test_quantized.py,test_qmv_wide,named,Quantize direction
test_quantized.py,test_qmv_wide,named,Quantize direction
test_quantized.py,test_qmv_wide,named,Quantize direction
test_quantized.py,test_qmv_wide,named,Quantize direction
test_quantized.py,test_qmv_wide,named,Quantize direction
test_quantized.py,test_qmv_wide,named,Quantize direction
test_quantized.py,test_qmv_wide,named,Quantize direction
test_quantized.py,test_qmv_wide,named,Quantize direction
test_quantized.py,test_qmv_wide,named,Quantize direction
test_quantized.py,test_qmv_wide,named,Quantize direction
test_quantized.py,test_qmv_wide,named,Quantize direction
test_quantized.py,test_qmv_wide,named,Quantize direction
test_quantized.py,test_qmv_wide,named,Quantize direction
test_quantized.py,test_qmv_wide,named,Quantize direction
test_quantized.py,test_qmv_wide,named,Quantize direction
test_quantized.py,test_qmv_wide,named,Quantize direction
test_quantized.py,test_qmv_wide,named,Quantize direction
test_quantized.py,test_qmv_wide,named,Quantize direction
test_quantized.py,test_qmv_wide,named,Quantize direction
test_quantized.py,test_qmv_wide,named,Quantize direction
test_quantized.py,test_qmv_wide,named,Quantize direction
test_quantized.py,test_qmv_wide,named,Quantize direction
test_quantized.py,test_qmv_wide,named,Quantize direction
test_quantized.py,test_qmv_wide,named,Quantize direction
test_quantized.py,test_qmv_wide,named,Quantize direction
test_quantized.py,test_qmv_wide,named,Quantize direction
test_quantized.py,test_qmv_wide,named,Quantize direction
test_quantized.py,test_qmv_wide,named,Quantize direction
test_quantized.py,test_qmv_wide,named,Quantize direction
test_quantized.py,test_qmv_wide,named,Quantize direction
test_quantized.py,test_qmv_wide,named,Quantize direction
test_quantized.py,test_qmv_wide,named,Quantize direction
test_quantized.py,test_qmv_wide,named,Quantize direction
test_quantized.py,test_qmv_wide,named,Quantize direction
test_quantized.py,test_qmv_wide,named,Quantize direction
test_quantized.py,test_qmv_wide,named,Quantize direction
test_quantized.py,test_qmv_wide,named,Quantize direction
test_quantized.py,test_qmv_wide,named,Quantize direction
test_quantized.py,test_qmv_wide,named,Quantize direction
test_quantized.py,test_qmv_wide,named,Quantize direction
test_quantized.py,test_qmv_wide,named,Quantize direction
test_quantized.py,test_qmv_wide,named,Quantize direction
test_quantized.py,test_qmv_wide,named,Quantize direction
test_quantized.py,test_qmv_wide,named,Quantize direction
test_quantized.py,test_qmv_wide,named,Quantize direction
test_quantized.py,test_qmv_wide,named,Quantize direction
test_quantized.py,test_qmv_wide,named,Quantize direction
test_quantized.py,test_qmv_wide,named,Quantize direction
test_quantized.py,test_qmv_wide,named,Quantize direction
test_quantized.py,test_qmv_wide,named,Quantize direction
test_quantized.py,test_qmv_wide,named,Quantize direction
test_quantized.py,test_qmv_wide,named,Quantize direction
test_quantized.py,test_qmv_wide,named,Quantize direction
test_quantized.py,test_qmv_wide,named,Quantize direction
test_quantized.py,test_qmv_wide,named,Quantize direction
test_quantized.py,test_qmv_wide,named,Quantize direction
test_quantized.py,test_qmv_wide,named,Quantize direction
test_quantized.py,test_qmv_wide,named,Quantize direction
test_quantized.py,test_qmv_wide,named,Quantize direction
test_quantized.py,test_qmv_wide,named,Quantize direction
test_quantized.py,test_qmv_wide,named,Quantize direction
test_quantized.py,test_qmv_wide,named,Quantize direction
test_quantized.py,test_qmv_wide,named,Quantize direction
test_quantized.py,test_qmv_wide,named,Quantize direction
test_quantized.py,test_qmv_wide,named,Quantize direction
test_quantized.py,test_qmv_wide,named,Quantize direction
test_quantized.py,test_qmv_wide,named,Quantize direction
test_quantized.py,test_qmv_wide,named,Quantize direction
test_quantized.py,test_qmv_wide,named,Quantize direction
test_quantized.py,test_qmv_wide,named,Quantize direction
test_quantized.py,test_qmv_wide,named,Quantize direction
test_quantized.py,test_qmv_wide,named,Quantize direction
test_quantized.py,test_qmv_wide,named,Quantize direction
test_quantized.py,test_qmv_wide,named,Quantize direction
test_quantized.py,test_qmv_wide,named,Quantize direction
test_quantized.py,test_qmv_wide,named,Quantize direction
test_quantized.py,test_qmv_wide,named,Quantize direction
test_quantized.py,test_qmv_wide,named,Quantize direction
test_quantized.py,test_qmv_wide,named,Quantize direction
test_quantized.py,test_qmv_wide,named,Quantize direction
test_quantized.py,test_qmv_wide,named,Quantize direction
test_quantized.py,test_qmv_wide,named,Quantize direction
test_quantized.py,test_qmv_wide,named,Quantize direction
test_quantized.py,test_qmv_wide,named,Quantize direction
test_quantized.py,test_qmv_wide,named,Quantize direction
test_quantized.py,test_qmv_wide,named,Quantize direction
test_quantized.py,test_qmv_wide,named,Quantize direction
test_quantized.py,test_qmv_wide,named,Quantize direction
test_quantized.py,test_qmv_wide,named,Quantize direction
test_quantized.py,test_qmv_wide,named,Quantize direction
test_quantized.py,test_qmv_wide,named,Quantize direction
test_quantized.py,test_qmv_wide,named,Quantize direction
test_quantized.py,test_qmv_wide,named,Quantize direction
test_quantized.py,test_qmv_wide,named,Quantize direction
test_quantized.py,test_qmv_wide,named,Quantize direction
test_quantized.py,test_qmv_wide,named,Quantize direction
test_quantized.py,test_qmv_wide,named,Quantize direction
test_quantized.py,test_qmv_wide,named,Quantize direction
test_quantized.py,test_qmv_wide,named,Quantize direction
test_quantized.py,test_qmv_wide,named,Quantize direction
test_quantized.py,test_qmv_wide,named,Quantize direction
test_quantized.py,test_qmv_wide,named,Quantize direction
test_quantized.py,test_qmv_wide,named,Quantize direction
test_quantized.py,test_qmv_wide,named,Quantize direction
test_quantized.py,test_qmv_wide,named,Quantize direction
test_quantized.py,test_qmv_wide,named,Quantize direction
test_quantized.py,test_qmv_wide,named,Quantize direction
test_quantized.py,test_qmv_wide,named,Quantize direction
test_quantized.py,test_qmv_wide,named,Quantize direction
test_quantized.py,test_qmv_wide,named,Quantize direction
test_quantized.py,test_qmv_wide,named,Quantize direction
test_quantized.py,test_qmv_wide,named,Quantize direction
test_quantized.py,test_qmv_wide,named,Quantize direction
test_quantized.py,test_qmv_wide,named,Quantize direction
test_quantized.py,test_qmv_wide,named,Quantize direction
test_quantized.py,test_qmv_wide,named,Quantize direction
test_quantized.py,test_qmv_wide,named,Quantize direction
test_quantized.py,test_qmv_wide,named,Quantize direction
test_quantized.py,test_qmv_wide,named,Quantize direction
test_quantized.py,test_qmv_wide,named,Quantize direction
test_quantized.py,test_qmv_wide,named,Quantize direction
test_quantized.py,test_qmv_wide,named,Quantize direction
test_quantized.py,test_qmv_wide,named,Quantize direction
test_quantized.py,test_qmv_wide,named,Quantize direction
test_quantized.py,test_qmv_wide,named,Quantize direction
test_quantized.py,test_qmv_wide,named,Quantize direction
test_quantized.py,test_qmv_wide,named,Quantize direction
test_quantized.py,test_qmv_wide,named,Quantize direction
test_quantized.py,test_qmv_wide,named,Quantize direction
test_quantized.py,test_qmv_wide,named,Quantize direction
test_quantized.py,test_qmv_wide,named,Quantize direction
test_quantized.py,test_qmv_wide,named,Quantize direction
test_quantized.py,test_qmv_wide,named,Quantize direction
test_quantized.py,test_qmv_wide,named,Quantize direction
test_quantized.py,test_qmv_wide,named,Quantize direction
test_quantized.py,test_qmv_wide,named,Quantize direction
test_quantized.py,test_qmv_wide,named,Quantize direction
test_quantized.py,test_qmv_wide,named,Quantize direction
test_quantized.py,test_qmv_wide,named,Quantize direction
test_quantized.py,test_qmv_wide,named,Quantize direction
test_quantized.py,test_qmv_wide,named,Quantize direction
test_quantized.py,test_qmv_wide,named,Quantize direction
test_quantized.py,test_qmv_wide,named,Quantize direction
test_quantized.py,test_qmv_wide,named,Quantize direction
test_quantized.py,test_qmv_wide,named,Quantize direction
test_quantized.py,test_qmv_wide,named,Quantize direction
test_quantized.py,test_qmv_wide,named,Quantize direction
test_quantized.py,test_qmv_wide,named,Quantize direction
test_quantized.py,test_qmv_wide,named,Quantize direction
test_quantized.py,test_qmv_wide,named,Quantize direction
test_quantized.py,test_qmv_wide,named,Quantize direction
test_quantized.py,test_qmv_wide,named,Quantize direction
test_quantized.py,test_qmv_wide,named,Quantize direction
test_quantized.py,test_qmv_wide,named,Quantize direction
test_quantized.py,test_qmv_wide,named,Quantize direction
test_quantized.py,test_qmv_wide,named,Quantize direction
test_quantized.py,test_qmv_wide,named,Quantize direction
test_quantized.py,test_qmv_wide,named,Quantize direction
test_quantized.py,test_qmv_wide,named,Quantize direction
test_quantized.py,test_qmv_wide,named,Quantize direction
test_quantized.py,test_qmv_wide,named,Quantize direction
test_quantized.py,test_qmv_wide,named,Quantize direction
test_quantized.py,test_qmv_wide,named,Quantize direction
test_quantized.py,test_qmv_wide,named,Quantize direction
test_quantized.py,test_qmv_wide,named,Quantize direction
test_quantized.py,test_qmv_wide,named,Quantize direction
test_quantized.py,test_qmv_wide,named,Quantize direction
test_quantized.py,test_qmv_wide,named,Quantize direction
test_quantized.py,test_qmv_wide,named,Quantize direction
test_quantized.py,test_qmv_wide,named,Quantize direction
test_quantized.py,test_qmv_wide,named,Quantize direction
test_quantized.py,test_qmv_wide,named,Quantize direction
test_quantized.py,test_qmv_wide,named,Quantize direction
test_quantized.py,test_qmv_wide,named,Quantize direction
test_quantized.py,test_qmv_wide,named,Quantize direction
test_quantized.py,test_qmv_wide,named,Quantize direction
test_quantized.py,test_qmv_wide,named,Quantize direction
test_quantized.py,test_qmv_wide,named,Quantize direction
test_quantized.py,test_qmv_wide,named,Quantize direction
test_quantized.py,test_qmv_wide,named,Quantize direction
test_quantized.py,test_qmv_wide,named,Quantize direction
test_quantized.py,test_qmv_wide,named,Quantize direction
test_quantized.py,test_qmv_wide,named,Quantize direction
test_quantized.py,test_qmv_wide,named,Quantize direction
test_quantized.py,test_qmv_wide,named,Quantize direction
test_quantized.py,test_qmv_wide,named,Quantize direction
test_quantized.py,test_qmv_wide,named,Quantize direction
test_quantized.py,test_qmv_wide,named,Quantize direction
test_quantized.py,test_qmv_wide,named,Quantize direction
test_quantized.py,test_qmv_wide,named,Quantize direction
test_quantized.py,test_qmv_wide,named,Quantize direction
test_quantized.py,test_qmv_wide,named,Quantize direction
test_quantized.py,test_qmv_wide,named,Quantize direction
test_quantized.py,test_qmv_wide,named,Quantize direction
test_quantized.py,test_qmv_wide,named,Quantize direction
test_quantized.py,test_qmv_wide,named,Quantize direction
test_quantized.py,test_qmv_wide,named,Quantize direction
test_quantized.py,test_qmv_wide,named,Quantize direction
test_quantized.py,test_qmv_wide,named,Quantize direction
test_quantized.py,test_qmv_wide,named,Quantize direction
test_quantized.py,test_qmv_wide,named,Quantize direction
test_quantized.py,test_qmv_wide,named,Quantize direction
test_quantized.py,test_qmv_wide,named,Quantize direction
test_quantized.py,test_qmv_wide,named,Quantize direction
test_quantized.py,test_qmv_wide,named,Quantize direction
test_quantized.py,test_qmv_wide,named,Quantize direction
test_quantized.py,test_qmv_wide,named,Quantize direction
test_quantized.py,test_qmv_wide,named,Quantize direction
test_quantized.py,test_qmv_wide,named,Quantize direction
test_quantized.py,test_qmv_wide,named,Quantize direction
test_quantized.py,test_qmv_wide,named,Quantize direction
test_quantized.py,test_qmv_wide,named,Quantize direction
test_quantized.py,test_qmv_wide,named,Quantize direction
test_quantized.py,test_qmv_wide,named,Quantize direction
test_quantized.py,test_qmv_wide,named,Quantize direction
test_quantized.py,test_qmv_wide,named,Quantize direction
test_quantized.py,test_qmv_wide,named,Quantize direction
test_quantized.py,test_qmv_wide,named,Quantize direction
test_quantized.py,test_qmv_wide,named,Quantize direction
test_quantized.py,test_qmv_wide,named,Quantize direction
test_quantized.py,test_qmv_wide,named,Quantize direction
test_quantized.py,test_qmv_wide,named,Quantize direction
test_quantized.py,test_qmv_wide,named,Quantize direction
test_quantized.py,test_qmv_wide,named,Quantize direction
test_quantized.py,test_qmv_wide,named,Quantize direction
test_quantized.py,test_qmv_wide,named,Quantize direction
test_quantized.py,test_qmv_wide,named,Quantize direction
test_quantized.py,test_qmv_wide,named,Quantize direction
test_quantized.py,test_qmv_wide,named,Quantize direction
test_quantized.py,test_qmv_wide,named,Quantize direction
test_quantized.py,test_qmv_wide,named,Quantize direction
test_quantized.py,test_qmv_wide,named,Quantize direction
test_quantized.py,test_qmv_wide,named,Quantize direction
test_quantized.py,test_qmv_wide,named,Quantize direction
test_quantized.py,test_qmv_wide,named,Quantize direction
test_quantized.py,test_qmv_wide,named,Quantize direction
test_quantized.py,test_qmv_wide,named,Quantize direction
test_quantized.py,test_qmv_wide,named,Quantize direction
test_quantized.py,test_qmv_wide,named,Quantize direction
test_quantized.py,test_qmv_wide,named,Quantize direction
test_quantized.py,test_qmv_wide,named,Quantize direction
test_quantized.py,test_qmv_wide,named,Quantize direction
test_quantized.py,test_qmv_wide,named,Quantize direction
test_quantized.py,test_qmv_wide,named,Quantize direction
test_quantized.py,test_qmv_wide,named,Quantize direction
test_quantized.py,test_qmv_wide,named,Quantize direction
test_quantized.py,test_qmv_wide,named,Quantize direction
test_quantized.py,test_qmv_wide,named,Quantize direction
test_quantized.py,test_qmv_wide,named,Quantize direction
test_quantized.py,test_qmv_wide,named,Quantize direction
test_quantized.py,test_qmv_wide,named,Quantize direction
test_quantized.py,test_qmv_wide,named,Quantize direction
test_quantized.py,test_qmv_wide,named,Quantize direction
test_quantized.py,test_qmv_wide,named,Quantize direction
test_quantized.py,test_qmv_wide,named,Quantize direction
test_quantized.py,test_qmv_wide,named,Quantize direction
test_quantized.py,test_qmv_wide,named,Quantize direction
test_quantized.py,test_qmv_wide,named,Quantize direction
test_quantized.py,test_qmv_wide,named,Quantize direction
test_quantized.py,test_qmv_wide,named,Quantize direction
test_quantized.py,test_qmv_wide,named,Quantize direction
test_quantized.py,test_qmv_wide,named,Quantize direction
test_quantized.py,test_qmv_wide,named,Quantize direction
test_quantized.py,test_qmv_wide,named,Quantize direction
test_quantized.py,test_qmv_wide,named,Quantize direction
test_quantized.py,test_qmv_wide,named,Quantize direction
test_quantized.py,test_qmv_wide,named,Quantize direction
test_quantized.py,test_qmv_wide,named,Quantize direction
test_quantized.py,test_qmv_wide,named,Quantize direction
test_quantized.py,test_qmv_wide,named,Quantize direction
test_quantized.py,test_qmv_wide,named,Quantize direction
test_quantized.py,test_qmv_wide,named,Quantize direction
test_quantized.py,test_qmv_wide,named,Quantize direction
test_quantized.py,test_qmv_wide,named,Quantize direction
test_quantized.py,test_qmv_wide,named,Quantize direction
test_quantized.py,test_qmv_wide,named,Quantize direction
test_quantized.py,test_qmv_wide,named,Quantize direction
test_quantized.py,test_qmv_wide,named,Quantize direction
test_quantized.py,test_qmv_wide,named,Quantize direction
test_quantized.py,test_qmv_wide,named,Quantize direction
test_quantized.py,test_qmv_wide,named,Quantize direction
test_quantized.py,test_qmv_wide,named,Quantize direction
test_quantized.py,test_qmv_wide,named,Quantize direction
test_quantized.py,test_qmv_wide,named,Quantize direction
test_quantized.py,test_qmv_wide,named,Quantize direction
test_quantized.py,test_qmv_wide,named,Quantize direction
test_quantized.py,test_qmv_wide,named,Quantize direction
test_quantized.py,test_qmv_wide,named,Quantize direction
test_quantized.py,test_qmv_wide,named,Quantize direction
test_quantized.py,test_qmv_wide,named,Quantize direction
test_quantized.py,test_qmv_wide,named,Quantize direction
test_quantized.py,test_qmv_wide,named,Quantize direction
test_quantized.py,test_qmv_wide,named,Quantize direction
test_quantized.py,test_qmv_wide,named,Quantize direction
test_quantized.py,test_qmv_wide,named,Quantize direction
test_quantized.py,test_qmv_wide,named,Quantize direction
test_quantized.py,test_qmv_wide,named,Quantize direction
test_quantized.py,test_qmv_wide,named,Quantize direction
test_quantized.py,test_qmv_wide,named,Quantize direction
test_quantized.py,test_qmv_wide,named,Quantize direction
test_quantized.py,test_qmv_wide,named,Quantize direction
test_quantized.py,test_qmv_wide,named,Quantize direction
test_quantized.py,test_qmv_wide,named,Quantize direction
test_quantized.py,test_qmv_wide,named,Quantize direction
test_quantized.py,test_qqmm,named,Quantize direction
test_quantized.py,test_qqmm,named,Quantize direction
test_quantized.py,test_qqmm,named,Quantize direction
test_quantized.py,test_qqmm,named,Quantize direction
test_quantized.py,test_qqmm,named,Quantize direction
test_quantized.py,test_qqmm,named,Quantize direction
test_quantized.py,test_qqmm,named,Quantize direction
test_quantized.py,test_qqmm,named,Quantize direction
test_quantized.py,test_qqmm,named,Quantize direction
test_quantized.py,test_qqmm,named,Quantize direction
test_quantized.py,test_qqmm,named,Quantize direction
test_quantized.py,test_qqmm,named,Quantize direction
test_quantized.py,test_qqmm,named,Quantize direction
test_quantized.py,test_qqmm,named,Quantize direction
test_quantized.py,test_qqmm,named,Quantize direction
test_quantized.py,test_qqmm,named,Quantize direction
test_quantized.py,test_qqmm,named,Quantize direction
test_quantized.py,test_qqmm,named,Quantize direction
test_quantized.py,test_qqmm,named,Quantize direction
test_quantized.py,test_qqmm,named,Quantize direction
test_quantized.py,test_qqmm,named,Quantize direction
test_quantized.py,test_qqmm,named,Quantize direction
test_quantized.py,test_qqmm,named,Quantize direction
test_quantized.py,test_qqmm,named,Quantize direction
test_quantized.py,test_qqmm,named,Quantize direction
test_quantized.py,test_qqmm,named,Quantize direction
test_quantized.py,test_qqmm,named,Quantize direction
test_quantized.py,test_qqmm,named,Quantize direction
test_quantized.py,test_qqmm,named,Quantize direction
test_quantized.py,test_qqmm,named,Quantize direction
test_quantized.py,test_qqmm,named,Quantize direction
test_quantized.py,test_qqmm,named,Quantize direction
test_quantized.py,test_qqmv,named,Quantize direction
test_quantized.py,test_qqmv,named,Quantize direction
test_quantized.py,test_qqmv,named,Quantize direction
test_quantized.py,test_qqmv,named,Quantize direction
test_quantized.py,test_qqmv,named,Quantize direction
test_quantized.py,test_qqmv,named,Quantize direction
test_quantized.py,test_qqmv,named,Quantize direction
test_quantized.py,test_qqmv,named,Quantize direction
test_quantized.py,test_qqmv,named,Quantize direction
test_quantized.py,test_qqmv,named,Quantize direction
test_quantized.py,test_qqmv,named,Quantize direction
test_quantized.py,test_qqmv,named,Quantize direction
test_quantized.py,test_qqmv,named,Quantize direction
test_quantized.py,test_qqmv,named,Quantize direction
test_quantized.py,test_qqmv,named,Quantize direction
test_quantized.py,test_qqmv,named,Quantize direction
test_quantized.py,test_qqmv,named,Quantize direction
test_quantized.py,test_qqmv,named,Quantize direction
test_quantized.py,test_quantize_dequantize,named,Quantize direction
test_quantized.py,test_quantize_dequantize,named,Quantize direction
test_quantized.py,test_quantize_dequantize,named,Quantize direction
test_quantized.py,test_quantize_dequantize,named,Quantize direction
test_quantized.py,test_quantize_dequantize,named,Quantize direction
test_quantized.py,test_quantize_dequantize,named,Quantize direction
test_quantized.py,test_quantize_dequantize,named,Quantize direction
test_quantized.py,test_quantize_dequantize,named,Quantize direction
test_quantized.py,test_quantize_dequantize,named,Quantize direction
test_quantized.py,test_quantize_dequantize,named,Quantize direction
test_quantized.py,test_quantize_dequantize,named,Quantize direction
test_quantized.py,test_quantize_dequantize,named,Quantize direction
test_quantized.py,test_quantize_dequantize,named,Quantize direction
test_quantized.py,test_quantize_dequantize,named,Quantize direction
test_quantized.py,test_quantize_dequantize,named,Quantize direction
test_quantized.py,test_quantize_dequantize,named,Quantize direction
test_quantized.py,test_quantize_dequantize,named,Quantize direction
test_quantized.py,test_quantize_dequantize,named,Quantize direction
test_quantized.py,test_quantize_dequantize,named,Quantize direction
test_quantized.py,test_quantize_strided,named,strided copy
test_quantized.py,test_qvm,named,Quantize direction
test_quantized.py,test_qvm,named,Quantize direction
test_quantized.py,test_qvm,named,Quantize direction
test_quantized.py,test_qvm,named,Quantize direction
test_quantized.py,test_qvm,named,Quantize direction
test_quantized.py,test_qvm,named,Quantize direction
test_quantized.py,test_qvm,named,Quantize direction
test_quantized.py,test_qvm,named,Quantize direction
test_quantized.py,test_qvm,named,Quantize direction
test_quantized.py,test_qvm,named,Quantize direction
test_quantized.py,test_qvm,named,Quantize direction
test_quantized.py,test_qvm,named,Quantize direction
test_quantized.py,test_qvm,named,Quantize direction
test_quantized.py,test_qvm,named,Quantize direction
test_quantized.py,test_qvm,named,Quantize direction
test_quantized.py,test_qvm,named,Quantize direction
test_quantized.py,test_qvm,named,Quantize direction
test_quantized.py,test_qvm,named,Quantize direction
test_quantized.py,test_qvm,named,Quantize direction
test_quantized.py,test_qvm,named,Quantize direction
test_quantized.py,test_qvm,named,Quantize direction
test_quantized.py,test_qvm,named,Quantize direction
test_quantized.py,test_qvm,named,Quantize direction
test_quantized.py,test_qvm,named,Quantize direction
test_quantized.py,test_qvm,named,Quantize direction
test_quantized.py,test_qvm,named,Quantize direction
test_quantized.py,test_qvm,named,Quantize direction
test_quantized.py,test_qvm,named,Quantize direction
test_quantized.py,test_qvm,named,Quantize direction
test_quantized.py,test_qvm,named,Quantize direction
test_quantized.py,test_qvm,named,Quantize direction
test_quantized.py,test_qvm,named,Quantize direction
test_quantized.py,test_qvm,named,Quantize direction
test_quantized.py,test_qvm,named,Quantize direction
test_quantized.py,test_qvm,named,Quantize direction
test_quantized.py,test_qvm,named,Quantize direction
test_quantized.py,test_qvm,named,Quantize direction
test_quantized.py,test_qvm,named,Quantize direction
test_quantized.py,test_qvm,named,Quantize direction
test_quantized.py,test_qvm,named,Quantize direction
test_quantized.py,test_qvm,named,Quantize direction
test_quantized.py,test_qvm,named,Quantize direction
test_quantized.py,test_qvm,named,Quantize direction
test_quantized.py,test_qvm,named,Quantize direction
test_quantized.py,test_qvm,named,Quantize direction
test_quantized.py,test_qvm,named,Quantize direction
test_quantized.py,test_qvm,named,Quantize direction
test_quantized.py,test_qvm,named,Quantize direction
test_quantized.py,test_qvm,named,Quantize direction
test_quantized.py,test_qvm,named,Quantize direction
test_quantized.py,test_qvm,named,Quantize direction
test_quantized.py,test_qvm,named,Quantize direction
test_quantized.py,test_qvm,named,Quantize direction
test_quantized.py,test_qvm,named,Quantize direction
test_quantized.py,test_qvm,named,Quantize direction
test_quantized.py,test_qvm,named,Quantize direction
test_quantized.py,test_qvm,named,Quantize direction
test_quantized.py,test_qvm,named,Quantize direction
test_quantized.py,test_qvm,named,Quantize direction
test_quantized.py,test_qvm,named,Quantize direction
test_quantized.py,test_qvm,named,Quantize direction
test_quantized.py,test_qvm,named,Quantize direction
test_quantized.py,test_qvm,named,Quantize direction
test_quantized.py,test_qvm,named,Quantize direction
test_quantized.py,test_qvm,named,Quantize direction
test_quantized.py,test_qvm,named,Quantize direction
test_quantized.py,test_qvm,named,Quantize direction
test_quantized.py,test_qvm,named,Quantize direction
test_quantized.py,test_qvm,named,Quantize direction
test_quantized.py,test_qvm,named,Quantize direction
test_quantized.py,test_qvm,named,Quantize direction
test_quantized.py,test_qvm,named,Quantize direction
test_quantized.py,test_qvm,named,Quantize direction
test_quantized.py,test_qvm,named,Quantize direction
test_quantized.py,test_qvm,named,Quantize direction
test_quantized.py,test_qvm,named,Quantize direction
test_quantized.py,test_qvm,named,Quantize direction
test_quantized.py,test_qvm,named,Quantize direction
test_quantized.py,test_qvm,named,Quantize direction
test_quantized.py,test_qvm,named,Quantize direction
test_quantized.py,test_qvm,named,Quantize direction
test_quantized.py,test_qvm,named,Quantize direction
test_quantized.py,test_qvm,named,Quantize direction
test_quantized.py,test_qvm,named,Quantize direction
test_quantized.py,test_qvm,named,Quantize direction
test_quantized.py,test_qvm,named,Quantize direction
test_quantized.py,test_qvm,named,Quantize direction
test_quantized.py,test_qvm,named,Quantize direction
test_quantized.py,test_qvm,named,Quantize direction
test_quantized.py,test_qvm,named,Quantize direction
test_quantized.py,test_qvm,named,Quantize direction
test_quantized.py,test_qvm,named,Quantize direction
test_quantized.py,test_qvm,named,Quantize direction
test_quantized.py,test_qvm,named,Quantize direction
test_quantized.py,test_qvm,named,Quantize direction
test_quantized.py,test_qvm,named,Quantize direction
test_quantized.py,test_qvm,named,Quantize direction
test_quantized.py,test_qvm,named,Quantize direction
test_quantized.py,test_qvm,named,Quantize direction
test_quantized.py,test_qvm,named,Quantize direction
test_quantized.py,test_qvm,named,Quantize direction
test_quantized.py,test_qvm,named,Quantize direction
test_quantized.py,test_qvm,named,Quantize direction
test_quantized.py,test_qvm,named,Quantize direction
test_quantized.py,test_qvm,named,Quantize direction
test_quantized.py,test_qvm,named,Quantize direction
test_quantized.py,test_qvm,named,Quantize direction
test_quantized.py,test_qvm,named,Quantize direction
test_quantized.py,test_qvm,named,Quantize direction
test_quantized.py,test_qvm,named,Quantize direction
test_quantized.py,test_qvm,named,Quantize direction
test_quantized.py,test_qvm,named,Quantize direction
test_quantized.py,test_qvm,named,Quantize direction
test_quantized.py,test_qvm,named,Quantize direction
test_quantized.py,test_qvm,named,Quantize direction
test_quantized.py,test_qvm,named,Quantize direction
test_quantized.py,test_qvm,named,Quantize direction
test_quantized.py,test_qvm,named,Quantize direction
test_quantized.py,test_qvm,named,Quantize direction
test_quantized.py,test_qvm,named,Quantize direction
test_quantized.py,test_qvm,named,Quantize direction
test_quantized.py,test_qvm,named,Quantize direction
test_quantized.py,test_qvm,named,Quantize direction
test_quantized.py,test_qvm,named,Quantize direction
test_quantized.py,test_qvm,named,Quantize direction
test_quantized.py,test_qvm,named,Quantize direction
test_quantized.py,test_qvm,named,Quantize direction
test_quantized.py,test_qvm,named,Quantize direction
test_quantized.py,test_qvm,named,Quantize direction
test_quantized.py,test_qvm,named,Quantize direction
test_quantized.py,test_qvm,named,Quantize direction
test_quantized.py,test_qvm,named,Quantize direction
test_quantized.py,test_qvm,named,Quantize direction
test_quantized.py,test_qvm,named,Quantize direction
test_quantized.py,test_qvm,named,Quantize direction
test_quantized.py,test_qvm,named,Quantize direction
test_quantized.py,test_qvm,named,Quantize direction
test_quantized.py,test_qvm,named,Quantize direction
test_quantized.py,test_qvm,named,Quantize direction
test_quantized.py,test_qvm,named,Quantize direction
test_quantized.py,test_qvm,named,Quantize direction
test_quantized.py,test_qvm,named,Quantize direction
test_quantized.py,test_qvm,named,Quantize direction
test_quantized.py,test_qvm,named,Quantize direction
test_quantized.py,test_qvm,named,Quantize direction
test_quantized.py,test_qvm,named,Quantize direction
test_quantized.py,test_qvm,named,Quantize direction
test_quantized.py,test_qvm,named,Quantize direction
test_quantized.py,test_qvm,named,Quantize direction
test_quantized.py,test_qvm,named,Quantize direction
test_quantized.py,test_qvm,named,Quantize direction
test_quantized.py,test_qvm,named,Quantize direction
test_quantized.py,test_qvm,named,Quantize direction
test_quantized.py,test_qvm,named,Quantize direction
test_quantized.py,test_qvm,named,Quantize direction
test_quantized.py,test_qvm,named,Quantize direction
test_quantized.py,test_qvm,named,Quantize direction
test_quantized.py,test_qvm,named,Quantize direction
test_quantized.py,test_qvm,named,Quantize direction
test_quantized.py,test_qvm,named,Quantize direction
test_quantized.py,test_qvm,named,Quantize direction
test_quantized.py,test_qvm,named,Quantize direction
test_quantized.py,test_qvm,named,Quantize direction
test_quantized.py,test_qvm,named,Quantize direction
test_quantized.py,test_qvm,named,Quantize direction
test_quantized.py,test_qvm,named,Quantize direction
test_quantized.py,test_qvm,named,Quantize direction
test_quantized.py,test_qvm,named,Quantize direction
test_quantized.py,test_qvm,named,Quantize direction
test_quantized.py,test_qvm,named,Quantize direction
test_quantized.py,test_qvm,named,Quantize direction
test_quantized.py,test_qvm,named,Quantize direction
test_quantized.py,test_qvm,named,Quantize direction
test_quantized.py,test_qvm,named,Quantize direction
test_quantized.py,test_qvm,named,Quantize direction
test_quantized.py,test_qvm,named,Quantize direction
test_quantized.py,test_qvm,named,Quantize direction
test_quantized.py,test_qvm,named,Quantize direction
test_quantized.py,test_qvm,named,Quantize direction
test_quantized.py,test_qvm,named,Quantize direction
test_quantized.py,test_qvm,named,Quantize direction
test_quantized.py,test_qvm,named,Quantize direction
test_quantized.py,test_qvm,named,Quantize direction
test_quantized.py,test_qvm,named,Quantize direction
test_quantized.py,test_qvm,named,Quantize direction
test_quantized.py,test_qvm,named,Quantize direction
test_quantized.py,test_qvm,named,Quantize direction
test_quantized.py,test_qvm,named,Quantize direction
test_quantized.py,test_qvm,named,Quantize direction
test_quantized.py,test_qvm,named,Quantize direction
test_quantized.py,test_qvm,named,Quantize direction
test_quantized.py,test_qvm,named,Quantize direction
test_quantized.py,test_qvm,named,Quantize direction
test_quantized.py,test_qvm,named,Quantize direction
test_quantized.py,test_qvm,named,Quantize direction
test_quantized.py,test_qvm,named,Quantize direction
test_quantized.py,test_qvm,named,Quantize direction
test_quantized.py,test_qvm,named,Quantize direction
test_quantized.py,test_qvm,named,Quantize direction
test_quantized.py,test_qvm,named,Quantize direction
test_quantized.py,test_qvm,named,Quantize direction
test_quantized.py,test_qvm,named,Quantize direction
test_quantized.py,test_qvm,named,Quantize direction
test_quantized.py,test_qvm,named,Quantize direction
test_quantized.py,test_qvm,named,Quantize direction
test_quantized.py,test_qvm,named,Quantize direction
test_quantized.py,test_qvm,named,Quantize direction
test_quantized.py,test_qvm,named,Quantize direction
test_quantized.py,test_qvm,named,Quantize direction
test_quantized.py,test_qvm,named,Quantize direction
test_quantized.py,test_qvm,named,Quantize direction
test_quantized.py,test_qvm,named,Quantize direction
test_quantized.py,test_qvm,named,Quantize direction
test_quantized.py,test_qvm,named,Quantize direction
test_quantized.py,test_qvm,named,Quantize direction
test_quantized.py,test_qvm,named,Quantize direction
test_quantized.py,test_qvm,named,Quantize direction
test_quantized.py,test_qvm,named,Quantize direction
test_quantized.py,test_qvm,named,Quantize direction
test_quantized.py,test_qvm,named,Quantize direction
test_quantized.py,test_qvm,named,Quantize direction
test_quantized.py,test_qvm,named,Quantize direction
test_quantized.py,test_qvm,named,Quantize direction
test_quantized.py,test_qvm,named,Quantize direction
test_quantized.py,test_qvm,named,Quantize direction
test_quantized.py,test_qvm,named,Quantize direction
test_quantized.py,test_qvm,named,Quantize direction
test_quantized.py,test_qvm,named,Quantize direction
test_quantized.py,test_qvm,named,Quantize direction
test_quantized.py,test_qvm,named,Quantize direction
test_quantized.py,test_qvm,named,Quantize direction
test_quantized.py,test_qvm,named,Quantize direction
test_quantized.py,test_qvm,named,Quantize direction
test_quantized.py,test_qvm,named,Quantize direction
test_quantized.py,test_qvm,named,Quantize direction
test_quantized.py,test_qvm,named,Quantize direction
test_quantized.py,test_qvm,named,Quantize direction
test_quantized.py,test_qvm,named,Quantize direction
test_quantized.py,test_qvm,named,Quantize direction
test_quantized.py,test_qvm,named,Quantize direction
test_quantized.py,test_qvm,named,Quantize direction
test_quantized.py,test_qvm,named,Quantize direction
test_quantized.py,test_qvm,named,Quantize direction
test_quantized.py,test_qvm,named,Quantize direction
test_quantized.py,test_qvm,named,Quantize direction
test_quantized.py,test_qvm,named,Quantize direction
test_quantized.py,test_qvm,named,Quantize direction
test_quantized.py,test_qvm,named,Quantize direction
test_quantized.py,test_qvm,named,Quantize direction
test_quantized.py,test_qvm,named,Quantize direction
test_quantized.py,test_qvm,named,Quantize direction
test_quantized.py,test_qvm,named,Quantize direction
test_quantized.py,test_qvm,named,Quantize direction
test_quantized.py,test_qvm,named,Quantize direction
test_quantized.py,test_qvm,named,Quantize direction
test_quantized.py,test_qvm,named,Quantize direction
test_quantized.py,test_qvm,named,Quantize direction
test_quantized.py,test_qvm,named,Quantize direction
test_quantized.py,test_qvm,named,Quantize direction
test_quantized.py,test_qvm,named,Quantize direction
test_quantized.py,test_qvm,named,Quantize direction
test_quantized.py,test_qvm,named,Quantize direction
test_quantized.py,test_qvm,named,Quantize direction
test_quantized.py,test_qvm,named,Quantize direction
test_quantized.py,test_qvm,named,Quantize direction
test_quantized.py,test_qvm,named,Quantize direction
test_quantized.py,test_qvm,named,Quantize direction
test_quantized.py,test_qvm,named,Quantize direction
test_quantized.py,test_qvm,named,Quantize direction
test_quantized.py,test_qvm,named,Quantize direction
test_quantized.py,test_qvm,named,Quantize direction
test_quantized.py,test_qvm,named,Quantize direction
test_quantized.py,test_qvm,named,Quantize direction
test_quantized.py,test_qvm,named,Quantize direction
test_quantized.py,test_qvm,named,Quantize direction
test_quantized.py,test_qvm,named,Quantize direction
test_quantized.py,test_qvm,named,Quantize direction
test_quantized.py,test_qvm,named,Quantize direction
test_quantized.py,test_qvm,named,Quantize direction
test_quantized.py,test_qvm,named,Quantize direction
test_quantized.py,test_qvm,named,Quantize direction
test_quantized.py,test_qvm,named,Quantize direction
test_quantized.py,test_qvm,named,Quantize direction
test_quantized.py,test_qvm,named,Quantize direction
test_quantized.py,test_qvm,named,Quantize direction
test_quantized.py,test_qvm,named,Quantize direction
test_quantized.py,test_qvm,named,Quantize direction
test_quantized.py,test_qvm,named,Quantize direction
test_quantized.py,test_qvm,named,Quantize direction
test_quantized.py,test_qvm,named,Quantize direction
test_quantized.py,test_qvm,named,Quantize direction
test_quantized.py,test_qvm,named,Quantize direction
test_quantized.py,test_qvm,named,Quantize direction
test_quantized.py,test_qvm,named,Quantize direction
test_quantized.py,test_qvm,named,Quantize direction
test_quantized.py,test_qvm,named,Quantize direction
test_quantized.py,test_qvm,named,Quantize direction
test_quantized.py,test_qvm,named,Quantize direction
test_quantized.py,test_qvm,named,Quantize direction
test_quantized.py,test_qvm,named,Quantize direction
test_quantized.py,test_qvm,named,Quantize direction
test_quantized.py,test_qvm,named,Quantize direction
test_quantized.py,test_qvm,named,Quantize direction
test_quantized.py,test_qvm,named,Quantize direction
test_quantized.py,test_qvm,named,Quantize direction
test_quantized.py,test_qvm,named,Quantize direction
test_quantized.py,test_qvm,named,Quantize direction
test_quantized.py,test_qvm,named,Quantize direction
test_quantized.py,test_qvm,named,Quantize direction
test_quantized.py,test_qvm,named,Quantize direction
test_quantized.py,test_qvm,named,Quantize direction
test_quantized.py,test_qvm,named,Quantize direction
test_quantized.py,test_qvm,named,Quantize direction
test_quantized.py,test_qvm,named,Quantize direction
test_quantized.py,test_qvm,named,Quantize direction
test_quantized.py,test_qvm,named,Quantize direction
test_quantized.py,test_qvm,named,Quantize direction
test_quantized.py,test_qvm,named,Quantize direction
test_quantized.py,test_qvm,named,Quantize direction
test_quantized.py,test_qvm,named,Quantize direction
test_quantized.py,test_qvm,named,Quantize direction
test_quantized.py,test_qvm,named,Quantize direction
test_quantized.py,test_qvm,named,Quantize direction
test_quantized.py,test_qvm,named,Quantize direction
test_quantized.py,test_qvm,named,Quantize direction
test_quantized.py,test_qvm,named,Quantize direction
test_quantized.py,test_qvm,named,Quantize direction
test_quantized.py,test_qvm,named,Quantize direction
test_quantized.py,test_qvm,named,Quantize direction
test_quantized.py,test_qvm,named,Quantize direction
test_quantized.py,test_qvm,named,Quantize direction
test_quantized.py,test_qvm,named,Quantize direction
test_quantized.py,test_qvm,named,Quantize direction
test_quantized.py,test_qvm,named,Quantize direction
test_quantized.py,test_qvm,named,Quantize direction
test_quantized.py,test_qvm,named,Quantize direction
test_quantized.py,test_qvm,named,Quantize direction
test_quantized.py,test_qvm,named,Quantize direction
test_quantized.py,test_qvm,named,Quantize direction
test_quantized.py,test_qvm,named,Quantize direction
test_quantized.py,test_qvm,named,Quantize direction
test_quantized.py,test_qvm,named,Quantize direction
test_quantized.py,test_qvm,named,Quantize direction
test_quantized.py,test_qvm,named,Quantize direction
test_quantized.py,test_qvm,named,Quantize direction
test_quantized.py,test_qvm,named,Quantize direction
test_quantized.py,test_qvm,named,Quantize direction
test_quantized.py,test_qvm,named,Quantize direction
test_quantized.py,test_qvm,named,Quantize direction
test_quantized.py,test_qvm,named,Quantize direction
test_quantized.py,test_qvm,named,Quantize direction
test_quantized.py,test_qvm,named,Quantize direction
test_quantized.py,test_qvm,named,Quantize direction
test_quantized.py,test_qvm,named,Quantize direction
test_quantized.py,test_qvm,named,Quantize direction
test_quantized.py,test_qvm,named,Quantize direction
test_quantized.py,test_qvm,named,Quantize direction
test_quantized.py,test_qvm,named,Quantize direction
test_quantized.py,test_qvm,named,Quantize direction
test_quantized.py,test_qvm,named,Quantize direction
test_quantized.py,test_qvm,named,Quantize direction
test_quantized.py,test_qvm,named,Quantize direction
test_quantized.py,test_qvm,named,Quantize direction
test_quantized.py,test_qvm,named,Quantize direction
test_quantized.py,test_qvm,named,Quantize direction
test_quantized.py,test_qvm,named,Quantize direction
test_quantized.py,test_qvm,named,Quantize direction
test_quantized.py,test_qvm,named,Quantize direction
test_quantized.py,test_qvm,named,Quantize direction
test_quantized.py,test_qvm,named,Quantize direction
test_quantized.py,test_qvm,named,Quantize direction
test_quantized.py,test_qvm,named,Quantize direction
test_quantized.py,test_qvm,named,Quantize direction
test_quantized.py,test_qvm,named,Quantize direction
test_quantized.py,test_qvm,named,Quantize direction
test_quantized.py,test_qvm,named,Quantize direction
test_quantized.py,test_qvm,named,Quantize direction
test_quantized.py,test_qvm,named,Quantize direction
test_quantized.py,test_qvm,named,Quantize direction
test_quantized.py,test_qvm,named,Quantize direction
test_quantized.py,test_qvm,named,Quantize direction
test_quantized.py,test_qvm,named,Quantize direction
test_quantized.py,test_qvm,named,Quantize direction
test_quantized.py,test_qvm,named,Quantize direction
test_quantized.py,test_qvm,named,Quantize direction
test_quantized.py,test_qvm,named,Quantize direction
test_quantized.py,test_qvm,named,Quantize direction
test_quantized.py,test_qvm,named,Quantize direction
test_quantized.py,test_qvm,named,Quantize direction
test_quantized.py,test_qvm,named,Quantize direction
test_quantized.py,test_qvm,named,Quantize direction
test_quantized.py,test_qvm,named,Quantize direction
test_quantized.py,test_qvm,named,Quantize direction
test_quantized.py,test_qvm,named,Quantize direction
test_quantized.py,test_qvm,named,Quantize direction
test_quantized.py,test_qvm,named,Quantize direction
test_quantized.py,test_qvm,named,Quantize direction
test_quantized.py,test_qvm,named,Quantize direction
test_quantized.py,test_qvm,named,Quantize direction
test_quantized.py,test_qvm,named,Quantize direction
test_quantized.py,test_qvm,named,Quantize direction
test_quantized.py,test_qvm,named,Quantize direction
test_quantized.py,test_qvm,named,Quantize direction
test_quantized.py,test_qvm,named,Quantize direction
test_quantized.py,test_qvm,named,Quantize direction
test_quantized.py,test_qvm,named,Quantize direction
test_quantized.py,test_qvm,named,Quantize direction
test_quantized.py,test_qvm,named,Quantize direction
test_quantized.py,test_qvm,named,Quantize direction
test_quantized.py,test_qvm,named,Quantize direction
test_quantized.py,test_qvm,named,Quantize direction
test_quantized.py,test_qvm,named,Quantize direction
test_quantized.py,test_qvm,named,Quantize direction
test_quantized.py,test_qvm,named,Quantize direction
test_quantized.py,test_qvm,named,Quantize direction
test_quantized.py,test_qvm,named,Quantize direction
test_quantized.py,test_qvm,named,Quantize direction
test_quantized.py,test_qvm,named,Quantize direction
test_quantized.py,test_qvm,named,Quantize direction
test_quantized.py,test_qvm,named,Quantize direction
test_quantized.py,test_qvm,named,Quantize direction
test_quantized.py,test_qvm,named,Quantize direction
test_quantized.py,test_qvm,named,Quantize direction
test_quantized.py,test_qvm,named,Quantize direction
test_quantized.py,test_qvm,named,Quantize direction
test_quantized.py,test_qvm,named,Quantize direction
test_quantized.py,test_qvm,named,Quantize direction
test_quantized.py,test_qvm,named,Quantize direction
test_quantized.py,test_qvm,named,Quantize direction
test_quantized.py,test_qvm,named,Quantize direction
test_quantized.py,test_qvm,named,Quantize direction
test_quantized.py,test_qvm,named,Quantize direction
test_quantized.py,test_qvm,named,Quantize direction
test_quantized.py,test_qvm,named,Quantize direction
test_quantized.py,test_qvm,named,Quantize direction
test_quantized.py,test_qvm,named,Quantize direction
test_quantized.py,test_qvm,named,Quantize direction
test_quantized.py,test_qvm,named,Quantize direction
test_quantized.py,test_qvm,named,Quantize direction
test_quantized.py,test_qvm,named,Quantize direction
test_quantized.py,test_qvm,named,Quantize direction
test_quantized.py,test_qvm,named,Quantize direction
test_quantized.py,test_qvm,named,Quantize direction
test_quantized.py,test_qvm,named,Quantize direction
test_quantized.py,test_qvm,named,Quantize direction
test_quantized.py,test_qvm,named,Quantize direction
test_quantized.py,test_qvm,named,Quantize direction
test_quantized.py,test_qvm,named,Quantize direction
test_quantized.py,test_qvm,named,Quantize direction
test_quantized.py,test_qvm,named,Quantize direction
test_quantized.py,test_qvm,named,Quantize direction
test_quantized.py,test_qvm,named,Quantize direction
test_quantized.py,test_qvm,named,Quantize direction
test_quantized.py,test_qvm,named,Quantize direction
test_quantized.py,test_qvm,named,Quantize direction
test_quantized.py,test_qvm,named,Quantize direction
test_quantized.py,test_qvm,named,Quantize direction
test_quantized.py,test_qvm,named,Quantize direction
test_quantized.py,test_qvm,named,Quantize direction
test_quantized.py,test_qvm,named,Quantize direction
test_quantized.py,test_qvm,named,Quantize direction
test_quantized.py,test_qvm,named,Quantize direction
test_quantized.py,test_qvm,named,Quantize direction
test_quantized.py,test_qvm,named,Quantize direction
test_quantized.py,test_qvm,named,Quantize direction
test_quantized.py,test_qvm,named,Quantize direction
test_quantized.py,test_qvm,named,Quantize direction
test_quantized.py,test_qvm,named,Quantize direction
test_quantized.py,test_qvm,named,Quantize direction
test_quantized.py,test_qvm,named,Quantize direction
test_quantized.py,test_qvm,named,Quantize direction
test_quantized.py,test_qvm,named,Quantize direction
test_quantized.py,test_qvm,named,Quantize direction
test_quantized.py,test_qvm,named,Quantize direction
test_quantized.py,test_qvm,named,Quantize direction
test_quantized.py,test_qvm,named,Quantize direction
test_quantized.py,test_qvm,named,Quantize direction
test_quantized.py,test_qvm,named,Quantize direction
test_quantized.py,test_qvm,named,Quantize direction
test_quantized.py,test_qvm,named,Quantize direction
test_quantized.py,test_qvm,named,Quantize direction
test_quantized.py,test_qvm,named,Quantize direction
test_quantized.py,test_qvm,named,Quantize direction
test_quantized.py,test_qvm,named,Quantize direction
test_quantized.py,test_qvm,named,Quantize direction
test_quantized.py,test_qvm,named,Quantize direction
test_quantized.py,test_qvm,named,Quantize direction
test_quantized.py,test_qvm,named,Quantize direction
test_quantized.py,test_qvm,named,Quantize direction
test_quantized.py,test_qvm,named,Quantize direction
test_quantized.py,test_qvm,named,Quantize direction
test_quantized.py,test_qvm,named,Quantize direction
test_quantized.py,test_qvm,named,Quantize direction
test_quantized.py,test_qvm,named,Quantize direction
test_quantized.py,test_qvm,named,Quantize direction
test_quantized.py,test_qvm,named,Quantize direction
test_quantized.py,test_qvm,named,Quantize direction
test_quantized.py,test_qvm,named,Quantize direction
test_quantized.py,test_qvm,named,Quantize direction
test_quantized.py,test_qvm,named,Quantize direction
test_quantized.py,test_qvm,named,Quantize direction
test_quantized.py,test_qvm,named,Quantize direction
test_quantized.py,test_qvm,named,Quantize direction
test_quantized.py,test_qvm,named,Quantize direction
test_quantized.py,test_qvm_splitk,named,Quantize direction
test_quantized.py,test_qvm_splitk,named,Quantize direction
test_quantized.py,test_qvm_splitk,named,Quantize direction
test_quantized.py,test_qvm_splitk,named,Quantize direction
test_quantized.py,test_qvm_splitk,named,Quantize direction
test_quantized.py,test_qvm_splitk,named,Quantize direction
test_quantized.py,test_qvm_splitk,named,Quantize direction
test_quantized.py,test_qvm_splitk,named,Quantize direction
test_quantized.py,test_qvm_splitk,named,Quantize direction
test_quantized.py,test_qvm_splitk,named,Quantize direction
test_quantized.py,test_qvm_splitk,named,Quantize direction
test_quantized.py,test_qvm_splitk,named,Quantize direction
test_quantized.py,test_qvm_splitk,named,Quantize direction
test_quantized.py,test_qvm_splitk,named,Quantize direction
test_quantized.py,test_qvm_splitk,named,Quantize direction
test_quantized.py,test_qvm_splitk,named,Quantize direction
test_quantized.py,test_qvm_splitk,named,Quantize direction
test_quantized.py,test_qvm_splitk,named,Quantize direction
test_quantized.py,test_qvm_splitk,named,Quantize direction
test_quantized.py,test_qvm_splitk_multi_row,named,Quantize direction
test_quantized.py,test_qvm_splitk_multi_row,named,Quantize direction
test_quantized.py,test_qvm_splitk_multi_row,named,Quantize direction
test_quantized.py,test_qvm_splitk_multi_row,named,Quantize direction
test_quantized.py,test_qvm_splitk_multi_row,named,Quantize direction
test_quantized.py,test_qvm_splitk_multi_row,named,Quantize direction
test_quantized.py,test_qvm_splitk_multi_row,named,Quantize direction
test_quantized.py,test_qvm_splitk_multi_row,named,Quantize direction
test_quantized.py,test_qvm_splitk_multi_row,named,Quantize direction
test_quantized.py,test_qvm_splitk_multi_row,named,Quantize direction
test_quantized.py,test_qvm_splitk_multi_row,named,Quantize direction
test_quantized.py,test_qvm_splitk_multi_row,named,Quantize direction
test_quantized.py,test_qvm_splitk_multi_row,named,Quantize direction
test_quantized.py,test_qvm_splitk_multi_row,named,Quantize direction
test_quantized.py,test_qvm_splitk_multi_row,named,Quantize direction
test_quantized.py,test_qvm_splitk_multi_row,named,Quantize direction
test_quantized.py,test_small_matrix,named,Quantize direction
test_quantized.py,test_small_matrix,named,Quantize direction
test_quantized.py,test_small_matrix,named,Quantize direction
test_quantized.py,test_throw,named,Quantize direction
test_quantized.py,test_vjp_scales_biases,named,Quantize direction
test_random.py,test_categorical,named,non-suffix ArgMax
test_random.py,test_key,named,Equal dtype
test_random.py,test_key_split,named,Equal dtype
test_random.py,test_multivariate_normal,cpucpu,IndexError cpu stream table
test_random.py,test_permutation,named,ArgSort dtype
test_random.py,test_randint,named,Minimum dtype
test_random.py,test_uniform,named,dtype converting copy
test_reduce.py,test_arg_reduce,named,ArgMin dtype
test_reduce.py,test_arg_reduce,named,ArgMin dtype
test_reduce.py,test_arg_reduce,named,ArgMin dtype
test_reduce.py,test_arg_reduce,named,ArgMin dtype
test_reduce.py,test_arg_reduce,named,ArgMin dtype
test_reduce.py,test_arg_reduce,named,ArgMin dtype
test_reduce.py,test_arg_reduce,named,ArgMin dtype
test_reduce.py,test_arg_reduce,named,ArgMin dtype
test_reduce.py,test_arg_reduce,named,non-suffix ArgMin
test_reduce.py,test_arg_reduce,named,non-suffix ArgMin
test_reduce.py,test_axis_permutation_sums,named,Sum rank above 4
test_reduce.py,test_axis_permutation_sums,named,Sum rank above 4
test_reduce.py,test_axis_permutation_sums,named,Sum rank above 4
test_reduce.py,test_axis_permutation_sums,named,Sum rank above 4
test_reduce.py,test_axis_permutation_sums,named,Sum rank above 4
test_reduce.py,test_axis_permutation_sums,named,Sum rank above 4
test_reduce.py,test_axis_permutation_sums,named,Sum rank above 4
test_reduce.py,test_axis_permutation_sums,named,Sum rank above 4
test_reduce.py,test_axis_permutation_sums,named,Sum rank above 4
test_reduce.py,test_axis_permutation_sums,named,Sum rank above 4
test_reduce.py,test_axis_permutation_sums,named,Sum rank above 4
test_reduce.py,test_axis_permutation_sums,named,Sum rank above 4
test_reduce.py,test_axis_permutation_sums,named,Sum rank above 4
test_reduce.py,test_axis_permutation_sums,named,Sum rank above 4
test_reduce.py,test_axis_permutation_sums,named,Sum rank above 4
test_reduce.py,test_axis_permutation_sums,named,Sum rank above 4
test_reduce.py,test_axis_permutation_sums,named,Sum rank above 4
test_reduce.py,test_axis_permutation_sums,named,Sum rank above 4
test_reduce.py,test_axis_permutation_sums,named,Sum rank above 4
test_reduce.py,test_axis_permutation_sums,named,Sum rank above 4
test_reduce.py,test_axis_permutation_sums,named,Sum rank above 4
test_reduce.py,test_axis_permutation_sums,named,Sum rank above 4
test_reduce.py,test_axis_permutation_sums,named,Sum rank above 4
test_reduce.py,test_axis_permutation_sums,named,Sum rank above 4
test_reduce.py,test_axis_permutation_sums,named,Sum rank above 4
test_reduce.py,test_axis_permutation_sums,named,Sum rank above 4
test_reduce.py,test_axis_permutation_sums,named,Sum rank above 4
test_reduce.py,test_axis_permutation_sums,named,Sum rank above 4
test_reduce.py,test_axis_permutation_sums,named,Sum rank above 4
test_reduce.py,test_axis_permutation_sums,named,Sum rank above 4
test_reduce.py,test_axis_permutation_sums,named,Sum rank above 4
test_reduce.py,test_axis_permutation_sums,named,Sum rank above 4
test_reduce.py,test_axis_permutation_sums,named,Sum rank above 4
test_reduce.py,test_axis_permutation_sums,named,Sum rank above 4
test_reduce.py,test_axis_permutation_sums,named,Sum rank above 4
test_reduce.py,test_axis_permutation_sums,named,Sum rank above 4
test_reduce.py,test_axis_permutation_sums,named,Sum rank above 4
test_reduce.py,test_axis_permutation_sums,named,Sum rank above 4
test_reduce.py,test_axis_permutation_sums,named,Sum rank above 4
test_reduce.py,test_axis_permutation_sums,named,Sum rank above 4
test_reduce.py,test_axis_permutation_sums,named,Sum rank above 4
test_reduce.py,test_axis_permutation_sums,named,Sum rank above 4
test_reduce.py,test_axis_permutation_sums,named,Sum rank above 4
test_reduce.py,test_axis_permutation_sums,named,Sum rank above 4
test_reduce.py,test_axis_permutation_sums,named,Sum rank above 4
test_reduce.py,test_axis_permutation_sums,named,Sum rank above 4
test_reduce.py,test_axis_permutation_sums,named,Sum rank above 4
test_reduce.py,test_axis_permutation_sums,named,Sum rank above 4
test_reduce.py,test_axis_permutation_sums,named,Sum rank above 4
test_reduce.py,test_axis_permutation_sums,named,Sum rank above 4
test_reduce.py,test_axis_permutation_sums,named,Sum rank above 4
test_reduce.py,test_axis_permutation_sums,named,Sum rank above 4
test_reduce.py,test_axis_permutation_sums,named,Sum rank above 4
test_reduce.py,test_axis_permutation_sums,named,Sum rank above 4
test_reduce.py,test_axis_permutation_sums,named,Sum rank above 4
test_reduce.py,test_axis_permutation_sums,named,Sum rank above 4
test_reduce.py,test_axis_permutation_sums,named,Sum rank above 4
test_reduce.py,test_axis_permutation_sums,named,Sum rank above 4
test_reduce.py,test_axis_permutation_sums,named,Sum rank above 4
test_reduce.py,test_axis_permutation_sums,named,Sum rank above 4
test_reduce.py,test_axis_permutation_sums,named,Sum rank above 4
test_reduce.py,test_axis_permutation_sums,named,Sum rank above 4
test_reduce.py,test_axis_permutation_sums,named,Sum rank above 4
test_reduce.py,test_axis_permutation_sums,named,Sum rank above 4
test_reduce.py,test_axis_permutation_sums,named,Sum rank above 4
test_reduce.py,test_axis_permutation_sums,named,Sum rank above 4
test_reduce.py,test_axis_permutation_sums,named,Sum rank above 4
test_reduce.py,test_axis_permutation_sums,named,Sum rank above 4
test_reduce.py,test_axis_permutation_sums,named,Sum rank above 4
test_reduce.py,test_axis_permutation_sums,named,Sum rank above 4
test_reduce.py,test_axis_permutation_sums,named,Sum rank above 4
test_reduce.py,test_axis_permutation_sums,named,Sum rank above 4
test_reduce.py,test_axis_permutation_sums,named,Sum rank above 4
test_reduce.py,test_axis_permutation_sums,named,Sum rank above 4
test_reduce.py,test_axis_permutation_sums,named,Sum rank above 4
test_reduce.py,test_axis_permutation_sums,named,Sum rank above 4
test_reduce.py,test_axis_permutation_sums,named,Sum rank above 4
test_reduce.py,test_axis_permutation_sums,named,Sum rank above 4
test_reduce.py,test_axis_permutation_sums,named,Sum rank above 4
test_reduce.py,test_axis_permutation_sums,named,Sum rank above 4
test_reduce.py,test_axis_permutation_sums,named,Sum rank above 4
test_reduce.py,test_axis_permutation_sums,named,Sum rank above 4
test_reduce.py,test_axis_permutation_sums,named,Sum rank above 4
test_reduce.py,test_axis_permutation_sums,named,Sum rank above 4
test_reduce.py,test_axis_permutation_sums,named,Sum rank above 4
test_reduce.py,test_axis_permutation_sums,named,Sum rank above 4
test_reduce.py,test_axis_permutation_sums,named,Sum rank above 4
test_reduce.py,test_axis_permutation_sums,named,Sum rank above 4
test_reduce.py,test_axis_permutation_sums,named,Sum rank above 4
test_reduce.py,test_axis_permutation_sums,named,Sum rank above 4
test_reduce.py,test_axis_permutation_sums,named,Sum rank above 4
test_reduce.py,test_axis_permutation_sums,named,Sum rank above 4
test_reduce.py,test_axis_permutation_sums,named,Sum rank above 4
test_reduce.py,test_axis_permutation_sums,named,Sum rank above 4
test_reduce.py,test_axis_permutation_sums,named,Sum rank above 4
test_reduce.py,test_axis_permutation_sums,named,Sum rank above 4
test_reduce.py,test_axis_permutation_sums,named,Sum rank above 4
test_reduce.py,test_axis_permutation_sums,named,Sum rank above 4
test_reduce.py,test_axis_permutation_sums,named,Sum rank above 4
test_reduce.py,test_axis_permutation_sums,named,Sum rank above 4
test_reduce.py,test_axis_permutation_sums,named,Sum rank above 4
test_reduce.py,test_axis_permutation_sums,named,Sum rank above 4
test_reduce.py,test_axis_permutation_sums,named,Sum rank above 4
test_reduce.py,test_axis_permutation_sums,named,Sum rank above 4
test_reduce.py,test_axis_permutation_sums,named,Sum rank above 4
test_reduce.py,test_axis_permutation_sums,named,Sum rank above 4
test_reduce.py,test_axis_permutation_sums,named,Sum rank above 4
test_reduce.py,test_axis_permutation_sums,named,Sum rank above 4
test_reduce.py,test_axis_permutation_sums,named,Sum rank above 4
test_reduce.py,test_axis_permutation_sums,named,Sum rank above 4
test_reduce.py,test_axis_permutation_sums,named,Sum rank above 4
test_reduce.py,test_axis_permutation_sums,named,Sum rank above 4
test_reduce.py,test_axis_permutation_sums,named,Sum rank above 4
test_reduce.py,test_axis_permutation_sums,named,Sum rank above 4
test_reduce.py,test_axis_permutation_sums,named,Sum rank above 4
test_reduce.py,test_axis_permutation_sums,named,Sum rank above 4
test_reduce.py,test_axis_permutation_sums,named,Sum rank above 4
test_reduce.py,test_axis_permutation_sums,named,Sum rank above 4
test_reduce.py,test_axis_permutation_sums,named,Sum rank above 4
test_reduce.py,test_axis_permutation_sums,named,Sum rank above 4
test_reduce.py,test_axis_permutation_sums,named,Sum rank above 4
test_reduce.py,test_axis_permutation_sums,named,Sum rank above 4
test_reduce.py,test_axis_permutation_sums,named,Sum rank above 4
test_reduce.py,test_axis_permutation_sums,named,Sum rank above 4
test_reduce.py,test_axis_permutation_sums,named,Sum rank above 4
test_reduce.py,test_axis_permutation_sums,named,Sum rank above 4
test_reduce.py,test_axis_permutation_sums,named,Sum rank above 4
test_reduce.py,test_axis_permutation_sums,named,Sum rank above 4
test_reduce.py,test_axis_permutation_sums,named,Sum rank above 4
test_reduce.py,test_axis_permutation_sums,named,Sum rank above 4
test_reduce.py,test_axis_permutation_sums,named,Sum rank above 4
test_reduce.py,test_axis_permutation_sums,named,Sum rank above 4
test_reduce.py,test_axis_permutation_sums,named,Sum rank above 4
test_reduce.py,test_axis_permutation_sums,named,Sum rank above 4
test_reduce.py,test_axis_permutation_sums,named,Sum rank above 4
test_reduce.py,test_axis_permutation_sums,named,Sum rank above 4
test_reduce.py,test_axis_permutation_sums,named,Sum rank above 4
test_reduce.py,test_axis_permutation_sums,named,Sum rank above 4
test_reduce.py,test_axis_permutation_sums,named,Sum rank above 4
test_reduce.py,test_axis_permutation_sums,named,Sum rank above 4
test_reduce.py,test_axis_permutation_sums,named,Sum rank above 4
test_reduce.py,test_axis_permutation_sums,named,Sum rank above 4
test_reduce.py,test_axis_permutation_sums,named,Sum rank above 4
test_reduce.py,test_axis_permutation_sums,named,Sum rank above 4
test_reduce.py,test_axis_permutation_sums,named,Sum rank above 4
test_reduce.py,test_axis_permutation_sums,named,Sum rank above 4
test_reduce.py,test_axis_permutation_sums,named,Sum rank above 4
test_reduce.py,test_axis_permutation_sums,named,Sum rank above 4
test_reduce.py,test_axis_permutation_sums,named,Sum rank above 4
test_reduce.py,test_axis_permutation_sums,named,Sum rank above 4
test_reduce.py,test_axis_permutation_sums,named,Sum rank above 4
test_reduce.py,test_axis_permutation_sums,named,Sum rank above 4
test_reduce.py,test_axis_permutation_sums,named,Sum rank above 4
test_reduce.py,test_axis_permutation_sums,named,Sum rank above 4
test_reduce.py,test_axis_permutation_sums,named,Sum rank above 4
test_reduce.py,test_axis_permutation_sums,named,Sum rank above 4
test_reduce.py,test_axis_permutation_sums,named,Sum rank above 4
test_reduce.py,test_axis_permutation_sums,named,Sum rank above 4
test_reduce.py,test_axis_permutation_sums,named,Sum rank above 4
test_reduce.py,test_axis_permutation_sums,named,Sum rank above 4
test_reduce.py,test_axis_permutation_sums,named,Sum rank above 4
test_reduce.py,test_axis_permutation_sums,named,Sum rank above 4
test_reduce.py,test_axis_permutation_sums,named,Sum rank above 4
test_reduce.py,test_axis_permutation_sums,named,Sum rank above 4
test_reduce.py,test_axis_permutation_sums,named,Sum rank above 4
test_reduce.py,test_axis_permutation_sums,named,Sum rank above 4
test_reduce.py,test_axis_permutation_sums,named,Sum rank above 4
test_reduce.py,test_axis_permutation_sums,named,Sum rank above 4
test_reduce.py,test_axis_permutation_sums,named,Sum rank above 4
test_reduce.py,test_axis_permutation_sums,named,Sum rank above 4
test_reduce.py,test_axis_permutation_sums,named,Sum rank above 4
test_reduce.py,test_axis_permutation_sums,named,Sum rank above 4
test_reduce.py,test_axis_permutation_sums,named,Sum rank above 4
test_reduce.py,test_axis_permutation_sums,named,Sum rank above 4
test_reduce.py,test_axis_permutation_sums,named,Sum rank above 4
test_reduce.py,test_axis_permutation_sums,named,Sum rank above 4
test_reduce.py,test_axis_permutation_sums,named,Sum rank above 4
test_reduce.py,test_axis_permutation_sums,named,Sum rank above 4
test_reduce.py,test_axis_permutation_sums,named,Sum rank above 4
test_reduce.py,test_axis_permutation_sums,named,Sum rank above 4
test_reduce.py,test_axis_permutation_sums,named,Sum rank above 4
test_reduce.py,test_axis_permutation_sums,named,Sum rank above 4
test_reduce.py,test_axis_permutation_sums,named,Sum rank above 4
test_reduce.py,test_axis_permutation_sums,named,Sum rank above 4
test_reduce.py,test_axis_permutation_sums,named,Sum rank above 4
test_reduce.py,test_axis_permutation_sums,named,Sum rank above 4
test_reduce.py,test_axis_permutation_sums,named,Sum rank above 4
test_reduce.py,test_axis_permutation_sums,named,Sum rank above 4
test_reduce.py,test_axis_permutation_sums,named,Sum rank above 4
test_reduce.py,test_axis_permutation_sums,named,Sum rank above 4
test_reduce.py,test_axis_permutation_sums,named,Sum rank above 4
test_reduce.py,test_axis_permutation_sums,named,Sum rank above 4
test_reduce.py,test_axis_permutation_sums,named,Sum rank above 4
test_reduce.py,test_axis_permutation_sums,named,Sum rank above 4
test_reduce.py,test_axis_permutation_sums,named,Sum rank above 4
test_reduce.py,test_axis_permutation_sums,named,Sum rank above 4
test_reduce.py,test_axis_permutation_sums,named,Sum rank above 4
test_reduce.py,test_axis_permutation_sums,named,Sum rank above 4
test_reduce.py,test_axis_permutation_sums,named,Sum rank above 4
test_reduce.py,test_axis_permutation_sums,named,Sum rank above 4
test_reduce.py,test_axis_permutation_sums,named,Sum rank above 4
test_reduce.py,test_axis_permutation_sums,named,Sum rank above 4
test_reduce.py,test_axis_permutation_sums,named,Sum rank above 4
test_reduce.py,test_axis_permutation_sums,named,Sum rank above 4
test_reduce.py,test_axis_permutation_sums,named,Sum rank above 4
test_reduce.py,test_axis_permutation_sums,named,Sum rank above 4
test_reduce.py,test_axis_permutation_sums,named,Sum rank above 4
test_reduce.py,test_axis_permutation_sums,named,Sum rank above 4
test_reduce.py,test_axis_permutation_sums,named,Sum rank above 4
test_reduce.py,test_axis_permutation_sums,named,Sum rank above 4
test_reduce.py,test_axis_permutation_sums,named,Sum rank above 4
test_reduce.py,test_axis_permutation_sums,named,Sum rank above 4
test_reduce.py,test_axis_permutation_sums,named,Sum rank above 4
test_reduce.py,test_axis_permutation_sums,named,Sum rank above 4
test_reduce.py,test_axis_permutation_sums,named,Sum rank above 4
test_reduce.py,test_axis_permutation_sums,named,Sum rank above 4
test_reduce.py,test_axis_permutation_sums,named,Sum rank above 4
test_reduce.py,test_axis_permutation_sums,named,Sum rank above 4
test_reduce.py,test_axis_permutation_sums,named,Sum rank above 4
test_reduce.py,test_axis_permutation_sums,named,Sum rank above 4
test_reduce.py,test_axis_permutation_sums,named,Sum rank above 4
test_reduce.py,test_axis_permutation_sums,named,Sum rank above 4
test_reduce.py,test_axis_permutation_sums,named,Sum rank above 4
test_reduce.py,test_axis_permutation_sums,named,Sum rank above 4
test_reduce.py,test_axis_permutation_sums,named,Sum rank above 4
test_reduce.py,test_axis_permutation_sums,named,Sum rank above 4
test_reduce.py,test_axis_permutation_sums,named,Sum rank above 4
test_reduce.py,test_axis_permutation_sums,named,Sum rank above 4
test_reduce.py,test_axis_permutation_sums,named,Sum rank above 4
test_reduce.py,test_axis_permutation_sums,named,Sum rank above 4
test_reduce.py,test_axis_permutation_sums,named,Sum rank above 4
test_reduce.py,test_axis_permutation_sums,named,Sum rank above 4
test_reduce.py,test_axis_permutation_sums,named,Sum rank above 4
test_reduce.py,test_axis_permutation_sums,named,Sum rank above 4
test_reduce.py,test_axis_permutation_sums,named,Sum rank above 4
test_reduce.py,test_axis_permutation_sums,named,Sum rank above 4
test_reduce.py,test_axis_permutation_sums,named,Sum rank above 4
test_reduce.py,test_axis_permutation_sums,named,Sum rank above 4
test_reduce.py,test_axis_permutation_sums,named,Sum rank above 4
test_reduce.py,test_axis_permutation_sums,named,Sum rank above 4
test_reduce.py,test_axis_permutation_sums,named,Sum rank above 4
test_reduce.py,test_axis_permutation_sums,named,Sum rank above 4
test_reduce.py,test_axis_permutation_sums,named,Sum rank above 4
test_reduce.py,test_axis_permutation_sums,named,Sum rank above 4
test_reduce.py,test_axis_permutation_sums,named,Sum rank above 4
test_reduce.py,test_axis_permutation_sums,named,Sum rank above 4
test_reduce.py,test_axis_permutation_sums,named,Sum rank above 4
test_reduce.py,test_axis_permutation_sums,named,Sum rank above 4
test_reduce.py,test_axis_permutation_sums,named,Sum rank above 4
test_reduce.py,test_axis_permutation_sums,named,Sum rank above 4
test_reduce.py,test_axis_permutation_sums,named,Sum rank above 4
test_reduce.py,test_axis_permutation_sums,named,Sum rank above 4
test_reduce.py,test_axis_permutation_sums,named,Sum rank above 4
test_reduce.py,test_axis_permutation_sums,named,Sum rank above 4
test_reduce.py,test_axis_permutation_sums,named,Sum rank above 4
test_reduce.py,test_axis_permutation_sums,named,Sum rank above 4
test_reduce.py,test_axis_permutation_sums,named,Sum rank above 4
test_reduce.py,test_axis_permutation_sums,named,Sum rank above 4
test_reduce.py,test_axis_permutation_sums,named,Sum rank above 4
test_reduce.py,test_axis_permutation_sums,named,Sum rank above 4
test_reduce.py,test_axis_permutation_sums,named,Sum rank above 4
test_reduce.py,test_axis_permutation_sums,named,Sum rank above 4
test_reduce.py,test_axis_permutation_sums,named,Sum rank above 4
test_reduce.py,test_axis_permutation_sums,named,Sum rank above 4
test_reduce.py,test_axis_permutation_sums,named,Sum rank above 4
test_reduce.py,test_axis_permutation_sums,named,Sum rank above 4
test_reduce.py,test_axis_permutation_sums,named,Sum rank above 4
test_reduce.py,test_axis_permutation_sums,named,Sum rank above 4
test_reduce.py,test_axis_permutation_sums,named,Sum rank above 4
test_reduce.py,test_axis_permutation_sums,named,Sum rank above 4
test_reduce.py,test_axis_permutation_sums,named,Sum rank above 4
test_reduce.py,test_axis_permutation_sums,named,Sum rank above 4
test_reduce.py,test_axis_permutation_sums,named,Sum rank above 4
test_reduce.py,test_axis_permutation_sums,named,Sum rank above 4
test_reduce.py,test_axis_permutation_sums,named,Sum rank above 4
test_reduce.py,test_axis_permutation_sums,named,Sum rank above 4
test_reduce.py,test_axis_permutation_sums,named,Sum rank above 4
test_reduce.py,test_axis_permutation_sums,named,Sum rank above 4
test_reduce.py,test_axis_permutation_sums,named,Sum rank above 4
test_reduce.py,test_axis_permutation_sums,named,Sum rank above 4
test_reduce.py,test_axis_permutation_sums,named,Sum rank above 4
test_reduce.py,test_axis_permutation_sums,named,Sum rank above 4
test_reduce.py,test_axis_permutation_sums,named,Sum rank above 4
test_reduce.py,test_axis_permutation_sums,named,Sum rank above 4
test_reduce.py,test_axis_permutation_sums,named,Sum rank above 4
test_reduce.py,test_axis_permutation_sums,named,Sum rank above 4
test_reduce.py,test_axis_permutation_sums,named,Sum rank above 4
test_reduce.py,test_axis_permutation_sums,named,Sum rank above 4
test_reduce.py,test_axis_permutation_sums,named,Sum rank above 4
test_reduce.py,test_axis_permutation_sums,named,Sum rank above 4
test_reduce.py,test_axis_permutation_sums,named,Sum rank above 4
test_reduce.py,test_axis_permutation_sums,named,Sum rank above 4
test_reduce.py,test_axis_permutation_sums,named,Sum rank above 4
test_reduce.py,test_axis_permutation_sums,named,Sum rank above 4
test_reduce.py,test_axis_permutation_sums,named,Sum rank above 4
test_reduce.py,test_axis_permutation_sums,named,Sum rank above 4
test_reduce.py,test_axis_permutation_sums,named,Sum rank above 4
test_reduce.py,test_axis_permutation_sums,named,Sum rank above 4
test_reduce.py,test_axis_permutation_sums,named,Sum rank above 4
test_reduce.py,test_axis_permutation_sums,named,Sum rank above 4
test_reduce.py,test_axis_permutation_sums,named,Sum rank above 4
test_reduce.py,test_axis_permutation_sums,named,Sum rank above 4
test_reduce.py,test_axis_permutation_sums,named,Sum rank above 4
test_reduce.py,test_axis_permutation_sums,named,Sum rank above 4
test_reduce.py,test_axis_permutation_sums,named,Sum rank above 4
test_reduce.py,test_axis_permutation_sums,named,Sum rank above 4
test_reduce.py,test_axis_permutation_sums,named,Sum rank above 4
test_reduce.py,test_axis_permutation_sums,named,Sum rank above 4
test_reduce.py,test_axis_permutation_sums,named,Sum rank above 4
test_reduce.py,test_axis_permutation_sums,named,Sum rank above 4
test_reduce.py,test_axis_permutation_sums,named,Sum rank above 4
test_reduce.py,test_axis_permutation_sums,named,Sum rank above 4
test_reduce.py,test_axis_permutation_sums,named,Sum rank above 4
test_reduce.py,test_axis_permutation_sums,named,Sum rank above 4
test_reduce.py,test_axis_permutation_sums,named,Sum rank above 4
test_reduce.py,test_axis_permutation_sums,named,Sum rank above 4
test_reduce.py,test_axis_permutation_sums,named,Sum rank above 4
test_reduce.py,test_axis_permutation_sums,named,Sum rank above 4
test_reduce.py,test_axis_permutation_sums,named,Sum rank above 4
test_reduce.py,test_axis_permutation_sums,named,Sum rank above 4
test_reduce.py,test_axis_permutation_sums,named,Sum rank above 4
test_reduce.py,test_axis_permutation_sums,named,Sum rank above 4
test_reduce.py,test_axis_permutation_sums,named,Sum rank above 4
test_reduce.py,test_axis_permutation_sums,named,Sum rank above 4
test_reduce.py,test_axis_permutation_sums,named,Sum rank above 4
test_reduce.py,test_axis_permutation_sums,named,Sum rank above 4
test_reduce.py,test_axis_permutation_sums,named,Sum rank above 4
test_reduce.py,test_axis_permutation_sums,named,Sum rank above 4
test_reduce.py,test_axis_permutation_sums,named,Sum rank above 4
test_reduce.py,test_axis_permutation_sums,named,Sum rank above 4
test_reduce.py,test_axis_permutation_sums,named,Sum rank above 4
test_reduce.py,test_axis_permutation_sums,named,Sum rank above 4
test_reduce.py,test_axis_permutation_sums,named,Sum rank above 4
test_reduce.py,test_axis_permutation_sums,named,Sum rank above 4
test_reduce.py,test_axis_permutation_sums,named,Sum rank above 4
test_reduce.py,test_axis_permutation_sums,named,Sum rank above 4
test_reduce.py,test_axis_permutation_sums,named,Sum rank above 4
test_reduce.py,test_axis_permutation_sums,named,Sum rank above 4
test_reduce.py,test_axis_permutation_sums,named,Sum rank above 4
test_reduce.py,test_axis_permutation_sums,named,Sum rank above 4
test_reduce.py,test_axis_permutation_sums,named,Sum rank above 4
test_reduce.py,test_axis_permutation_sums,named,Sum rank above 4
test_reduce.py,test_axis_permutation_sums,named,Sum rank above 4
test_reduce.py,test_axis_permutation_sums,named,Sum rank above 4
test_reduce.py,test_axis_permutation_sums,named,Sum rank above 4
test_reduce.py,test_axis_permutation_sums,named,Sum rank above 4
test_reduce.py,test_axis_permutation_sums,named,Sum rank above 4
test_reduce.py,test_axis_permutation_sums,named,Sum rank above 4
test_reduce.py,test_axis_permutation_sums,named,Sum rank above 4
test_reduce.py,test_axis_permutation_sums,named,Sum rank above 4
test_reduce.py,test_axis_permutation_sums,named,Sum rank above 4
test_reduce.py,test_axis_permutation_sums,named,Sum rank above 4
test_reduce.py,test_axis_permutation_sums,named,Sum rank above 4
test_reduce.py,test_axis_permutation_sums,named,Sum rank above 4
test_reduce.py,test_axis_permutation_sums,named,Sum rank above 4
test_reduce.py,test_axis_permutation_sums,named,Sum rank above 4
test_reduce.py,test_axis_permutation_sums,named,Sum rank above 4
test_reduce.py,test_axis_permutation_sums,named,Sum rank above 4
test_reduce.py,test_axis_permutation_sums,named,Sum rank above 4
test_reduce.py,test_axis_permutation_sums,named,Sum rank above 4
test_reduce.py,test_axis_permutation_sums,named,Sum rank above 4
test_reduce.py,test_axis_permutation_sums,named,Sum rank above 4
test_reduce.py,test_axis_permutation_sums,named,Sum rank above 4
test_reduce.py,test_axis_permutation_sums,named,Sum rank above 4
test_reduce.py,test_axis_permutation_sums,named,Sum rank above 4
test_reduce.py,test_axis_permutation_sums,named,Sum rank above 4
test_reduce.py,test_axis_permutation_sums,named,Sum rank above 4
test_reduce.py,test_axis_permutation_sums,named,Sum rank above 4
test_reduce.py,test_axis_permutation_sums,named,Sum rank above 4
test_reduce.py,test_axis_permutation_sums,named,Sum rank above 4
test_reduce.py,test_axis_permutation_sums,named,Sum rank above 4
test_reduce.py,test_axis_permutation_sums,named,Sum rank above 4
test_reduce.py,test_axis_permutation_sums,named,Sum rank above 4
test_reduce.py,test_axis_permutation_sums,named,Sum rank above 4
test_reduce.py,test_axis_permutation_sums,named,Sum rank above 4
test_reduce.py,test_axis_permutation_sums,named,Sum rank above 4
test_reduce.py,test_axis_permutation_sums,named,Sum rank above 4
test_reduce.py,test_axis_permutation_sums,named,Sum rank above 4
test_reduce.py,test_axis_permutation_sums,named,Sum rank above 4
test_reduce.py,test_axis_permutation_sums,named,Sum rank above 4
test_reduce.py,test_axis_permutation_sums,named,Sum rank above 4
test_reduce.py,test_axis_permutation_sums,named,Sum rank above 4
test_reduce.py,test_axis_permutation_sums,named,Sum rank above 4
test_reduce.py,test_axis_permutation_sums,named,Sum rank above 4
test_reduce.py,test_axis_permutation_sums,named,Sum rank above 4
test_reduce.py,test_axis_permutation_sums,named,Sum rank above 4
test_reduce.py,test_axis_permutation_sums,named,Sum rank above 4
test_reduce.py,test_axis_permutation_sums,named,Sum rank above 4
test_reduce.py,test_axis_permutation_sums,named,Sum rank above 4
test_reduce.py,test_axis_permutation_sums,named,Sum rank above 4
test_reduce.py,test_axis_permutation_sums,named,Sum rank above 4
test_reduce.py,test_axis_permutation_sums,named,Sum rank above 4
test_reduce.py,test_axis_permutation_sums,named,Sum rank above 4
test_reduce.py,test_axis_permutation_sums,named,Sum rank above 4
test_reduce.py,test_axis_permutation_sums,named,Sum rank above 4
test_reduce.py,test_axis_permutation_sums,named,Sum rank above 4
test_reduce.py,test_axis_permutation_sums,named,Sum rank above 4
test_reduce.py,test_axis_permutation_sums,named,Sum rank above 4
test_reduce.py,test_axis_permutation_sums,named,Sum rank above 4
test_reduce.py,test_axis_permutation_sums,named,Sum rank above 4
test_reduce.py,test_axis_permutation_sums,named,Sum rank above 4
test_reduce.py,test_axis_permutation_sums,named,Sum rank above 4
test_reduce.py,test_axis_permutation_sums,named,Sum rank above 4
test_reduce.py,test_axis_permutation_sums,named,Sum rank above 4
test_reduce.py,test_axis_permutation_sums,named,Sum rank above 4
test_reduce.py,test_axis_permutation_sums,named,Sum rank above 4
test_reduce.py,test_axis_permutation_sums,named,Sum rank above 4
test_reduce.py,test_axis_permutation_sums,named,Sum rank above 4
test_reduce.py,test_axis_permutation_sums,named,Sum rank above 4
test_reduce.py,test_axis_permutation_sums,named,Sum rank above 4
test_reduce.py,test_axis_permutation_sums,named,Sum rank above 4
test_reduce.py,test_axis_permutation_sums,named,Sum rank above 4
test_reduce.py,test_axis_permutation_sums,named,Sum rank above 4
test_reduce.py,test_axis_permutation_sums,named,Sum rank above 4
test_reduce.py,test_axis_permutation_sums,named,Sum rank above 4
test_reduce.py,test_axis_permutation_sums,named,Sum rank above 4
test_reduce.py,test_axis_permutation_sums,named,Sum rank above 4
test_reduce.py,test_axis_permutation_sums,named,Sum rank above 4
test_reduce.py,test_axis_permutation_sums,named,Sum rank above 4
test_reduce.py,test_axis_permutation_sums,named,Sum rank above 4
test_reduce.py,test_axis_permutation_sums,named,Sum rank above 4
test_reduce.py,test_axis_permutation_sums,named,Sum rank above 4
test_reduce.py,test_axis_permutation_sums,named,Sum rank above 4
test_reduce.py,test_axis_permutation_sums,named,Sum rank above 4
test_reduce.py,test_axis_permutation_sums,named,Sum rank above 4
test_reduce.py,test_axis_permutation_sums,named,Sum rank above 4
test_reduce.py,test_axis_permutation_sums,named,Sum rank above 4
test_reduce.py,test_axis_permutation_sums,named,Sum rank above 4
test_reduce.py,test_axis_permutation_sums,named,Sum rank above 4
test_reduce.py,test_axis_permutation_sums,named,Sum rank above 4
test_reduce.py,test_axis_permutation_sums,named,Sum rank above 4
test_reduce.py,test_axis_permutation_sums,named,Sum rank above 4
test_reduce.py,test_axis_permutation_sums,named,Sum rank above 4
test_reduce.py,test_axis_permutation_sums,named,Sum rank above 4
test_reduce.py,test_axis_permutation_sums,named,Sum rank above 4
test_reduce.py,test_axis_permutation_sums,named,Sum rank above 4
test_reduce.py,test_axis_permutation_sums,named,Sum rank above 4
test_reduce.py,test_axis_permutation_sums,named,Sum rank above 4
test_reduce.py,test_axis_permutation_sums,named,Sum rank above 4
test_reduce.py,test_axis_permutation_sums,named,Sum rank above 4
test_reduce.py,test_axis_permutation_sums,named,Sum rank above 4
test_reduce.py,test_axis_permutation_sums,named,Sum rank above 4
test_reduce.py,test_axis_permutation_sums,named,Sum rank above 4
test_reduce.py,test_axis_permutation_sums,named,Sum rank above 4
test_reduce.py,test_axis_permutation_sums,named,Sum rank above 4
test_reduce.py,test_axis_permutation_sums,named,Sum rank above 4
test_reduce.py,test_axis_permutation_sums,named,Sum rank above 4
test_reduce.py,test_axis_permutation_sums,named,Sum rank above 4
test_reduce.py,test_axis_permutation_sums,named,Sum rank above 4
test_reduce.py,test_axis_permutation_sums,named,Sum rank above 4
test_reduce.py,test_axis_permutation_sums,named,Sum rank above 4
test_reduce.py,test_axis_permutation_sums,named,Sum rank above 4
test_reduce.py,test_axis_permutation_sums,named,Sum rank above 4
test_reduce.py,test_axis_permutation_sums,named,Sum rank above 4
test_reduce.py,test_axis_permutation_sums,named,Sum rank above 4
test_reduce.py,test_axis_permutation_sums,named,Sum rank above 4
test_reduce.py,test_axis_permutation_sums,named,Sum rank above 4
test_reduce.py,test_axis_permutation_sums,named,Sum rank above 4
test_reduce.py,test_axis_permutation_sums,named,Sum rank above 4
test_reduce.py,test_axis_permutation_sums,named,Sum rank above 4
test_reduce.py,test_axis_permutation_sums,named,Sum rank above 4
test_reduce.py,test_axis_permutation_sums,named,Sum rank above 4
test_reduce.py,test_axis_permutation_sums,named,Sum rank above 4
test_reduce.py,test_axis_permutation_sums,named,Sum rank above 4
test_reduce.py,test_axis_permutation_sums,named,Sum rank above 4
test_reduce.py,test_axis_permutation_sums,named,Sum rank above 4
test_reduce.py,test_axis_permutation_sums,named,Sum rank above 4
test_reduce.py,test_axis_permutation_sums,named,Sum rank above 4
test_reduce.py,test_axis_permutation_sums,named,Sum rank above 4
test_reduce.py,test_axis_permutation_sums,named,Sum rank above 4
test_reduce.py,test_axis_permutation_sums,named,Sum rank above 4
test_reduce.py,test_axis_permutation_sums,named,Sum rank above 4
test_reduce.py,test_axis_permutation_sums,named,Sum rank above 4
test_reduce.py,test_axis_permutation_sums,named,Sum rank above 4
test_reduce.py,test_axis_permutation_sums,named,Sum rank above 4
test_reduce.py,test_axis_permutation_sums,named,Sum rank above 4
test_reduce.py,test_axis_permutation_sums,named,Sum rank above 4
test_reduce.py,test_axis_permutation_sums,named,Sum rank above 4
test_reduce.py,test_axis_permutation_sums,named,Sum rank above 4
test_reduce.py,test_axis_permutation_sums,named,Sum rank above 4
test_reduce.py,test_axis_permutation_sums,named,Sum rank above 4
test_reduce.py,test_axis_permutation_sums,named,Sum rank above 4
test_reduce.py,test_axis_permutation_sums,named,Sum rank above 4
test_reduce.py,test_axis_permutation_sums,named,Sum rank above 4
test_reduce.py,test_axis_permutation_sums,named,Sum rank above 4
test_reduce.py,test_axis_permutation_sums,named,Sum rank above 4
test_reduce.py,test_axis_permutation_sums,named,Sum rank above 4
test_reduce.py,test_axis_permutation_sums,named,Sum rank above 4
test_reduce.py,test_axis_permutation_sums,named,Sum rank above 4
test_reduce.py,test_axis_permutation_sums,named,Sum rank above 4
test_reduce.py,test_axis_permutation_sums,named,Sum rank above 4
test_reduce.py,test_axis_permutation_sums,named,Sum rank above 4
test_reduce.py,test_axis_permutation_sums,named,Sum rank above 4
test_reduce.py,test_axis_permutation_sums,named,Sum rank above 4
test_reduce.py,test_axis_permutation_sums,named,Sum rank above 4
test_reduce.py,test_axis_permutation_sums,named,Sum rank above 4
test_reduce.py,test_axis_permutation_sums,named,Sum rank above 4
test_reduce.py,test_axis_permutation_sums,named,Sum rank above 4
test_reduce.py,test_axis_permutation_sums,named,Sum rank above 4
test_reduce.py,test_axis_permutation_sums,named,Sum rank above 4
test_reduce.py,test_axis_permutation_sums,named,Sum rank above 4
test_reduce.py,test_axis_permutation_sums,named,Sum rank above 4
test_reduce.py,test_axis_permutation_sums,named,Sum rank above 4
test_reduce.py,test_axis_permutation_sums,named,Sum rank above 4
test_reduce.py,test_axis_permutation_sums,named,Sum rank above 4
test_reduce.py,test_axis_permutation_sums,named,Sum rank above 4
test_reduce.py,test_axis_permutation_sums,named,Sum rank above 4
test_reduce.py,test_axis_permutation_sums,named,Sum rank above 4
test_reduce.py,test_axis_permutation_sums,named,Sum rank above 4
test_reduce.py,test_axis_permutation_sums,named,Sum rank above 4
test_reduce.py,test_axis_permutation_sums,named,Sum rank above 4
test_reduce.py,test_axis_permutation_sums,named,Sum rank above 4
test_reduce.py,test_axis_permutation_sums,named,Sum rank above 4
test_reduce.py,test_axis_permutation_sums,named,Sum rank above 4
test_reduce.py,test_axis_permutation_sums,named,Sum rank above 4
test_reduce.py,test_axis_permutation_sums,named,Sum rank above 4
test_reduce.py,test_axis_permutation_sums,named,Sum rank above 4
test_reduce.py,test_axis_permutation_sums,named,Sum rank above 4
test_reduce.py,test_axis_permutation_sums,named,Sum rank above 4
test_reduce.py,test_axis_permutation_sums,named,Sum rank above 4
test_reduce.py,test_axis_permutation_sums,named,Sum rank above 4
test_reduce.py,test_axis_permutation_sums,named,Sum rank above 4
test_reduce.py,test_axis_permutation_sums,named,Sum rank above 4
test_reduce.py,test_axis_permutation_sums,named,Sum rank above 4
test_reduce.py,test_axis_permutation_sums,named,Sum rank above 4
test_reduce.py,test_axis_permutation_sums,named,Sum rank above 4
test_reduce.py,test_axis_permutation_sums,named,Sum rank above 4
test_reduce.py,test_axis_permutation_sums,named,Sum rank above 4
test_reduce.py,test_axis_permutation_sums,named,Sum rank above 4
test_reduce.py,test_axis_permutation_sums,named,Sum rank above 4
test_reduce.py,test_axis_permutation_sums,named,Sum rank above 4
test_reduce.py,test_axis_permutation_sums,named,Sum rank above 4
test_reduce.py,test_axis_permutation_sums,named,Sum rank above 4
test_reduce.py,test_axis_permutation_sums,named,Sum rank above 4
test_reduce.py,test_axis_permutation_sums,named,Sum rank above 4
test_reduce.py,test_axis_permutation_sums,named,Sum rank above 4
test_reduce.py,test_axis_permutation_sums,named,Sum rank above 4
test_reduce.py,test_axis_permutation_sums,named,Sum rank above 4
test_reduce.py,test_axis_permutation_sums,named,Sum rank above 4
test_reduce.py,test_axis_permutation_sums,named,Sum rank above 4
test_reduce.py,test_axis_permutation_sums,named,Sum rank above 4
test_reduce.py,test_axis_permutation_sums,named,Sum rank above 4
test_reduce.py,test_axis_permutation_sums,named,Sum rank above 4
test_reduce.py,test_axis_permutation_sums,named,Sum rank above 4
test_reduce.py,test_axis_permutation_sums,named,Sum rank above 4
test_reduce.py,test_axis_permutation_sums,named,Sum rank above 4
test_reduce.py,test_axis_permutation_sums,named,Sum rank above 4
test_reduce.py,test_axis_permutation_sums,named,Sum rank above 4
test_reduce.py,test_axis_permutation_sums,named,Sum rank above 4
test_reduce.py,test_axis_permutation_sums,named,Sum rank above 4
test_reduce.py,test_axis_permutation_sums,named,Sum rank above 4
test_reduce.py,test_axis_permutation_sums,named,Sum rank above 4
test_reduce.py,test_axis_permutation_sums,named,Sum rank above 4
test_reduce.py,test_axis_permutation_sums,named,Sum rank above 4
test_reduce.py,test_axis_permutation_sums,named,Sum rank above 4
test_reduce.py,test_axis_permutation_sums,named,Sum rank above 4
test_reduce.py,test_axis_permutation_sums,named,Sum rank above 4
test_reduce.py,test_axis_permutation_sums,named,Sum rank above 4
test_reduce.py,test_axis_permutation_sums,named,Sum rank above 4
test_reduce.py,test_axis_permutation_sums,named,Sum rank above 4
test_reduce.py,test_axis_permutation_sums,named,Sum rank above 4
test_reduce.py,test_axis_permutation_sums,named,Sum rank above 4
test_reduce.py,test_axis_permutation_sums,named,Sum rank above 4
test_reduce.py,test_axis_permutation_sums,named,Sum rank above 4
test_reduce.py,test_axis_permutation_sums,named,Sum rank above 4
test_reduce.py,test_axis_permutation_sums,named,Sum rank above 4
test_reduce.py,test_axis_permutation_sums,named,Sum rank above 4
test_reduce.py,test_axis_permutation_sums,named,Sum rank above 4
test_reduce.py,test_axis_permutation_sums,named,Sum rank above 4
test_reduce.py,test_axis_permutation_sums,named,Sum rank above 4
test_reduce.py,test_axis_permutation_sums,named,Sum rank above 4
test_reduce.py,test_axis_permutation_sums,named,Sum rank above 4
test_reduce.py,test_axis_permutation_sums,named,Sum rank above 4
test_reduce.py,test_axis_permutation_sums,named,Sum rank above 4
test_reduce.py,test_axis_permutation_sums,named,Sum rank above 4
test_reduce.py,test_axis_permutation_sums,named,Sum rank above 4
test_reduce.py,test_axis_permutation_sums,named,Sum rank above 4
test_reduce.py,test_axis_permutation_sums,named,Sum rank above 4
test_reduce.py,test_axis_permutation_sums,named,Sum rank above 4
test_reduce.py,test_axis_permutation_sums,named,Sum rank above 4
test_reduce.py,test_axis_permutation_sums,named,Sum rank above 4
test_reduce.py,test_axis_permutation_sums,named,Sum rank above 4
test_reduce.py,test_axis_permutation_sums,named,Sum rank above 4
test_reduce.py,test_axis_permutation_sums,named,Sum rank above 4
test_reduce.py,test_axis_permutation_sums,named,Sum rank above 4
test_reduce.py,test_axis_permutation_sums,named,Sum rank above 4
test_reduce.py,test_axis_permutation_sums,named,Sum rank above 4
test_reduce.py,test_axis_permutation_sums,named,Sum rank above 4
test_reduce.py,test_axis_permutation_sums,named,Sum rank above 4
test_reduce.py,test_axis_permutation_sums,named,Sum rank above 4
test_reduce.py,test_axis_permutation_sums,named,Sum rank above 4
test_reduce.py,test_axis_permutation_sums,named,Sum rank above 4
test_reduce.py,test_axis_permutation_sums,named,Sum rank above 4
test_reduce.py,test_axis_permutation_sums,named,Sum rank above 4
test_reduce.py,test_axis_permutation_sums,named,Sum rank above 4
test_reduce.py,test_axis_permutation_sums,named,Sum rank above 4
test_reduce.py,test_axis_permutation_sums,named,Sum rank above 4
test_reduce.py,test_axis_permutation_sums,named,Sum rank above 4
test_reduce.py,test_axis_permutation_sums,named,Sum rank above 4
test_reduce.py,test_axis_permutation_sums,named,Sum rank above 4
test_reduce.py,test_axis_permutation_sums,named,Sum rank above 4
test_reduce.py,test_axis_permutation_sums,named,Sum rank above 4
test_reduce.py,test_axis_permutation_sums,named,Sum rank above 4
test_reduce.py,test_axis_permutation_sums,named,Sum rank above 4
test_reduce.py,test_axis_permutation_sums,named,Sum rank above 4
test_reduce.py,test_axis_permutation_sums,named,Sum rank above 4
test_reduce.py,test_axis_permutation_sums,named,Sum rank above 4
test_reduce.py,test_axis_permutation_sums,named,Sum rank above 4
test_reduce.py,test_axis_permutation_sums,named,Sum rank above 4
test_reduce.py,test_axis_permutation_sums,named,Sum rank above 4
test_reduce.py,test_axis_permutation_sums,named,Sum rank above 4
test_reduce.py,test_axis_permutation_sums,named,Sum rank above 4
test_reduce.py,test_axis_permutation_sums,named,Sum rank above 4
test_reduce.py,test_axis_permutation_sums,named,Sum rank above 4
test_reduce.py,test_axis_permutation_sums,named,Sum rank above 4
test_reduce.py,test_axis_permutation_sums,named,Sum rank above 4
test_reduce.py,test_axis_permutation_sums,named,Sum rank above 4
test_reduce.py,test_axis_permutation_sums,named,Sum rank above 4
test_reduce.py,test_axis_permutation_sums,named,Sum rank above 4
test_reduce.py,test_axis_permutation_sums,named,Sum rank above 4
test_reduce.py,test_axis_permutation_sums,named,Sum rank above 4
test_reduce.py,test_axis_permutation_sums,named,Sum rank above 4
test_reduce.py,test_axis_permutation_sums,named,Sum rank above 4
test_reduce.py,test_axis_permutation_sums,named,Sum rank above 4
test_reduce.py,test_axis_permutation_sums,named,Sum rank above 4
test_reduce.py,test_axis_permutation_sums,named,Sum rank above 4
test_reduce.py,test_axis_permutation_sums,named,Sum rank above 4
test_reduce.py,test_axis_permutation_sums,named,Sum rank above 4
test_reduce.py,test_axis_permutation_sums,named,Sum rank above 4
test_reduce.py,test_axis_permutation_sums,named,Sum rank above 4
test_reduce.py,test_axis_permutation_sums,named,Sum rank above 4
test_reduce.py,test_axis_permutation_sums,named,Sum rank above 4
test_reduce.py,test_axis_permutation_sums,named,Sum rank above 4
test_reduce.py,test_axis_permutation_sums,named,Sum rank above 4
test_reduce.py,test_axis_permutation_sums,named,Sum rank above 4
test_reduce.py,test_axis_permutation_sums,named,Sum rank above 4
test_reduce.py,test_axis_permutation_sums,named,Sum rank above 4
test_reduce.py,test_axis_permutation_sums,named,Sum rank above 4
test_reduce.py,test_axis_permutation_sums,named,Sum rank above 4
test_reduce.py,test_axis_permutation_sums,named,Sum rank above 4
test_reduce.py,test_axis_permutation_sums,named,Sum rank above 4
test_reduce.py,test_axis_permutation_sums,named,Sum rank above 4
test_reduce.py,test_axis_permutation_sums,named,Sum rank above 4
test_reduce.py,test_axis_permutation_sums,named,Sum rank above 4
test_reduce.py,test_axis_permutation_sums,named,Sum rank above 4
test_reduce.py,test_axis_permutation_sums,named,Sum rank above 4
test_reduce.py,test_axis_permutation_sums,named,Sum rank above 4
test_reduce.py,test_axis_permutation_sums,named,Sum rank above 4
test_reduce.py,test_axis_permutation_sums,named,Sum rank above 4
test_reduce.py,test_axis_permutation_sums,named,Sum rank above 4
test_reduce.py,test_axis_permutation_sums,named,Sum rank above 4
test_reduce.py,test_axis_permutation_sums,named,Sum rank above 4
test_reduce.py,test_axis_permutation_sums,named,Sum rank above 4
test_reduce.py,test_axis_permutation_sums,named,Sum rank above 4
test_reduce.py,test_axis_permutation_sums,named,Sum rank above 4
test_reduce.py,test_axis_permutation_sums,named,Sum rank above 4
test_reduce.py,test_axis_permutation_sums,named,Sum rank above 4
test_reduce.py,test_axis_permutation_sums,named,Sum rank above 4
test_reduce.py,test_axis_permutation_sums,named,Sum rank above 4
test_reduce.py,test_axis_permutation_sums,named,Sum rank above 4
test_reduce.py,test_axis_permutation_sums,named,Sum rank above 4
test_reduce.py,test_axis_permutation_sums,named,Sum rank above 4
test_reduce.py,test_axis_permutation_sums,named,Sum rank above 4
test_reduce.py,test_axis_permutation_sums,named,Sum rank above 4
test_reduce.py,test_axis_permutation_sums,named,Sum rank above 4
test_reduce.py,test_axis_permutation_sums,named,Sum rank above 4
test_reduce.py,test_axis_permutation_sums,named,Sum rank above 4
test_reduce.py,test_axis_permutation_sums,named,Sum rank above 4
test_reduce.py,test_axis_permutation_sums,named,Sum rank above 4
test_reduce.py,test_axis_permutation_sums,named,Sum rank above 4
test_reduce.py,test_axis_permutation_sums,named,Sum rank above 4
test_reduce.py,test_axis_permutation_sums,named,Sum rank above 4
test_reduce.py,test_axis_permutation_sums,named,Sum rank above 4
test_reduce.py,test_axis_permutation_sums,named,Sum rank above 4
test_reduce.py,test_axis_permutation_sums,named,Sum rank above 4
test_reduce.py,test_axis_permutation_sums,named,Sum rank above 4
test_reduce.py,test_axis_permutation_sums,named,Sum rank above 4
test_reduce.py,test_axis_permutation_sums,named,Sum rank above 4
test_reduce.py,test_axis_permutation_sums,named,Sum rank above 4
test_reduce.py,test_axis_permutation_sums,named,Sum rank above 4
test_reduce.py,test_axis_permutation_sums,named,Sum rank above 4
test_reduce.py,test_axis_permutation_sums,named,Sum rank above 4
test_reduce.py,test_axis_permutation_sums,named,Sum rank above 4
test_reduce.py,test_axis_permutation_sums,named,Sum rank above 4
test_reduce.py,test_axis_permutation_sums,named,Sum rank above 4
test_reduce.py,test_axis_permutation_sums,named,Sum rank above 4
test_reduce.py,test_axis_permutation_sums,named,Sum rank above 4
test_reduce.py,test_axis_permutation_sums,named,Sum rank above 4
test_reduce.py,test_axis_permutation_sums,named,Sum rank above 4
test_reduce.py,test_axis_permutation_sums,named,Sum rank above 4
test_reduce.py,test_axis_permutation_sums,named,Sum rank above 4
test_reduce.py,test_axis_permutation_sums,named,Sum rank above 4
test_reduce.py,test_axis_permutation_sums,named,Sum rank above 4
test_reduce.py,test_axis_permutation_sums,named,Sum rank above 4
test_reduce.py,test_axis_permutation_sums,named,Sum rank above 4
test_reduce.py,test_axis_permutation_sums,named,Sum rank above 4
test_reduce.py,test_axis_permutation_sums,named,Sum rank above 4
test_reduce.py,test_axis_permutation_sums,named,Sum rank above 4
test_reduce.py,test_axis_permutation_sums,named,Sum rank above 4
test_reduce.py,test_axis_permutation_sums,named,Sum rank above 4
test_reduce.py,test_axis_permutation_sums,named,Sum rank above 4
test_reduce.py,test_axis_permutation_sums,named,Sum rank above 4
test_reduce.py,test_axis_permutation_sums,named,Sum rank above 4
test_reduce.py,test_axis_permutation_sums,named,Sum rank above 4
test_reduce.py,test_axis_permutation_sums,named,Sum rank above 4
test_reduce.py,test_axis_permutation_sums,named,Sum rank above 4
test_reduce.py,test_axis_permutation_sums,named,Sum rank above 4
test_reduce.py,test_axis_permutation_sums,named,Sum rank above 4
test_reduce.py,test_axis_permutation_sums,named,Sum rank above 4
test_reduce.py,test_axis_permutation_sums,named,Sum rank above 4
test_reduce.py,test_axis_permutation_sums,named,Sum rank above 4
test_reduce.py,test_axis_permutation_sums,named,Sum rank above 4
test_reduce.py,test_axis_permutation_sums,named,Sum rank above 4
test_reduce.py,test_axis_permutation_sums,named,Sum rank above 4
test_reduce.py,test_axis_permutation_sums,named,Sum rank above 4
test_reduce.py,test_axis_permutation_sums,named,Sum rank above 4
test_reduce.py,test_axis_permutation_sums,named,Sum rank above 4
test_reduce.py,test_axis_permutation_sums,named,Sum rank above 4
test_reduce.py,test_axis_permutation_sums,named,Sum rank above 4
test_reduce.py,test_axis_permutation_sums,named,Sum rank above 4
test_reduce.py,test_axis_permutation_sums,named,Sum rank above 4
test_reduce.py,test_axis_permutation_sums,named,Sum rank above 4
test_reduce.py,test_axis_permutation_sums,named,Sum rank above 4
test_reduce.py,test_axis_permutation_sums,named,Sum rank above 4
test_reduce.py,test_axis_permutation_sums,named,Sum rank above 4
test_reduce.py,test_axis_permutation_sums,named,Sum rank above 4
test_reduce.py,test_axis_permutation_sums,named,Sum rank above 4
test_reduce.py,test_axis_permutation_sums,named,Sum rank above 4
test_reduce.py,test_axis_permutation_sums,named,Sum rank above 4
test_reduce.py,test_axis_permutation_sums,named,Sum rank above 4
test_reduce.py,test_axis_permutation_sums,named,Sum rank above 4
test_reduce.py,test_axis_permutation_sums,named,Sum rank above 4
test_reduce.py,test_axis_permutation_sums,named,Sum rank above 4
test_reduce.py,test_axis_permutation_sums,named,Sum rank above 4
test_reduce.py,test_axis_permutation_sums,named,Sum rank above 4
test_reduce.py,test_axis_permutation_sums,named,Sum rank above 4
test_reduce.py,test_axis_permutation_sums,named,Sum rank above 4
test_reduce.py,test_axis_permutation_sums,named,Sum rank above 4
test_reduce.py,test_axis_permutation_sums,named,Sum rank above 4
test_reduce.py,test_axis_permutation_sums,named,Sum rank above 4
test_reduce.py,test_axis_permutation_sums,named,Sum rank above 4
test_reduce.py,test_axis_permutation_sums,named,Sum rank above 4
test_reduce.py,test_axis_permutation_sums,named,Sum rank above 4
test_reduce.py,test_axis_permutation_sums,named,Sum rank above 4
test_reduce.py,test_axis_permutation_sums,named,Sum rank above 4
test_reduce.py,test_axis_permutation_sums,named,Sum rank above 4
test_reduce.py,test_axis_permutation_sums,named,Sum rank above 4
test_reduce.py,test_axis_permutation_sums,named,Sum rank above 4
test_reduce.py,test_axis_permutation_sums,named,Sum rank above 4
test_reduce.py,test_axis_permutation_sums,named,Sum rank above 4
test_reduce.py,test_axis_permutation_sums,named,Sum rank above 4
test_reduce.py,test_axis_permutation_sums,named,Sum rank above 4
test_reduce.py,test_axis_permutation_sums,named,Sum rank above 4
test_reduce.py,test_axis_permutation_sums,named,Sum rank above 4
test_reduce.py,test_axis_permutation_sums,named,Sum rank above 4
test_reduce.py,test_axis_permutation_sums,named,Sum rank above 4
test_reduce.py,test_axis_permutation_sums,named,Sum rank above 4
test_reduce.py,test_axis_permutation_sums,named,Sum rank above 4
test_reduce.py,test_axis_permutation_sums,named,Sum rank above 4
test_reduce.py,test_axis_permutation_sums,named,Sum rank above 4
test_reduce.py,test_axis_permutation_sums,named,Sum rank above 4
test_reduce.py,test_axis_permutation_sums,named,Sum rank above 4
test_reduce.py,test_axis_permutation_sums,named,Sum rank above 4
test_reduce.py,test_axis_permutation_sums,named,Sum rank above 4
test_reduce.py,test_axis_permutation_sums,named,Sum rank above 4
test_reduce.py,test_axis_permutation_sums,named,Sum rank above 4
test_reduce.py,test_axis_permutation_sums,named,Sum rank above 4
test_reduce.py,test_axis_permutation_sums,named,Sum rank above 4
test_reduce.py,test_axis_permutation_sums,named,Sum rank above 4
test_reduce.py,test_axis_permutation_sums,named,Sum rank above 4
test_reduce.py,test_axis_permutation_sums,named,Sum rank above 4
test_reduce.py,test_axis_permutation_sums,named,Sum rank above 4
test_reduce.py,test_axis_permutation_sums,named,Sum rank above 4
test_reduce.py,test_axis_permutation_sums,named,Sum rank above 4
test_reduce.py,test_axis_permutation_sums,named,Sum rank above 4
test_reduce.py,test_axis_permutation_sums,named,Sum rank above 4
test_reduce.py,test_axis_permutation_sums,named,Sum rank above 4
test_reduce.py,test_axis_permutation_sums,named,Sum rank above 4
test_reduce.py,test_axis_permutation_sums,named,Sum rank above 4
test_reduce.py,test_axis_permutation_sums,named,Sum rank above 4
test_reduce.py,test_axis_permutation_sums,named,Sum rank above 4
test_reduce.py,test_axis_permutation_sums,named,Sum rank above 4
test_reduce.py,test_axis_permutation_sums,named,Sum rank above 4
test_reduce.py,test_axis_permutation_sums,named,Sum rank above 4
test_reduce.py,test_axis_permutation_sums,named,Sum rank above 4
test_reduce.py,test_axis_permutation_sums,named,Sum rank above 4
test_reduce.py,test_axis_permutation_sums,named,Sum rank above 4
test_reduce.py,test_axis_permutation_sums,named,Sum rank above 4
test_reduce.py,test_axis_permutation_sums,named,Sum rank above 4
test_reduce.py,test_axis_permutation_sums,named,Sum rank above 4
test_reduce.py,test_axis_permutation_sums,named,Sum rank above 4
test_reduce.py,test_axis_permutation_sums,named,Sum rank above 4
test_reduce.py,test_axis_permutation_sums,named,Sum rank above 4
test_reduce.py,test_axis_permutation_sums,named,Sum rank above 4
test_reduce.py,test_axis_permutation_sums,named,Sum rank above 4
test_reduce.py,test_axis_permutation_sums,named,Sum rank above 4
test_reduce.py,test_axis_permutation_sums,named,Sum rank above 4
test_reduce.py,test_axis_permutation_sums,named,Sum rank above 4
test_reduce.py,test_axis_permutation_sums,named,Sum rank above 4
test_reduce.py,test_axis_permutation_sums,named,Sum rank above 4
test_reduce.py,test_axis_permutation_sums,named,Sum rank above 4
test_reduce.py,test_axis_permutation_sums,named,Sum rank above 4
test_reduce.py,test_axis_permutation_sums,named,Sum rank above 4
test_reduce.py,test_axis_permutation_sums,named,Sum rank above 4
test_reduce.py,test_axis_permutation_sums,named,Sum rank above 4
test_reduce.py,test_axis_permutation_sums,named,Sum rank above 4
test_reduce.py,test_axis_permutation_sums,named,Sum rank above 4
test_reduce.py,test_axis_permutation_sums,named,Sum rank above 4
test_reduce.py,test_axis_permutation_sums,named,Sum rank above 4
test_reduce.py,test_axis_permutation_sums,named,Sum rank above 4
test_reduce.py,test_axis_permutation_sums,named,Sum rank above 4
test_reduce.py,test_axis_permutation_sums,named,Sum rank above 4
test_reduce.py,test_axis_permutation_sums,named,Sum rank above 4
test_reduce.py,test_axis_permutation_sums,named,Sum rank above 4
test_reduce.py,test_axis_permutation_sums,named,Sum rank above 4
test_reduce.py,test_axis_permutation_sums,named,Sum rank above 4
test_reduce.py,test_axis_permutation_sums,named,Sum rank above 4
test_reduce.py,test_axis_permutation_sums,named,Sum rank above 4
test_reduce.py,test_axis_permutation_sums,named,Sum rank above 4
test_reduce.py,test_axis_permutation_sums,named,Sum rank above 4
test_reduce.py,test_axis_permutation_sums,named,Sum rank above 4
test_reduce.py,test_axis_permutation_sums,named,Sum rank above 4
test_reduce.py,test_axis_permutation_sums,named,Sum rank above 4
test_reduce.py,test_axis_permutation_sums,named,Sum rank above 4
test_reduce.py,test_axis_permutation_sums,named,Sum rank above 4
test_reduce.py,test_axis_permutation_sums,named,Sum rank above 4
test_reduce.py,test_axis_permutation_sums,named,Sum rank above 4
test_reduce.py,test_axis_permutation_sums,named,Sum rank above 4
test_reduce.py,test_axis_permutation_sums,named,Sum rank above 4
test_reduce.py,test_axis_permutation_sums,named,Sum rank above 4
test_reduce.py,test_axis_permutation_sums,named,Sum rank above 4
test_reduce.py,test_axis_permutation_sums,named,Sum rank above 4
test_reduce.py,test_axis_permutation_sums,named,Sum rank above 4
test_reduce.py,test_axis_permutation_sums,named,Sum rank above 4
test_reduce.py,test_axis_permutation_sums,named,Sum rank above 4
test_reduce.py,test_axis_permutation_sums,named,Sum rank above 4
test_reduce.py,test_axis_permutation_sums,named,Sum rank above 4
test_reduce.py,test_axis_permutation_sums,named,Sum rank above 4
test_reduce.py,test_axis_permutation_sums,named,Sum rank above 4
test_reduce.py,test_axis_permutation_sums,named,Sum rank above 4
test_reduce.py,test_axis_permutation_sums,named,Sum rank above 4
test_reduce.py,test_axis_permutation_sums,named,Sum rank above 4
test_reduce.py,test_axis_permutation_sums,named,Sum rank above 4
test_reduce.py,test_axis_permutation_sums,named,Sum rank above 4
test_reduce.py,test_axis_permutation_sums,named,Sum rank above 4
test_reduce.py,test_axis_permutation_sums,named,Sum rank above 4
test_reduce.py,test_axis_permutation_sums,named,Sum rank above 4
test_reduce.py,test_axis_permutation_sums,named,Sum rank above 4
test_reduce.py,test_axis_permutation_sums,named,Sum rank above 4
test_reduce.py,test_axis_permutation_sums,named,Sum rank above 4
test_reduce.py,test_axis_permutation_sums,named,Sum rank above 4
test_reduce.py,test_axis_permutation_sums,named,Sum rank above 4
test_reduce.py,test_axis_permutation_sums,named,Sum rank above 4
test_reduce.py,test_axis_permutation_sums,named,Sum rank above 4
test_reduce.py,test_axis_permutation_sums,named,Sum rank above 4
test_reduce.py,test_axis_permutation_sums,named,Sum rank above 4
test_reduce.py,test_axis_permutation_sums,named,Sum rank above 4
test_reduce.py,test_axis_permutation_sums,named,Sum rank above 4
test_reduce.py,test_axis_permutation_sums,named,Sum rank above 4
test_reduce.py,test_axis_permutation_sums,named,Sum rank above 4
test_reduce.py,test_axis_permutation_sums,named,Sum rank above 4
test_reduce.py,test_axis_permutation_sums,named,Sum rank above 4
test_reduce.py,test_axis_permutation_sums,named,Sum rank above 4
test_reduce.py,test_axis_permutation_sums,named,Sum rank above 4
test_reduce.py,test_axis_permutation_sums,named,Sum rank above 4
test_reduce.py,test_axis_permutation_sums,named,Sum rank above 4
test_reduce.py,test_axis_permutation_sums,named,Sum rank above 4
test_reduce.py,test_axis_permutation_sums,named,Sum rank above 4
test_reduce.py,test_axis_permutation_sums,named,Sum rank above 4
test_reduce.py,test_axis_permutation_sums,named,Sum rank above 4
test_reduce.py,test_axis_permutation_sums,named,Sum rank above 4
test_reduce.py,test_axis_permutation_sums,named,Sum rank above 4
test_reduce.py,test_axis_permutation_sums,named,Sum rank above 4
test_reduce.py,test_axis_permutation_sums,named,Sum rank above 4
test_reduce.py,test_axis_permutation_sums,named,Sum rank above 4
test_reduce.py,test_axis_permutation_sums,named,Sum rank above 4
test_reduce.py,test_axis_permutation_sums,named,Sum rank above 4
test_reduce.py,test_axis_permutation_sums,named,Sum rank above 4
test_reduce.py,test_axis_permutation_sums,named,Sum rank above 4
test_reduce.py,test_axis_permutation_sums,named,Sum rank above 4
test_reduce.py,test_axis_permutation_sums,named,Sum rank above 4
test_reduce.py,test_axis_permutation_sums,named,Sum rank above 4
test_reduce.py,test_axis_permutation_sums,named,Sum rank above 4
test_reduce.py,test_axis_permutation_sums,named,Sum rank above 4
test_reduce.py,test_axis_permutation_sums,named,Sum rank above 4
test_reduce.py,test_axis_permutation_sums,named,Sum rank above 4
test_reduce.py,test_axis_permutation_sums,named,Sum rank above 4
test_reduce.py,test_axis_permutation_sums,named,Sum rank above 4
test_reduce.py,test_axis_permutation_sums,named,Sum rank above 4
test_reduce.py,test_axis_permutation_sums,named,Sum rank above 4
test_reduce.py,test_axis_permutation_sums,named,Sum rank above 4
test_reduce.py,test_axis_permutation_sums,named,Sum rank above 4
test_reduce.py,test_axis_permutation_sums,named,Sum rank above 4
test_reduce.py,test_axis_permutation_sums,named,Sum rank above 4
test_reduce.py,test_axis_permutation_sums,named,Sum rank above 4
test_reduce.py,test_axis_permutation_sums,named,Sum rank above 4
test_reduce.py,test_axis_permutation_sums,named,Sum rank above 4
test_reduce.py,test_axis_permutation_sums,named,Sum rank above 4
test_reduce.py,test_axis_permutation_sums,named,Sum rank above 4
test_reduce.py,test_axis_permutation_sums,named,Sum rank above 4
test_reduce.py,test_axis_permutation_sums,named,Sum rank above 4
test_reduce.py,test_axis_permutation_sums,named,Sum rank above 4
test_reduce.py,test_axis_permutation_sums,named,Sum rank above 4
test_reduce.py,test_axis_permutation_sums,named,Sum rank above 4
test_reduce.py,test_axis_permutation_sums,named,Sum rank above 4
test_reduce.py,test_axis_permutation_sums,named,Sum rank above 4
test_reduce.py,test_axis_permutation_sums,named,Sum rank above 4
test_reduce.py,test_axis_permutation_sums,named,Sum rank above 4
test_reduce.py,test_axis_permutation_sums,named,Sum rank above 4
test_reduce.py,test_axis_permutation_sums,named,Sum rank above 4
test_reduce.py,test_axis_permutation_sums,named,Sum rank above 4
test_reduce.py,test_axis_permutation_sums,named,Sum rank above 4
test_reduce.py,test_axis_permutation_sums,named,Sum rank above 4
test_reduce.py,test_axis_permutation_sums,named,Sum rank above 4
test_reduce.py,test_axis_permutation_sums,named,Sum rank above 4
test_reduce.py,test_axis_permutation_sums,named,Sum rank above 4
test_reduce.py,test_axis_permutation_sums,named,Sum rank above 4
test_reduce.py,test_axis_permutation_sums,named,Sum rank above 4
test_reduce.py,test_axis_permutation_sums,named,Sum rank above 4
test_reduce.py,test_axis_permutation_sums,named,Sum rank above 4
test_reduce.py,test_axis_permutation_sums,named,Sum rank above 4
test_reduce.py,test_axis_permutation_sums,named,Sum rank above 4
test_reduce.py,test_axis_permutation_sums,named,Sum rank above 4
test_reduce.py,test_axis_permutation_sums,named,Sum rank above 4
test_reduce.py,test_axis_permutation_sums,named,Sum rank above 4
test_reduce.py,test_axis_permutation_sums,named,Sum rank above 4
test_reduce.py,test_axis_permutation_sums,named,Sum rank above 4
test_reduce.py,test_axis_permutation_sums,named,Sum rank above 4
test_reduce.py,test_axis_permutation_sums,named,Sum rank above 4
test_reduce.py,test_axis_permutation_sums,named,Sum rank above 4
test_reduce.py,test_axis_permutation_sums,named,Sum rank above 4
test_reduce.py,test_axis_permutation_sums,named,Sum rank above 4
test_reduce.py,test_axis_permutation_sums,named,Sum rank above 4
test_reduce.py,test_axis_permutation_sums,named,Sum rank above 4
test_reduce.py,test_axis_permutation_sums,named,Sum rank above 4
test_reduce.py,test_axis_permutation_sums,named,Sum rank above 4
test_reduce.py,test_axis_permutation_sums,named,Sum rank above 4
test_reduce.py,test_axis_permutation_sums,named,Sum rank above 4
test_reduce.py,test_axis_permutation_sums,named,Sum rank above 4
test_reduce.py,test_axis_permutation_sums,named,Sum rank above 4
test_reduce.py,test_axis_permutation_sums,named,Sum rank above 4
test_reduce.py,test_axis_permutation_sums,named,Sum rank above 4
test_reduce.py,test_axis_permutation_sums,named,Sum rank above 4
test_reduce.py,test_axis_permutation_sums,named,Sum rank above 4
test_reduce.py,test_axis_permutation_sums,named,Sum rank above 4
test_reduce.py,test_axis_permutation_sums,named,Sum rank above 4
test_reduce.py,test_axis_permutation_sums,named,Sum rank above 4
test_reduce.py,test_axis_permutation_sums,named,Sum rank above 4
test_reduce.py,test_axis_permutation_sums,named,Sum rank above 4
test_reduce.py,test_axis_permutation_sums,named,Sum rank above 4
test_reduce.py,test_axis_permutation_sums,named,Sum rank above 4
test_reduce.py,test_axis_permutation_sums,named,Sum rank above 4
test_reduce.py,test_axis_permutation_sums,named,Sum rank above 4
test_reduce.py,test_axis_permutation_sums,named,Sum rank above 4
test_reduce.py,test_axis_permutation_sums,named,Sum rank above 4
test_reduce.py,test_axis_permutation_sums,named,Sum rank above 4
test_reduce.py,test_axis_permutation_sums,named,Sum rank above 4
test_reduce.py,test_axis_permutation_sums,named,Sum rank above 4
test_reduce.py,test_axis_permutation_sums,named,Sum rank above 4
test_reduce.py,test_axis_permutation_sums,named,Sum rank above 4
test_reduce.py,test_axis_permutation_sums,named,Sum rank above 4
test_reduce.py,test_axis_permutation_sums,named,Sum rank above 4
test_reduce.py,test_axis_permutation_sums,named,Sum rank above 4
test_reduce.py,test_axis_permutation_sums,named,Sum rank above 4
test_reduce.py,test_axis_permutation_sums,named,Sum rank above 4
test_reduce.py,test_axis_permutation_sums,named,Sum rank above 4
test_reduce.py,test_axis_permutation_sums,named,Sum rank above 4
test_reduce.py,test_axis_permutation_sums,named,Sum rank above 4
test_reduce.py,test_axis_permutation_sums,named,Sum rank above 4
test_reduce.py,test_axis_permutation_sums,named,Sum rank above 4
test_reduce.py,test_axis_permutation_sums,named,Sum rank above 4
test_reduce.py,test_axis_permutation_sums,named,Sum rank above 4
test_reduce.py,test_axis_permutation_sums,named,Sum rank above 4
test_reduce.py,test_axis_permutation_sums,named,Sum rank above 4
test_reduce.py,test_axis_permutation_sums,named,Sum rank above 4
test_reduce.py,test_axis_permutation_sums,named,Sum rank above 4
test_reduce.py,test_axis_permutation_sums,named,Sum rank above 4
test_reduce.py,test_axis_permutation_sums,named,Sum rank above 4
test_reduce.py,test_axis_permutation_sums,named,Sum rank above 4
test_reduce.py,test_axis_permutation_sums,named,Sum rank above 4
test_reduce.py,test_axis_permutation_sums,named,Sum rank above 4
test_reduce.py,test_axis_permutation_sums,named,Sum rank above 4
test_reduce.py,test_axis_permutation_sums,named,Sum rank above 4
test_reduce.py,test_axis_permutation_sums,named,Sum rank above 4
test_reduce.py,test_axis_permutation_sums,named,Sum rank above 4
test_reduce.py,test_axis_permutation_sums,named,Sum rank above 4
test_reduce.py,test_axis_permutation_sums,named,Sum rank above 4
test_reduce.py,test_axis_permutation_sums,named,Sum rank above 4
test_reduce.py,test_axis_permutation_sums,named,Sum rank above 4
test_reduce.py,test_axis_permutation_sums,named,Sum rank above 4
test_reduce.py,test_axis_permutation_sums,named,Sum rank above 4
test_reduce.py,test_axis_permutation_sums,named,Sum rank above 4
test_reduce.py,test_axis_permutation_sums,named,Sum rank above 4
test_reduce.py,test_axis_permutation_sums,named,Sum rank above 4
test_reduce.py,test_axis_permutation_sums,named,Sum rank above 4
test_reduce.py,test_axis_permutation_sums,named,Sum rank above 4
test_reduce.py,test_axis_permutation_sums,named,Sum rank above 4
test_reduce.py,test_axis_permutation_sums,named,Sum rank above 4
test_reduce.py,test_axis_permutation_sums,named,Sum rank above 4
test_reduce.py,test_axis_permutation_sums,named,Sum rank above 4
test_reduce.py,test_axis_permutation_sums,named,Sum rank above 4
test_reduce.py,test_axis_permutation_sums,named,Sum rank above 4
test_reduce.py,test_axis_permutation_sums,named,Sum rank above 4
test_reduce.py,test_axis_permutation_sums,named,Sum rank above 4
test_reduce.py,test_axis_permutation_sums,named,Sum rank above 4
test_reduce.py,test_axis_permutation_sums,named,Sum rank above 4
test_reduce.py,test_axis_permutation_sums,named,Sum rank above 4
test_reduce.py,test_axis_permutation_sums,named,Sum rank above 4
test_reduce.py,test_axis_permutation_sums,named,Sum rank above 4
test_reduce.py,test_axis_permutation_sums,named,Sum rank above 4
test_reduce.py,test_axis_permutation_sums,named,Sum rank above 4
test_reduce.py,test_axis_permutation_sums,named,Sum rank above 4
test_reduce.py,test_axis_permutation_sums,named,Sum rank above 4
test_reduce.py,test_axis_permutation_sums,named,Sum rank above 4
test_reduce.py,test_axis_permutation_sums,named,Sum rank above 4
test_reduce.py,test_axis_permutation_sums,named,Sum rank above 4
test_reduce.py,test_axis_permutation_sums,named,Sum rank above 4
test_reduce.py,test_axis_permutation_sums,named,Sum rank above 4
test_reduce.py,test_axis_permutation_sums,named,Sum rank above 4
test_reduce.py,test_axis_permutation_sums,named,Sum rank above 4
test_reduce.py,test_axis_permutation_sums,named,Sum rank above 4
test_reduce.py,test_axis_permutation_sums,named,Sum rank above 4
test_reduce.py,test_axis_permutation_sums,named,Sum rank above 4
test_reduce.py,test_axis_permutation_sums,named,Sum rank above 4
test_reduce.py,test_axis_permutation_sums,named,Sum rank above 4
test_reduce.py,test_axis_permutation_sums,named,Sum rank above 4
test_reduce.py,test_axis_permutation_sums,named,Sum rank above 4
test_reduce.py,test_axis_permutation_sums,named,Sum rank above 4
test_reduce.py,test_axis_permutation_sums,named,Sum rank above 4
test_reduce.py,test_axis_permutation_sums,named,Sum rank above 4
test_reduce.py,test_axis_permutation_sums,named,Sum rank above 4
test_reduce.py,test_axis_permutation_sums,named,Sum rank above 4
test_reduce.py,test_axis_permutation_sums,named,Sum rank above 4
test_reduce.py,test_axis_permutation_sums,named,Sum rank above 4
test_reduce.py,test_axis_permutation_sums,named,Sum rank above 4
test_reduce.py,test_axis_permutation_sums,named,Sum rank above 4
test_reduce.py,test_axis_permutation_sums,named,Sum rank above 4
test_reduce.py,test_axis_permutation_sums,named,Sum rank above 4
test_reduce.py,test_axis_permutation_sums,named,Sum rank above 4
test_reduce.py,test_axis_permutation_sums,named,Sum rank above 4
test_reduce.py,test_axis_permutation_sums,named,Sum rank above 4
test_reduce.py,test_axis_permutation_sums,named,Sum rank above 4
test_reduce.py,test_axis_permutation_sums,named,Sum rank above 4
test_reduce.py,test_axis_permutation_sums,named,Sum rank above 4
test_reduce.py,test_axis_permutation_sums,named,Sum rank above 4
test_reduce.py,test_axis_permutation_sums,named,Sum rank above 4
test_reduce.py,test_axis_permutation_sums,named,Sum rank above 4
test_reduce.py,test_axis_permutation_sums,named,Sum rank above 4
test_reduce.py,test_axis_permutation_sums,named,Sum rank above 4
test_reduce.py,test_axis_permutation_sums,named,Sum rank above 4
test_reduce.py,test_axis_permutation_sums,named,Sum rank above 4
test_reduce.py,test_axis_permutation_sums,named,Sum rank above 4
test_reduce.py,test_axis_permutation_sums,named,Sum rank above 4
test_reduce.py,test_axis_permutation_sums,named,Sum rank above 4
test_reduce.py,test_axis_permutation_sums,named,Sum rank above 4
test_reduce.py,test_axis_permutation_sums,named,Sum rank above 4
test_reduce.py,test_axis_permutation_sums,named,Sum rank above 4
test_reduce.py,test_axis_permutation_sums,named,Sum rank above 4
test_reduce.py,test_axis_permutation_sums,named,Sum rank above 4
test_reduce.py,test_axis_permutation_sums,named,Sum rank above 4
test_reduce.py,test_axis_permutation_sums,named,Sum rank above 4
test_reduce.py,test_axis_permutation_sums,named,Sum rank above 4
test_reduce.py,test_axis_permutation_sums,named,Sum rank above 4
test_reduce.py,test_axis_permutation_sums,named,Sum rank above 4
test_reduce.py,test_axis_permutation_sums,named,Sum rank above 4
test_reduce.py,test_axis_permutation_sums,named,Sum rank above 4
test_reduce.py,test_axis_permutation_sums,named,Sum rank above 4
test_reduce.py,test_axis_permutation_sums,named,Sum rank above 4
test_reduce.py,test_axis_permutation_sums,named,Sum rank above 4
test_reduce.py,test_axis_permutation_sums,named,Sum rank above 4
test_reduce.py,test_axis_permutation_sums,named,Sum rank above 4
test_reduce.py,test_axis_permutation_sums,named,Sum rank above 4
test_reduce.py,test_axis_permutation_sums,named,Sum rank above 4
test_reduce.py,test_axis_permutation_sums,named,Sum rank above 4
test_reduce.py,test_axis_permutation_sums,named,Sum rank above 4
test_reduce.py,test_axis_permutation_sums,named,Sum rank above 4
test_reduce.py,test_axis_permutation_sums,named,Sum rank above 4
test_reduce.py,test_axis_permutation_sums,named,Sum rank above 4
test_reduce.py,test_axis_permutation_sums,named,Sum rank above 4
test_reduce.py,test_axis_permutation_sums,named,Sum rank above 4
test_reduce.py,test_axis_permutation_sums,named,Sum rank above 4
test_reduce.py,test_axis_permutation_sums,named,Sum rank above 4
test_reduce.py,test_axis_permutation_sums,named,Sum rank above 4
test_reduce.py,test_axis_permutation_sums,named,Sum rank above 4
test_reduce.py,test_axis_permutation_sums,named,Sum rank above 4
test_reduce.py,test_axis_permutation_sums,named,Sum rank above 4
test_reduce.py,test_axis_permutation_sums,named,Sum rank above 4
test_reduce.py,test_axis_permutation_sums,named,Sum rank above 4
test_reduce.py,test_axis_permutation_sums,named,Sum rank above 4
test_reduce.py,test_axis_permutation_sums,named,Sum rank above 4
test_reduce.py,test_axis_permutation_sums,named,Sum rank above 4
test_reduce.py,test_axis_permutation_sums,named,Sum rank above 4
test_reduce.py,test_axis_permutation_sums,named,Sum rank above 4
test_reduce.py,test_axis_permutation_sums,named,Sum rank above 4
test_reduce.py,test_axis_permutation_sums,named,Sum rank above 4
test_reduce.py,test_axis_permutation_sums,named,Sum rank above 4
test_reduce.py,test_axis_permutation_sums,named,Sum rank above 4
test_reduce.py,test_axis_permutation_sums,named,Sum rank above 4
test_reduce.py,test_axis_permutation_sums,named,Sum rank above 4
test_reduce.py,test_axis_permutation_sums,named,Sum rank above 4
test_reduce.py,test_axis_permutation_sums,named,Sum rank above 4
test_reduce.py,test_axis_permutation_sums,named,Sum rank above 4
test_reduce.py,test_axis_permutation_sums,named,Sum rank above 4
test_reduce.py,test_axis_permutation_sums,named,Sum rank above 4
test_reduce.py,test_axis_permutation_sums,named,Sum rank above 4
test_reduce.py,test_axis_permutation_sums,named,Sum rank above 4
test_reduce.py,test_axis_permutation_sums,named,Sum rank above 4
test_reduce.py,test_axis_permutation_sums,named,Sum rank above 4
test_reduce.py,test_axis_permutation_sums,named,Sum rank above 4
test_reduce.py,test_axis_permutation_sums,named,Sum rank above 4
test_reduce.py,test_axis_permutation_sums,named,Sum rank above 4
test_reduce.py,test_axis_permutation_sums,named,Sum rank above 4
test_reduce.py,test_axis_permutation_sums,named,Sum rank above 4
test_reduce.py,test_axis_permutation_sums,named,Sum rank above 4
test_reduce.py,test_axis_permutation_sums,named,Sum rank above 4
test_reduce.py,test_axis_permutation_sums,named,Sum rank above 4
test_reduce.py,test_axis_permutation_sums,named,Sum rank above 4
test_reduce.py,test_axis_permutation_sums,named,Sum rank above 4
test_reduce.py,test_axis_permutation_sums,named,Sum rank above 4
test_reduce.py,test_axis_permutation_sums,named,Sum rank above 4
test_reduce.py,test_axis_permutation_sums,named,Sum rank above 4
test_reduce.py,test_axis_permutation_sums,named,Sum rank above 4
test_reduce.py,test_axis_permutation_sums,named,Sum rank above 4
test_reduce.py,test_axis_permutation_sums,named,Sum rank above 4
test_reduce.py,test_axis_permutation_sums,named,Sum rank above 4
test_reduce.py,test_axis_permutation_sums,named,Sum rank above 4
test_reduce.py,test_axis_permutation_sums,named,Sum rank above 4
test_reduce.py,test_axis_permutation_sums,named,Sum rank above 4
test_reduce.py,test_axis_permutation_sums,named,Sum rank above 4
test_reduce.py,test_axis_permutation_sums,named,Sum rank above 4
test_reduce.py,test_axis_permutation_sums,named,Sum rank above 4
test_reduce.py,test_axis_permutation_sums,named,Sum rank above 4
test_reduce.py,test_axis_permutation_sums,named,Sum rank above 4
test_reduce.py,test_axis_permutation_sums,named,Sum rank above 4
test_reduce.py,test_axis_permutation_sums,named,Sum rank above 4
test_reduce.py,test_axis_permutation_sums,named,Sum rank above 4
test_reduce.py,test_axis_permutation_sums,named,Sum rank above 4
test_reduce.py,test_axis_permutation_sums,named,Sum rank above 4
test_reduce.py,test_axis_permutation_sums,named,Sum rank above 4
test_reduce.py,test_axis_permutation_sums,named,Sum rank above 4
test_reduce.py,test_axis_permutation_sums,named,Sum rank above 4
test_reduce.py,test_axis_permutation_sums,named,Sum rank above 4
test_reduce.py,test_axis_permutation_sums,named,Sum rank above 4
test_reduce.py,test_axis_permutation_sums,named,Sum rank above 4
test_reduce.py,test_axis_permutation_sums,named,Sum rank above 4
test_reduce.py,test_axis_permutation_sums,named,Sum rank above 4
test_reduce.py,test_axis_permutation_sums,named,Sum rank above 4
test_reduce.py,test_axis_permutation_sums,named,Sum rank above 4
test_reduce.py,test_axis_permutation_sums,named,Sum rank above 4
test_reduce.py,test_axis_permutation_sums,named,Sum rank above 4
test_reduce.py,test_axis_permutation_sums,named,Sum rank above 4
test_reduce.py,test_axis_permutation_sums,named,Sum rank above 4
test_reduce.py,test_axis_permutation_sums,named,Sum rank above 4
test_reduce.py,test_axis_permutation_sums,named,Sum rank above 4
test_reduce.py,test_axis_permutation_sums,named,Sum rank above 4
test_reduce.py,test_axis_permutation_sums,named,Sum rank above 4
test_reduce.py,test_axis_permutation_sums,named,Sum rank above 4
test_reduce.py,test_axis_permutation_sums,named,Sum rank above 4
test_reduce.py,test_axis_permutation_sums,named,Sum rank above 4
test_reduce.py,test_axis_permutation_sums,named,Sum rank above 4
test_reduce.py,test_axis_permutation_sums,named,Sum rank above 4
test_reduce.py,test_axis_permutation_sums,named,Sum rank above 4
test_reduce.py,test_axis_permutation_sums,named,Sum rank above 4
test_reduce.py,test_axis_permutation_sums,named,Sum rank above 4
test_reduce.py,test_axis_permutation_sums,named,Sum rank above 4
test_reduce.py,test_axis_permutation_sums,named,Sum rank above 4
test_reduce.py,test_axis_permutation_sums,named,Sum rank above 4
test_reduce.py,test_axis_permutation_sums,named,Sum rank above 4
test_reduce.py,test_axis_permutation_sums,named,Sum rank above 4
test_reduce.py,test_axis_permutation_sums,named,Sum rank above 4
test_reduce.py,test_axis_permutation_sums,named,Sum rank above 4
test_reduce.py,test_axis_permutation_sums,named,Sum rank above 4
test_reduce.py,test_axis_permutation_sums,named,Sum rank above 4
test_reduce.py,test_axis_permutation_sums,named,Sum rank above 4
test_reduce.py,test_axis_permutation_sums,named,Sum rank above 4
test_reduce.py,test_axis_permutation_sums,named,Sum rank above 4
test_reduce.py,test_axis_permutation_sums,named,Sum rank above 4
test_reduce.py,test_axis_permutation_sums,named,Sum rank above 4
test_reduce.py,test_axis_permutation_sums,named,Sum rank above 4
test_reduce.py,test_axis_permutation_sums,named,Sum rank above 4
test_reduce.py,test_axis_permutation_sums,named,Sum rank above 4
test_reduce.py,test_axis_permutation_sums,named,Sum rank above 4
test_reduce.py,test_axis_permutation_sums,named,Sum rank above 4
test_reduce.py,test_axis_permutation_sums,named,Sum rank above 4
test_reduce.py,test_axis_permutation_sums,named,Sum rank above 4
test_reduce.py,test_axis_permutation_sums,named,Sum rank above 4
test_reduce.py,test_axis_permutation_sums,named,Sum rank above 4
test_reduce.py,test_axis_permutation_sums,named,Sum rank above 4
test_reduce.py,test_axis_permutation_sums,named,Sum rank above 4
test_reduce.py,test_axis_permutation_sums,named,Sum rank above 4
test_reduce.py,test_axis_permutation_sums,named,Sum rank above 4
test_reduce.py,test_axis_permutation_sums,named,Sum rank above 4
test_reduce.py,test_axis_permutation_sums,named,Sum rank above 4
test_reduce.py,test_axis_permutation_sums,named,Sum rank above 4
test_reduce.py,test_axis_permutation_sums,named,Sum rank above 4
test_reduce.py,test_axis_permutation_sums,named,Sum rank above 4
test_reduce.py,test_axis_permutation_sums,named,Sum rank above 4
test_reduce.py,test_axis_permutation_sums,named,Sum rank above 4
test_reduce.py,test_axis_permutation_sums,named,Sum rank above 4
test_reduce.py,test_axis_permutation_sums,named,Sum rank above 4
test_reduce.py,test_axis_permutation_sums,named,Sum rank above 4
test_reduce.py,test_axis_permutation_sums,named,Sum rank above 4
test_reduce.py,test_axis_permutation_sums,named,Sum rank above 4
test_reduce.py,test_axis_permutation_sums,named,Sum rank above 4
test_reduce.py,test_axis_permutation_sums,named,Sum rank above 4
test_reduce.py,test_axis_permutation_sums,named,Sum rank above 4
test_reduce.py,test_axis_permutation_sums,named,Sum rank above 4
test_reduce.py,test_axis_permutation_sums,named,Sum rank above 4
test_reduce.py,test_axis_permutation_sums,named,Sum rank above 4
test_reduce.py,test_axis_permutation_sums,named,Sum rank above 4
test_reduce.py,test_axis_permutation_sums,named,Sum rank above 4
test_reduce.py,test_axis_permutation_sums,named,Sum rank above 4
test_reduce.py,test_axis_permutation_sums,named,Sum rank above 4
test_reduce.py,test_axis_permutation_sums,named,Sum rank above 4
test_reduce.py,test_axis_permutation_sums,named,Sum rank above 4
test_reduce.py,test_axis_permutation_sums,named,Sum rank above 4
test_reduce.py,test_axis_permutation_sums,named,Sum rank above 4
test_reduce.py,test_axis_permutation_sums,named,Sum rank above 4
test_reduce.py,test_axis_permutation_sums,named,Sum rank above 4
test_reduce.py,test_axis_permutation_sums,named,Sum rank above 4
test_reduce.py,test_axis_permutation_sums,named,Sum rank above 4
test_reduce.py,test_axis_permutation_sums,named,Sum rank above 4
test_reduce.py,test_axis_permutation_sums,named,Sum rank above 4
test_reduce.py,test_axis_permutation_sums,named,Sum rank above 4
test_reduce.py,test_axis_permutation_sums,named,Sum rank above 4
test_reduce.py,test_axis_permutation_sums,named,Sum rank above 4
test_reduce.py,test_axis_permutation_sums,named,Sum rank above 4
test_reduce.py,test_axis_permutation_sums,named,Sum rank above 4
test_reduce.py,test_axis_permutation_sums,named,Sum rank above 4
test_reduce.py,test_axis_permutation_sums,named,Sum rank above 4
test_reduce.py,test_axis_permutation_sums,named,Sum rank above 4
test_reduce.py,test_axis_permutation_sums,named,Sum rank above 4
test_reduce.py,test_axis_permutation_sums,named,Sum rank above 4
test_reduce.py,test_axis_permutation_sums,named,Sum rank above 4
test_reduce.py,test_axis_permutation_sums,named,Sum rank above 4
test_reduce.py,test_axis_permutation_sums,named,Sum rank above 4
test_reduce.py,test_axis_permutation_sums,named,Sum rank above 4
test_reduce.py,test_axis_permutation_sums,named,Sum rank above 4
test_reduce.py,test_axis_permutation_sums,named,Sum rank above 4
test_reduce.py,test_axis_permutation_sums,named,Sum rank above 4
test_reduce.py,test_axis_permutation_sums,named,Sum rank above 4
test_reduce.py,test_axis_permutation_sums,named,Sum rank above 4
test_reduce.py,test_axis_permutation_sums,named,Sum rank above 4
test_reduce.py,test_axis_permutation_sums,named,Sum rank above 4
test_reduce.py,test_axis_permutation_sums,named,Sum rank above 4
test_reduce.py,test_axis_permutation_sums,named,Sum rank above 4
test_reduce.py,test_axis_permutation_sums,named,Sum rank above 4
test_reduce.py,test_axis_permutation_sums,named,Sum rank above 4
test_reduce.py,test_axis_permutation_sums,named,Sum rank above 4
test_reduce.py,test_axis_permutation_sums,named,Sum rank above 4
test_reduce.py,test_axis_permutation_sums,named,Sum rank above 4
test_reduce.py,test_axis_permutation_sums,named,Sum rank above 4
test_reduce.py,test_axis_permutation_sums,named,Sum rank above 4
test_reduce.py,test_axis_permutation_sums,named,Sum rank above 4
test_reduce.py,test_axis_permutation_sums,named,Sum rank above 4
test_reduce.py,test_axis_permutation_sums,named,Sum rank above 4
test_reduce.py,test_axis_permutation_sums,named,Sum rank above 4
test_reduce.py,test_axis_permutation_sums,named,Sum rank above 4
test_reduce.py,test_axis_permutation_sums,named,Sum rank above 4
test_reduce.py,test_axis_permutation_sums,named,Sum rank above 4
test_reduce.py,test_axis_permutation_sums,named,Sum rank above 4
test_reduce.py,test_axis_permutation_sums,named,Sum rank above 4
test_reduce.py,test_axis_permutation_sums,named,Sum rank above 4
test_reduce.py,test_axis_permutation_sums,named,Sum rank above 4
test_reduce.py,test_axis_permutation_sums,named,Sum rank above 4
test_reduce.py,test_axis_permutation_sums,named,Sum rank above 4
test_reduce.py,test_axis_permutation_sums,named,Sum rank above 4
test_reduce.py,test_axis_permutation_sums,named,Sum rank above 4
test_reduce.py,test_axis_permutation_sums,named,Sum rank above 4
test_reduce.py,test_axis_permutation_sums,named,Sum rank above 4
test_reduce.py,test_axis_permutation_sums,named,Sum rank above 4
test_reduce.py,test_axis_permutation_sums,named,Sum rank above 4
test_reduce.py,test_axis_permutation_sums,named,Sum rank above 4
test_reduce.py,test_axis_permutation_sums,named,Sum rank above 4
test_reduce.py,test_axis_permutation_sums,named,Sum rank above 4
test_reduce.py,test_axis_permutation_sums,named,Sum rank above 4
test_reduce.py,test_axis_permutation_sums,named,Sum rank above 4
test_reduce.py,test_axis_permutation_sums,named,Sum rank above 4
test_reduce.py,test_axis_permutation_sums,named,Sum rank above 4
test_reduce.py,test_axis_permutation_sums,named,Sum rank above 4
test_reduce.py,test_axis_permutation_sums,named,Sum rank above 4
test_reduce.py,test_axis_permutation_sums,named,Sum rank above 4
test_reduce.py,test_axis_permutation_sums,named,Sum rank above 4
test_reduce.py,test_axis_permutation_sums,named,Sum rank above 4
test_reduce.py,test_axis_permutation_sums,named,Sum rank above 4
test_reduce.py,test_axis_permutation_sums,named,Sum rank above 4
test_reduce.py,test_axis_permutation_sums,named,Sum rank above 4
test_reduce.py,test_axis_permutation_sums,named,Sum rank above 4
test_reduce.py,test_axis_permutation_sums,named,Sum rank above 4
test_reduce.py,test_axis_permutation_sums,named,Sum rank above 4
test_reduce.py,test_axis_permutation_sums,named,Sum rank above 4
test_reduce.py,test_axis_permutation_sums,named,Sum rank above 4
test_reduce.py,test_axis_permutation_sums,named,Sum rank above 4
test_reduce.py,test_axis_permutation_sums,named,Sum rank above 4
test_reduce.py,test_axis_permutation_sums,named,Sum rank above 4
test_reduce.py,test_axis_permutation_sums,named,Sum rank above 4
test_reduce.py,test_axis_permutation_sums,named,Sum rank above 4
test_reduce.py,test_axis_permutation_sums,named,Sum rank above 4
test_reduce.py,test_axis_permutation_sums,named,Sum rank above 4
test_reduce.py,test_axis_permutation_sums,named,Sum rank above 4
test_reduce.py,test_axis_permutation_sums,named,Sum rank above 4
test_reduce.py,test_axis_permutation_sums,named,Sum rank above 4
test_reduce.py,test_axis_permutation_sums,named,Sum rank above 4
test_reduce.py,test_axis_permutation_sums,named,Sum rank above 4
test_reduce.py,test_axis_permutation_sums,named,Sum rank above 4
test_reduce.py,test_axis_permutation_sums,named,Sum rank above 4
test_reduce.py,test_axis_permutation_sums,named,Sum rank above 4
test_reduce.py,test_axis_permutation_sums,named,Sum rank above 4
test_reduce.py,test_axis_permutation_sums,named,Sum rank above 4
test_reduce.py,test_axis_permutation_sums,named,Sum rank above 4
test_reduce.py,test_axis_permutation_sums,named,Sum rank above 4
test_reduce.py,test_axis_permutation_sums,named,Sum rank above 4
test_reduce.py,test_axis_permutation_sums,named,Sum rank above 4
test_reduce.py,test_axis_permutation_sums,named,Sum rank above 4
test_reduce.py,test_axis_permutation_sums,named,Sum rank above 4
test_reduce.py,test_axis_permutation_sums,named,Sum rank above 4
test_reduce.py,test_axis_permutation_sums,named,Sum rank above 4
test_reduce.py,test_axis_permutation_sums,named,Sum rank above 4
test_reduce.py,test_axis_permutation_sums,named,Sum rank above 4
test_reduce.py,test_axis_permutation_sums,named,Sum rank above 4
test_reduce.py,test_axis_permutation_sums,named,Sum rank above 4
test_reduce.py,test_axis_permutation_sums,named,Sum rank above 4
test_reduce.py,test_axis_permutation_sums,named,Sum rank above 4
test_reduce.py,test_axis_permutation_sums,named,Sum rank above 4
test_reduce.py,test_axis_permutation_sums,named,Sum rank above 4
test_reduce.py,test_axis_permutation_sums,named,Sum rank above 4
test_reduce.py,test_axis_permutation_sums,named,Sum rank above 4
test_reduce.py,test_axis_permutation_sums,named,Sum rank above 4
test_reduce.py,test_axis_permutation_sums,named,Sum rank above 4
test_reduce.py,test_axis_permutation_sums,named,Sum rank above 4
test_reduce.py,test_axis_permutation_sums,named,Sum rank above 4
test_reduce.py,test_axis_permutation_sums,named,Sum rank above 4
test_reduce.py,test_axis_permutation_sums,named,Sum rank above 4
test_reduce.py,test_axis_permutation_sums,named,Sum rank above 4
test_reduce.py,test_axis_permutation_sums,named,Sum rank above 4
test_reduce.py,test_axis_permutation_sums,named,Sum rank above 4
test_reduce.py,test_axis_permutation_sums,named,Sum rank above 4
test_reduce.py,test_axis_permutation_sums,named,Sum rank above 4
test_reduce.py,test_axis_permutation_sums,named,Sum rank above 4
test_reduce.py,test_axis_permutation_sums,named,Sum rank above 4
test_reduce.py,test_axis_permutation_sums,named,Sum rank above 4
test_reduce.py,test_axis_permutation_sums,named,Sum rank above 4
test_reduce.py,test_axis_permutation_sums,named,Sum rank above 4
test_reduce.py,test_axis_permutation_sums,named,Sum rank above 4
test_reduce.py,test_axis_permutation_sums,named,Sum rank above 4
test_reduce.py,test_axis_permutation_sums,named,Sum rank above 4
test_reduce.py,test_axis_permutation_sums,named,Sum rank above 4
test_reduce.py,test_axis_permutation_sums,named,Sum rank above 4
test_reduce.py,test_axis_permutation_sums,named,Sum rank above 4
test_reduce.py,test_axis_permutation_sums,named,Sum rank above 4
test_reduce.py,test_axis_permutation_sums,named,Sum rank above 4
test_reduce.py,test_axis_permutation_sums,named,Sum rank above 4
test_reduce.py,test_axis_permutation_sums,named,Sum rank above 4
test_reduce.py,test_axis_permutation_sums,named,Sum rank above 4
test_reduce.py,test_axis_permutation_sums,named,Sum rank above 4
test_reduce.py,test_axis_permutation_sums,named,Sum rank above 4
test_reduce.py,test_axis_permutation_sums,named,Sum rank above 4
test_reduce.py,test_axis_permutation_sums,named,Sum rank above 4
test_reduce.py,test_axis_permutation_sums,named,Sum rank above 4
test_reduce.py,test_axis_permutation_sums,named,Sum rank above 4
test_reduce.py,test_axis_permutation_sums,named,Sum rank above 4
test_reduce.py,test_axis_permutation_sums,named,Sum rank above 4
test_reduce.py,test_axis_permutation_sums,named,Sum rank above 4
test_reduce.py,test_axis_permutation_sums,named,Sum rank above 4
test_reduce.py,test_axis_permutation_sums,named,Sum rank above 4
test_reduce.py,test_axis_permutation_sums,named,Sum rank above 4
test_reduce.py,test_axis_permutation_sums,named,Sum rank above 4
test_reduce.py,test_axis_permutation_sums,named,Sum rank above 4
test_reduce.py,test_axis_permutation_sums,named,Sum rank above 4
test_reduce.py,test_axis_permutation_sums,named,Sum rank above 4
test_reduce.py,test_axis_permutation_sums,named,Sum rank above 4
test_reduce.py,test_axis_permutation_sums,named,Sum rank above 4
test_reduce.py,test_axis_permutation_sums,named,Sum rank above 4
test_reduce.py,test_axis_permutation_sums,named,Sum rank above 4
test_reduce.py,test_axis_permutation_sums,named,Sum rank above 4
test_reduce.py,test_axis_permutation_sums,named,Sum rank above 4
test_reduce.py,test_axis_permutation_sums,named,Sum rank above 4
test_reduce.py,test_axis_permutation_sums,named,Sum rank above 4
test_reduce.py,test_axis_permutation_sums,named,Sum rank above 4
test_reduce.py,test_axis_permutation_sums,named,Sum rank above 4
test_reduce.py,test_axis_permutation_sums,named,Sum rank above 4
test_reduce.py,test_axis_permutation_sums,named,Sum rank above 4
test_reduce.py,test_axis_permutation_sums,named,Sum rank above 4
test_reduce.py,test_axis_permutation_sums,named,Sum rank above 4
test_reduce.py,test_axis_permutation_sums,named,Sum rank above 4
test_reduce.py,test_axis_permutation_sums,named,Sum rank above 4
test_reduce.py,test_axis_permutation_sums,named,Sum rank above 4
test_reduce.py,test_axis_permutation_sums,named,Sum rank above 4
test_reduce.py,test_axis_permutation_sums,named,Sum rank above 4
test_reduce.py,test_axis_permutation_sums,named,Sum rank above 4
test_reduce.py,test_axis_permutation_sums,named,Sum rank above 4
test_reduce.py,test_axis_permutation_sums,named,Sum rank above 4
test_reduce.py,test_axis_permutation_sums,named,Sum rank above 4
test_reduce.py,test_axis_permutation_sums,named,Sum rank above 4
test_reduce.py,test_axis_permutation_sums,named,Sum rank above 4
test_reduce.py,test_axis_permutation_sums,named,Sum rank above 4
test_reduce.py,test_axis_permutation_sums,named,Sum rank above 4
test_reduce.py,test_axis_permutation_sums,named,Sum rank above 4
test_reduce.py,test_axis_permutation_sums,named,Sum rank above 4
test_reduce.py,test_axis_permutation_sums,named,Sum rank above 4
test_reduce.py,test_axis_permutation_sums,named,Sum rank above 4
test_reduce.py,test_axis_permutation_sums,named,Sum rank above 4
test_reduce.py,test_axis_permutation_sums,named,Sum rank above 4
test_reduce.py,test_axis_permutation_sums,named,Sum rank above 4
test_reduce.py,test_axis_permutation_sums,named,Sum rank above 4
test_reduce.py,test_axis_permutation_sums,named,Sum rank above 4
test_reduce.py,test_axis_permutation_sums,named,Sum rank above 4
test_reduce.py,test_axis_permutation_sums,named,Sum rank above 4
test_reduce.py,test_axis_permutation_sums,named,Sum rank above 4
test_reduce.py,test_axis_permutation_sums,named,Sum rank above 4
test_reduce.py,test_axis_permutation_sums,named,Sum rank above 4
test_reduce.py,test_axis_permutation_sums,named,Sum rank above 4
test_reduce.py,test_axis_permutation_sums,named,Sum rank above 4
test_reduce.py,test_axis_permutation_sums,named,Sum rank above 4
test_reduce.py,test_axis_permutation_sums,named,Sum rank above 4
test_reduce.py,test_axis_permutation_sums,named,Sum rank above 4
test_reduce.py,test_axis_permutation_sums,named,Sum rank above 4
test_reduce.py,test_axis_permutation_sums,named,Sum rank above 4
test_reduce.py,test_axis_permutation_sums,named,Sum rank above 4
test_reduce.py,test_axis_permutation_sums,named,Sum rank above 4
test_reduce.py,test_axis_permutation_sums,named,Sum rank above 4
test_reduce.py,test_axis_permutation_sums,named,Sum rank above 4
test_reduce.py,test_axis_permutation_sums,named,Sum rank above 4
test_reduce.py,test_axis_permutation_sums,named,Sum rank above 4
test_reduce.py,test_axis_permutation_sums,named,Sum rank above 4
test_reduce.py,test_axis_permutation_sums,named,Sum rank above 4
test_reduce.py,test_axis_permutation_sums,named,Sum rank above 4
test_reduce.py,test_axis_permutation_sums,named,Sum rank above 4
test_reduce.py,test_axis_permutation_sums,named,Sum rank above 4
test_reduce.py,test_axis_permutation_sums,named,Sum rank above 4
test_reduce.py,test_axis_permutation_sums,named,Sum rank above 4
test_reduce.py,test_axis_permutation_sums,named,Sum rank above 4
test_reduce.py,test_axis_permutation_sums,named,Sum rank above 4
test_reduce.py,test_axis_permutation_sums,named,Sum rank above 4
test_reduce.py,test_axis_permutation_sums,named,Sum rank above 4
test_reduce.py,test_axis_permutation_sums,named,Sum rank above 4
test_reduce.py,test_axis_permutation_sums,named,Sum rank above 4
test_reduce.py,test_axis_permutation_sums,named,Sum rank above 4
test_reduce.py,test_axis_permutation_sums,named,Sum rank above 4
test_reduce.py,test_axis_permutation_sums,named,Sum rank above 4
test_reduce.py,test_axis_permutation_sums,named,Sum rank above 4
test_reduce.py,test_axis_permutation_sums,named,Sum rank above 4
test_reduce.py,test_axis_permutation_sums,named,Sum rank above 4
test_reduce.py,test_axis_permutation_sums,named,Sum rank above 4
test_reduce.py,test_axis_permutation_sums,named,Sum rank above 4
test_reduce.py,test_axis_permutation_sums,named,Sum rank above 4
test_reduce.py,test_axis_permutation_sums,named,Sum rank above 4
test_reduce.py,test_axis_permutation_sums,named,Sum rank above 4
test_reduce.py,test_axis_permutation_sums,named,Sum rank above 4
test_reduce.py,test_axis_permutation_sums,named,Sum rank above 4
test_reduce.py,test_axis_permutation_sums,named,Sum rank above 4
test_reduce.py,test_axis_permutation_sums,named,Sum rank above 4
test_reduce.py,test_axis_permutation_sums,named,Sum rank above 4
test_reduce.py,test_axis_permutation_sums,named,Sum rank above 4
test_reduce.py,test_axis_permutation_sums,named,Sum rank above 4
test_reduce.py,test_axis_permutation_sums,named,Sum rank above 4
test_reduce.py,test_axis_permutation_sums,named,Sum rank above 4
test_reduce.py,test_axis_permutation_sums,named,Sum rank above 4
test_reduce.py,test_axis_permutation_sums,named,Sum rank above 4
test_reduce.py,test_axis_permutation_sums,named,Sum rank above 4
test_reduce.py,test_axis_permutation_sums,named,Sum rank above 4
test_reduce.py,test_axis_permutation_sums,named,Sum rank above 4
test_reduce.py,test_axis_permutation_sums,named,Sum rank above 4
test_reduce.py,test_axis_permutation_sums,named,Sum rank above 4
test_reduce.py,test_axis_permutation_sums,named,Sum rank above 4
test_reduce.py,test_axis_permutation_sums,named,Sum rank above 4
test_reduce.py,test_axis_permutation_sums,named,Sum rank above 4
test_reduce.py,test_axis_permutation_sums,named,Sum rank above 4
test_reduce.py,test_axis_permutation_sums,named,Sum rank above 4
test_reduce.py,test_axis_permutation_sums,named,Sum rank above 4
test_reduce.py,test_axis_permutation_sums,named,Sum rank above 4
test_reduce.py,test_axis_permutation_sums,named,Sum rank above 4
test_reduce.py,test_axis_permutation_sums,named,Sum rank above 4
test_reduce.py,test_axis_permutation_sums,named,Sum rank above 4
test_reduce.py,test_axis_permutation_sums,named,Sum rank above 4
test_reduce.py,test_axis_permutation_sums,named,Sum rank above 4
test_reduce.py,test_axis_permutation_sums,named,Sum rank above 4
test_reduce.py,test_axis_permutation_sums,named,Sum rank above 4
test_reduce.py,test_axis_permutation_sums,named,Sum rank above 4
test_reduce.py,test_axis_permutation_sums,named,Sum rank above 4
test_reduce.py,test_axis_permutation_sums,named,Sum rank above 4
test_reduce.py,test_axis_permutation_sums,named,Sum rank above 4
test_reduce.py,test_axis_permutation_sums,named,Sum rank above 4
test_reduce.py,test_axis_permutation_sums,named,Sum rank above 4
test_reduce.py,test_axis_permutation_sums,named,Sum rank above 4
test_reduce.py,test_axis_permutation_sums,named,Sum rank above 4
test_reduce.py,test_axis_permutation_sums,named,Sum rank above 4
test_reduce.py,test_axis_permutation_sums,named,Sum rank above 4
test_reduce.py,test_axis_permutation_sums,named,Sum rank above 4
test_reduce.py,test_axis_permutation_sums,named,Sum rank above 4
test_reduce.py,test_axis_permutation_sums,named,Sum rank above 4
test_reduce.py,test_axis_permutation_sums,named,Sum rank above 4
test_reduce.py,test_axis_permutation_sums,named,Sum rank above 4
test_reduce.py,test_axis_permutation_sums,named,Sum rank above 4
test_reduce.py,test_axis_permutation_sums,named,Sum rank above 4
test_reduce.py,test_axis_permutation_sums,named,Sum rank above 4
test_reduce.py,test_axis_permutation_sums,named,Sum rank above 4
test_reduce.py,test_axis_permutation_sums,named,Sum rank above 4
test_reduce.py,test_axis_permutation_sums,named,Sum rank above 4
test_reduce.py,test_axis_permutation_sums,named,Sum rank above 4
test_reduce.py,test_axis_permutation_sums,named,Sum rank above 4
test_reduce.py,test_axis_permutation_sums,named,Sum rank above 4
test_reduce.py,test_axis_permutation_sums,named,Sum rank above 4
test_reduce.py,test_axis_permutation_sums,named,Sum rank above 4
test_reduce.py,test_axis_permutation_sums,named,Sum rank above 4
test_reduce.py,test_axis_permutation_sums,named,Sum rank above 4
test_reduce.py,test_axis_permutation_sums,named,Sum rank above 4
test_reduce.py,test_axis_permutation_sums,named,Sum rank above 4
test_reduce.py,test_axis_permutation_sums,named,Sum rank above 4
test_reduce.py,test_axis_permutation_sums,named,Sum rank above 4
test_reduce.py,test_axis_permutation_sums,named,Sum rank above 4
test_reduce.py,test_axis_permutation_sums,named,Sum rank above 4
test_reduce.py,test_axis_permutation_sums,named,Sum rank above 4
test_reduce.py,test_axis_permutation_sums,named,Sum rank above 4
test_reduce.py,test_axis_permutation_sums,named,Sum rank above 4
test_reduce.py,test_axis_permutation_sums,named,Sum rank above 4
test_reduce.py,test_axis_permutation_sums,named,Sum rank above 4
test_reduce.py,test_axis_permutation_sums,named,Sum rank above 4
test_reduce.py,test_axis_permutation_sums,named,Sum rank above 4
test_reduce.py,test_axis_permutation_sums,named,Sum rank above 4
test_reduce.py,test_axis_permutation_sums,named,Sum rank above 4
test_reduce.py,test_axis_permutation_sums,named,Sum rank above 4
test_reduce.py,test_axis_permutation_sums,named,Sum rank above 4
test_reduce.py,test_axis_permutation_sums,named,Sum rank above 4
test_reduce.py,test_axis_permutation_sums,named,Sum rank above 4
test_reduce.py,test_axis_permutation_sums,named,Sum rank above 4
test_reduce.py,test_axis_permutation_sums,named,Sum rank above 4
test_reduce.py,test_axis_permutation_sums,named,Sum rank above 4
test_reduce.py,test_axis_permutation_sums,named,Sum rank above 4
test_reduce.py,test_axis_permutation_sums,named,Sum rank above 4
test_reduce.py,test_axis_permutation_sums,named,Sum rank above 4
test_reduce.py,test_axis_permutation_sums,named,Sum rank above 4
test_reduce.py,test_axis_permutation_sums,named,Sum rank above 4
test_reduce.py,test_axis_permutation_sums,named,Sum rank above 4
test_reduce.py,test_axis_permutation_sums,named,Sum rank above 4
test_reduce.py,test_axis_permutation_sums,named,Sum rank above 4
test_reduce.py,test_axis_permutation_sums,named,Sum rank above 4
test_reduce.py,test_axis_permutation_sums,named,Sum rank above 4
test_reduce.py,test_axis_permutation_sums,named,Sum rank above 4
test_reduce.py,test_axis_permutation_sums,named,Sum rank above 4
test_reduce.py,test_axis_permutation_sums,named,Sum rank above 4
test_reduce.py,test_axis_permutation_sums,named,Sum rank above 4
test_reduce.py,test_axis_permutation_sums,named,Sum rank above 4
test_reduce.py,test_axis_permutation_sums,named,Sum rank above 4
test_reduce.py,test_axis_permutation_sums,named,Sum rank above 4
test_reduce.py,test_axis_permutation_sums,named,Sum rank above 4
test_reduce.py,test_axis_permutation_sums,named,Sum rank above 4
test_reduce.py,test_axis_permutation_sums,named,Sum rank above 4
test_reduce.py,test_axis_permutation_sums,named,Sum rank above 4
test_reduce.py,test_axis_permutation_sums,named,Sum rank above 4
test_reduce.py,test_axis_permutation_sums,named,Sum rank above 4
test_reduce.py,test_axis_permutation_sums,named,Sum rank above 4
test_reduce.py,test_axis_permutation_sums,named,Sum rank above 4
test_reduce.py,test_axis_permutation_sums,named,Sum rank above 4
test_reduce.py,test_axis_permutation_sums,named,Sum rank above 4
test_reduce.py,test_axis_permutation_sums,named,Sum rank above 4
test_reduce.py,test_axis_permutation_sums,named,Sum rank above 4
test_reduce.py,test_axis_permutation_sums,named,Sum rank above 4
test_reduce.py,test_axis_permutation_sums,named,Sum rank above 4
test_reduce.py,test_axis_permutation_sums,named,Sum rank above 4
test_reduce.py,test_axis_permutation_sums,named,Sum rank above 4
test_reduce.py,test_axis_permutation_sums,named,Sum rank above 4
test_reduce.py,test_axis_permutation_sums,named,Sum rank above 4
test_reduce.py,test_axis_permutation_sums,named,Sum rank above 4
test_reduce.py,test_axis_permutation_sums,named,Sum rank above 4
test_reduce.py,test_axis_permutation_sums,named,Sum rank above 4
test_reduce.py,test_axis_permutation_sums,named,Sum rank above 4
test_reduce.py,test_axis_permutation_sums,named,Sum rank above 4
test_reduce.py,test_axis_permutation_sums,named,Sum rank above 4
test_reduce.py,test_axis_permutation_sums,named,Sum rank above 4
test_reduce.py,test_axis_permutation_sums,named,Sum rank above 4
test_reduce.py,test_axis_permutation_sums,named,Sum rank above 4
test_reduce.py,test_axis_permutation_sums,named,Sum rank above 4
test_reduce.py,test_axis_permutation_sums,named,Sum rank above 4
test_reduce.py,test_axis_permutation_sums,named,Sum rank above 4
test_reduce.py,test_axis_permutation_sums,named,Sum rank above 4
test_reduce.py,test_axis_permutation_sums,named,Sum rank above 4
test_reduce.py,test_axis_permutation_sums,named,Sum rank above 4
test_reduce.py,test_axis_permutation_sums,named,Sum rank above 4
test_reduce.py,test_axis_permutation_sums,named,Sum rank above 4
test_reduce.py,test_axis_permutation_sums,named,Sum rank above 4
test_reduce.py,test_axis_permutation_sums,named,Sum rank above 4
test_reduce.py,test_axis_permutation_sums,named,Sum rank above 4
test_reduce.py,test_axis_permutation_sums,named,Sum rank above 4
test_reduce.py,test_axis_permutation_sums,named,Sum rank above 4
test_reduce.py,test_axis_permutation_sums,named,Sum rank above 4
test_reduce.py,test_axis_permutation_sums,named,Sum rank above 4
test_reduce.py,test_axis_permutation_sums,named,Sum rank above 4
test_reduce.py,test_axis_permutation_sums,named,Sum rank above 4
test_reduce.py,test_axis_permutation_sums,named,Sum rank above 4
test_reduce.py,test_axis_permutation_sums,named,Sum rank above 4
test_reduce.py,test_axis_permutation_sums,named,Sum rank above 4
test_reduce.py,test_axis_permutation_sums,named,Sum rank above 4
test_reduce.py,test_axis_permutation_sums,named,Sum rank above 4
test_reduce.py,test_axis_permutation_sums,named,Sum rank above 4
test_reduce.py,test_axis_permutation_sums,named,Sum rank above 4
test_reduce.py,test_axis_permutation_sums,named,Sum rank above 4
test_reduce.py,test_axis_permutation_sums,named,Sum rank above 4
test_reduce.py,test_axis_permutation_sums,named,Sum rank above 4
test_reduce.py,test_axis_permutation_sums,named,Sum rank above 4
test_reduce.py,test_axis_permutation_sums,named,Sum rank above 4
test_reduce.py,test_axis_permutation_sums,named,Sum rank above 4
test_reduce.py,test_axis_permutation_sums,named,Sum rank above 4
test_reduce.py,test_axis_permutation_sums,named,Sum rank above 4
test_reduce.py,test_axis_permutation_sums,named,Sum rank above 4
test_reduce.py,test_axis_permutation_sums,named,Sum rank above 4
test_reduce.py,test_axis_permutation_sums,named,Sum rank above 4
test_reduce.py,test_axis_permutation_sums,named,Sum rank above 4
test_reduce.py,test_axis_permutation_sums,named,Sum rank above 4
test_reduce.py,test_axis_permutation_sums,named,Sum rank above 4
test_reduce.py,test_axis_permutation_sums,named,Sum rank above 4
test_reduce.py,test_axis_permutation_sums,named,Sum rank above 4
test_reduce.py,test_axis_permutation_sums,named,Sum rank above 4
test_reduce.py,test_axis_permutation_sums,named,Sum rank above 4
test_reduce.py,test_axis_permutation_sums,named,Sum rank above 4
test_reduce.py,test_axis_permutation_sums,named,Sum rank above 4
test_reduce.py,test_axis_permutation_sums,named,Sum rank above 4
test_reduce.py,test_axis_permutation_sums,named,Sum rank above 4
test_reduce.py,test_axis_permutation_sums,named,Sum rank above 4
test_reduce.py,test_axis_permutation_sums,named,Sum rank above 4
test_reduce.py,test_axis_permutation_sums,named,Sum rank above 4
test_reduce.py,test_axis_permutation_sums,named,Sum rank above 4
test_reduce.py,test_axis_permutation_sums,named,Sum rank above 4
test_reduce.py,test_axis_permutation_sums,named,Sum rank above 4
test_reduce.py,test_axis_permutation_sums,named,Sum rank above 4
test_reduce.py,test_axis_permutation_sums,named,Sum rank above 4
test_reduce.py,test_axis_permutation_sums,named,Sum rank above 4
test_reduce.py,test_axis_permutation_sums,named,Sum rank above 4
test_reduce.py,test_axis_permutation_sums,named,Sum rank above 4
test_reduce.py,test_axis_permutation_sums,named,Sum rank above 4
test_reduce.py,test_axis_permutation_sums,named,Sum rank above 4
test_reduce.py,test_axis_permutation_sums,named,Sum rank above 4
test_reduce.py,test_axis_permutation_sums,named,Sum rank above 4
test_reduce.py,test_axis_permutation_sums,named,Sum rank above 4
test_reduce.py,test_axis_permutation_sums,named,Sum rank above 4
test_reduce.py,test_axis_permutation_sums,named,Sum rank above 4
test_reduce.py,test_axis_permutation_sums,named,Sum rank above 4
test_reduce.py,test_axis_permutation_sums,named,Sum rank above 4
test_reduce.py,test_axis_permutation_sums,named,Sum rank above 4
test_reduce.py,test_axis_permutation_sums,named,Sum rank above 4
test_reduce.py,test_axis_permutation_sums,named,Sum rank above 4
test_reduce.py,test_axis_permutation_sums,named,Sum rank above 4
test_reduce.py,test_axis_permutation_sums,named,Sum rank above 4
test_reduce.py,test_axis_permutation_sums,named,Sum rank above 4
test_reduce.py,test_axis_permutation_sums,named,Sum rank above 4
test_reduce.py,test_axis_permutation_sums,named,Sum rank above 4
test_reduce.py,test_axis_permutation_sums,named,Sum rank above 4
test_reduce.py,test_axis_permutation_sums,named,Sum rank above 4
test_reduce.py,test_axis_permutation_sums,named,Sum rank above 4
test_reduce.py,test_axis_permutation_sums,named,Sum rank above 4
test_reduce.py,test_axis_permutation_sums,named,Sum rank above 4
test_reduce.py,test_axis_permutation_sums,named,Sum rank above 4
test_reduce.py,test_axis_permutation_sums,named,Sum rank above 4
test_reduce.py,test_axis_permutation_sums,named,Sum rank above 4
test_reduce.py,test_axis_permutation_sums,named,Sum rank above 4
test_reduce.py,test_axis_permutation_sums,named,Sum rank above 4
test_reduce.py,test_axis_permutation_sums,named,Sum rank above 4
test_reduce.py,test_axis_permutation_sums,named,Sum rank above 4
test_reduce.py,test_axis_permutation_sums,named,Sum rank above 4
test_reduce.py,test_axis_permutation_sums,named,Sum rank above 4
test_reduce.py,test_axis_permutation_sums,named,Sum rank above 4
test_reduce.py,test_axis_permutation_sums,named,Sum rank above 4
test_reduce.py,test_axis_permutation_sums,named,Sum rank above 4
test_reduce.py,test_axis_permutation_sums,named,Sum rank above 4
test_reduce.py,test_axis_permutation_sums,named,Sum rank above 4
test_reduce.py,test_axis_permutation_sums,named,Sum rank above 4
test_reduce.py,test_axis_permutation_sums,named,Sum rank above 4
test_reduce.py,test_axis_permutation_sums,named,Sum rank above 4
test_reduce.py,test_axis_permutation_sums,named,Sum rank above 4
test_reduce.py,test_axis_permutation_sums,named,Sum rank above 4
test_reduce.py,test_axis_permutation_sums,named,Sum rank above 4
test_reduce.py,test_axis_permutation_sums,named,Sum rank above 4
test_reduce.py,test_axis_permutation_sums,named,Sum rank above 4
test_reduce.py,test_axis_permutation_sums,named,Sum rank above 4
test_reduce.py,test_axis_permutation_sums,named,Sum rank above 4
test_reduce.py,test_axis_permutation_sums,named,Sum rank above 4
test_reduce.py,test_axis_permutation_sums,named,Sum rank above 4
test_reduce.py,test_axis_permutation_sums,named,Sum rank above 4
test_reduce.py,test_axis_permutation_sums,named,Sum rank above 4
test_reduce.py,test_axis_permutation_sums,named,Sum rank above 4
test_reduce.py,test_axis_permutation_sums,named,Sum rank above 4
test_reduce.py,test_axis_permutation_sums,named,Sum rank above 4
test_reduce.py,test_axis_permutation_sums,named,Sum rank above 4
test_reduce.py,test_axis_permutation_sums,named,Sum rank above 4
test_reduce.py,test_axis_permutation_sums,named,Sum rank above 4
test_reduce.py,test_axis_permutation_sums,named,Sum rank above 4
test_reduce.py,test_axis_permutation_sums,named,Sum rank above 4
test_reduce.py,test_axis_permutation_sums,named,Sum rank above 4
test_reduce.py,test_axis_permutation_sums,named,Sum rank above 4
test_reduce.py,test_axis_permutation_sums,named,Sum rank above 4
test_reduce.py,test_axis_permutation_sums,named,Sum rank above 4
test_reduce.py,test_axis_permutation_sums,named,Sum rank above 4
test_reduce.py,test_axis_permutation_sums,named,Sum rank above 4
test_reduce.py,test_axis_permutation_sums,named,Sum rank above 4
test_reduce.py,test_axis_permutation_sums,named,Sum rank above 4
test_reduce.py,test_axis_permutation_sums,named,Sum rank above 4
test_reduce.py,test_axis_permutation_sums,named,Sum rank above 4
test_reduce.py,test_axis_permutation_sums,named,Sum rank above 4
test_reduce.py,test_axis_permutation_sums,named,Sum rank above 4
test_reduce.py,test_axis_permutation_sums,named,Sum rank above 4
test_reduce.py,test_axis_permutation_sums,named,Sum rank above 4
test_reduce.py,test_axis_permutation_sums,named,Sum rank above 4
test_reduce.py,test_axis_permutation_sums,named,Sum rank above 4
test_reduce.py,test_axis_permutation_sums,named,Sum rank above 4
test_reduce.py,test_axis_permutation_sums,named,Sum rank above 4
test_reduce.py,test_axis_permutation_sums,named,Sum rank above 4
test_reduce.py,test_axis_permutation_sums,named,Sum rank above 4
test_reduce.py,test_axis_permutation_sums,named,Sum rank above 4
test_reduce.py,test_axis_permutation_sums,named,Sum rank above 4
test_reduce.py,test_axis_permutation_sums,named,Sum rank above 4
test_reduce.py,test_axis_permutation_sums,named,Sum rank above 4
test_reduce.py,test_axis_permutation_sums,named,Sum rank above 4
test_reduce.py,test_axis_permutation_sums,named,Sum rank above 4
test_reduce.py,test_axis_permutation_sums,named,Sum rank above 4
test_reduce.py,test_axis_permutation_sums,named,Sum rank above 4
test_reduce.py,test_axis_permutation_sums,named,Sum rank above 4
test_reduce.py,test_axis_permutation_sums,named,Sum rank above 4
test_reduce.py,test_axis_permutation_sums,named,Sum rank above 4
test_reduce.py,test_axis_permutation_sums,named,Sum rank above 4
test_reduce.py,test_axis_permutation_sums,named,Sum rank above 4
test_reduce.py,test_axis_permutation_sums,named,Sum rank above 4
test_reduce.py,test_axis_permutation_sums,named,Sum rank above 4
test_reduce.py,test_axis_permutation_sums,named,Sum rank above 4
test_reduce.py,test_axis_permutation_sums,named,Sum rank above 4
test_reduce.py,test_axis_permutation_sums,named,Sum rank above 4
test_reduce.py,test_axis_permutation_sums,named,Sum rank above 4
test_reduce.py,test_axis_permutation_sums,named,Sum rank above 4
test_reduce.py,test_axis_permutation_sums,named,Sum rank above 4
test_reduce.py,test_axis_permutation_sums,named,Sum rank above 4
test_reduce.py,test_axis_permutation_sums,named,Sum rank above 4
test_reduce.py,test_axis_permutation_sums,named,Sum rank above 4
test_reduce.py,test_axis_permutation_sums,named,Sum rank above 4
test_reduce.py,test_axis_permutation_sums,named,Sum rank above 4
test_reduce.py,test_axis_permutation_sums,named,Sum rank above 4
test_reduce.py,test_axis_permutation_sums,named,Sum rank above 4
test_reduce.py,test_axis_permutation_sums,named,Sum rank above 4
test_reduce.py,test_axis_permutation_sums,named,Sum rank above 4
test_reduce.py,test_axis_permutation_sums,named,Sum rank above 4
test_reduce.py,test_axis_permutation_sums,named,Sum rank above 4
test_reduce.py,test_axis_permutation_sums,named,Sum rank above 4
test_reduce.py,test_axis_permutation_sums,named,Sum rank above 4
test_reduce.py,test_axis_permutation_sums,named,Sum rank above 4
test_reduce.py,test_axis_permutation_sums,named,Sum rank above 4
test_reduce.py,test_axis_permutation_sums,named,Sum rank above 4
test_reduce.py,test_axis_permutation_sums,named,Sum rank above 4
test_reduce.py,test_axis_permutation_sums,named,Sum rank above 4
test_reduce.py,test_axis_permutation_sums,named,Sum rank above 4
test_reduce.py,test_axis_permutation_sums,named,Sum rank above 4
test_reduce.py,test_axis_permutation_sums,named,Sum rank above 4
test_reduce.py,test_axis_permutation_sums,named,Sum rank above 4
test_reduce.py,test_axis_permutation_sums,named,Sum rank above 4
test_reduce.py,test_axis_permutation_sums,named,Sum rank above 4
test_reduce.py,test_axis_permutation_sums,named,Sum rank above 4
test_reduce.py,test_axis_permutation_sums,named,Sum rank above 4
test_reduce.py,test_axis_permutation_sums,named,Sum rank above 4
test_reduce.py,test_axis_permutation_sums,named,Sum rank above 4
test_reduce.py,test_axis_permutation_sums,named,Sum rank above 4
test_reduce.py,test_axis_permutation_sums,named,Sum rank above 4
test_reduce.py,test_axis_permutation_sums,named,Sum rank above 4
test_reduce.py,test_axis_permutation_sums,named,Sum rank above 4
test_reduce.py,test_axis_permutation_sums,named,Sum rank above 4
test_reduce.py,test_axis_permutation_sums,named,Sum rank above 4
test_reduce.py,test_axis_permutation_sums,named,Sum rank above 4
test_reduce.py,test_axis_permutation_sums,named,Sum rank above 4
test_reduce.py,test_axis_permutation_sums,named,Sum rank above 4
test_reduce.py,test_axis_permutation_sums,named,Sum rank above 4
test_reduce.py,test_axis_permutation_sums,named,Sum rank above 4
test_reduce.py,test_axis_permutation_sums,named,Sum rank above 4
test_reduce.py,test_axis_permutation_sums,named,Sum rank above 4
test_reduce.py,test_axis_permutation_sums,named,Sum rank above 4
test_reduce.py,test_axis_permutation_sums,named,Sum rank above 4
test_reduce.py,test_axis_permutation_sums,named,Sum rank above 4
test_reduce.py,test_axis_permutation_sums,named,Sum rank above 4
test_reduce.py,test_axis_permutation_sums,named,Sum rank above 4
test_reduce.py,test_axis_permutation_sums,named,Sum rank above 4
test_reduce.py,test_axis_permutation_sums,named,Sum rank above 4
test_reduce.py,test_axis_permutation_sums,named,Sum rank above 4
test_reduce.py,test_axis_permutation_sums,named,Sum rank above 4
test_reduce.py,test_axis_permutation_sums,named,Sum rank above 4
test_reduce.py,test_axis_permutation_sums,named,Sum rank above 4
test_reduce.py,test_axis_permutation_sums,named,Sum rank above 4
test_reduce.py,test_axis_permutation_sums,named,Sum rank above 4
test_reduce.py,test_axis_permutation_sums,named,Sum rank above 4
test_reduce.py,test_axis_permutation_sums,named,Sum rank above 4
test_reduce.py,test_axis_permutation_sums,named,Sum rank above 4
test_reduce.py,test_axis_permutation_sums,named,Sum rank above 4
test_reduce.py,test_axis_permutation_sums,named,Sum rank above 4
test_reduce.py,test_axis_permutation_sums,named,Sum rank above 4
test_reduce.py,test_axis_permutation_sums,named,Sum rank above 4
test_reduce.py,test_axis_permutation_sums,named,Sum rank above 4
test_reduce.py,test_axis_permutation_sums,named,Sum rank above 4
test_reduce.py,test_axis_permutation_sums,named,Sum rank above 4
test_reduce.py,test_axis_permutation_sums,named,Sum rank above 4
test_reduce.py,test_axis_permutation_sums,named,Sum rank above 4
test_reduce.py,test_axis_permutation_sums,named,Sum rank above 4
test_reduce.py,test_axis_permutation_sums,named,Sum rank above 4
test_reduce.py,test_axis_permutation_sums,named,Sum rank above 4
test_reduce.py,test_axis_permutation_sums,named,Sum rank above 4
test_reduce.py,test_axis_permutation_sums,named,Sum rank above 4
test_reduce.py,test_axis_permutation_sums,named,Sum rank above 4
test_reduce.py,test_axis_permutation_sums,named,Sum rank above 4
test_reduce.py,test_axis_permutation_sums,named,Sum rank above 4
test_reduce.py,test_axis_permutation_sums,named,Sum rank above 4
test_reduce.py,test_axis_permutation_sums,named,Sum rank above 4
test_reduce.py,test_axis_permutation_sums,named,Sum rank above 4
test_reduce.py,test_axis_permutation_sums,named,Sum rank above 4
test_reduce.py,test_axis_permutation_sums,named,Sum rank above 4
test_reduce.py,test_axis_permutation_sums,named,Sum rank above 4
test_reduce.py,test_axis_permutation_sums,named,Sum rank above 4
test_reduce.py,test_axis_permutation_sums,named,Sum rank above 4
test_reduce.py,test_axis_permutation_sums,named,Sum rank above 4
test_reduce.py,test_axis_permutation_sums,named,Sum rank above 4
test_reduce.py,test_axis_permutation_sums,named,Sum rank above 4
test_reduce.py,test_axis_permutation_sums,named,Sum rank above 4
test_reduce.py,test_axis_permutation_sums,named,Sum rank above 4
test_reduce.py,test_axis_permutation_sums,named,Sum rank above 4
test_reduce.py,test_axis_permutation_sums,named,Sum rank above 4
test_reduce.py,test_axis_permutation_sums,named,Sum rank above 4
test_reduce.py,test_axis_permutation_sums,named,Sum rank above 4
test_reduce.py,test_axis_permutation_sums,named,Sum rank above 4
test_reduce.py,test_axis_permutation_sums,named,Sum rank above 4
test_reduce.py,test_axis_permutation_sums,named,Sum rank above 4
test_reduce.py,test_axis_permutation_sums,named,Sum rank above 4
test_reduce.py,test_axis_permutation_sums,named,Sum rank above 4
test_reduce.py,test_axis_permutation_sums,named,Sum rank above 4
test_reduce.py,test_axis_permutation_sums,named,Sum rank above 4
test_reduce.py,test_axis_permutation_sums,named,Sum rank above 4
test_reduce.py,test_axis_permutation_sums,named,Sum rank above 4
test_reduce.py,test_axis_permutation_sums,named,Sum rank above 4
test_reduce.py,test_axis_permutation_sums,named,Sum rank above 4
test_reduce.py,test_axis_permutation_sums,named,Sum rank above 4
test_reduce.py,test_axis_permutation_sums,named,Sum rank above 4
test_reduce.py,test_axis_permutation_sums,named,Sum rank above 4
test_reduce.py,test_axis_permutation_sums,named,Sum rank above 4
test_reduce.py,test_axis_permutation_sums,named,Sum rank above 4
test_reduce.py,test_axis_permutation_sums,named,Sum rank above 4
test_reduce.py,test_axis_permutation_sums,named,Sum rank above 4
test_reduce.py,test_axis_permutation_sums,named,Sum rank above 4
test_reduce.py,test_axis_permutation_sums,named,Sum rank above 4
test_reduce.py,test_axis_permutation_sums,named,Sum rank above 4
test_reduce.py,test_axis_permutation_sums,named,Sum rank above 4
test_reduce.py,test_axis_permutation_sums,named,Sum rank above 4
test_reduce.py,test_axis_permutation_sums,named,Sum rank above 4
test_reduce.py,test_axis_permutation_sums,named,Sum rank above 4
test_reduce.py,test_axis_permutation_sums,named,Sum rank above 4
test_reduce.py,test_axis_permutation_sums,named,Sum rank above 4
test_reduce.py,test_axis_permutation_sums,named,Sum rank above 4
test_reduce.py,test_axis_permutation_sums,named,Sum rank above 4
test_reduce.py,test_axis_permutation_sums,named,Sum rank above 4
test_reduce.py,test_axis_permutation_sums,named,Sum rank above 4
test_reduce.py,test_axis_permutation_sums,named,Sum rank above 4
test_reduce.py,test_axis_permutation_sums,named,Sum rank above 4
test_reduce.py,test_axis_permutation_sums,named,Sum rank above 4
test_reduce.py,test_axis_permutation_sums,named,Sum rank above 4
test_reduce.py,test_axis_permutation_sums,named,Sum rank above 4
test_reduce.py,test_axis_permutation_sums,named,Sum rank above 4
test_reduce.py,test_axis_permutation_sums,named,Sum rank above 4
test_reduce.py,test_axis_permutation_sums,named,Sum rank above 4
test_reduce.py,test_axis_permutation_sums,named,Sum rank above 4
test_reduce.py,test_axis_permutation_sums,named,Sum rank above 4
test_reduce.py,test_axis_permutation_sums,named,Sum rank above 4
test_reduce.py,test_axis_permutation_sums,named,Sum rank above 4
test_reduce.py,test_axis_permutation_sums,named,Sum rank above 4
test_reduce.py,test_axis_permutation_sums,named,Sum rank above 4
test_reduce.py,test_axis_permutation_sums,named,Sum rank above 4
test_reduce.py,test_axis_permutation_sums,named,Sum rank above 4
test_reduce.py,test_axis_permutation_sums,named,Sum rank above 4
test_reduce.py,test_axis_permutation_sums,named,Sum rank above 4
test_reduce.py,test_axis_permutation_sums,named,Sum rank above 4
test_reduce.py,test_axis_permutation_sums,named,Sum rank above 4
test_reduce.py,test_axis_permutation_sums,named,Sum rank above 4
test_reduce.py,test_axis_permutation_sums,named,Sum rank above 4
test_reduce.py,test_axis_permutation_sums,named,Sum rank above 4
test_reduce.py,test_axis_permutation_sums,named,Sum rank above 4
test_reduce.py,test_axis_permutation_sums,named,Sum rank above 4
test_reduce.py,test_axis_permutation_sums,named,Sum rank above 4
test_reduce.py,test_axis_permutation_sums,named,Sum rank above 4
test_reduce.py,test_axis_permutation_sums,named,Sum rank above 4
test_reduce.py,test_axis_permutation_sums,named,Sum rank above 4
test_reduce.py,test_axis_permutation_sums,named,Sum rank above 4
test_reduce.py,test_axis_permutation_sums,named,Sum rank above 4
test_reduce.py,test_axis_permutation_sums,named,Sum rank above 4
test_reduce.py,test_axis_permutation_sums,named,Sum rank above 4
test_reduce.py,test_axis_permutation_sums,named,Sum rank above 4
test_reduce.py,test_axis_permutation_sums,named,Sum rank above 4
test_reduce.py,test_axis_permutation_sums,named,Sum rank above 4
test_reduce.py,test_axis_permutation_sums,named,Sum rank above 4
test_reduce.py,test_axis_permutation_sums,named,Sum rank above 4
test_reduce.py,test_axis_permutation_sums,named,Sum rank above 4
test_reduce.py,test_axis_permutation_sums,named,Sum rank above 4
test_reduce.py,test_axis_permutation_sums,named,Sum rank above 4
test_reduce.py,test_axis_permutation_sums,named,Sum rank above 4
test_reduce.py,test_axis_permutation_sums,named,Sum rank above 4
test_reduce.py,test_axis_permutation_sums,named,Sum rank above 4
test_reduce.py,test_axis_permutation_sums,named,Sum rank above 4
test_reduce.py,test_axis_permutation_sums,named,Sum rank above 4
test_reduce.py,test_axis_permutation_sums,named,Sum rank above 4
test_reduce.py,test_axis_permutation_sums,named,Sum rank above 4
test_reduce.py,test_axis_permutation_sums,named,Sum rank above 4
test_reduce.py,test_axis_permutation_sums,named,Sum rank above 4
test_reduce.py,test_axis_permutation_sums,named,Sum rank above 4
test_reduce.py,test_axis_permutation_sums,named,Sum rank above 4
test_reduce.py,test_axis_permutation_sums,named,Sum rank above 4
test_reduce.py,test_axis_permutation_sums,named,Sum rank above 4
test_reduce.py,test_axis_permutation_sums,named,Sum rank above 4
test_reduce.py,test_axis_permutation_sums,named,Sum rank above 4
test_reduce.py,test_axis_permutation_sums,named,Sum rank above 4
test_reduce.py,test_axis_permutation_sums,named,Sum rank above 4
test_reduce.py,test_axis_permutation_sums,named,Sum rank above 4
test_reduce.py,test_axis_permutation_sums,named,Sum rank above 4
test_reduce.py,test_axis_permutation_sums,named,Sum rank above 4
test_reduce.py,test_axis_permutation_sums,named,Sum rank above 4
test_reduce.py,test_axis_permutation_sums,named,Sum rank above 4
test_reduce.py,test_axis_permutation_sums,named,Sum rank above 4
test_reduce.py,test_axis_permutation_sums,named,Sum rank above 4
test_reduce.py,test_axis_permutation_sums,named,Sum rank above 4
test_reduce.py,test_axis_permutation_sums,named,Sum rank above 4
test_reduce.py,test_axis_permutation_sums,named,Sum rank above 4
test_reduce.py,test_axis_permutation_sums,named,Sum rank above 4
test_reduce.py,test_axis_permutation_sums,named,Sum rank above 4
test_reduce.py,test_axis_permutation_sums,named,Sum rank above 4
test_reduce.py,test_axis_permutation_sums,named,Sum rank above 4
test_reduce.py,test_axis_permutation_sums,named,Sum rank above 4
test_reduce.py,test_axis_permutation_sums,named,Sum rank above 4
test_reduce.py,test_axis_permutation_sums,named,Sum rank above 4
test_reduce.py,test_axis_permutation_sums,named,Sum rank above 4
test_reduce.py,test_axis_permutation_sums,named,Sum rank above 4
test_reduce.py,test_axis_permutation_sums,named,Sum rank above 4
test_reduce.py,test_axis_permutation_sums,named,Sum rank above 4
test_reduce.py,test_axis_permutation_sums,named,Sum rank above 4
test_reduce.py,test_axis_permutation_sums,named,Sum rank above 4
test_reduce.py,test_axis_permutation_sums,named,Sum rank above 4
test_reduce.py,test_axis_permutation_sums,named,Sum rank above 4
test_reduce.py,test_axis_permutation_sums,named,Sum rank above 4
test_reduce.py,test_axis_permutation_sums,named,Sum rank above 4
test_reduce.py,test_axis_permutation_sums,named,Sum rank above 4
test_reduce.py,test_axis_permutation_sums,named,Sum rank above 4
test_reduce.py,test_axis_permutation_sums,named,Sum rank above 4
test_reduce.py,test_axis_permutation_sums,named,Sum rank above 4
test_reduce.py,test_axis_permutation_sums,named,Sum rank above 4
test_reduce.py,test_axis_permutation_sums,named,Sum rank above 4
test_reduce.py,test_axis_permutation_sums,named,Sum rank above 4
test_reduce.py,test_axis_permutation_sums,named,Sum rank above 4
test_reduce.py,test_axis_permutation_sums,named,Sum rank above 4
test_reduce.py,test_axis_permutation_sums,named,Sum rank above 4
test_reduce.py,test_axis_permutation_sums,named,Sum rank above 4
test_reduce.py,test_axis_permutation_sums,named,Sum rank above 4
test_reduce.py,test_axis_permutation_sums,named,Sum rank above 4
test_reduce.py,test_axis_permutation_sums,named,Sum rank above 4
test_reduce.py,test_axis_permutation_sums,named,Sum rank above 4
test_reduce.py,test_axis_permutation_sums,named,Sum rank above 4
test_reduce.py,test_axis_permutation_sums,named,Sum rank above 4
test_reduce.py,test_axis_permutation_sums,named,Sum rank above 4
test_reduce.py,test_axis_permutation_sums,named,Sum rank above 4
test_reduce.py,test_axis_permutation_sums,named,Sum rank above 4
test_reduce.py,test_axis_permutation_sums,named,Sum rank above 4
test_reduce.py,test_axis_permutation_sums,named,Sum rank above 4
test_reduce.py,test_axis_permutation_sums,named,Sum rank above 4
test_reduce.py,test_axis_permutation_sums,named,Sum rank above 4
test_reduce.py,test_axis_permutation_sums,named,Sum rank above 4
test_reduce.py,test_axis_permutation_sums,named,Sum rank above 4
test_reduce.py,test_axis_permutation_sums,named,Sum rank above 4
test_reduce.py,test_axis_permutation_sums,named,Sum rank above 4
test_reduce.py,test_axis_permutation_sums,named,Sum rank above 4
test_reduce.py,test_axis_permutation_sums,named,Sum rank above 4
test_reduce.py,test_axis_permutation_sums,named,Sum rank above 4
test_reduce.py,test_axis_permutation_sums,named,Sum rank above 4
test_reduce.py,test_axis_permutation_sums,named,Sum rank above 4
test_reduce.py,test_axis_permutation_sums,named,Sum rank above 4
test_reduce.py,test_axis_permutation_sums,named,Sum rank above 4
test_reduce.py,test_axis_permutation_sums,named,Sum rank above 4
test_reduce.py,test_axis_permutation_sums,named,Sum rank above 4
test_reduce.py,test_axis_permutation_sums,named,Sum rank above 4
test_reduce.py,test_axis_permutation_sums,named,Sum rank above 4
test_reduce.py,test_axis_permutation_sums,named,Sum rank above 4
test_reduce.py,test_axis_permutation_sums,named,Sum rank above 4
test_reduce.py,test_axis_permutation_sums,named,Sum rank above 4
test_reduce.py,test_axis_permutation_sums,named,Sum rank above 4
test_reduce.py,test_axis_permutation_sums,named,Sum rank above 4
test_reduce.py,test_axis_permutation_sums,named,Sum rank above 4
test_reduce.py,test_axis_permutation_sums,named,Sum rank above 4
test_reduce.py,test_axis_permutation_sums,named,Sum rank above 4
test_reduce.py,test_axis_permutation_sums,named,Sum rank above 4
test_reduce.py,test_axis_permutation_sums,named,Sum rank above 4
test_reduce.py,test_axis_permutation_sums,named,Sum rank above 4
test_reduce.py,test_axis_permutation_sums,named,Sum rank above 4
test_reduce.py,test_axis_permutation_sums,named,Sum rank above 4
test_reduce.py,test_axis_permutation_sums,named,Sum rank above 4
test_reduce.py,test_axis_permutation_sums,named,Sum rank above 4
test_reduce.py,test_axis_permutation_sums,named,Sum rank above 4
test_reduce.py,test_axis_permutation_sums,named,Sum rank above 4
test_reduce.py,test_axis_permutation_sums,named,Sum rank above 4
test_reduce.py,test_axis_permutation_sums,named,Sum rank above 4
test_reduce.py,test_axis_permutation_sums,named,Sum rank above 4
test_reduce.py,test_axis_permutation_sums,named,Sum rank above 4
test_reduce.py,test_axis_permutation_sums,named,Sum rank above 4
test_reduce.py,test_axis_permutation_sums,named,Sum rank above 4
test_reduce.py,test_axis_permutation_sums,named,Sum rank above 4
test_reduce.py,test_axis_permutation_sums,named,Sum rank above 4
test_reduce.py,test_axis_permutation_sums,named,Sum rank above 4
test_reduce.py,test_axis_permutation_sums,named,Sum rank above 4
test_reduce.py,test_axis_permutation_sums,named,Sum rank above 4
test_reduce.py,test_axis_permutation_sums,named,Sum rank above 4
test_reduce.py,test_axis_permutation_sums,named,Sum rank above 4
test_reduce.py,test_axis_permutation_sums,named,Sum rank above 4
test_reduce.py,test_axis_permutation_sums,named,Sum rank above 4
test_reduce.py,test_axis_permutation_sums,named,Sum rank above 4
test_reduce.py,test_axis_permutation_sums,named,Sum rank above 4
test_reduce.py,test_axis_permutation_sums,named,Sum rank above 4
test_reduce.py,test_axis_permutation_sums,named,Sum rank above 4
test_reduce.py,test_axis_permutation_sums,named,Sum rank above 4
test_reduce.py,test_axis_permutation_sums,named,Sum rank above 4
test_reduce.py,test_axis_permutation_sums,named,Sum rank above 4
test_reduce.py,test_axis_permutation_sums,named,Sum rank above 4
test_reduce.py,test_axis_permutation_sums,named,Sum rank above 4
test_reduce.py,test_axis_permutation_sums,named,Sum rank above 4
test_reduce.py,test_axis_permutation_sums,named,Sum rank above 4
test_reduce.py,test_axis_permutation_sums,named,Sum rank above 4
test_reduce.py,test_axis_permutation_sums,named,Sum rank above 4
test_reduce.py,test_axis_permutation_sums,named,Sum rank above 4
test_reduce.py,test_axis_permutation_sums,named,Sum rank above 4
test_reduce.py,test_axis_permutation_sums,named,Sum rank above 4
test_reduce.py,test_axis_permutation_sums,named,Sum rank above 4
test_reduce.py,test_axis_permutation_sums,named,Sum rank above 4
test_reduce.py,test_axis_permutation_sums,named,Sum rank above 4
test_reduce.py,test_axis_permutation_sums,named,Sum rank above 4
test_reduce.py,test_axis_permutation_sums,named,Sum rank above 4
test_reduce.py,test_axis_permutation_sums,named,Sum rank above 4
test_reduce.py,test_axis_permutation_sums,named,Sum rank above 4
test_reduce.py,test_axis_permutation_sums,named,Sum rank above 4
test_reduce.py,test_axis_permutation_sums,named,Sum rank above 4
test_reduce.py,test_axis_permutation_sums,named,Sum rank above 4
test_reduce.py,test_axis_permutation_sums,named,Sum rank above 4
test_reduce.py,test_axis_permutation_sums,named,Sum rank above 4
test_reduce.py,test_axis_permutation_sums,named,Sum rank above 4
test_reduce.py,test_axis_permutation_sums,named,Sum rank above 4
test_reduce.py,test_axis_permutation_sums,named,Sum rank above 4
test_reduce.py,test_axis_permutation_sums,named,Sum rank above 4
test_reduce.py,test_axis_permutation_sums,named,Sum rank above 4
test_reduce.py,test_axis_permutation_sums,named,Sum rank above 4
test_reduce.py,test_axis_permutation_sums,named,Sum rank above 4
test_reduce.py,test_axis_permutation_sums,named,Sum rank above 4
test_reduce.py,test_axis_permutation_sums,named,Sum rank above 4
test_reduce.py,test_axis_permutation_sums,named,Sum rank above 4
test_reduce.py,test_axis_permutation_sums,named,Sum rank above 4
test_reduce.py,test_axis_permutation_sums,named,Sum rank above 4
test_reduce.py,test_axis_permutation_sums,named,Sum rank above 4
test_reduce.py,test_axis_permutation_sums,named,Sum rank above 4
test_reduce.py,test_axis_permutation_sums,named,Sum rank above 4
test_reduce.py,test_axis_permutation_sums,named,Sum rank above 4
test_reduce.py,test_axis_permutation_sums,named,Sum rank above 4
test_reduce.py,test_axis_permutation_sums,named,Sum rank above 4
test_reduce.py,test_axis_permutation_sums,named,Sum rank above 4
test_reduce.py,test_axis_permutation_sums,named,Sum rank above 4
test_reduce.py,test_axis_permutation_sums,named,Sum rank above 4
test_reduce.py,test_axis_permutation_sums,named,Sum rank above 4
test_reduce.py,test_axis_permutation_sums,named,Sum rank above 4
test_reduce.py,test_axis_permutation_sums,named,Sum rank above 4
test_reduce.py,test_axis_permutation_sums,named,Sum rank above 4
test_reduce.py,test_axis_permutation_sums,named,Sum rank above 4
test_reduce.py,test_axis_permutation_sums,named,Sum rank above 4
test_reduce.py,test_axis_permutation_sums,named,Sum rank above 4
test_reduce.py,test_axis_permutation_sums,named,Sum rank above 4
test_reduce.py,test_axis_permutation_sums,named,Sum rank above 4
test_reduce.py,test_axis_permutation_sums,named,Sum rank above 4
test_reduce.py,test_axis_permutation_sums,named,Sum rank above 4
test_reduce.py,test_axis_permutation_sums,named,Sum rank above 4
test_reduce.py,test_axis_permutation_sums,named,Sum rank above 4
test_reduce.py,test_axis_permutation_sums,named,Sum rank above 4
test_reduce.py,test_axis_permutation_sums,named,Sum rank above 4
test_reduce.py,test_axis_permutation_sums,named,Sum rank above 4
test_reduce.py,test_axis_permutation_sums,named,Sum rank above 4
test_reduce.py,test_axis_permutation_sums,named,Sum rank above 4
test_reduce.py,test_axis_permutation_sums,named,Sum rank above 4
test_reduce.py,test_axis_permutation_sums,named,Sum rank above 4
test_reduce.py,test_axis_permutation_sums,named,Sum rank above 4
test_reduce.py,test_axis_permutation_sums,named,Sum rank above 4
test_reduce.py,test_axis_permutation_sums,named,Sum rank above 4
test_reduce.py,test_axis_permutation_sums,named,Sum rank above 4
test_reduce.py,test_axis_permutation_sums,named,Sum rank above 4
test_reduce.py,test_axis_permutation_sums,named,Sum rank above 4
test_reduce.py,test_axis_permutation_sums,named,Sum rank above 4
test_reduce.py,test_axis_permutation_sums,named,Sum rank above 4
test_reduce.py,test_axis_permutation_sums,named,Sum rank above 4
test_reduce.py,test_axis_permutation_sums,named,Sum rank above 4
test_reduce.py,test_axis_permutation_sums,named,Sum rank above 4
test_reduce.py,test_axis_permutation_sums,named,Sum rank above 4
test_reduce.py,test_axis_permutation_sums,named,Sum rank above 4
test_reduce.py,test_axis_permutation_sums,named,Sum rank above 4
test_reduce.py,test_axis_permutation_sums,named,Sum rank above 4
test_reduce.py,test_axis_permutation_sums,named,Sum rank above 4
test_reduce.py,test_axis_permutation_sums,named,Sum rank above 4
test_reduce.py,test_axis_permutation_sums,named,Sum rank above 4
test_reduce.py,test_axis_permutation_sums,named,Sum rank above 4
test_reduce.py,test_axis_permutation_sums,named,Sum rank above 4
test_reduce.py,test_axis_permutation_sums,named,Sum rank above 4
test_reduce.py,test_axis_permutation_sums,named,Sum rank above 4
test_reduce.py,test_axis_permutation_sums,named,Sum rank above 4
test_reduce.py,test_axis_permutation_sums,named,Sum rank above 4
test_reduce.py,test_axis_permutation_sums,named,Sum rank above 4
test_reduce.py,test_axis_permutation_sums,named,Sum rank above 4
test_reduce.py,test_axis_permutation_sums,named,Sum rank above 4
test_reduce.py,test_axis_permutation_sums,named,Sum rank above 4
test_reduce.py,test_axis_permutation_sums,named,Sum rank above 4
test_reduce.py,test_axis_permutation_sums,named,Sum rank above 4
test_reduce.py,test_axis_permutation_sums,named,Sum rank above 4
test_reduce.py,test_axis_permutation_sums,named,Sum rank above 4
test_reduce.py,test_axis_permutation_sums,named,Sum rank above 4
test_reduce.py,test_axis_permutation_sums,named,Sum rank above 4
test_reduce.py,test_axis_permutation_sums,named,Sum rank above 4
test_reduce.py,test_axis_permutation_sums,named,Sum rank above 4
test_reduce.py,test_axis_permutation_sums,named,Sum rank above 4
test_reduce.py,test_axis_permutation_sums,named,Sum rank above 4
test_reduce.py,test_axis_permutation_sums,named,Sum rank above 4
test_reduce.py,test_axis_permutation_sums,named,Sum rank above 4
test_reduce.py,test_axis_permutation_sums,named,Sum rank above 4
test_reduce.py,test_axis_permutation_sums,named,Sum rank above 4
test_reduce.py,test_axis_permutation_sums,named,Sum rank above 4
test_reduce.py,test_axis_permutation_sums,named,Sum rank above 4
test_reduce.py,test_axis_permutation_sums,named,Sum rank above 4
test_reduce.py,test_axis_permutation_sums,named,Sum rank above 4
test_reduce.py,test_axis_permutation_sums,named,Sum rank above 4
test_reduce.py,test_axis_permutation_sums,named,Sum rank above 4
test_reduce.py,test_axis_permutation_sums,named,Sum rank above 4
test_reduce.py,test_axis_permutation_sums,named,Sum rank above 4
test_reduce.py,test_axis_permutation_sums,named,Sum rank above 4
test_reduce.py,test_axis_permutation_sums,named,Sum rank above 4
test_reduce.py,test_axis_permutation_sums,named,Sum rank above 4
test_reduce.py,test_axis_permutation_sums,named,Sum rank above 4
test_reduce.py,test_axis_permutation_sums,named,Sum rank above 4
test_reduce.py,test_axis_permutation_sums,named,Sum rank above 4
test_reduce.py,test_axis_permutation_sums,named,Sum rank above 4
test_reduce.py,test_axis_permutation_sums,named,Sum rank above 4
test_reduce.py,test_axis_permutation_sums,named,Sum rank above 4
test_reduce.py,test_axis_permutation_sums,named,Sum rank above 4
test_reduce.py,test_axis_permutation_sums,named,Sum rank above 4
test_reduce.py,test_axis_permutation_sums,named,Sum rank above 4
test_reduce.py,test_axis_permutation_sums,named,Sum rank above 4
test_reduce.py,test_axis_permutation_sums,named,Sum rank above 4
test_reduce.py,test_axis_permutation_sums,named,Sum rank above 4
test_reduce.py,test_axis_permutation_sums,named,Sum rank above 4
test_reduce.py,test_axis_permutation_sums,named,Sum rank above 4
test_reduce.py,test_axis_permutation_sums,named,Sum rank above 4
test_reduce.py,test_axis_permutation_sums,named,Sum rank above 4
test_reduce.py,test_axis_permutation_sums,named,Sum rank above 4
test_reduce.py,test_axis_permutation_sums,named,Sum rank above 4
test_reduce.py,test_axis_permutation_sums,named,Sum rank above 4
test_reduce.py,test_axis_permutation_sums,named,Sum rank above 4
test_reduce.py,test_axis_permutation_sums,named,Sum rank above 4
test_reduce.py,test_axis_permutation_sums,named,Sum rank above 4
test_reduce.py,test_axis_permutation_sums,named,Sum rank above 4
test_reduce.py,test_axis_permutation_sums,named,Sum rank above 4
test_reduce.py,test_axis_permutation_sums,named,Sum rank above 4
test_reduce.py,test_axis_permutation_sums,named,Sum rank above 4
test_reduce.py,test_axis_permutation_sums,named,Sum rank above 4
test_reduce.py,test_axis_permutation_sums,named,Sum rank above 4
test_reduce.py,test_axis_permutation_sums,named,Sum rank above 4
test_reduce.py,test_axis_permutation_sums,named,Sum rank above 4
test_reduce.py,test_axis_permutation_sums,named,Sum rank above 4
test_reduce.py,test_axis_permutation_sums,named,Sum rank above 4
test_reduce.py,test_axis_permutation_sums,named,Sum rank above 4
test_reduce.py,test_axis_permutation_sums,named,Sum rank above 4
test_reduce.py,test_axis_permutation_sums,named,Sum rank above 4
test_reduce.py,test_axis_permutation_sums,named,Sum rank above 4
test_reduce.py,test_axis_permutation_sums,named,Sum rank above 4
test_reduce.py,test_axis_permutation_sums,named,Sum rank above 4
test_reduce.py,test_axis_permutation_sums,named,Sum rank above 4
test_reduce.py,test_axis_permutation_sums,named,Sum rank above 4
test_reduce.py,test_axis_permutation_sums,named,Sum rank above 4
test_reduce.py,test_axis_permutation_sums,named,Sum rank above 4
test_reduce.py,test_axis_permutation_sums,named,Sum rank above 4
test_reduce.py,test_axis_permutation_sums,named,Sum rank above 4
test_reduce.py,test_axis_permutation_sums,named,Sum rank above 4
test_reduce.py,test_axis_permutation_sums,named,Sum rank above 4
test_reduce.py,test_axis_permutation_sums,named,Sum rank above 4
test_reduce.py,test_axis_permutation_sums,named,Sum rank above 4
test_reduce.py,test_axis_permutation_sums,named,Sum rank above 4
test_reduce.py,test_axis_permutation_sums,named,Sum rank above 4
test_reduce.py,test_axis_permutation_sums,named,Sum rank above 4
test_reduce.py,test_axis_permutation_sums,named,Sum rank above 4
test_reduce.py,test_axis_permutation_sums,named,Sum rank above 4
test_reduce.py,test_axis_permutation_sums,named,Sum rank above 4
test_reduce.py,test_axis_permutation_sums,named,Sum rank above 4
test_reduce.py,test_axis_permutation_sums,named,Sum rank above 4
test_reduce.py,test_axis_permutation_sums,named,Sum rank above 4
test_reduce.py,test_axis_permutation_sums,named,Sum rank above 4
test_reduce.py,test_axis_permutation_sums,named,Sum rank above 4
test_reduce.py,test_axis_permutation_sums,named,Sum rank above 4
test_reduce.py,test_axis_permutation_sums,named,Sum rank above 4
test_reduce.py,test_axis_permutation_sums,named,Sum rank above 4
test_reduce.py,test_axis_permutation_sums,named,Sum rank above 4
test_reduce.py,test_axis_permutation_sums,named,Sum rank above 4
test_reduce.py,test_axis_permutation_sums,named,Sum rank above 4
test_reduce.py,test_axis_permutation_sums,named,Sum rank above 4
test_reduce.py,test_axis_permutation_sums,named,Sum rank above 4
test_reduce.py,test_axis_permutation_sums,named,Sum rank above 4
test_reduce.py,test_axis_permutation_sums,named,Sum rank above 4
test_reduce.py,test_axis_permutation_sums,named,Sum rank above 4
test_reduce.py,test_axis_permutation_sums,named,Sum rank above 4
test_reduce.py,test_axis_permutation_sums,named,Sum rank above 4
test_reduce.py,test_axis_permutation_sums,named,Sum rank above 4
test_reduce.py,test_axis_permutation_sums,named,Sum rank above 4
test_reduce.py,test_axis_permutation_sums,named,Sum rank above 4
test_reduce.py,test_axis_permutation_sums,named,Sum rank above 4
test_reduce.py,test_axis_permutation_sums,named,Sum rank above 4
test_reduce.py,test_axis_permutation_sums,named,Sum rank above 4
test_reduce.py,test_axis_permutation_sums,named,Sum rank above 4
test_reduce.py,test_axis_permutation_sums,named,Sum rank above 4
test_reduce.py,test_axis_permutation_sums,named,Sum rank above 4
test_reduce.py,test_axis_permutation_sums,named,Sum rank above 4
test_reduce.py,test_axis_permutation_sums,named,Sum rank above 4
test_reduce.py,test_axis_permutation_sums,named,Sum rank above 4
test_reduce.py,test_axis_permutation_sums,named,Sum rank above 4
test_reduce.py,test_axis_permutation_sums,named,Sum rank above 4
test_reduce.py,test_axis_permutation_sums,named,Sum rank above 4
test_reduce.py,test_axis_permutation_sums,named,Sum rank above 4
test_reduce.py,test_axis_permutation_sums,named,Sum rank above 4
test_reduce.py,test_axis_permutation_sums,named,Sum rank above 4
test_reduce.py,test_axis_permutation_sums,named,Sum rank above 4
test_reduce.py,test_axis_permutation_sums,named,Sum rank above 4
test_reduce.py,test_axis_permutation_sums,named,Sum rank above 4
test_reduce.py,test_axis_permutation_sums,named,Sum rank above 4
test_reduce.py,test_axis_permutation_sums,named,Sum rank above 4
test_reduce.py,test_axis_permutation_sums,named,Sum rank above 4
test_reduce.py,test_axis_permutation_sums,named,Sum rank above 4
test_reduce.py,test_axis_permutation_sums,named,Sum rank above 4
test_reduce.py,test_axis_permutation_sums,named,Sum rank above 4
test_reduce.py,test_axis_permutation_sums,named,Sum rank above 4
test_reduce.py,test_axis_permutation_sums,named,Sum rank above 4
test_reduce.py,test_axis_permutation_sums,named,Sum rank above 4
test_reduce.py,test_axis_permutation_sums,named,Sum rank above 4
test_reduce.py,test_axis_permutation_sums,named,Sum rank above 4
test_reduce.py,test_axis_permutation_sums,named,Sum rank above 4
test_reduce.py,test_axis_permutation_sums,named,Sum rank above 4
test_reduce.py,test_axis_permutation_sums,named,Sum rank above 4
test_reduce.py,test_axis_permutation_sums,named,Sum rank above 4
test_reduce.py,test_axis_permutation_sums,named,Sum rank above 4
test_reduce.py,test_axis_permutation_sums,named,Sum rank above 4
test_reduce.py,test_axis_permutation_sums,named,Sum rank above 4
test_reduce.py,test_axis_permutation_sums,named,Sum rank above 4
test_reduce.py,test_axis_permutation_sums,named,Sum rank above 4
test_reduce.py,test_axis_permutation_sums,named,Sum rank above 4
test_reduce.py,test_axis_permutation_sums,named,Sum rank above 4
test_reduce.py,test_axis_permutation_sums,named,Sum rank above 4
test_reduce.py,test_axis_permutation_sums,named,Sum rank above 4
test_reduce.py,test_axis_permutation_sums,named,Sum rank above 4
test_reduce.py,test_axis_permutation_sums,named,Sum rank above 4
test_reduce.py,test_axis_permutation_sums,named,Sum rank above 4
test_reduce.py,test_axis_permutation_sums,named,Sum rank above 4
test_reduce.py,test_axis_permutation_sums,named,Sum rank above 4
test_reduce.py,test_axis_permutation_sums,named,Sum rank above 4
test_reduce.py,test_axis_permutation_sums,named,Sum rank above 4
test_reduce.py,test_axis_permutation_sums,named,Sum rank above 4
test_reduce.py,test_axis_permutation_sums,named,Sum rank above 4
test_reduce.py,test_axis_permutation_sums,named,Sum rank above 4
test_reduce.py,test_axis_permutation_sums,named,Sum rank above 4
test_reduce.py,test_axis_permutation_sums,named,Sum rank above 4
test_reduce.py,test_axis_permutation_sums,named,Sum rank above 4
test_reduce.py,test_axis_permutation_sums,named,Sum rank above 4
test_reduce.py,test_axis_permutation_sums,named,Sum rank above 4
test_reduce.py,test_axis_permutation_sums,named,Sum rank above 4
test_reduce.py,test_axis_permutation_sums,named,Sum rank above 4
test_reduce.py,test_axis_permutation_sums,named,Sum rank above 4
test_reduce.py,test_axis_permutation_sums,named,Sum rank above 4
test_reduce.py,test_axis_permutation_sums,named,Sum rank above 4
test_reduce.py,test_axis_permutation_sums,named,Sum rank above 4
test_reduce.py,test_axis_permutation_sums,named,Sum rank above 4
test_reduce.py,test_axis_permutation_sums,named,Sum rank above 4
test_reduce.py,test_axis_permutation_sums,named,Sum rank above 4
test_reduce.py,test_axis_permutation_sums,named,Sum rank above 4
test_reduce.py,test_axis_permutation_sums,named,Sum rank above 4
test_reduce.py,test_axis_permutation_sums,named,Sum rank above 4
test_reduce.py,test_axis_permutation_sums,named,Sum rank above 4
test_reduce.py,test_axis_permutation_sums,named,Sum rank above 4
test_reduce.py,test_axis_permutation_sums,named,Sum rank above 4
test_reduce.py,test_axis_permutation_sums,named,Sum rank above 4
test_reduce.py,test_axis_permutation_sums,named,Sum rank above 4
test_reduce.py,test_axis_permutation_sums,named,Sum rank above 4
test_reduce.py,test_axis_permutation_sums,named,Sum rank above 4
test_reduce.py,test_axis_permutation_sums,named,Sum rank above 4
test_reduce.py,test_axis_permutation_sums,named,Sum rank above 4
test_reduce.py,test_axis_permutation_sums,named,Sum rank above 4
test_reduce.py,test_axis_permutation_sums,named,Sum rank above 4
test_reduce.py,test_axis_permutation_sums,named,Sum rank above 4
test_reduce.py,test_axis_permutation_sums,named,Sum rank above 4
test_reduce.py,test_axis_permutation_sums,named,Sum rank above 4
test_reduce.py,test_axis_permutation_sums,named,Sum rank above 4
test_reduce.py,test_axis_permutation_sums,named,Sum rank above 4
test_reduce.py,test_axis_permutation_sums,named,Sum rank above 4
test_reduce.py,test_axis_permutation_sums,named,Sum rank above 4
test_reduce.py,test_axis_permutation_sums,named,Sum rank above 4
test_reduce.py,test_axis_permutation_sums,named,Sum rank above 4
test_reduce.py,test_axis_permutation_sums,named,Sum rank above 4
test_reduce.py,test_axis_permutation_sums,named,Sum rank above 4
test_reduce.py,test_axis_permutation_sums,named,Sum rank above 4
test_reduce.py,test_axis_permutation_sums,named,Sum rank above 4
test_reduce.py,test_axis_permutation_sums,named,Sum rank above 4
test_reduce.py,test_axis_permutation_sums,named,Sum rank above 4
test_reduce.py,test_axis_permutation_sums,named,Sum rank above 4
test_reduce.py,test_axis_permutation_sums,named,Sum rank above 4
test_reduce.py,test_axis_permutation_sums,named,Sum rank above 4
test_reduce.py,test_axis_permutation_sums,named,Sum rank above 4
test_reduce.py,test_axis_permutation_sums,named,Sum rank above 4
test_reduce.py,test_axis_permutation_sums,named,Sum rank above 4
test_reduce.py,test_axis_permutation_sums,named,Sum rank above 4
test_reduce.py,test_axis_permutation_sums,named,Sum rank above 4
test_reduce.py,test_axis_permutation_sums,named,Sum rank above 4
test_reduce.py,test_axis_permutation_sums,named,Sum rank above 4
test_reduce.py,test_axis_permutation_sums,named,Sum rank above 4
test_reduce.py,test_axis_permutation_sums,named,Sum rank above 4
test_reduce.py,test_axis_permutation_sums,named,Sum rank above 4
test_reduce.py,test_axis_permutation_sums,named,Sum rank above 4
test_reduce.py,test_axis_permutation_sums,named,Sum rank above 4
test_reduce.py,test_axis_permutation_sums,named,Sum rank above 4
test_reduce.py,test_axis_permutation_sums,named,Sum rank above 4
test_reduce.py,test_axis_permutation_sums,named,Sum rank above 4
test_reduce.py,test_axis_permutation_sums,named,Sum rank above 4
test_reduce.py,test_axis_permutation_sums,named,Sum rank above 4
test_reduce.py,test_axis_permutation_sums,named,Sum rank above 4
test_reduce.py,test_axis_permutation_sums,named,Sum rank above 4
test_reduce.py,test_axis_permutation_sums,named,Sum rank above 4
test_reduce.py,test_axis_permutation_sums,named,Sum rank above 4
test_reduce.py,test_axis_permutation_sums,named,Sum rank above 4
test_reduce.py,test_axis_permutation_sums,named,Sum rank above 4
test_reduce.py,test_axis_permutation_sums,named,Sum rank above 4
test_reduce.py,test_axis_permutation_sums,named,Sum rank above 4
test_reduce.py,test_axis_permutation_sums,named,Sum rank above 4
test_reduce.py,test_axis_permutation_sums,named,Sum rank above 4
test_reduce.py,test_axis_permutation_sums,named,Sum rank above 4
test_reduce.py,test_axis_permutation_sums,named,Sum rank above 4
test_reduce.py,test_axis_permutation_sums,named,Sum rank above 4
test_reduce.py,test_axis_permutation_sums,named,Sum rank above 4
test_reduce.py,test_axis_permutation_sums,named,Sum rank above 4
test_reduce.py,test_axis_permutation_sums,named,Sum rank above 4
test_reduce.py,test_axis_permutation_sums,named,Sum rank above 4
test_reduce.py,test_axis_permutation_sums,named,Sum rank above 4
test_reduce.py,test_axis_permutation_sums,named,Sum rank above 4
test_reduce.py,test_axis_permutation_sums,named,Sum rank above 4
test_reduce.py,test_axis_permutation_sums,named,Sum rank above 4
test_reduce.py,test_axis_permutation_sums,named,Sum rank above 4
test_reduce.py,test_axis_permutation_sums,named,Sum rank above 4
test_reduce.py,test_axis_permutation_sums,named,Sum rank above 4
test_reduce.py,test_axis_permutation_sums,named,Sum rank above 4
test_reduce.py,test_axis_permutation_sums,named,Sum rank above 4
test_reduce.py,test_axis_permutation_sums,named,Sum rank above 4
test_reduce.py,test_axis_permutation_sums,named,Sum rank above 4
test_reduce.py,test_axis_permutation_sums,named,Sum rank above 4
test_reduce.py,test_axis_permutation_sums,named,Sum rank above 4
test_reduce.py,test_axis_permutation_sums,named,Sum rank above 4
test_reduce.py,test_axis_permutation_sums,named,Sum rank above 4
test_reduce.py,test_axis_permutation_sums,named,Sum rank above 4
test_reduce.py,test_axis_permutation_sums,named,Sum rank above 4
test_reduce.py,test_axis_permutation_sums,named,Sum rank above 4
test_reduce.py,test_axis_permutation_sums,named,Sum rank above 4
test_reduce.py,test_axis_permutation_sums,named,Sum rank above 4
test_reduce.py,test_axis_permutation_sums,named,Sum rank above 4
test_reduce.py,test_axis_permutation_sums,named,Sum rank above 4
test_reduce.py,test_axis_permutation_sums,named,Sum rank above 4
test_reduce.py,test_axis_permutation_sums,named,Sum rank above 4
test_reduce.py,test_axis_permutation_sums,named,Sum rank above 4
test_reduce.py,test_axis_permutation_sums,named,Sum rank above 4
test_reduce.py,test_axis_permutation_sums,named,Sum rank above 4
test_reduce.py,test_axis_permutation_sums,named,Sum rank above 4
test_reduce.py,test_axis_permutation_sums,named,Sum rank above 4
test_reduce.py,test_axis_permutation_sums,named,Sum rank above 4
test_reduce.py,test_axis_permutation_sums,named,Sum rank above 4
test_reduce.py,test_axis_permutation_sums,named,Sum rank above 4
test_reduce.py,test_axis_permutation_sums,named,Sum rank above 4
test_reduce.py,test_axis_permutation_sums,named,Sum rank above 4
test_reduce.py,test_axis_permutation_sums,named,Sum rank above 4
test_reduce.py,test_axis_permutation_sums,named,Sum rank above 4
test_reduce.py,test_axis_permutation_sums,named,Sum rank above 4
test_reduce.py,test_axis_permutation_sums,named,Sum rank above 4
test_reduce.py,test_axis_permutation_sums,named,Sum rank above 4
test_reduce.py,test_axis_permutation_sums,named,Sum rank above 4
test_reduce.py,test_axis_permutation_sums,named,Sum rank above 4
test_reduce.py,test_axis_permutation_sums,named,Sum rank above 4
test_reduce.py,test_axis_permutation_sums,named,Sum rank above 4
test_reduce.py,test_axis_permutation_sums,named,Sum rank above 4
test_reduce.py,test_axis_permutation_sums,named,Sum rank above 4
test_reduce.py,test_axis_permutation_sums,named,Sum rank above 4
test_reduce.py,test_axis_permutation_sums,named,Sum rank above 4
test_reduce.py,test_axis_permutation_sums,named,Sum rank above 4
test_reduce.py,test_axis_permutation_sums,named,Sum rank above 4
test_reduce.py,test_axis_permutation_sums,named,Sum rank above 4
test_reduce.py,test_axis_permutation_sums,named,Sum rank above 4
test_reduce.py,test_axis_permutation_sums,named,Sum rank above 4
test_reduce.py,test_axis_permutation_sums,named,Sum rank above 4
test_reduce.py,test_axis_permutation_sums,named,Sum rank above 4
test_reduce.py,test_axis_permutation_sums,named,Sum rank above 4
test_reduce.py,test_axis_permutation_sums,named,Sum rank above 4
test_reduce.py,test_axis_permutation_sums,named,Sum rank above 4
test_reduce.py,test_axis_permutation_sums,named,Sum rank above 4
test_reduce.py,test_axis_permutation_sums,named,Sum rank above 4
test_reduce.py,test_axis_permutation_sums,named,Sum rank above 4
test_reduce.py,test_axis_permutation_sums,named,Sum rank above 4
test_reduce.py,test_axis_permutation_sums,named,Sum rank above 4
test_reduce.py,test_axis_permutation_sums,named,Sum rank above 4
test_reduce.py,test_axis_permutation_sums,named,Sum rank above 4
test_reduce.py,test_axis_permutation_sums,named,Sum rank above 4
test_reduce.py,test_axis_permutation_sums,named,Sum rank above 4
test_reduce.py,test_axis_permutation_sums,named,Sum rank above 4
test_reduce.py,test_axis_permutation_sums,named,Sum rank above 4
test_reduce.py,test_axis_permutation_sums,named,Sum rank above 4
test_reduce.py,test_axis_permutation_sums,named,Sum rank above 4
test_reduce.py,test_axis_permutation_sums,named,Sum rank above 4
test_reduce.py,test_axis_permutation_sums,named,Sum rank above 4
test_reduce.py,test_axis_permutation_sums,named,Sum rank above 4
test_reduce.py,test_axis_permutation_sums,named,Sum rank above 4
test_reduce.py,test_axis_permutation_sums,named,Sum rank above 4
test_reduce.py,test_axis_permutation_sums,named,Sum rank above 4
test_reduce.py,test_axis_permutation_sums,named,Sum rank above 4
test_reduce.py,test_axis_permutation_sums,named,Sum rank above 4
test_reduce.py,test_axis_permutation_sums,named,Sum rank above 4
test_reduce.py,test_axis_permutation_sums,named,Sum rank above 4
test_reduce.py,test_axis_permutation_sums,named,Sum rank above 4
test_reduce.py,test_axis_permutation_sums,named,Sum rank above 4
test_reduce.py,test_axis_permutation_sums,named,Sum rank above 4
test_reduce.py,test_axis_permutation_sums,named,Sum rank above 4
test_reduce.py,test_axis_permutation_sums,named,Sum rank above 4
test_reduce.py,test_axis_permutation_sums,named,Sum rank above 4
test_reduce.py,test_axis_permutation_sums,named,Sum rank above 4
test_reduce.py,test_axis_permutation_sums,named,Sum rank above 4
test_reduce.py,test_axis_permutation_sums,named,Sum rank above 4
test_reduce.py,test_axis_permutation_sums,named,Sum rank above 4
test_reduce.py,test_axis_permutation_sums,named,Sum rank above 4
test_reduce.py,test_axis_permutation_sums,named,Sum rank above 4
test_reduce.py,test_axis_permutation_sums,named,Sum rank above 4
test_reduce.py,test_axis_permutation_sums,named,Sum rank above 4
test_reduce.py,test_axis_permutation_sums,named,Sum rank above 4
test_reduce.py,test_axis_permutation_sums,named,Sum rank above 4
test_reduce.py,test_axis_permutation_sums,named,Sum rank above 4
test_reduce.py,test_axis_permutation_sums,named,Sum rank above 4
test_reduce.py,test_axis_permutation_sums,named,Sum rank above 4
test_reduce.py,test_axis_permutation_sums,named,Sum rank above 4
test_reduce.py,test_axis_permutation_sums,named,Sum rank above 4
test_reduce.py,test_axis_permutation_sums,named,Sum rank above 4
test_reduce.py,test_axis_permutation_sums,named,Sum rank above 4
test_reduce.py,test_axis_permutation_sums,named,Sum rank above 4
test_reduce.py,test_axis_permutation_sums,named,Sum rank above 4
test_reduce.py,test_axis_permutation_sums,named,Sum rank above 4
test_reduce.py,test_axis_permutation_sums,named,Sum rank above 4
test_reduce.py,test_axis_permutation_sums,named,Sum rank above 4
test_reduce.py,test_axis_permutation_sums,named,Sum rank above 4
test_reduce.py,test_axis_permutation_sums,named,Sum rank above 4
test_reduce.py,test_axis_permutation_sums,named,Sum rank above 4
test_reduce.py,test_axis_permutation_sums,named,Sum rank above 4
test_reduce.py,test_axis_permutation_sums,named,Sum rank above 4
test_reduce.py,test_axis_permutation_sums,named,Sum rank above 4
test_reduce.py,test_axis_permutation_sums,named,Sum rank above 4
test_reduce.py,test_axis_permutation_sums,named,Sum rank above 4
test_reduce.py,test_axis_permutation_sums,named,Sum rank above 4
test_reduce.py,test_axis_permutation_sums,named,Sum rank above 4
test_reduce.py,test_axis_permutation_sums,named,Sum rank above 4
test_reduce.py,test_axis_permutation_sums,named,Sum rank above 4
test_reduce.py,test_axis_permutation_sums,named,Sum rank above 4
test_reduce.py,test_axis_permutation_sums,named,Sum rank above 4
test_reduce.py,test_axis_permutation_sums,named,Sum rank above 4
test_reduce.py,test_axis_permutation_sums,named,Sum rank above 4
test_reduce.py,test_axis_permutation_sums,named,Sum rank above 4
test_reduce.py,test_axis_permutation_sums,named,Sum rank above 4
test_reduce.py,test_axis_permutation_sums,named,Sum rank above 4
test_reduce.py,test_axis_permutation_sums,named,Sum rank above 4
test_reduce.py,test_axis_permutation_sums,named,Sum rank above 4
test_reduce.py,test_axis_permutation_sums,named,Sum rank above 4
test_reduce.py,test_axis_permutation_sums,named,Sum rank above 4
test_reduce.py,test_axis_permutation_sums,named,Sum rank above 4
test_reduce.py,test_axis_permutation_sums,named,Sum rank above 4
test_reduce.py,test_axis_permutation_sums,named,Sum rank above 4
test_reduce.py,test_axis_permutation_sums,named,Sum rank above 4
test_reduce.py,test_axis_permutation_sums,named,Sum rank above 4
test_reduce.py,test_axis_permutation_sums,named,Sum rank above 4
test_reduce.py,test_axis_permutation_sums,named,Sum rank above 4
test_reduce.py,test_axis_permutation_sums,named,Sum rank above 4
test_reduce.py,test_axis_permutation_sums,named,Sum rank above 4
test_reduce.py,test_axis_permutation_sums,named,Sum rank above 4
test_reduce.py,test_axis_permutation_sums,named,Sum rank above 4
test_reduce.py,test_axis_permutation_sums,named,Sum rank above 4
test_reduce.py,test_axis_permutation_sums,named,Sum rank above 4
test_reduce.py,test_axis_permutation_sums,named,Sum rank above 4
test_reduce.py,test_axis_permutation_sums,named,Sum rank above 4
test_reduce.py,test_axis_permutation_sums,named,Sum rank above 4
test_reduce.py,test_axis_permutation_sums,named,Sum rank above 4
test_reduce.py,test_axis_permutation_sums,named,Sum rank above 4
test_reduce.py,test_axis_permutation_sums,named,Sum rank above 4
test_reduce.py,test_axis_permutation_sums,named,Sum rank above 4
test_reduce.py,test_axis_permutation_sums,named,Sum rank above 4
test_reduce.py,test_axis_permutation_sums,named,Sum rank above 4
test_reduce.py,test_axis_permutation_sums,named,Sum rank above 4
test_reduce.py,test_axis_permutation_sums,named,Sum rank above 4
test_reduce.py,test_axis_permutation_sums,named,Sum rank above 4
test_reduce.py,test_axis_permutation_sums,named,Sum rank above 4
test_reduce.py,test_axis_permutation_sums,named,Sum rank above 4
test_reduce.py,test_axis_permutation_sums,named,Sum rank above 4
test_reduce.py,test_axis_permutation_sums,named,Sum rank above 4
test_reduce.py,test_axis_permutation_sums,named,Sum rank above 4
test_reduce.py,test_axis_permutation_sums,named,Sum rank above 4
test_reduce.py,test_axis_permutation_sums,named,Sum rank above 4
test_reduce.py,test_axis_permutation_sums,named,Sum rank above 4
test_reduce.py,test_axis_permutation_sums,named,Sum rank above 4
test_reduce.py,test_axis_permutation_sums,named,Sum rank above 4
test_reduce.py,test_axis_permutation_sums,named,Sum rank above 4
test_reduce.py,test_axis_permutation_sums,named,Sum rank above 4
test_reduce.py,test_axis_permutation_sums,named,Sum rank above 4
test_reduce.py,test_axis_permutation_sums,named,Sum rank above 4
test_reduce.py,test_axis_permutation_sums,named,Sum rank above 4
test_reduce.py,test_axis_permutation_sums,named,Sum rank above 4
test_reduce.py,test_axis_permutation_sums,named,Sum rank above 4
test_reduce.py,test_axis_permutation_sums,named,Sum rank above 4
test_reduce.py,test_axis_permutation_sums,named,Sum rank above 4
test_reduce.py,test_axis_permutation_sums,named,Sum rank above 4
test_reduce.py,test_axis_permutation_sums,named,Sum rank above 4
test_reduce.py,test_axis_permutation_sums,named,Sum rank above 4
test_reduce.py,test_axis_permutation_sums,named,Sum rank above 4
test_reduce.py,test_axis_permutation_sums,named,Sum rank above 4
test_reduce.py,test_axis_permutation_sums,named,Sum rank above 4
test_reduce.py,test_axis_permutation_sums,named,Sum rank above 4
test_reduce.py,test_axis_permutation_sums,named,Sum rank above 4
test_reduce.py,test_axis_permutation_sums,named,Sum rank above 4
test_reduce.py,test_axis_permutation_sums,named,Sum rank above 4
test_reduce.py,test_axis_permutation_sums,named,Sum rank above 4
test_reduce.py,test_axis_permutation_sums,named,Sum rank above 4
test_reduce.py,test_axis_permutation_sums,named,Sum rank above 4
test_reduce.py,test_axis_permutation_sums,named,Sum rank above 4
test_reduce.py,test_axis_permutation_sums,named,Sum rank above 4
test_reduce.py,test_axis_permutation_sums,named,Sum rank above 4
test_reduce.py,test_axis_permutation_sums,named,Sum rank above 4
test_reduce.py,test_axis_permutation_sums,named,Sum rank above 4
test_reduce.py,test_axis_permutation_sums,named,Sum rank above 4
test_reduce.py,test_axis_permutation_sums,named,Sum rank above 4
test_reduce.py,test_axis_permutation_sums,named,Sum rank above 4
test_reduce.py,test_axis_permutation_sums,named,Sum rank above 4
test_reduce.py,test_axis_permutation_sums,named,Sum rank above 4
test_reduce.py,test_axis_permutation_sums,named,Sum rank above 4
test_reduce.py,test_axis_permutation_sums,named,Sum rank above 4
test_reduce.py,test_axis_permutation_sums,named,Sum rank above 4
test_reduce.py,test_axis_permutation_sums,named,Sum rank above 4
test_reduce.py,test_axis_permutation_sums,named,Sum rank above 4
test_reduce.py,test_axis_permutation_sums,named,Sum rank above 4
test_reduce.py,test_axis_permutation_sums,named,Sum rank above 4
test_reduce.py,test_axis_permutation_sums,named,Sum rank above 4
test_reduce.py,test_axis_permutation_sums,named,Sum rank above 4
test_reduce.py,test_axis_permutation_sums,named,Sum rank above 4
test_reduce.py,test_axis_permutation_sums,named,Sum rank above 4
test_reduce.py,test_axis_permutation_sums,named,Sum rank above 4
test_reduce.py,test_axis_permutation_sums,named,Sum rank above 4
test_reduce.py,test_axis_permutation_sums,named,Sum rank above 4
test_reduce.py,test_axis_permutation_sums,named,Sum rank above 4
test_reduce.py,test_axis_permutation_sums,named,Sum rank above 4
test_reduce.py,test_axis_permutation_sums,named,Sum rank above 4
test_reduce.py,test_axis_permutation_sums,named,Sum rank above 4
test_reduce.py,test_axis_permutation_sums,named,Sum rank above 4
test_reduce.py,test_axis_permutation_sums,named,Sum rank above 4
test_reduce.py,test_axis_permutation_sums,named,Sum rank above 4
test_reduce.py,test_axis_permutation_sums,named,Sum rank above 4
test_reduce.py,test_axis_permutation_sums,named,Sum rank above 4
test_reduce.py,test_axis_permutation_sums,named,Sum rank above 4
test_reduce.py,test_axis_permutation_sums,named,Sum rank above 4
test_reduce.py,test_axis_permutation_sums,named,Sum rank above 4
test_reduce.py,test_axis_permutation_sums,named,Sum rank above 4
test_reduce.py,test_axis_permutation_sums,named,Sum rank above 4
test_reduce.py,test_axis_permutation_sums,named,Sum rank above 4
test_reduce.py,test_axis_permutation_sums,named,Sum rank above 4
test_reduce.py,test_axis_permutation_sums,named,Sum rank above 4
test_reduce.py,test_axis_permutation_sums,named,Sum rank above 4
test_reduce.py,test_axis_permutation_sums,named,Sum rank above 4
test_reduce.py,test_axis_permutation_sums,named,Sum rank above 4
test_reduce.py,test_axis_permutation_sums,named,Sum rank above 4
test_reduce.py,test_axis_permutation_sums,named,Sum rank above 4
test_reduce.py,test_axis_permutation_sums,named,Sum rank above 4
test_reduce.py,test_axis_permutation_sums,named,Sum rank above 4
test_reduce.py,test_axis_permutation_sums,named,Sum rank above 4
test_reduce.py,test_axis_permutation_sums,named,Sum rank above 4
test_reduce.py,test_axis_permutation_sums,named,Sum rank above 4
test_reduce.py,test_axis_permutation_sums,named,Sum rank above 4
test_reduce.py,test_axis_permutation_sums,named,Sum rank above 4
test_reduce.py,test_axis_permutation_sums,named,Sum rank above 4
test_reduce.py,test_axis_permutation_sums,named,Sum rank above 4
test_reduce.py,test_axis_permutation_sums,named,Sum rank above 4
test_reduce.py,test_axis_permutation_sums,named,Sum rank above 4
test_reduce.py,test_axis_permutation_sums,named,Sum rank above 4
test_reduce.py,test_axis_permutation_sums,named,Sum rank above 4
test_reduce.py,test_axis_permutation_sums,named,Sum rank above 4
test_reduce.py,test_axis_permutation_sums,named,Sum rank above 4
test_reduce.py,test_axis_permutation_sums,named,Sum rank above 4
test_reduce.py,test_axis_permutation_sums,named,Sum rank above 4
test_reduce.py,test_axis_permutation_sums,named,Sum rank above 4
test_reduce.py,test_axis_permutation_sums,named,Sum rank above 4
test_reduce.py,test_axis_permutation_sums,named,Sum rank above 4
test_reduce.py,test_axis_permutation_sums,named,Sum rank above 4
test_reduce.py,test_axis_permutation_sums,named,Sum rank above 4
test_reduce.py,test_axis_permutation_sums,named,Sum rank above 4
test_reduce.py,test_axis_permutation_sums,named,Sum rank above 4
test_reduce.py,test_axis_permutation_sums,named,Sum rank above 4
test_reduce.py,test_axis_permutation_sums,named,Sum rank above 4
test_reduce.py,test_axis_permutation_sums,named,Sum rank above 4
test_reduce.py,test_axis_permutation_sums,named,Sum rank above 4
test_reduce.py,test_axis_permutation_sums,named,Sum rank above 4
test_reduce.py,test_axis_permutation_sums,named,Sum rank above 4
test_reduce.py,test_axis_permutation_sums,named,Sum rank above 4
test_reduce.py,test_axis_permutation_sums,named,Sum rank above 4
test_reduce.py,test_axis_permutation_sums,named,Sum rank above 4
test_reduce.py,test_axis_permutation_sums,named,Sum rank above 4
test_reduce.py,test_axis_permutation_sums,named,Sum rank above 4
test_reduce.py,test_axis_permutation_sums,named,Sum rank above 4
test_reduce.py,test_axis_permutation_sums,named,Sum rank above 4
test_reduce.py,test_axis_permutation_sums,named,Sum rank above 4
test_reduce.py,test_axis_permutation_sums,named,Sum rank above 4
test_reduce.py,test_axis_permutation_sums,named,Sum rank above 4
test_reduce.py,test_axis_permutation_sums,named,Sum rank above 4
test_reduce.py,test_axis_permutation_sums,named,Sum rank above 4
test_reduce.py,test_axis_permutation_sums,named,Sum rank above 4
test_reduce.py,test_axis_permutation_sums,named,Sum rank above 4
test_reduce.py,test_axis_permutation_sums,named,Sum rank above 4
test_reduce.py,test_axis_permutation_sums,named,Sum rank above 4
test_reduce.py,test_axis_permutation_sums,named,Sum rank above 4
test_reduce.py,test_axis_permutation_sums,named,Sum rank above 4
test_reduce.py,test_axis_permutation_sums,named,Sum rank above 4
test_reduce.py,test_axis_permutation_sums,named,Sum rank above 4
test_reduce.py,test_axis_permutation_sums,named,Sum rank above 4
test_reduce.py,test_axis_permutation_sums,named,Sum rank above 4
test_reduce.py,test_axis_permutation_sums,named,Sum rank above 4
test_reduce.py,test_axis_permutation_sums,named,Sum rank above 4
test_reduce.py,test_axis_permutation_sums,named,Sum rank above 4
test_reduce.py,test_axis_permutation_sums,named,Sum rank above 4
test_reduce.py,test_axis_permutation_sums,named,Sum rank above 4
test_reduce.py,test_axis_permutation_sums,named,Sum rank above 4
test_reduce.py,test_axis_permutation_sums,named,Sum rank above 4
test_reduce.py,test_axis_permutation_sums,named,Sum rank above 4
test_reduce.py,test_axis_permutation_sums,named,Sum rank above 4
test_reduce.py,test_axis_permutation_sums,named,Sum rank above 4
test_reduce.py,test_axis_permutation_sums,named,Sum rank above 4
test_reduce.py,test_axis_permutation_sums,named,Sum rank above 4
test_reduce.py,test_axis_permutation_sums,named,Sum rank above 4
test_reduce.py,test_axis_permutation_sums,named,Sum rank above 4
test_reduce.py,test_axis_permutation_sums,named,Sum rank above 4
test_reduce.py,test_axis_permutation_sums,named,Sum rank above 4
test_reduce.py,test_axis_permutation_sums,named,Sum rank above 4
test_reduce.py,test_axis_permutation_sums,named,Sum rank above 4
test_reduce.py,test_axis_permutation_sums,named,Sum rank above 4
test_reduce.py,test_axis_permutation_sums,named,Sum rank above 4
test_reduce.py,test_axis_permutation_sums,named,Sum rank above 4
test_reduce.py,test_axis_permutation_sums,named,Sum rank above 4
test_reduce.py,test_axis_permutation_sums,named,Sum rank above 4
test_reduce.py,test_axis_permutation_sums,named,Sum rank above 4
test_reduce.py,test_axis_permutation_sums,named,Sum rank above 4
test_reduce.py,test_axis_permutation_sums,named,Sum rank above 4
test_reduce.py,test_axis_permutation_sums,named,Sum rank above 4
test_reduce.py,test_axis_permutation_sums,named,Sum rank above 4
test_reduce.py,test_axis_permutation_sums,named,Sum rank above 4
test_reduce.py,test_axis_permutation_sums,named,Sum rank above 4
test_reduce.py,test_axis_permutation_sums,named,Sum rank above 4
test_reduce.py,test_axis_permutation_sums,named,Sum rank above 4
test_reduce.py,test_axis_permutation_sums,named,Sum rank above 4
test_reduce.py,test_axis_permutation_sums,named,Sum rank above 4
test_reduce.py,test_axis_permutation_sums,named,Sum rank above 4
test_reduce.py,test_axis_permutation_sums,named,Sum rank above 4
test_reduce.py,test_axis_permutation_sums,named,Sum rank above 4
test_reduce.py,test_axis_permutation_sums,named,Sum rank above 4
test_reduce.py,test_axis_permutation_sums,named,Sum rank above 4
test_reduce.py,test_axis_permutation_sums,named,Sum rank above 4
test_reduce.py,test_axis_permutation_sums,named,Sum rank above 4
test_reduce.py,test_axis_permutation_sums,named,Sum rank above 4
test_reduce.py,test_axis_permutation_sums,named,Sum rank above 4
test_reduce.py,test_axis_permutation_sums,named,Sum rank above 4
test_reduce.py,test_axis_permutation_sums,named,Sum rank above 4
test_reduce.py,test_axis_permutation_sums,named,Sum rank above 4
test_reduce.py,test_axis_permutation_sums,named,Sum rank above 4
test_reduce.py,test_axis_permutation_sums,named,Sum rank above 4
test_reduce.py,test_axis_permutation_sums,named,Sum rank above 4
test_reduce.py,test_axis_permutation_sums,named,Sum rank above 4
test_reduce.py,test_axis_permutation_sums,named,Sum rank above 4
test_reduce.py,test_axis_permutation_sums,named,Sum rank above 4
test_reduce.py,test_axis_permutation_sums,named,Sum rank above 4
test_reduce.py,test_axis_permutation_sums,named,Sum rank above 4
test_reduce.py,test_axis_permutation_sums,named,Sum rank above 4
test_reduce.py,test_axis_permutation_sums,named,Sum rank above 4
test_reduce.py,test_axis_permutation_sums,named,Sum rank above 4
test_reduce.py,test_axis_permutation_sums,named,Sum rank above 4
test_reduce.py,test_axis_permutation_sums,named,Sum rank above 4
test_reduce.py,test_axis_permutation_sums,named,Sum rank above 4
test_reduce.py,test_axis_permutation_sums,named,Sum rank above 4
test_reduce.py,test_axis_permutation_sums,named,Sum rank above 4
test_reduce.py,test_axis_permutation_sums,named,Sum rank above 4
test_reduce.py,test_axis_permutation_sums,named,Sum rank above 4
test_reduce.py,test_axis_permutation_sums,named,Sum rank above 4
test_reduce.py,test_axis_permutation_sums,named,Sum rank above 4
test_reduce.py,test_axis_permutation_sums,named,Sum rank above 4
test_reduce.py,test_axis_permutation_sums,named,Sum rank above 4
test_reduce.py,test_axis_permutation_sums,named,Sum rank above 4
test_reduce.py,test_axis_permutation_sums,named,Sum rank above 4
test_reduce.py,test_axis_permutation_sums,named,Sum rank above 4
test_reduce.py,test_axis_permutation_sums,named,Sum rank above 4
test_reduce.py,test_axis_permutation_sums,named,Sum rank above 4
test_reduce.py,test_axis_permutation_sums,named,Sum rank above 4
test_reduce.py,test_axis_permutation_sums,named,Sum rank above 4
test_reduce.py,test_axis_permutation_sums,named,Sum rank above 4
test_reduce.py,test_axis_permutation_sums,named,Sum rank above 4
test_reduce.py,test_axis_permutation_sums,named,Sum rank above 4
test_reduce.py,test_axis_permutation_sums,named,Sum rank above 4
test_reduce.py,test_axis_permutation_sums,named,Sum rank above 4
test_reduce.py,test_axis_permutation_sums,named,Sum rank above 4
test_reduce.py,test_axis_permutation_sums,named,Sum rank above 4
test_reduce.py,test_axis_permutation_sums,named,Sum rank above 4
test_reduce.py,test_axis_permutation_sums,named,Sum rank above 4
test_reduce.py,test_axis_permutation_sums,named,Sum rank above 4
test_reduce.py,test_axis_permutation_sums,named,Sum rank above 4
test_reduce.py,test_axis_permutation_sums,named,Sum rank above 4
test_reduce.py,test_axis_permutation_sums,named,Sum rank above 4
test_reduce.py,test_axis_permutation_sums,named,Sum rank above 4
test_reduce.py,test_axis_permutation_sums,named,Sum rank above 4
test_reduce.py,test_axis_permutation_sums,named,Sum rank above 4
test_reduce.py,test_axis_permutation_sums,named,Sum rank above 4
test_reduce.py,test_axis_permutation_sums,named,Sum rank above 4
test_reduce.py,test_axis_permutation_sums,named,Sum rank above 4
test_reduce.py,test_axis_permutation_sums,named,Sum rank above 4
test_reduce.py,test_axis_permutation_sums,named,Sum rank above 4
test_reduce.py,test_axis_permutation_sums,named,Sum rank above 4
test_reduce.py,test_axis_permutation_sums,named,Sum rank above 4
test_reduce.py,test_axis_permutation_sums,named,Sum rank above 4
test_reduce.py,test_axis_permutation_sums,named,Sum rank above 4
test_reduce.py,test_axis_permutation_sums,named,Sum rank above 4
test_reduce.py,test_axis_permutation_sums,named,Sum rank above 4
test_reduce.py,test_axis_permutation_sums,named,Sum rank above 4
test_reduce.py,test_axis_permutation_sums,named,Sum rank above 4
test_reduce.py,test_axis_permutation_sums,named,Sum rank above 4
test_reduce.py,test_axis_permutation_sums,named,Sum rank above 4
test_reduce.py,test_axis_permutation_sums,named,Sum rank above 4
test_reduce.py,test_axis_permutation_sums,named,Sum rank above 4
test_reduce.py,test_axis_permutation_sums,named,Sum rank above 4
test_reduce.py,test_axis_permutation_sums,named,Sum rank above 4
test_reduce.py,test_axis_permutation_sums,named,Sum rank above 4
test_reduce.py,test_axis_permutation_sums,named,Sum rank above 4
test_reduce.py,test_axis_permutation_sums,named,Sum rank above 4
test_reduce.py,test_axis_permutation_sums,named,Sum rank above 4
test_reduce.py,test_axis_permutation_sums,named,Sum rank above 4
test_reduce.py,test_axis_permutation_sums,named,Sum rank above 4
test_reduce.py,test_axis_permutation_sums,named,Sum rank above 4
test_reduce.py,test_axis_permutation_sums,named,Sum rank above 4
test_reduce.py,test_axis_permutation_sums,named,Sum rank above 4
test_reduce.py,test_axis_permutation_sums,named,Sum rank above 4
test_reduce.py,test_axis_permutation_sums,named,Sum rank above 4
test_reduce.py,test_axis_permutation_sums,named,Sum rank above 4
test_reduce.py,test_axis_permutation_sums,named,Sum rank above 4
test_reduce.py,test_axis_permutation_sums,named,Sum rank above 4
test_reduce.py,test_axis_permutation_sums,named,Sum rank above 4
test_reduce.py,test_axis_permutation_sums,named,Sum rank above 4
test_reduce.py,test_axis_permutation_sums,named,Sum rank above 4
test_reduce.py,test_axis_permutation_sums,named,Sum rank above 4
test_reduce.py,test_axis_permutation_sums,named,Sum rank above 4
test_reduce.py,test_axis_permutation_sums,named,Sum rank above 4
test_reduce.py,test_axis_permutation_sums,named,Sum rank above 4
test_reduce.py,test_axis_permutation_sums,named,Sum rank above 4
test_reduce.py,test_axis_permutation_sums,named,Sum rank above 4
test_reduce.py,test_axis_permutation_sums,named,Sum rank above 4
test_reduce.py,test_axis_permutation_sums,named,Sum rank above 4
test_reduce.py,test_axis_permutation_sums,named,Sum rank above 4
test_reduce.py,test_axis_permutation_sums,named,Sum rank above 4
test_reduce.py,test_axis_permutation_sums,named,Sum rank above 4
test_reduce.py,test_axis_permutation_sums,named,Sum rank above 4
test_reduce.py,test_axis_permutation_sums,named,Sum rank above 4
test_reduce.py,test_axis_permutation_sums,named,Sum rank above 4
test_reduce.py,test_axis_permutation_sums,named,Sum rank above 4
test_reduce.py,test_axis_permutation_sums,named,Sum rank above 4
test_reduce.py,test_axis_permutation_sums,named,Sum rank above 4
test_reduce.py,test_axis_permutation_sums,named,Sum rank above 4
test_reduce.py,test_axis_permutation_sums,named,Sum rank above 4
test_reduce.py,test_axis_permutation_sums,named,Sum rank above 4
test_reduce.py,test_axis_permutation_sums,named,Sum rank above 4
test_reduce.py,test_axis_permutation_sums,named,Sum rank above 4
test_reduce.py,test_axis_permutation_sums,named,Sum rank above 4
test_reduce.py,test_axis_permutation_sums,named,Sum rank above 4
test_reduce.py,test_axis_permutation_sums,named,Sum rank above 4
test_reduce.py,test_axis_permutation_sums,named,Sum rank above 4
test_reduce.py,test_axis_permutation_sums,named,Sum rank above 4
test_reduce.py,test_axis_permutation_sums,named,Sum rank above 4
test_reduce.py,test_axis_permutation_sums,named,Sum rank above 4
test_reduce.py,test_axis_permutation_sums,named,Sum rank above 4
test_reduce.py,test_axis_permutation_sums,named,Sum rank above 4
test_reduce.py,test_axis_permutation_sums,named,Sum rank above 4
test_reduce.py,test_axis_permutation_sums,named,Sum rank above 4
test_reduce.py,test_axis_permutation_sums,named,Sum rank above 4
test_reduce.py,test_axis_permutation_sums,named,Sum rank above 4
test_reduce.py,test_axis_permutation_sums,named,Sum rank above 4
test_reduce.py,test_axis_permutation_sums,named,Sum rank above 4
test_reduce.py,test_axis_permutation_sums,named,Sum rank above 4
test_reduce.py,test_axis_permutation_sums,named,Sum rank above 4
test_reduce.py,test_axis_permutation_sums,named,Sum rank above 4
test_reduce.py,test_axis_permutation_sums,named,Sum rank above 4
test_reduce.py,test_axis_permutation_sums,named,Sum rank above 4
test_reduce.py,test_axis_permutation_sums,named,Sum rank above 4
test_reduce.py,test_axis_permutation_sums,named,Sum rank above 4
test_reduce.py,test_axis_permutation_sums,named,Sum rank above 4
test_reduce.py,test_axis_permutation_sums,named,Sum rank above 4
test_reduce.py,test_axis_permutation_sums,named,Sum rank above 4
test_reduce.py,test_axis_permutation_sums,named,Sum rank above 4
test_reduce.py,test_axis_permutation_sums,named,Sum rank above 4
test_reduce.py,test_axis_permutation_sums,named,Sum rank above 4
test_reduce.py,test_axis_permutation_sums,named,Sum rank above 4
test_reduce.py,test_axis_permutation_sums,named,Sum rank above 4
test_reduce.py,test_axis_permutation_sums,named,Sum rank above 4
test_reduce.py,test_axis_permutation_sums,named,Sum rank above 4
test_reduce.py,test_axis_permutation_sums,named,Sum rank above 4
test_reduce.py,test_axis_permutation_sums,named,Sum rank above 4
test_reduce.py,test_axis_permutation_sums,named,Sum rank above 4
test_reduce.py,test_axis_permutation_sums,named,Sum rank above 4
test_reduce.py,test_axis_permutation_sums,named,Sum rank above 4
test_reduce.py,test_axis_permutation_sums,named,Sum rank above 4
test_reduce.py,test_axis_permutation_sums,named,Sum rank above 4
test_reduce.py,test_axis_permutation_sums,named,Sum rank above 4
test_reduce.py,test_axis_permutation_sums,named,Sum rank above 4
test_reduce.py,test_axis_permutation_sums,named,Sum rank above 4
test_reduce.py,test_axis_permutation_sums,named,Sum rank above 4
test_reduce.py,test_axis_permutation_sums,named,Sum rank above 4
test_reduce.py,test_axis_permutation_sums,named,Sum rank above 4
test_reduce.py,test_axis_permutation_sums,named,Sum rank above 4
test_reduce.py,test_axis_permutation_sums,named,Sum rank above 4
test_reduce.py,test_axis_permutation_sums,named,Sum rank above 4
test_reduce.py,test_axis_permutation_sums,named,Sum rank above 4
test_reduce.py,test_axis_permutation_sums,named,Sum rank above 4
test_reduce.py,test_axis_permutation_sums,named,Sum rank above 4
test_reduce.py,test_axis_permutation_sums,named,Sum rank above 4
test_reduce.py,test_axis_permutation_sums,named,Sum rank above 4
test_reduce.py,test_axis_permutation_sums,named,Sum rank above 4
test_reduce.py,test_axis_permutation_sums,named,Sum rank above 4
test_reduce.py,test_axis_permutation_sums,named,Sum rank above 4
test_reduce.py,test_axis_permutation_sums,named,Sum rank above 4
test_reduce.py,test_axis_permutation_sums,named,Sum rank above 4
test_reduce.py,test_axis_permutation_sums,named,Sum rank above 4
test_reduce.py,test_axis_permutation_sums,named,Sum rank above 4
test_reduce.py,test_axis_permutation_sums,named,Sum rank above 4
test_reduce.py,test_axis_permutation_sums,named,Sum rank above 4
test_reduce.py,test_axis_permutation_sums,named,Sum rank above 4
test_reduce.py,test_axis_permutation_sums,named,Sum rank above 4
test_reduce.py,test_axis_permutation_sums,named,Sum rank above 4
test_reduce.py,test_axis_permutation_sums,named,Sum rank above 4
test_reduce.py,test_axis_permutation_sums,named,Sum rank above 4
test_reduce.py,test_axis_permutation_sums,named,Sum rank above 4
test_reduce.py,test_axis_permutation_sums,named,Sum rank above 4
test_reduce.py,test_axis_permutation_sums,named,Sum rank above 4
test_reduce.py,test_axis_permutation_sums,named,Sum rank above 4
test_reduce.py,test_axis_permutation_sums,named,Sum rank above 4
test_reduce.py,test_axis_permutation_sums,named,Sum rank above 4
test_reduce.py,test_axis_permutation_sums,named,Sum rank above 4
test_reduce.py,test_axis_permutation_sums,named,Sum rank above 4
test_reduce.py,test_axis_permutation_sums,named,Sum rank above 4
test_reduce.py,test_axis_permutation_sums,named,Sum rank above 4
test_reduce.py,test_axis_permutation_sums,named,Sum rank above 4
test_reduce.py,test_axis_permutation_sums,named,Sum rank above 4
test_reduce.py,test_axis_permutation_sums,named,Sum rank above 4
test_reduce.py,test_axis_permutation_sums,named,Sum rank above 4
test_reduce.py,test_axis_permutation_sums,named,Sum rank above 4
test_reduce.py,test_axis_permutation_sums,named,Sum rank above 4
test_reduce.py,test_axis_permutation_sums,named,Sum rank above 4
test_reduce.py,test_axis_permutation_sums,named,Sum rank above 4
test_reduce.py,test_axis_permutation_sums,named,Sum rank above 4
test_reduce.py,test_axis_permutation_sums,named,Sum rank above 4
test_reduce.py,test_axis_permutation_sums,named,Sum rank above 4
test_reduce.py,test_axis_permutation_sums,named,Sum rank above 4
test_reduce.py,test_axis_permutation_sums,named,Sum rank above 4
test_reduce.py,test_axis_permutation_sums,named,Sum rank above 4
test_reduce.py,test_axis_permutation_sums,named,Sum rank above 4
test_reduce.py,test_axis_permutation_sums,named,Sum rank above 4
test_reduce.py,test_axis_permutation_sums,named,Sum rank above 4
test_reduce.py,test_axis_permutation_sums,named,Sum rank above 4
test_reduce.py,test_axis_permutation_sums,named,Sum rank above 4
test_reduce.py,test_axis_permutation_sums,named,Sum rank above 4
test_reduce.py,test_axis_permutation_sums,named,Sum rank above 4
test_reduce.py,test_axis_permutation_sums,named,Sum rank above 4
test_reduce.py,test_axis_permutation_sums,named,Sum rank above 4
test_reduce.py,test_axis_permutation_sums,named,Sum rank above 4
test_reduce.py,test_axis_permutation_sums,named,Sum rank above 4
test_reduce.py,test_axis_permutation_sums,named,Sum rank above 4
test_reduce.py,test_axis_permutation_sums,named,Sum rank above 4
test_reduce.py,test_axis_permutation_sums,named,Sum rank above 4
test_reduce.py,test_axis_permutation_sums,named,Sum rank above 4
test_reduce.py,test_axis_permutation_sums,named,Sum rank above 4
test_reduce.py,test_axis_permutation_sums,named,Sum rank above 4
test_reduce.py,test_axis_permutation_sums,named,Sum rank above 4
test_reduce.py,test_axis_permutation_sums,named,Sum rank above 4
test_reduce.py,test_axis_permutation_sums,named,Sum rank above 4
test_reduce.py,test_axis_permutation_sums,named,Sum rank above 4
test_reduce.py,test_axis_permutation_sums,named,Sum rank above 4
test_reduce.py,test_axis_permutation_sums,named,Sum rank above 4
test_reduce.py,test_axis_permutation_sums,named,Sum rank above 4
test_reduce.py,test_axis_permutation_sums,named,Sum rank above 4
test_reduce.py,test_axis_permutation_sums,named,Sum rank above 4
test_reduce.py,test_axis_permutation_sums,named,Sum rank above 4
test_reduce.py,test_axis_permutation_sums,named,Sum rank above 4
test_reduce.py,test_axis_permutation_sums,named,Sum rank above 4
test_reduce.py,test_axis_permutation_sums,named,Sum rank above 4
test_reduce.py,test_axis_permutation_sums,named,Sum rank above 4
test_reduce.py,test_axis_permutation_sums,named,Sum rank above 4
test_reduce.py,test_axis_permutation_sums,named,Sum rank above 4
test_reduce.py,test_axis_permutation_sums,named,Sum rank above 4
test_reduce.py,test_axis_permutation_sums,named,Sum rank above 4
test_reduce.py,test_axis_permutation_sums,named,Sum rank above 4
test_reduce.py,test_axis_permutation_sums,named,Sum rank above 4
test_reduce.py,test_axis_permutation_sums,named,Sum rank above 4
test_reduce.py,test_axis_permutation_sums,named,Sum rank above 4
test_reduce.py,test_axis_permutation_sums,named,Sum rank above 4
test_reduce.py,test_axis_permutation_sums,named,Sum rank above 4
test_reduce.py,test_axis_permutation_sums,named,Sum rank above 4
test_reduce.py,test_axis_permutation_sums,named,Sum rank above 4
test_reduce.py,test_axis_permutation_sums,named,Sum rank above 4
test_reduce.py,test_axis_permutation_sums,named,Sum rank above 4
test_reduce.py,test_axis_permutation_sums,named,Sum rank above 4
test_reduce.py,test_axis_permutation_sums,named,Sum rank above 4
test_reduce.py,test_axis_permutation_sums,named,Sum rank above 4
test_reduce.py,test_axis_permutation_sums,named,Sum rank above 4
test_reduce.py,test_axis_permutation_sums,named,Sum rank above 4
test_reduce.py,test_axis_permutation_sums,named,Sum rank above 4
test_reduce.py,test_axis_permutation_sums,named,Sum rank above 4
test_reduce.py,test_axis_permutation_sums,named,Sum rank above 4
test_reduce.py,test_axis_permutation_sums,named,Sum rank above 4
test_reduce.py,test_axis_permutation_sums,named,Sum rank above 4
test_reduce.py,test_axis_permutation_sums,named,Sum rank above 4
test_reduce.py,test_axis_permutation_sums,named,Sum rank above 4
test_reduce.py,test_axis_permutation_sums,named,Sum rank above 4
test_reduce.py,test_axis_permutation_sums,named,Sum rank above 4
test_reduce.py,test_axis_permutation_sums,named,Sum rank above 4
test_reduce.py,test_axis_permutation_sums,named,Sum rank above 4
test_reduce.py,test_axis_permutation_sums,named,Sum rank above 4
test_reduce.py,test_axis_permutation_sums,named,Sum rank above 4
test_reduce.py,test_axis_permutation_sums,named,Sum rank above 4
test_reduce.py,test_axis_permutation_sums,named,Sum rank above 4
test_reduce.py,test_axis_permutation_sums,named,Sum rank above 4
test_reduce.py,test_axis_permutation_sums,named,Sum rank above 4
test_reduce.py,test_axis_permutation_sums,named,Sum rank above 4
test_reduce.py,test_axis_permutation_sums,named,Sum rank above 4
test_reduce.py,test_axis_permutation_sums,named,Sum rank above 4
test_reduce.py,test_axis_permutation_sums,named,Sum rank above 4
test_reduce.py,test_axis_permutation_sums,named,Sum rank above 4
test_reduce.py,test_axis_permutation_sums,named,Sum rank above 4
test_reduce.py,test_axis_permutation_sums,named,Sum rank above 4
test_reduce.py,test_axis_permutation_sums,named,Sum rank above 4
test_reduce.py,test_axis_permutation_sums,named,Sum rank above 4
test_reduce.py,test_axis_permutation_sums,named,Sum rank above 4
test_reduce.py,test_axis_permutation_sums,named,Sum rank above 4
test_reduce.py,test_axis_permutation_sums,named,Sum rank above 4
test_reduce.py,test_axis_permutation_sums,named,Sum rank above 4
test_reduce.py,test_axis_permutation_sums,named,Sum rank above 4
test_reduce.py,test_axis_permutation_sums,named,Sum rank above 4
test_reduce.py,test_axis_permutation_sums,named,Sum rank above 4
test_reduce.py,test_axis_permutation_sums,named,Sum rank above 4
test_reduce.py,test_axis_permutation_sums,named,Sum rank above 4
test_reduce.py,test_axis_permutation_sums,named,Sum rank above 4
test_reduce.py,test_axis_permutation_sums,named,Sum rank above 4
test_reduce.py,test_axis_permutation_sums,named,Sum rank above 4
test_reduce.py,test_axis_permutation_sums,named,Sum rank above 4
test_reduce.py,test_axis_permutation_sums,named,Sum rank above 4
test_reduce.py,test_axis_permutation_sums,named,Sum rank above 4
test_reduce.py,test_axis_permutation_sums,named,Sum rank above 4
test_reduce.py,test_axis_permutation_sums,named,Sum rank above 4
test_reduce.py,test_axis_permutation_sums,named,Sum rank above 4
test_reduce.py,test_axis_permutation_sums,named,Sum rank above 4
test_reduce.py,test_axis_permutation_sums,named,Sum rank above 4
test_reduce.py,test_axis_permutation_sums,named,Sum rank above 4
test_reduce.py,test_axis_permutation_sums,named,Sum rank above 4
test_reduce.py,test_axis_permutation_sums,named,Sum rank above 4
test_reduce.py,test_axis_permutation_sums,named,Sum rank above 4
test_reduce.py,test_axis_permutation_sums,named,Sum rank above 4
test_reduce.py,test_axis_permutation_sums,named,Sum rank above 4
test_reduce.py,test_axis_permutation_sums,named,Sum rank above 4
test_reduce.py,test_axis_permutation_sums,named,Sum rank above 4
test_reduce.py,test_axis_permutation_sums,named,Sum rank above 4
test_reduce.py,test_axis_permutation_sums,named,Sum rank above 4
test_reduce.py,test_axis_permutation_sums,named,Sum rank above 4
test_reduce.py,test_axis_permutation_sums,named,Sum rank above 4
test_reduce.py,test_axis_permutation_sums,named,Sum rank above 4
test_reduce.py,test_axis_permutation_sums,named,Sum rank above 4
test_reduce.py,test_axis_permutation_sums,named,Sum rank above 4
test_reduce.py,test_axis_permutation_sums,named,Sum rank above 4
test_reduce.py,test_axis_permutation_sums,named,Sum rank above 4
test_reduce.py,test_axis_permutation_sums,named,Sum rank above 4
test_reduce.py,test_axis_permutation_sums,named,Sum rank above 4
test_reduce.py,test_axis_permutation_sums,named,Sum rank above 4
test_reduce.py,test_axis_permutation_sums,named,Sum rank above 4
test_reduce.py,test_axis_permutation_sums,named,Sum rank above 4
test_reduce.py,test_axis_permutation_sums,named,Sum rank above 4
test_reduce.py,test_axis_permutation_sums,named,Sum rank above 4
test_reduce.py,test_axis_permutation_sums,named,Sum rank above 4
test_reduce.py,test_axis_permutation_sums,named,Sum rank above 4
test_reduce.py,test_axis_permutation_sums,named,Sum rank above 4
test_reduce.py,test_axis_permutation_sums,named,Sum rank above 4
test_reduce.py,test_axis_permutation_sums,named,Sum rank above 4
test_reduce.py,test_axis_permutation_sums,named,Sum rank above 4
test_reduce.py,test_axis_permutation_sums,named,Sum rank above 4
test_reduce.py,test_axis_permutation_sums,named,Sum rank above 4
test_reduce.py,test_axis_permutation_sums,named,Sum rank above 4
test_reduce.py,test_axis_permutation_sums,named,Sum rank above 4
test_reduce.py,test_axis_permutation_sums,named,Sum rank above 4
test_reduce.py,test_axis_permutation_sums,named,Sum rank above 4
test_reduce.py,test_axis_permutation_sums,named,Sum rank above 4
test_reduce.py,test_axis_permutation_sums,named,Sum rank above 4
test_reduce.py,test_axis_permutation_sums,named,Sum rank above 4
test_reduce.py,test_axis_permutation_sums,named,Sum rank above 4
test_reduce.py,test_axis_permutation_sums,named,Sum rank above 4
test_reduce.py,test_axis_permutation_sums,named,Sum rank above 4
test_reduce.py,test_axis_permutation_sums,named,Sum rank above 4
test_reduce.py,test_axis_permutation_sums,named,Sum rank above 4
test_reduce.py,test_axis_permutation_sums,named,Sum rank above 4
test_reduce.py,test_axis_permutation_sums,named,Sum rank above 4
test_reduce.py,test_axis_permutation_sums,named,Sum rank above 4
test_reduce.py,test_axis_permutation_sums,named,Sum rank above 4
test_reduce.py,test_axis_permutation_sums,named,Sum rank above 4
test_reduce.py,test_axis_permutation_sums,named,Sum rank above 4
test_reduce.py,test_axis_permutation_sums,named,Sum rank above 4
test_reduce.py,test_axis_permutation_sums,named,Sum rank above 4
test_reduce.py,test_axis_permutation_sums,named,Sum rank above 4
test_reduce.py,test_axis_permutation_sums,named,Sum rank above 4
test_reduce.py,test_axis_permutation_sums,named,Sum rank above 4
test_reduce.py,test_axis_permutation_sums,named,Sum rank above 4
test_reduce.py,test_axis_permutation_sums,named,Sum rank above 4
test_reduce.py,test_axis_permutation_sums,named,Sum rank above 4
test_reduce.py,test_axis_permutation_sums,named,Sum rank above 4
test_reduce.py,test_axis_permutation_sums,named,Sum rank above 4
test_reduce.py,test_axis_permutation_sums,named,Sum rank above 4
test_reduce.py,test_axis_permutation_sums,named,Sum rank above 4
test_reduce.py,test_axis_permutation_sums,named,Sum rank above 4
test_reduce.py,test_axis_permutation_sums,named,Sum rank above 4
test_reduce.py,test_axis_permutation_sums,named,Sum rank above 4
test_reduce.py,test_axis_permutation_sums,named,Sum rank above 4
test_reduce.py,test_axis_permutation_sums,named,Sum rank above 4
test_reduce.py,test_axis_permutation_sums,named,Sum rank above 4
test_reduce.py,test_axis_permutation_sums,named,Sum rank above 4
test_reduce.py,test_axis_permutation_sums,named,Sum rank above 4
test_reduce.py,test_axis_permutation_sums,named,Sum rank above 4
test_reduce.py,test_axis_permutation_sums,named,Sum rank above 4
test_reduce.py,test_axis_permutation_sums,named,Sum rank above 4
test_reduce.py,test_axis_permutation_sums,named,Sum rank above 4
test_reduce.py,test_axis_permutation_sums,named,Sum rank above 4
test_reduce.py,test_axis_permutation_sums,named,Sum rank above 4
test_reduce.py,test_axis_permutation_sums,named,Sum rank above 4
test_reduce.py,test_axis_permutation_sums,named,Sum rank above 4
test_reduce.py,test_axis_permutation_sums,named,Sum rank above 4
test_reduce.py,test_axis_permutation_sums,named,Sum rank above 4
test_reduce.py,test_axis_permutation_sums,named,Sum rank above 4
test_reduce.py,test_axis_permutation_sums,named,Sum rank above 4
test_reduce.py,test_axis_permutation_sums,named,Sum rank above 4
test_reduce.py,test_axis_permutation_sums,named,Sum rank above 4
test_reduce.py,test_axis_permutation_sums,named,Sum rank above 4
test_reduce.py,test_axis_permutation_sums,named,Sum rank above 4
test_reduce.py,test_axis_permutation_sums,named,Sum rank above 4
test_reduce.py,test_axis_permutation_sums,named,Sum rank above 4
test_reduce.py,test_axis_permutation_sums,named,Sum rank above 4
test_reduce.py,test_axis_permutation_sums,named,Sum rank above 4
test_reduce.py,test_axis_permutation_sums,named,Sum rank above 4
test_reduce.py,test_axis_permutation_sums,named,Sum rank above 4
test_reduce.py,test_axis_permutation_sums,named,Sum rank above 4
test_reduce.py,test_axis_permutation_sums,named,Sum rank above 4
test_reduce.py,test_axis_permutation_sums,named,Sum rank above 4
test_reduce.py,test_axis_permutation_sums,named,Sum rank above 4
test_reduce.py,test_axis_permutation_sums,named,Sum rank above 4
test_reduce.py,test_axis_permutation_sums,named,Sum rank above 4
test_reduce.py,test_axis_permutation_sums,named,Sum rank above 4
test_reduce.py,test_axis_permutation_sums,named,Sum rank above 4
test_reduce.py,test_axis_permutation_sums,named,Sum rank above 4
test_reduce.py,test_axis_permutation_sums,named,Sum rank above 4
test_reduce.py,test_axis_permutation_sums,named,Sum rank above 4
test_reduce.py,test_axis_permutation_sums,named,Sum rank above 4
test_reduce.py,test_axis_permutation_sums,named,Sum rank above 4
test_reduce.py,test_axis_permutation_sums,named,Sum rank above 4
test_reduce.py,test_axis_permutation_sums,named,Sum rank above 4
test_reduce.py,test_axis_permutation_sums,named,Sum rank above 4
test_reduce.py,test_axis_permutation_sums,named,Sum rank above 4
test_reduce.py,test_axis_permutation_sums,named,Sum rank above 4
test_reduce.py,test_axis_permutation_sums,named,Sum rank above 4
test_reduce.py,test_axis_permutation_sums,named,Sum rank above 4
test_reduce.py,test_axis_permutation_sums,named,Sum rank above 4
test_reduce.py,test_axis_permutation_sums,named,Sum rank above 4
test_reduce.py,test_axis_permutation_sums,named,Sum rank above 4
test_reduce.py,test_axis_permutation_sums,named,Sum rank above 4
test_reduce.py,test_axis_permutation_sums,named,Sum rank above 4
test_reduce.py,test_axis_permutation_sums,named,Sum rank above 4
test_reduce.py,test_axis_permutation_sums,named,Sum rank above 4
test_reduce.py,test_axis_permutation_sums,named,Sum rank above 4
test_reduce.py,test_axis_permutation_sums,named,Sum rank above 4
test_reduce.py,test_axis_permutation_sums,named,Sum rank above 4
test_reduce.py,test_axis_permutation_sums,named,Sum rank above 4
test_reduce.py,test_axis_permutation_sums,named,Sum rank above 4
test_reduce.py,test_axis_permutation_sums,named,Sum rank above 4
test_reduce.py,test_axis_permutation_sums,named,Sum rank above 4
test_reduce.py,test_axis_permutation_sums,named,Sum rank above 4
test_reduce.py,test_axis_permutation_sums,named,Sum rank above 4
test_reduce.py,test_axis_permutation_sums,named,Sum rank above 4
test_reduce.py,test_axis_permutation_sums,named,Sum rank above 4
test_reduce.py,test_axis_permutation_sums,named,Sum rank above 4
test_reduce.py,test_axis_permutation_sums,named,Sum rank above 4
test_reduce.py,test_axis_permutation_sums,named,Sum rank above 4
test_reduce.py,test_axis_permutation_sums,named,Sum rank above 4
test_reduce.py,test_axis_permutation_sums,named,Sum rank above 4
test_reduce.py,test_axis_permutation_sums,named,Sum rank above 4
test_reduce.py,test_axis_permutation_sums,named,Sum rank above 4
test_reduce.py,test_axis_permutation_sums,named,Sum rank above 4
test_reduce.py,test_axis_permutation_sums,named,Sum rank above 4
test_reduce.py,test_axis_permutation_sums,named,Sum rank above 4
test_reduce.py,test_axis_permutation_sums,named,Sum rank above 4
test_reduce.py,test_axis_permutation_sums,named,Sum rank above 4
test_reduce.py,test_axis_permutation_sums,named,Sum rank above 4
test_reduce.py,test_axis_permutation_sums,named,Sum rank above 4
test_reduce.py,test_axis_permutation_sums,named,Sum rank above 4
test_reduce.py,test_axis_permutation_sums,named,Sum rank above 4
test_reduce.py,test_axis_permutation_sums,named,Sum rank above 4
test_reduce.py,test_axis_permutation_sums,named,Sum rank above 4
test_reduce.py,test_axis_permutation_sums,named,Sum rank above 4
test_reduce.py,test_axis_permutation_sums,named,Sum rank above 4
test_reduce.py,test_axis_permutation_sums,named,Sum rank above 4
test_reduce.py,test_axis_permutation_sums,named,Sum rank above 4
test_reduce.py,test_axis_permutation_sums,named,Sum rank above 4
test_reduce.py,test_axis_permutation_sums,named,Sum rank above 4
test_reduce.py,test_axis_permutation_sums,named,Sum rank above 4
test_reduce.py,test_axis_permutation_sums,named,Sum rank above 4
test_reduce.py,test_axis_permutation_sums,named,Sum rank above 4
test_reduce.py,test_axis_permutation_sums,named,Sum rank above 4
test_reduce.py,test_axis_permutation_sums,named,Sum rank above 4
test_reduce.py,test_axis_permutation_sums,named,Sum rank above 4
test_reduce.py,test_axis_permutation_sums,named,Sum rank above 4
test_reduce.py,test_axis_permutation_sums,named,Sum rank above 4
test_reduce.py,test_axis_permutation_sums,named,Sum rank above 4
test_reduce.py,test_axis_permutation_sums,named,Sum rank above 4
test_reduce.py,test_axis_permutation_sums,named,Sum rank above 4
test_reduce.py,test_axis_permutation_sums,named,Sum rank above 4
test_reduce.py,test_axis_permutation_sums,named,Sum rank above 4
test_reduce.py,test_axis_permutation_sums,named,Sum rank above 4
test_reduce.py,test_axis_permutation_sums,named,Sum rank above 4
test_reduce.py,test_axis_permutation_sums,named,Sum rank above 4
test_reduce.py,test_axis_permutation_sums,named,Sum rank above 4
test_reduce.py,test_axis_permutation_sums,named,Sum rank above 4
test_reduce.py,test_axis_permutation_sums,named,Sum rank above 4
test_reduce.py,test_axis_permutation_sums,named,Sum rank above 4
test_reduce.py,test_axis_permutation_sums,named,Sum rank above 4
test_reduce.py,test_axis_permutation_sums,named,Sum rank above 4
test_reduce.py,test_axis_permutation_sums,named,Sum rank above 4
test_reduce.py,test_axis_permutation_sums,named,Sum rank above 4
test_reduce.py,test_axis_permutation_sums,named,Sum rank above 4
test_reduce.py,test_axis_permutation_sums,named,Sum rank above 4
test_reduce.py,test_axis_permutation_sums,named,Sum rank above 4
test_reduce.py,test_axis_permutation_sums,named,Sum rank above 4
test_reduce.py,test_axis_permutation_sums,named,Sum rank above 4
test_reduce.py,test_axis_permutation_sums,named,Sum rank above 4
test_reduce.py,test_axis_permutation_sums,named,Sum rank above 4
test_reduce.py,test_axis_permutation_sums,named,Sum rank above 4
test_reduce.py,test_axis_permutation_sums,named,Sum rank above 4
test_reduce.py,test_axis_permutation_sums,named,Sum rank above 4
test_reduce.py,test_axis_permutation_sums,named,Sum rank above 4
test_reduce.py,test_axis_permutation_sums,named,Sum rank above 4
test_reduce.py,test_axis_permutation_sums,named,Sum rank above 4
test_reduce.py,test_axis_permutation_sums,named,Sum rank above 4
test_reduce.py,test_axis_permutation_sums,named,Sum rank above 4
test_reduce.py,test_axis_permutation_sums,named,Sum rank above 4
test_reduce.py,test_axis_permutation_sums,named,Sum rank above 4
test_reduce.py,test_axis_permutation_sums,named,Sum rank above 4
test_reduce.py,test_axis_permutation_sums,named,Sum rank above 4
test_reduce.py,test_axis_permutation_sums,named,Sum rank above 4
test_reduce.py,test_axis_permutation_sums,named,Sum rank above 4
test_reduce.py,test_axis_permutation_sums,named,Sum rank above 4
test_reduce.py,test_axis_permutation_sums,named,Sum rank above 4
test_reduce.py,test_axis_permutation_sums,named,Sum rank above 4
test_reduce.py,test_axis_permutation_sums,named,Sum rank above 4
test_reduce.py,test_axis_permutation_sums,named,Sum rank above 4
test_reduce.py,test_axis_permutation_sums,named,Sum rank above 4
test_reduce.py,test_axis_permutation_sums,named,Sum rank above 4
test_reduce.py,test_axis_permutation_sums,named,Sum rank above 4
test_reduce.py,test_axis_permutation_sums,named,Sum rank above 4
test_reduce.py,test_axis_permutation_sums,named,Sum rank above 4
test_reduce.py,test_axis_permutation_sums,named,Sum rank above 4
test_reduce.py,test_axis_permutation_sums,named,Sum rank above 4
test_reduce.py,test_axis_permutation_sums,named,Sum rank above 4
test_reduce.py,test_axis_permutation_sums,named,Sum rank above 4
test_reduce.py,test_axis_permutation_sums,named,Sum rank above 4
test_reduce.py,test_axis_permutation_sums,named,Sum rank above 4
test_reduce.py,test_axis_permutation_sums,named,Sum rank above 4
test_reduce.py,test_axis_permutation_sums,named,Sum rank above 4
test_reduce.py,test_axis_permutation_sums,named,Sum rank above 4
test_reduce.py,test_axis_permutation_sums,named,Sum rank above 4
test_reduce.py,test_axis_permutation_sums,named,Sum rank above 4
test_reduce.py,test_axis_permutation_sums,named,Sum rank above 4
test_reduce.py,test_axis_permutation_sums,named,Sum rank above 4
test_reduce.py,test_axis_permutation_sums,named,Sum rank above 4
test_reduce.py,test_axis_permutation_sums,named,Sum rank above 4
test_reduce.py,test_axis_permutation_sums,named,Sum rank above 4
test_reduce.py,test_axis_permutation_sums,named,Sum rank above 4
test_reduce.py,test_axis_permutation_sums,named,Sum rank above 4
test_reduce.py,test_axis_permutation_sums,named,Sum rank above 4
test_reduce.py,test_axis_permutation_sums,named,Sum rank above 4
test_reduce.py,test_axis_permutation_sums,named,Sum rank above 4
test_reduce.py,test_axis_permutation_sums,named,Sum rank above 4
test_reduce.py,test_axis_permutation_sums,named,Sum rank above 4
test_reduce.py,test_axis_permutation_sums,named,Sum rank above 4
test_reduce.py,test_axis_permutation_sums,named,Sum rank above 4
test_reduce.py,test_axis_permutation_sums,named,Sum rank above 4
test_reduce.py,test_axis_permutation_sums,named,Sum rank above 4
test_reduce.py,test_axis_permutation_sums,named,Sum rank above 4
test_reduce.py,test_axis_permutation_sums,named,Sum rank above 4
test_reduce.py,test_axis_permutation_sums,named,Sum rank above 4
test_reduce.py,test_axis_permutation_sums,named,Sum rank above 4
test_reduce.py,test_axis_permutation_sums,named,Sum rank above 4
test_reduce.py,test_axis_permutation_sums,named,Sum rank above 4
test_reduce.py,test_axis_permutation_sums,named,Sum rank above 4
test_reduce.py,test_axis_permutation_sums,named,Sum rank above 4
test_reduce.py,test_axis_permutation_sums,named,Sum rank above 4
test_reduce.py,test_axis_permutation_sums,named,Sum rank above 4
test_reduce.py,test_axis_permutation_sums,named,Sum rank above 4
test_reduce.py,test_axis_permutation_sums,named,Sum rank above 4
test_reduce.py,test_axis_permutation_sums,named,Sum rank above 4
test_reduce.py,test_axis_permutation_sums,named,Sum rank above 4
test_reduce.py,test_axis_permutation_sums,named,Sum rank above 4
test_reduce.py,test_axis_permutation_sums,named,Sum rank above 4
test_reduce.py,test_axis_permutation_sums,named,Sum rank above 4
test_reduce.py,test_axis_permutation_sums,named,Sum rank above 4
test_reduce.py,test_axis_permutation_sums,named,Sum rank above 4
test_reduce.py,test_axis_permutation_sums,named,Sum rank above 4
test_reduce.py,test_axis_permutation_sums,named,Sum rank above 4
test_reduce.py,test_axis_permutation_sums,named,Sum rank above 4
test_reduce.py,test_axis_permutation_sums,named,Sum rank above 4
test_reduce.py,test_axis_permutation_sums,named,Sum rank above 4
test_reduce.py,test_axis_permutation_sums,named,Sum rank above 4
test_reduce.py,test_axis_permutation_sums,named,Sum rank above 4
test_reduce.py,test_axis_permutation_sums,named,Sum rank above 4
test_reduce.py,test_axis_permutation_sums,named,Sum rank above 4
test_reduce.py,test_axis_permutation_sums,named,Sum rank above 4
test_reduce.py,test_axis_permutation_sums,named,Sum rank above 4
test_reduce.py,test_axis_permutation_sums,named,Sum rank above 4
test_reduce.py,test_axis_permutation_sums,named,Sum rank above 4
test_reduce.py,test_axis_permutation_sums,named,Sum rank above 4
test_reduce.py,test_axis_permutation_sums,named,Sum rank above 4
test_reduce.py,test_axis_permutation_sums,named,Sum rank above 4
test_reduce.py,test_axis_permutation_sums,named,Sum rank above 4
test_reduce.py,test_axis_permutation_sums,named,Sum rank above 4
test_reduce.py,test_axis_permutation_sums,named,Sum rank above 4
test_reduce.py,test_axis_permutation_sums,named,Sum rank above 4
test_reduce.py,test_axis_permutation_sums,named,Sum rank above 4
test_reduce.py,test_axis_permutation_sums,named,Sum rank above 4
test_reduce.py,test_axis_permutation_sums,named,Sum rank above 4
test_reduce.py,test_axis_permutation_sums,named,Sum rank above 4
test_reduce.py,test_axis_permutation_sums,named,Sum rank above 4
test_reduce.py,test_axis_permutation_sums,named,Sum rank above 4
test_reduce.py,test_axis_permutation_sums,named,Sum rank above 4
test_reduce.py,test_axis_permutation_sums,named,Sum rank above 4
test_reduce.py,test_axis_permutation_sums,named,Sum rank above 4
test_reduce.py,test_axis_permutation_sums,named,Sum rank above 4
test_reduce.py,test_axis_permutation_sums,named,Sum rank above 4
test_reduce.py,test_axis_permutation_sums,named,Sum rank above 4
test_reduce.py,test_axis_permutation_sums,named,Sum rank above 4
test_reduce.py,test_axis_permutation_sums,named,Sum rank above 4
test_reduce.py,test_axis_permutation_sums,named,Sum rank above 4
test_reduce.py,test_axis_permutation_sums,named,Sum rank above 4
test_reduce.py,test_axis_permutation_sums,named,Sum rank above 4
test_reduce.py,test_axis_permutation_sums,named,Sum rank above 4
test_reduce.py,test_axis_permutation_sums,named,Sum rank above 4
test_reduce.py,test_axis_permutation_sums,named,Sum rank above 4
test_reduce.py,test_axis_permutation_sums,named,Sum rank above 4
test_reduce.py,test_axis_permutation_sums,named,Sum rank above 4
test_reduce.py,test_axis_permutation_sums,named,Sum rank above 4
test_reduce.py,test_axis_permutation_sums,named,Sum rank above 4
test_reduce.py,test_axis_permutation_sums,named,Sum rank above 4
test_reduce.py,test_axis_permutation_sums,named,Sum rank above 4
test_reduce.py,test_axis_permutation_sums,named,Sum rank above 4
test_reduce.py,test_axis_permutation_sums,named,Sum rank above 4
test_reduce.py,test_axis_permutation_sums,named,Sum rank above 4
test_reduce.py,test_axis_permutation_sums,named,Sum rank above 4
test_reduce.py,test_axis_permutation_sums,named,Sum rank above 4
test_reduce.py,test_axis_permutation_sums,named,Sum rank above 4
test_reduce.py,test_axis_permutation_sums,named,Sum rank above 4
test_reduce.py,test_axis_permutation_sums,named,Sum rank above 4
test_reduce.py,test_axis_permutation_sums,named,Sum rank above 4
test_reduce.py,test_axis_permutation_sums,named,Sum rank above 4
test_reduce.py,test_axis_permutation_sums,named,Sum rank above 4
test_reduce.py,test_axis_permutation_sums,named,Sum rank above 4
test_reduce.py,test_axis_permutation_sums,named,Sum rank above 4
test_reduce.py,test_axis_permutation_sums,named,Sum rank above 4
test_reduce.py,test_axis_permutation_sums,named,Sum rank above 4
test_reduce.py,test_axis_permutation_sums,named,Sum rank above 4
test_reduce.py,test_axis_permutation_sums,named,Sum rank above 4
test_reduce.py,test_axis_permutation_sums,named,Sum rank above 4
test_reduce.py,test_axis_permutation_sums,named,Sum rank above 4
test_reduce.py,test_axis_permutation_sums,named,Sum rank above 4
test_reduce.py,test_axis_permutation_sums,named,Sum rank above 4
test_reduce.py,test_axis_permutation_sums,named,Sum rank above 4
test_reduce.py,test_axis_permutation_sums,named,Sum rank above 4
test_reduce.py,test_axis_permutation_sums,named,Sum rank above 4
test_reduce.py,test_axis_permutation_sums,named,Sum rank above 4
test_reduce.py,test_axis_permutation_sums,named,Sum rank above 4
test_reduce.py,test_axis_permutation_sums,named,Sum rank above 4
test_reduce.py,test_axis_permutation_sums,named,Sum rank above 4
test_reduce.py,test_axis_permutation_sums,named,Sum rank above 4
test_reduce.py,test_axis_permutation_sums,named,Sum rank above 4
test_reduce.py,test_axis_permutation_sums,named,Sum rank above 4
test_reduce.py,test_axis_permutation_sums,named,Sum rank above 4
test_reduce.py,test_axis_permutation_sums,named,Sum rank above 4
test_reduce.py,test_axis_permutation_sums,named,Sum rank above 4
test_reduce.py,test_axis_permutation_sums,named,Sum rank above 4
test_reduce.py,test_axis_permutation_sums,named,Sum rank above 4
test_reduce.py,test_axis_permutation_sums,named,Sum rank above 4
test_reduce.py,test_axis_permutation_sums,named,Sum rank above 4
test_reduce.py,test_axis_permutation_sums,named,Sum rank above 4
test_reduce.py,test_axis_permutation_sums,named,Sum rank above 4
test_reduce.py,test_axis_permutation_sums,named,Sum rank above 4
test_reduce.py,test_axis_permutation_sums,named,Sum rank above 4
test_reduce.py,test_axis_permutation_sums,named,Sum rank above 4
test_reduce.py,test_axis_permutation_sums,named,Sum rank above 4
test_reduce.py,test_axis_permutation_sums,named,Sum rank above 4
test_reduce.py,test_axis_permutation_sums,named,Sum rank above 4
test_reduce.py,test_axis_permutation_sums,named,Sum rank above 4
test_reduce.py,test_axis_permutation_sums,named,Sum rank above 4
test_reduce.py,test_axis_permutation_sums,named,Sum rank above 4
test_reduce.py,test_axis_permutation_sums,named,Sum rank above 4
test_reduce.py,test_axis_permutation_sums,named,Sum rank above 4
test_reduce.py,test_axis_permutation_sums,named,Sum rank above 4
test_reduce.py,test_axis_permutation_sums,named,Sum rank above 4
test_reduce.py,test_axis_permutation_sums,named,Sum rank above 4
test_reduce.py,test_axis_permutation_sums,named,Sum rank above 4
test_reduce.py,test_axis_permutation_sums,named,Sum rank above 4
test_reduce.py,test_axis_permutation_sums,named,Sum rank above 4
test_reduce.py,test_axis_permutation_sums,named,Sum rank above 4
test_reduce.py,test_axis_permutation_sums,named,Sum rank above 4
test_reduce.py,test_axis_permutation_sums,named,Sum rank above 4
test_reduce.py,test_axis_permutation_sums,named,Sum rank above 4
test_reduce.py,test_axis_permutation_sums,named,Sum rank above 4
test_reduce.py,test_axis_permutation_sums,named,Sum rank above 4
test_reduce.py,test_axis_permutation_sums,named,Sum rank above 4
test_reduce.py,test_axis_permutation_sums,named,Sum rank above 4
test_reduce.py,test_axis_permutation_sums,named,Sum rank above 4
test_reduce.py,test_axis_permutation_sums,named,Sum rank above 4
test_reduce.py,test_axis_permutation_sums,named,Sum rank above 4
test_reduce.py,test_axis_permutation_sums,named,Sum rank above 4
test_reduce.py,test_axis_permutation_sums,named,Sum rank above 4
test_reduce.py,test_axis_permutation_sums,named,Sum rank above 4
test_reduce.py,test_axis_permutation_sums,named,Sum rank above 4
test_reduce.py,test_axis_permutation_sums,named,Sum rank above 4
test_reduce.py,test_axis_permutation_sums,named,Sum rank above 4
test_reduce.py,test_axis_permutation_sums,named,Sum rank above 4
test_reduce.py,test_axis_permutation_sums,named,Sum rank above 4
test_reduce.py,test_axis_permutation_sums,named,Sum rank above 4
test_reduce.py,test_axis_permutation_sums,named,Sum rank above 4
test_reduce.py,test_axis_permutation_sums,named,Sum rank above 4
test_reduce.py,test_axis_permutation_sums,named,Sum rank above 4
test_reduce.py,test_axis_permutation_sums,named,Sum rank above 4
test_reduce.py,test_axis_permutation_sums,named,Sum rank above 4
test_reduce.py,test_axis_permutation_sums,named,Sum rank above 4
test_reduce.py,test_axis_permutation_sums,named,Sum rank above 4
test_reduce.py,test_axis_permutation_sums,named,Sum rank above 4
test_reduce.py,test_axis_permutation_sums,named,Sum rank above 4
test_reduce.py,test_axis_permutation_sums,named,Sum rank above 4
test_reduce.py,test_axis_permutation_sums,named,Sum rank above 4
test_reduce.py,test_axis_permutation_sums,named,Sum rank above 4
test_reduce.py,test_axis_permutation_sums,named,Sum rank above 4
test_reduce.py,test_axis_permutation_sums,named,Sum rank above 4
test_reduce.py,test_axis_permutation_sums,named,Sum rank above 4
test_reduce.py,test_axis_permutation_sums,named,Sum rank above 4
test_reduce.py,test_axis_permutation_sums,named,Sum rank above 4
test_reduce.py,test_axis_permutation_sums,named,Sum rank above 4
test_reduce.py,test_axis_permutation_sums,named,Sum rank above 4
test_reduce.py,test_axis_permutation_sums,named,Sum rank above 4
test_reduce.py,test_axis_permutation_sums,named,Sum rank above 4
test_reduce.py,test_axis_permutation_sums,named,Sum rank above 4
test_reduce.py,test_axis_permutation_sums,named,Sum rank above 4
test_reduce.py,test_axis_permutation_sums,named,Sum rank above 4
test_reduce.py,test_axis_permutation_sums,named,Sum rank above 4
test_reduce.py,test_axis_permutation_sums,named,Sum rank above 4
test_reduce.py,test_axis_permutation_sums,named,Sum rank above 4
test_reduce.py,test_axis_permutation_sums,named,Sum rank above 4
test_reduce.py,test_axis_permutation_sums,named,Sum rank above 4
test_reduce.py,test_axis_permutation_sums,named,Sum rank above 4
test_reduce.py,test_axis_permutation_sums,named,Sum rank above 4
test_reduce.py,test_axis_permutation_sums,named,Sum rank above 4
test_reduce.py,test_axis_permutation_sums,named,Sum rank above 4
test_reduce.py,test_axis_permutation_sums,named,Sum rank above 4
test_reduce.py,test_axis_permutation_sums,named,Sum rank above 4
test_reduce.py,test_axis_permutation_sums,named,Sum rank above 4
test_reduce.py,test_axis_permutation_sums,named,Sum rank above 4
test_reduce.py,test_axis_permutation_sums,named,Sum rank above 4
test_reduce.py,test_axis_permutation_sums,named,Sum rank above 4
test_reduce.py,test_axis_permutation_sums,named,Sum rank above 4
test_reduce.py,test_axis_permutation_sums,named,Sum rank above 4
test_reduce.py,test_axis_permutation_sums,named,Sum rank above 4
test_reduce.py,test_axis_permutation_sums,named,Sum rank above 4
test_reduce.py,test_axis_permutation_sums,named,Sum rank above 4
test_reduce.py,test_axis_permutation_sums,named,Sum rank above 4
test_reduce.py,test_axis_permutation_sums,named,Sum rank above 4
test_reduce.py,test_axis_permutation_sums,named,Sum rank above 4
test_reduce.py,test_axis_permutation_sums,named,Sum rank above 4
test_reduce.py,test_axis_permutation_sums,named,Sum rank above 4
test_reduce.py,test_axis_permutation_sums,named,Sum rank above 4
test_reduce.py,test_axis_permutation_sums,named,Sum rank above 4
test_reduce.py,test_axis_permutation_sums,named,Sum rank above 4
test_reduce.py,test_axis_permutation_sums,named,Sum rank above 4
test_reduce.py,test_axis_permutation_sums,named,Sum rank above 4
test_reduce.py,test_axis_permutation_sums,named,Sum rank above 4
test_reduce.py,test_axis_permutation_sums,named,Sum rank above 4
test_reduce.py,test_axis_permutation_sums,named,Sum rank above 4
test_reduce.py,test_axis_permutation_sums,named,Sum rank above 4
test_reduce.py,test_axis_permutation_sums,named,Sum rank above 4
test_reduce.py,test_axis_permutation_sums,named,Sum rank above 4
test_reduce.py,test_axis_permutation_sums,named,Sum rank above 4
test_reduce.py,test_axis_permutation_sums,named,Sum rank above 4
test_reduce.py,test_axis_permutation_sums,named,Sum rank above 4
test_reduce.py,test_axis_permutation_sums,named,Sum rank above 4
test_reduce.py,test_axis_permutation_sums,named,Sum rank above 4
test_reduce.py,test_axis_permutation_sums,named,Sum rank above 4
test_reduce.py,test_axis_permutation_sums,named,Sum rank above 4
test_reduce.py,test_axis_permutation_sums,named,Sum rank above 4
test_reduce.py,test_axis_permutation_sums,named,Sum rank above 4
test_reduce.py,test_axis_permutation_sums,named,Sum rank above 4
test_reduce.py,test_axis_permutation_sums,named,Sum rank above 4
test_reduce.py,test_axis_permutation_sums,named,Sum rank above 4
test_reduce.py,test_axis_permutation_sums,named,Sum rank above 4
test_reduce.py,test_axis_permutation_sums,named,Sum rank above 4
test_reduce.py,test_axis_permutation_sums,named,Sum rank above 4
test_reduce.py,test_axis_permutation_sums,named,Sum rank above 4
test_reduce.py,test_axis_permutation_sums,named,Sum rank above 4
test_reduce.py,test_axis_permutation_sums,named,Sum rank above 4
test_reduce.py,test_axis_permutation_sums,named,Sum rank above 4
test_reduce.py,test_axis_permutation_sums,named,Sum rank above 4
test_reduce.py,test_axis_permutation_sums,named,Sum rank above 4
test_reduce.py,test_axis_permutation_sums,named,Sum rank above 4
test_reduce.py,test_axis_permutation_sums,named,Sum rank above 4
test_reduce.py,test_axis_permutation_sums,named,Sum rank above 4
test_reduce.py,test_axis_permutation_sums,named,Sum rank above 4
test_reduce.py,test_axis_permutation_sums,named,Sum rank above 4
test_reduce.py,test_axis_permutation_sums,named,Sum rank above 4
test_reduce.py,test_axis_permutation_sums,named,Sum rank above 4
test_reduce.py,test_axis_permutation_sums,named,Sum rank above 4
test_reduce.py,test_axis_permutation_sums,named,Sum rank above 4
test_reduce.py,test_axis_permutation_sums,named,Sum rank above 4
test_reduce.py,test_axis_permutation_sums,named,Sum rank above 4
test_reduce.py,test_axis_permutation_sums,named,Sum rank above 4
test_reduce.py,test_axis_permutation_sums,named,Sum rank above 4
test_reduce.py,test_axis_permutation_sums,named,Sum rank above 4
test_reduce.py,test_axis_permutation_sums,named,Sum rank above 4
test_reduce.py,test_axis_permutation_sums,named,Sum rank above 4
test_reduce.py,test_axis_permutation_sums,named,Sum rank above 4
test_reduce.py,test_axis_permutation_sums,named,Sum rank above 4
test_reduce.py,test_axis_permutation_sums,named,Sum rank above 4
test_reduce.py,test_axis_permutation_sums,named,Sum rank above 4
test_reduce.py,test_axis_permutation_sums,named,Sum rank above 4
test_reduce.py,test_axis_permutation_sums,named,Sum rank above 4
test_reduce.py,test_axis_permutation_sums,named,Sum rank above 4
test_reduce.py,test_axis_permutation_sums,named,Sum rank above 4
test_reduce.py,test_axis_permutation_sums,named,Sum rank above 4
test_reduce.py,test_axis_permutation_sums,named,Sum rank above 4
test_reduce.py,test_axis_permutation_sums,named,Sum rank above 4
test_reduce.py,test_axis_permutation_sums,named,Sum rank above 4
test_reduce.py,test_axis_permutation_sums,named,Sum rank above 4
test_reduce.py,test_axis_permutation_sums,named,Sum rank above 4
test_reduce.py,test_axis_permutation_sums,named,Sum rank above 4
test_reduce.py,test_axis_permutation_sums,named,Sum rank above 4
test_reduce.py,test_axis_permutation_sums,named,Sum rank above 4
test_reduce.py,test_axis_permutation_sums,named,Sum rank above 4
test_reduce.py,test_axis_permutation_sums,named,Sum rank above 4
test_reduce.py,test_axis_permutation_sums,named,Sum rank above 4
test_reduce.py,test_axis_permutation_sums,named,Sum rank above 4
test_reduce.py,test_axis_permutation_sums,named,Sum rank above 4
test_reduce.py,test_axis_permutation_sums,named,Sum rank above 4
test_reduce.py,test_axis_permutation_sums,named,Sum rank above 4
test_reduce.py,test_axis_permutation_sums,named,Sum rank above 4
test_reduce.py,test_axis_permutation_sums,named,Sum rank above 4
test_reduce.py,test_axis_permutation_sums,named,Sum rank above 4
test_reduce.py,test_axis_permutation_sums,named,Sum rank above 4
test_reduce.py,test_axis_permutation_sums,named,Sum rank above 4
test_reduce.py,test_axis_permutation_sums,named,Sum rank above 4
test_reduce.py,test_axis_permutation_sums,named,Sum rank above 4
test_reduce.py,test_axis_permutation_sums,named,Sum rank above 4
test_reduce.py,test_axis_permutation_sums,named,Sum rank above 4
test_reduce.py,test_axis_permutation_sums,named,Sum rank above 4
test_reduce.py,test_axis_permutation_sums,named,Sum rank above 4
test_reduce.py,test_axis_permutation_sums,named,Sum rank above 4
test_reduce.py,test_axis_permutation_sums,named,Sum rank above 4
test_reduce.py,test_axis_permutation_sums,named,Sum rank above 4
test_reduce.py,test_axis_permutation_sums,named,Sum rank above 4
test_reduce.py,test_axis_permutation_sums,named,Sum rank above 4
test_reduce.py,test_axis_permutation_sums,named,Sum rank above 4
test_reduce.py,test_axis_permutation_sums,named,Sum rank above 4
test_reduce.py,test_axis_permutation_sums,named,Sum rank above 4
test_reduce.py,test_axis_permutation_sums,named,Sum rank above 4
test_reduce.py,test_axis_permutation_sums,named,Sum rank above 4
test_reduce.py,test_axis_permutation_sums,named,Sum rank above 4
test_reduce.py,test_axis_permutation_sums,named,Sum rank above 4
test_reduce.py,test_axis_permutation_sums,named,Sum rank above 4
test_reduce.py,test_axis_permutation_sums,named,Sum rank above 4
test_reduce.py,test_axis_permutation_sums,named,Sum rank above 4
test_reduce.py,test_axis_permutation_sums,named,Sum rank above 4
test_reduce.py,test_axis_permutation_sums,named,Sum rank above 4
test_reduce.py,test_axis_permutation_sums,named,Sum rank above 4
test_reduce.py,test_axis_permutation_sums,named,Sum rank above 4
test_reduce.py,test_axis_permutation_sums,named,Sum rank above 4
test_reduce.py,test_axis_permutation_sums,named,Sum rank above 4
test_reduce.py,test_axis_permutation_sums,named,Sum rank above 4
test_reduce.py,test_axis_permutation_sums,named,Sum rank above 4
test_reduce.py,test_axis_permutation_sums,named,Sum rank above 4
test_reduce.py,test_axis_permutation_sums,named,Sum rank above 4
test_reduce.py,test_axis_permutation_sums,named,Sum rank above 4
test_reduce.py,test_axis_permutation_sums,named,Sum rank above 4
test_reduce.py,test_axis_permutation_sums,named,Sum rank above 4
test_reduce.py,test_axis_permutation_sums,named,Sum rank above 4
test_reduce.py,test_axis_permutation_sums,named,Sum rank above 4
test_reduce.py,test_axis_permutation_sums,named,Sum rank above 4
test_reduce.py,test_axis_permutation_sums,named,Sum rank above 4
test_reduce.py,test_axis_permutation_sums,named,Sum rank above 4
test_reduce.py,test_axis_permutation_sums,named,Sum rank above 4
test_reduce.py,test_axis_permutation_sums,named,Sum rank above 4
test_reduce.py,test_axis_permutation_sums,named,Sum rank above 4
test_reduce.py,test_axis_permutation_sums,named,Sum rank above 4
test_reduce.py,test_axis_permutation_sums,named,Sum rank above 4
test_reduce.py,test_axis_permutation_sums,named,Sum rank above 4
test_reduce.py,test_axis_permutation_sums,named,Sum rank above 4
test_reduce.py,test_axis_permutation_sums,named,Sum rank above 4
test_reduce.py,test_axis_permutation_sums,named,Sum rank above 4
test_reduce.py,test_axis_permutation_sums,named,Sum rank above 4
test_reduce.py,test_axis_permutation_sums,named,Sum rank above 4
test_reduce.py,test_axis_permutation_sums,named,Sum rank above 4
test_reduce.py,test_axis_permutation_sums,named,Sum rank above 4
test_reduce.py,test_axis_permutation_sums,named,Sum rank above 4
test_reduce.py,test_axis_permutation_sums,named,Sum rank above 4
test_reduce.py,test_axis_permutation_sums,named,Sum rank above 4
test_reduce.py,test_axis_permutation_sums,named,Sum rank above 4
test_reduce.py,test_axis_permutation_sums,named,Sum rank above 4
test_reduce.py,test_axis_permutation_sums,named,Sum rank above 4
test_reduce.py,test_axis_permutation_sums,named,Sum rank above 4
test_reduce.py,test_axis_permutation_sums,named,Sum rank above 4
test_reduce.py,test_axis_permutation_sums,named,Sum rank above 4
test_reduce.py,test_axis_permutation_sums,named,Sum rank above 4
test_reduce.py,test_axis_permutation_sums,named,Sum rank above 4
test_reduce.py,test_axis_permutation_sums,named,Sum rank above 4
test_reduce.py,test_axis_permutation_sums,named,Sum rank above 4
test_reduce.py,test_axis_permutation_sums,named,Sum rank above 4
test_reduce.py,test_axis_permutation_sums,named,Sum rank above 4
test_reduce.py,test_axis_permutation_sums,named,Sum rank above 4
test_reduce.py,test_axis_permutation_sums,named,Sum rank above 4
test_reduce.py,test_axis_permutation_sums,named,Sum rank above 4
test_reduce.py,test_axis_permutation_sums,named,Sum rank above 4
test_reduce.py,test_axis_permutation_sums,named,Sum rank above 4
test_reduce.py,test_axis_permutation_sums,named,Sum rank above 4
test_reduce.py,test_axis_permutation_sums,named,Sum rank above 4
test_reduce.py,test_axis_permutation_sums,named,Sum rank above 4
test_reduce.py,test_axis_permutation_sums,named,Sum rank above 4
test_reduce.py,test_axis_permutation_sums,named,Sum rank above 4
test_reduce.py,test_axis_permutation_sums,named,Sum rank above 4
test_reduce.py,test_axis_permutation_sums,named,Sum rank above 4
test_reduce.py,test_axis_permutation_sums,named,Sum rank above 4
test_reduce.py,test_axis_permutation_sums,named,Sum rank above 4
test_reduce.py,test_axis_permutation_sums,named,Sum rank above 4
test_reduce.py,test_axis_permutation_sums,named,Sum rank above 4
test_reduce.py,test_axis_permutation_sums,named,Sum rank above 4
test_reduce.py,test_axis_permutation_sums,named,Sum rank above 4
test_reduce.py,test_axis_permutation_sums,named,Sum rank above 4
test_reduce.py,test_axis_permutation_sums,named,Sum rank above 4
test_reduce.py,test_axis_permutation_sums,named,Sum rank above 4
test_reduce.py,test_axis_permutation_sums,named,Sum rank above 4
test_reduce.py,test_axis_permutation_sums,named,Sum rank above 4
test_reduce.py,test_axis_permutation_sums,named,Sum rank above 4
test_reduce.py,test_axis_permutation_sums,named,Sum rank above 4
test_reduce.py,test_axis_permutation_sums,named,Sum rank above 4
test_reduce.py,test_axis_permutation_sums,named,Sum rank above 4
test_reduce.py,test_axis_permutation_sums,named,Sum rank above 4
test_reduce.py,test_axis_permutation_sums,named,Sum rank above 4
test_reduce.py,test_axis_permutation_sums,named,Sum rank above 4
test_reduce.py,test_axis_permutation_sums,named,Sum rank above 4
test_reduce.py,test_axis_permutation_sums,named,Sum rank above 4
test_reduce.py,test_axis_permutation_sums,named,Sum rank above 4
test_reduce.py,test_axis_permutation_sums,named,Sum rank above 4
test_reduce.py,test_axis_permutation_sums,named,Sum rank above 4
test_reduce.py,test_axis_permutation_sums,named,Sum rank above 4
test_reduce.py,test_axis_permutation_sums,named,Sum rank above 4
test_reduce.py,test_axis_permutation_sums,named,Sum rank above 4
test_reduce.py,test_axis_permutation_sums,named,Sum rank above 4
test_reduce.py,test_axis_permutation_sums,named,Sum rank above 4
test_reduce.py,test_axis_permutation_sums,named,Sum rank above 4
test_reduce.py,test_axis_permutation_sums,named,Sum rank above 4
test_reduce.py,test_axis_permutation_sums,named,Sum rank above 4
test_reduce.py,test_axis_permutation_sums,named,Sum rank above 4
test_reduce.py,test_axis_permutation_sums,named,Sum rank above 4
test_reduce.py,test_axis_permutation_sums,named,Sum rank above 4
test_reduce.py,test_axis_permutation_sums,named,Sum rank above 4
test_reduce.py,test_axis_permutation_sums,named,Sum rank above 4
test_reduce.py,test_axis_permutation_sums,named,Sum rank above 4
test_reduce.py,test_axis_permutation_sums,named,Sum rank above 4
test_reduce.py,test_axis_permutation_sums,named,Sum rank above 4
test_reduce.py,test_axis_permutation_sums,named,Sum rank above 4
test_reduce.py,test_axis_permutation_sums,named,Sum rank above 4
test_reduce.py,test_axis_permutation_sums,named,Sum rank above 4
test_reduce.py,test_axis_permutation_sums,named,Sum rank above 4
test_reduce.py,test_axis_permutation_sums,named,Sum rank above 4
test_reduce.py,test_axis_permutation_sums,named,Sum rank above 4
test_reduce.py,test_axis_permutation_sums,named,Sum rank above 4
test_reduce.py,test_axis_permutation_sums,named,Sum rank above 4
test_reduce.py,test_axis_permutation_sums,named,Sum rank above 4
test_reduce.py,test_axis_permutation_sums,named,Sum rank above 4
test_reduce.py,test_axis_permutation_sums,named,Sum rank above 4
test_reduce.py,test_axis_permutation_sums,named,Sum rank above 4
test_reduce.py,test_axis_permutation_sums,named,Sum rank above 4
test_reduce.py,test_axis_permutation_sums,named,Sum rank above 4
test_reduce.py,test_axis_permutation_sums,named,Sum rank above 4
test_reduce.py,test_axis_permutation_sums,named,Sum rank above 4
test_reduce.py,test_axis_permutation_sums,named,Sum rank above 4
test_reduce.py,test_axis_permutation_sums,named,Sum rank above 4
test_reduce.py,test_axis_permutation_sums,named,Sum rank above 4
test_reduce.py,test_axis_permutation_sums,named,Sum rank above 4
test_reduce.py,test_axis_permutation_sums,named,Sum rank above 4
test_reduce.py,test_axis_permutation_sums,assert,
test_reduce.py,test_axis_permutation_sums,assert,
test_reduce.py,test_axis_permutation_sums,assert,
test_reduce.py,test_axis_permutation_sums,assert,
test_reduce.py,test_axis_permutation_sums,assert,
test_reduce.py,test_axis_permutation_sums,assert,
test_reduce.py,test_axis_permutation_sums,assert,
test_reduce.py,test_axis_permutation_sums,assert,
test_reduce.py,test_axis_permutation_sums,assert,
test_reduce.py,test_axis_permutation_sums,assert,
test_reduce.py,test_axis_permutation_sums,assert,
test_reduce.py,test_axis_permutation_sums,assert,
test_reduce.py,test_axis_permutation_sums,assert,
test_reduce.py,test_axis_permutation_sums,assert,
test_reduce.py,test_axis_permutation_sums,assert,
test_reduce.py,test_axis_permutation_sums,assert,
test_reduce.py,test_axis_permutation_sums,assert,
test_reduce.py,test_axis_permutation_sums,assert,
test_reduce.py,test_axis_permutation_sums,assert,
test_reduce.py,test_axis_permutation_sums,assert,
test_reduce.py,test_axis_permutation_sums,assert,
test_reduce.py,test_axis_permutation_sums,assert,
test_reduce.py,test_axis_permutation_sums,assert,
test_reduce.py,test_axis_permutation_sums,assert,
test_reduce.py,test_axis_permutation_sums,assert,
test_reduce.py,test_axis_permutation_sums,assert,
test_reduce.py,test_axis_permutation_sums,assert,
test_reduce.py,test_axis_permutation_sums,assert,
test_reduce.py,test_axis_permutation_sums,assert,
test_reduce.py,test_axis_permutation_sums,assert,
test_reduce.py,test_axis_permutation_sums,assert,
test_reduce.py,test_axis_permutation_sums,assert,
test_reduce.py,test_axis_permutation_sums,assert,
test_reduce.py,test_axis_permutation_sums,assert,
test_reduce.py,test_axis_permutation_sums,assert,
test_reduce.py,test_axis_permutation_sums,assert,
test_reduce.py,test_axis_permutation_sums,assert,
test_reduce.py,test_axis_permutation_sums,assert,
test_reduce.py,test_axis_permutation_sums,assert,
test_reduce.py,test_axis_permutation_sums,assert,
test_reduce.py,test_axis_permutation_sums,assert,
test_reduce.py,test_axis_permutation_sums,assert,
test_reduce.py,test_axis_permutation_sums,assert,
test_reduce.py,test_axis_permutation_sums,assert,
test_reduce.py,test_axis_permutation_sums,assert,
test_reduce.py,test_axis_permutation_sums,assert,
test_reduce.py,test_axis_permutation_sums,assert,
test_reduce.py,test_axis_permutation_sums,assert,
test_reduce.py,test_dtypes,named,Sum dtype
test_reduce.py,test_dtypes,named,Sum dtype
test_reduce.py,test_dtypes,named,Sum dtype
test_reduce.py,test_dtypes,named,Sum dtype
test_reduce.py,test_dtypes,named,Sum dtype
test_reduce.py,test_dtypes,named,Sum dtype
test_reduce.py,test_dtypes,named,Sum dtype
test_reduce.py,test_dtypes,named,Sum dtype
test_reduce.py,test_dtypes,named,Prod dtype
test_reduce.py,test_dtypes,named,Prod dtype
test_reduce.py,test_dtypes,named,Prod dtype
test_reduce.py,test_dtypes,named,Prod dtype
test_reduce.py,test_dtypes,named,Prod dtype
test_reduce.py,test_dtypes,named,Prod dtype
test_reduce.py,test_dtypes,named,Prod dtype
test_reduce.py,test_dtypes,named,Prod dtype
test_reduce.py,test_dtypes,named,Min dtype
test_reduce.py,test_dtypes,named,Min dtype
test_reduce.py,test_dtypes,named,Min dtype
test_reduce.py,test_dtypes,named,Min dtype
test_reduce.py,test_dtypes,named,Min dtype
test_reduce.py,test_dtypes,named,Min dtype
test_reduce.py,test_dtypes,named,Min dtype
test_reduce.py,test_dtypes,named,Min dtype
test_reduce.py,test_dtypes,named,Max dtype
test_reduce.py,test_dtypes,named,Max dtype
test_reduce.py,test_dtypes,named,Max dtype
test_reduce.py,test_dtypes,named,Max dtype
test_reduce.py,test_dtypes,named,Max dtype
test_reduce.py,test_dtypes,named,Max dtype
test_reduce.py,test_dtypes,named,Max dtype
test_reduce.py,test_dtypes,named,Max dtype
test_reduce.py,test_dtypes,named,Sum dtype
test_reduce.py,test_dtypes,named,Sum dtype
test_reduce.py,test_dtypes,named,Sum dtype
test_reduce.py,test_dtypes,named,Sum dtype
test_reduce.py,test_dtypes,named,Sum dtype
test_reduce.py,test_dtypes,named,Sum dtype
test_reduce.py,test_dtypes,named,Sum dtype
test_reduce.py,test_dtypes,named,Sum dtype
test_reduce.py,test_dtypes,named,Prod dtype
test_reduce.py,test_dtypes,named,Prod dtype
test_reduce.py,test_dtypes,named,Prod dtype
test_reduce.py,test_dtypes,named,Prod dtype
test_reduce.py,test_dtypes,named,Prod dtype
test_reduce.py,test_dtypes,named,Prod dtype
test_reduce.py,test_dtypes,named,Prod dtype
test_reduce.py,test_dtypes,named,Prod dtype
test_reduce.py,test_dtypes,named,Min dtype
test_reduce.py,test_dtypes,named,Min dtype
test_reduce.py,test_dtypes,named,Min dtype
test_reduce.py,test_dtypes,named,Min dtype
test_reduce.py,test_dtypes,named,Min dtype
test_reduce.py,test_dtypes,named,Min dtype
test_reduce.py,test_dtypes,named,Min dtype
test_reduce.py,test_dtypes,named,Min dtype
test_reduce.py,test_dtypes,named,Max dtype
test_reduce.py,test_dtypes,named,Max dtype
test_reduce.py,test_dtypes,named,Max dtype
test_reduce.py,test_dtypes,named,Max dtype
test_reduce.py,test_dtypes,named,Max dtype
test_reduce.py,test_dtypes,named,Max dtype
test_reduce.py,test_dtypes,named,Max dtype
test_reduce.py,test_dtypes,named,Max dtype
test_reduce.py,test_dtypes,named,Sum dtype
test_reduce.py,test_dtypes,named,Sum dtype
test_reduce.py,test_dtypes,named,Sum dtype
test_reduce.py,test_dtypes,named,Sum dtype
test_reduce.py,test_dtypes,named,Sum dtype
test_reduce.py,test_dtypes,named,Sum dtype
test_reduce.py,test_dtypes,named,Sum dtype
test_reduce.py,test_dtypes,named,Sum dtype
test_reduce.py,test_dtypes,named,Prod dtype
test_reduce.py,test_dtypes,named,Prod dtype
test_reduce.py,test_dtypes,named,Prod dtype
test_reduce.py,test_dtypes,named,Prod dtype
test_reduce.py,test_dtypes,named,Prod dtype
test_reduce.py,test_dtypes,named,Prod dtype
test_reduce.py,test_dtypes,named,Prod dtype
test_reduce.py,test_dtypes,named,Prod dtype
test_reduce.py,test_dtypes,named,Min dtype
test_reduce.py,test_dtypes,named,Min dtype
test_reduce.py,test_dtypes,named,Min dtype
test_reduce.py,test_dtypes,named,Min dtype
test_reduce.py,test_dtypes,named,Min dtype
test_reduce.py,test_dtypes,named,Min dtype
test_reduce.py,test_dtypes,named,Min dtype
test_reduce.py,test_dtypes,named,Min dtype
test_reduce.py,test_dtypes,named,Max dtype
test_reduce.py,test_dtypes,named,Max dtype
test_reduce.py,test_dtypes,named,Max dtype
test_reduce.py,test_dtypes,named,Max dtype
test_reduce.py,test_dtypes,named,Max dtype
test_reduce.py,test_dtypes,named,Max dtype
test_reduce.py,test_dtypes,named,Max dtype
test_reduce.py,test_dtypes,named,Max dtype
test_reduce.py,test_dtypes,named,Sum dtype
test_reduce.py,test_dtypes,named,Sum dtype
test_reduce.py,test_dtypes,named,Sum dtype
test_reduce.py,test_dtypes,named,Sum dtype
test_reduce.py,test_dtypes,named,Sum dtype
test_reduce.py,test_dtypes,named,Sum dtype
test_reduce.py,test_dtypes,named,Sum dtype
test_reduce.py,test_dtypes,named,Sum dtype
test_reduce.py,test_dtypes,named,Prod dtype
test_reduce.py,test_dtypes,named,Prod dtype
test_reduce.py,test_dtypes,named,Prod dtype
test_reduce.py,test_dtypes,named,Prod dtype
test_reduce.py,test_dtypes,named,Prod dtype
test_reduce.py,test_dtypes,named,Prod dtype
test_reduce.py,test_dtypes,named,Prod dtype
test_reduce.py,test_dtypes,named,Prod dtype
test_reduce.py,test_dtypes,named,Min dtype
test_reduce.py,test_dtypes,named,Min dtype
test_reduce.py,test_dtypes,named,Min dtype
test_reduce.py,test_dtypes,named,Min dtype
test_reduce.py,test_dtypes,named,Min dtype
test_reduce.py,test_dtypes,named,Min dtype
test_reduce.py,test_dtypes,named,Min dtype
test_reduce.py,test_dtypes,named,Min dtype
test_reduce.py,test_dtypes,named,Max dtype
test_reduce.py,test_dtypes,named,Max dtype
test_reduce.py,test_dtypes,named,Max dtype
test_reduce.py,test_dtypes,named,Max dtype
test_reduce.py,test_dtypes,named,Max dtype
test_reduce.py,test_dtypes,named,Max dtype
test_reduce.py,test_dtypes,named,Max dtype
test_reduce.py,test_dtypes,named,Max dtype
test_reduce.py,test_dtypes,named,Sum dtype
test_reduce.py,test_dtypes,named,Sum dtype
test_reduce.py,test_dtypes,named,Sum dtype
test_reduce.py,test_dtypes,named,Sum dtype
test_reduce.py,test_dtypes,named,Sum dtype
test_reduce.py,test_dtypes,named,Sum dtype
test_reduce.py,test_dtypes,named,Sum dtype
test_reduce.py,test_dtypes,named,Sum dtype
test_reduce.py,test_dtypes,named,Prod dtype
test_reduce.py,test_dtypes,named,Prod dtype
test_reduce.py,test_dtypes,named,Prod dtype
test_reduce.py,test_dtypes,named,Prod dtype
test_reduce.py,test_dtypes,named,Prod dtype
test_reduce.py,test_dtypes,named,Prod dtype
test_reduce.py,test_dtypes,named,Prod dtype
test_reduce.py,test_dtypes,named,Prod dtype
test_reduce.py,test_dtypes,named,Min dtype
test_reduce.py,test_dtypes,named,Min dtype
test_reduce.py,test_dtypes,named,Min dtype
test_reduce.py,test_dtypes,named,Min dtype
test_reduce.py,test_dtypes,named,Min dtype
test_reduce.py,test_dtypes,named,Min dtype
test_reduce.py,test_dtypes,named,Min dtype
test_reduce.py,test_dtypes,named,Min dtype
test_reduce.py,test_dtypes,named,Max dtype
test_reduce.py,test_dtypes,named,Max dtype
test_reduce.py,test_dtypes,named,Max dtype
test_reduce.py,test_dtypes,named,Max dtype
test_reduce.py,test_dtypes,named,Max dtype
test_reduce.py,test_dtypes,named,Max dtype
test_reduce.py,test_dtypes,named,Max dtype
test_reduce.py,test_dtypes,named,Max dtype
test_reduce.py,test_dtypes,named,Sum dtype
test_reduce.py,test_dtypes,named,Sum dtype
test_reduce.py,test_dtypes,named,Sum dtype
test_reduce.py,test_dtypes,named,Sum dtype
test_reduce.py,test_dtypes,named,Sum dtype
test_reduce.py,test_dtypes,named,Sum dtype
test_reduce.py,test_dtypes,named,Sum dtype
test_reduce.py,test_dtypes,named,Sum dtype
test_reduce.py,test_dtypes,named,Prod dtype
test_reduce.py,test_dtypes,named,Prod dtype
test_reduce.py,test_dtypes,named,Prod dtype
test_reduce.py,test_dtypes,named,Prod dtype
test_reduce.py,test_dtypes,named,Prod dtype
test_reduce.py,test_dtypes,named,Prod dtype
test_reduce.py,test_dtypes,named,Prod dtype
test_reduce.py,test_dtypes,named,Prod dtype
test_reduce.py,test_dtypes,named,Min dtype
test_reduce.py,test_dtypes,named,Min dtype
test_reduce.py,test_dtypes,named,Min dtype
test_reduce.py,test_dtypes,named,Min dtype
test_reduce.py,test_dtypes,named,Min dtype
test_reduce.py,test_dtypes,named,Min dtype
test_reduce.py,test_dtypes,named,Min dtype
test_reduce.py,test_dtypes,named,Min dtype
test_reduce.py,test_dtypes,named,Max dtype
test_reduce.py,test_dtypes,named,Max dtype
test_reduce.py,test_dtypes,named,Max dtype
test_reduce.py,test_dtypes,named,Max dtype
test_reduce.py,test_dtypes,named,Max dtype
test_reduce.py,test_dtypes,named,Max dtype
test_reduce.py,test_dtypes,named,Max dtype
test_reduce.py,test_dtypes,named,Max dtype
test_reduce.py,test_dtypes,named,Sum dtype
test_reduce.py,test_dtypes,named,Sum dtype
test_reduce.py,test_dtypes,named,Sum dtype
test_reduce.py,test_dtypes,named,Sum dtype
test_reduce.py,test_dtypes,named,Sum dtype
test_reduce.py,test_dtypes,named,Sum dtype
test_reduce.py,test_dtypes,named,Sum dtype
test_reduce.py,test_dtypes,named,Sum dtype
test_reduce.py,test_dtypes,named,Prod dtype
test_reduce.py,test_dtypes,named,Prod dtype
test_reduce.py,test_dtypes,named,Prod dtype
test_reduce.py,test_dtypes,named,Prod dtype
test_reduce.py,test_dtypes,named,Prod dtype
test_reduce.py,test_dtypes,named,Prod dtype
test_reduce.py,test_dtypes,named,Prod dtype
test_reduce.py,test_dtypes,named,Prod dtype
test_reduce.py,test_dtypes,named,Min dtype
test_reduce.py,test_dtypes,named,Min dtype
test_reduce.py,test_dtypes,named,Min dtype
test_reduce.py,test_dtypes,named,Min dtype
test_reduce.py,test_dtypes,named,Min dtype
test_reduce.py,test_dtypes,named,Min dtype
test_reduce.py,test_dtypes,named,Min dtype
test_reduce.py,test_dtypes,named,Min dtype
test_reduce.py,test_dtypes,named,Max dtype
test_reduce.py,test_dtypes,named,Max dtype
test_reduce.py,test_dtypes,named,Max dtype
test_reduce.py,test_dtypes,named,Max dtype
test_reduce.py,test_dtypes,named,Max dtype
test_reduce.py,test_dtypes,named,Max dtype
test_reduce.py,test_dtypes,named,Max dtype
test_reduce.py,test_dtypes,named,Max dtype
test_reduce.py,test_expand_sums,named,Sum rank above 4
test_reduce.py,test_expand_sums,named,Sum rank above 4
test_reduce.py,test_expand_sums,named,Sum rank above 4
test_reduce.py,test_expand_sums,named,Sum rank above 4
test_reduce.py,test_expand_sums,named,Sum rank above 4
test_reduce.py,test_expand_sums,named,Sum rank above 4
test_reduce.py,test_expand_sums,named,Sum rank above 4
test_reduce.py,test_expand_sums,named,Sum rank above 4
test_reduce.py,test_expand_sums,named,Sum rank above 4
test_reduce.py,test_expand_sums,named,Sum rank above 4
test_reduce.py,test_expand_sums,named,Sum rank above 4
test_reduce.py,test_expand_sums,named,Sum rank above 4
test_reduce.py,test_expand_sums,named,Sum rank above 4
test_reduce.py,test_expand_sums,named,Sum rank above 4
test_reduce.py,test_expand_sums,named,Sum rank above 4
test_reduce.py,test_expand_sums,named,Sum rank above 4
test_reduce.py,test_expand_sums,named,Sum rank above 4
test_reduce.py,test_expand_sums,named,Sum rank above 4
test_reduce.py,test_expand_sums,named,Sum rank above 4
test_reduce.py,test_expand_sums,named,Sum rank above 4
test_reduce.py,test_expand_sums,named,Sum rank above 4
test_reduce.py,test_expand_sums,named,Sum rank above 4
test_reduce.py,test_expand_sums,named,Sum rank above 4
test_reduce.py,test_expand_sums,named,Sum rank above 4
test_reduce.py,test_expand_sums,named,Sum rank above 4
test_reduce.py,test_expand_sums,named,Sum rank above 4
test_reduce.py,test_expand_sums,named,Sum rank above 4
test_reduce.py,test_expand_sums,named,Sum rank above 4
test_reduce.py,test_expand_sums,named,Sum rank above 4
test_reduce.py,test_expand_sums,named,Sum rank above 4
test_reduce.py,test_expand_sums,named,Sum rank above 4
test_reduce.py,test_expand_sums,named,Sum rank above 4
test_reduce.py,test_expand_sums,named,Sum rank above 4
test_reduce.py,test_expand_sums,named,Sum rank above 4
test_reduce.py,test_expand_sums,named,Sum rank above 4
test_reduce.py,test_expand_sums,named,Sum rank above 4
test_reduce.py,test_expand_sums,named,Sum rank above 4
test_reduce.py,test_expand_sums,named,Sum rank above 4
test_reduce.py,test_expand_sums,named,Sum rank above 4
test_reduce.py,test_expand_sums,named,Sum rank above 4
test_reduce.py,test_expand_sums,named,Sum rank above 4
test_reduce.py,test_expand_sums,named,Sum rank above 4
test_reduce.py,test_expand_sums,named,Sum rank above 4
test_reduce.py,test_expand_sums,named,Sum rank above 4
test_reduce.py,test_expand_sums,named,Sum rank above 4
test_reduce.py,test_expand_sums,named,Sum rank above 4
test_reduce.py,test_expand_sums,named,Sum rank above 4
test_reduce.py,test_expand_sums,named,Sum rank above 4
test_reduce.py,test_expand_sums,named,Sum rank above 4
test_reduce.py,test_expand_sums,named,Sum rank above 4
test_reduce.py,test_expand_sums,named,Sum rank above 4
test_reduce.py,test_expand_sums,named,Sum rank above 4
test_reduce.py,test_expand_sums,named,Sum rank above 4
test_reduce.py,test_expand_sums,named,Sum rank above 4
test_reduce.py,test_expand_sums,named,Sum rank above 4
test_reduce.py,test_expand_sums,named,Sum rank above 4
test_reduce.py,test_expand_sums,named,Sum rank above 4
test_reduce.py,test_expand_sums,named,Sum rank above 4
test_reduce.py,test_expand_sums,named,Sum rank above 4
test_reduce.py,test_expand_sums,named,Sum rank above 4
test_reduce.py,test_expand_sums,named,Sum rank above 4
test_reduce.py,test_expand_sums,named,Sum rank above 4
test_reduce.py,test_expand_sums,named,Sum rank above 4
test_reduce.py,test_expand_sums,named,Sum rank above 4
test_reduce.py,test_expand_sums,named,Sum rank above 4
test_reduce.py,test_expand_sums,named,Sum rank above 4
test_reduce.py,test_expand_sums,named,Sum rank above 4
test_reduce.py,test_expand_sums,named,Sum rank above 4
test_reduce.py,test_expand_sums,named,Sum rank above 4
test_reduce.py,test_expand_sums,named,Sum rank above 4
test_reduce.py,test_expand_sums,named,Sum rank above 4
test_reduce.py,test_expand_sums,named,Sum rank above 4
test_reduce.py,test_expand_sums,named,Sum rank above 4
test_reduce.py,test_expand_sums,named,Sum rank above 4
test_reduce.py,test_expand_sums,named,Sum rank above 4
test_reduce.py,test_expand_sums,named,Sum rank above 4
test_reduce.py,test_expand_sums,named,Sum rank above 4
test_reduce.py,test_expand_sums,named,Sum rank above 4
test_reduce.py,test_expand_sums,named,Sum rank above 4
test_reduce.py,test_expand_sums,named,Sum rank above 4
test_reduce.py,test_expand_sums,named,Sum rank above 4
test_reduce.py,test_expand_sums,named,Sum rank above 4
test_reduce.py,test_expand_sums,named,Sum rank above 4
test_reduce.py,test_expand_sums,named,Sum rank above 4
test_reduce.py,test_expand_sums,named,Sum rank above 4
test_reduce.py,test_expand_sums,named,Sum rank above 4
test_reduce.py,test_expand_sums,named,Sum rank above 4
test_reduce.py,test_expand_sums,named,Sum rank above 4
test_reduce.py,test_expand_sums,named,Sum rank above 4
test_reduce.py,test_expand_sums,named,Sum rank above 4
test_reduce.py,test_expand_sums,named,Sum rank above 4
test_reduce.py,test_expand_sums,named,Sum rank above 4
test_reduce.py,test_expand_sums,named,Sum rank above 4
test_reduce.py,test_expand_sums,named,Sum rank above 4
test_reduce.py,test_expand_sums,named,Sum rank above 4
test_reduce.py,test_expand_sums,named,Sum rank above 4
test_reduce.py,test_expand_sums,named,Sum rank above 4
test_reduce.py,test_expand_sums,named,Sum rank above 4
test_reduce.py,test_expand_sums,named,Sum rank above 4
test_reduce.py,test_expand_sums,named,Sum rank above 4
test_reduce.py,test_expand_sums,named,Sum rank above 4
test_reduce.py,test_expand_sums,named,Sum rank above 4
test_reduce.py,test_expand_sums,named,Sum rank above 4
test_reduce.py,test_expand_sums,named,Sum rank above 4
test_reduce.py,test_expand_sums,named,Sum rank above 4
test_reduce.py,test_expand_sums,named,Sum rank above 4
test_reduce.py,test_expand_sums,named,Sum rank above 4
test_reduce.py,test_expand_sums,named,Sum rank above 4
test_reduce.py,test_expand_sums,named,Sum rank above 4
test_reduce.py,test_expand_sums,named,Sum rank above 4
test_reduce.py,test_expand_sums,named,Sum rank above 4
test_reduce.py,test_expand_sums,named,Sum rank above 4
test_reduce.py,test_expand_sums,named,Sum rank above 4
test_reduce.py,test_expand_sums,named,Sum rank above 4
test_reduce.py,test_expand_sums,named,Sum rank above 4
test_reduce.py,test_expand_sums,named,Sum rank above 4
test_reduce.py,test_expand_sums,named,Sum rank above 4
test_reduce.py,test_expand_sums,named,Sum rank above 4
test_reduce.py,test_expand_sums,named,Sum rank above 4
test_reduce.py,test_expand_sums,named,Sum rank above 4
test_reduce.py,test_expand_sums,named,Sum rank above 4
test_reduce.py,test_expand_sums,named,Sum rank above 4
test_reduce.py,test_expand_sums,named,Sum rank above 4
test_reduce.py,test_expand_sums,named,Sum rank above 4
test_reduce.py,test_expand_sums,named,Sum rank above 4
test_reduce.py,test_expand_sums,named,Sum rank above 4
test_reduce.py,test_expand_sums,named,Sum rank above 4
test_reduce.py,test_expand_sums,named,Sum rank above 4
test_reduce.py,test_expand_sums,named,Sum rank above 4
test_reduce.py,test_expand_sums,named,Sum rank above 4
test_reduce.py,test_expand_sums,named,Sum rank above 4
test_reduce.py,test_expand_sums,named,Sum rank above 4
test_reduce.py,test_expand_sums,named,Sum rank above 4
test_reduce.py,test_expand_sums,named,Sum rank above 4
test_reduce.py,test_expand_sums,named,Sum rank above 4
test_reduce.py,test_expand_sums,named,Sum rank above 4
test_reduce.py,test_expand_sums,named,Sum rank above 4
test_reduce.py,test_expand_sums,named,Sum rank above 4
test_reduce.py,test_expand_sums,named,Sum rank above 4
test_reduce.py,test_expand_sums,named,Sum rank above 4
test_reduce.py,test_expand_sums,named,Sum rank above 4
test_reduce.py,test_expand_sums,named,Sum rank above 4
test_reduce.py,test_expand_sums,named,Sum rank above 4
test_reduce.py,test_expand_sums,named,Sum rank above 4
test_reduce.py,test_expand_sums,named,Sum rank above 4
test_reduce.py,test_expand_sums,named,Sum rank above 4
test_reduce.py,test_expand_sums,named,Sum rank above 4
test_reduce.py,test_expand_sums,named,Sum rank above 4
test_reduce.py,test_expand_sums,named,Sum rank above 4
test_reduce.py,test_expand_sums,named,Sum rank above 4
test_reduce.py,test_expand_sums,named,Sum rank above 4
test_reduce.py,test_expand_sums,named,Sum rank above 4
test_reduce.py,test_expand_sums,named,Sum rank above 4
test_reduce.py,test_expand_sums,named,Sum rank above 4
test_reduce.py,test_expand_sums,named,Sum rank above 4
test_reduce.py,test_expand_sums,named,Sum rank above 4
test_reduce.py,test_expand_sums,named,Sum rank above 4
test_reduce.py,test_expand_sums,named,Sum rank above 4
test_reduce.py,test_expand_sums,named,Sum rank above 4
test_reduce.py,test_expand_sums,named,Sum rank above 4
test_reduce.py,test_expand_sums,named,Sum rank above 4
test_reduce.py,test_expand_sums,named,Sum rank above 4
test_reduce.py,test_expand_sums,named,Sum rank above 4
test_reduce.py,test_expand_sums,named,Sum rank above 4
test_reduce.py,test_expand_sums,named,Sum rank above 4
test_reduce.py,test_expand_sums,named,Sum rank above 4
test_reduce.py,test_expand_sums,named,Sum rank above 4
test_reduce.py,test_expand_sums,named,Sum rank above 4
test_reduce.py,test_expand_sums,named,Sum rank above 4
test_reduce.py,test_expand_sums,named,Sum rank above 4
test_reduce.py,test_expand_sums,named,Sum rank above 4
test_reduce.py,test_expand_sums,named,Sum rank above 4
test_reduce.py,test_expand_sums,named,Sum rank above 4
test_reduce.py,test_expand_sums,named,Sum rank above 4
test_reduce.py,test_expand_sums,named,Sum rank above 4
test_reduce.py,test_expand_sums,named,Sum rank above 4
test_reduce.py,test_expand_sums,named,Sum rank above 4
test_reduce.py,test_expand_sums,named,Sum rank above 4
test_reduce.py,test_expand_sums,named,Sum rank above 4
test_reduce.py,test_expand_sums,named,Sum rank above 4
test_reduce.py,test_expand_sums,named,Sum rank above 4
test_reduce.py,test_expand_sums,named,Sum rank above 4
test_reduce.py,test_expand_sums,named,Sum rank above 4
test_reduce.py,test_expand_sums,named,Sum rank above 4
test_reduce.py,test_expand_sums,named,Sum rank above 4
test_reduce.py,test_expand_sums,named,broadcast rank Divide
test_reduce.py,test_expand_sums,named,Sum rank above 4
test_reduce.py,test_expand_sums,named,Sum rank above 4
test_reduce.py,test_expand_sums,named,Sum rank above 4
test_reduce.py,test_expand_sums,named,Sum rank above 4
test_reduce.py,test_expand_sums,named,Sum rank above 4
test_reduce.py,test_expand_sums,named,Sum rank above 4
test_reduce.py,test_expand_sums,named,Sum rank above 4
test_reduce.py,test_expand_sums,named,Sum rank above 4
test_reduce.py,test_expand_sums,named,Sum rank above 4
test_reduce.py,test_expand_sums,named,Sum rank above 4
test_reduce.py,test_expand_sums,named,Sum rank above 4
test_reduce.py,test_expand_sums,named,Sum rank above 4
test_reduce.py,test_expand_sums,named,Sum rank above 4
test_reduce.py,test_expand_sums,named,Sum rank above 4
test_reduce.py,test_expand_sums,named,Sum rank above 4
test_reduce.py,test_expand_sums,named,Sum rank above 4
test_reduce.py,test_expand_sums,named,Sum rank above 4
test_reduce.py,test_expand_sums,named,Sum rank above 4
test_reduce.py,test_expand_sums,named,Sum rank above 4
test_reduce.py,test_expand_sums,named,Sum rank above 4
test_reduce.py,test_expand_sums,named,Sum rank above 4
test_reduce.py,test_expand_sums,named,Sum rank above 4
test_reduce.py,test_expand_sums,named,Sum rank above 4
test_reduce.py,test_expand_sums,named,Sum rank above 4
test_reduce.py,test_expand_sums,named,Sum rank above 4
test_reduce.py,test_expand_sums,named,Sum rank above 4
test_reduce.py,test_expand_sums,named,Sum rank above 4
test_reduce.py,test_expand_sums,named,Sum rank above 4
test_reduce.py,test_expand_sums,named,Sum rank above 4
test_reduce.py,test_expand_sums,named,Sum rank above 4
test_reduce.py,test_expand_sums,named,Sum rank above 4
test_reduce.py,test_expand_sums,named,Sum rank above 4
test_reduce.py,test_expand_sums,named,Sum rank above 4
test_reduce.py,test_expand_sums,named,Sum rank above 4
test_reduce.py,test_expand_sums,named,Sum rank above 4
test_reduce.py,test_expand_sums,named,Sum rank above 4
test_reduce.py,test_expand_sums,named,Sum rank above 4
test_reduce.py,test_expand_sums,named,Sum rank above 4
test_reduce.py,test_expand_sums,named,Sum rank above 4
test_reduce.py,test_expand_sums,named,Sum rank above 4
test_reduce.py,test_expand_sums,named,Sum rank above 4
test_reduce.py,test_expand_sums,named,Sum rank above 4
test_reduce.py,test_expand_sums,named,Sum rank above 4
test_reduce.py,test_expand_sums,named,Sum rank above 4
test_reduce.py,test_expand_sums,named,Sum rank above 4
test_reduce.py,test_expand_sums,named,Sum rank above 4
test_reduce.py,test_expand_sums,named,Sum rank above 4
test_reduce.py,test_expand_sums,named,Sum rank above 4
test_reduce.py,test_expand_sums,named,Sum rank above 4
test_reduce.py,test_expand_sums,named,Sum rank above 4
test_reduce.py,test_expand_sums,named,Sum rank above 4
test_reduce.py,test_expand_sums,named,Sum rank above 4
test_reduce.py,test_expand_sums,named,Sum rank above 4
test_reduce.py,test_expand_sums,named,Sum rank above 4
test_reduce.py,test_expand_sums,named,Sum rank above 4
test_reduce.py,test_expand_sums,named,Sum rank above 4
test_reduce.py,test_expand_sums,named,Sum rank above 4
test_reduce.py,test_expand_sums,named,Sum rank above 4
test_reduce.py,test_expand_sums,named,Sum rank above 4
test_reduce.py,test_expand_sums,named,Sum rank above 4
test_reduce.py,test_expand_sums,named,Sum rank above 4
test_reduce.py,test_expand_sums,named,Sum rank above 4
test_reduce.py,test_expand_sums,named,Sum rank above 4
test_reduce.py,test_expand_sums,named,Sum rank above 4
test_reduce.py,test_expand_sums,named,Sum rank above 4
test_reduce.py,test_expand_sums,named,Sum rank above 4
test_reduce.py,test_expand_sums,named,Sum rank above 4
test_reduce.py,test_expand_sums,named,Sum rank above 4
test_reduce.py,test_expand_sums,named,Sum rank above 4
test_reduce.py,test_expand_sums,named,Sum rank above 4
test_reduce.py,test_expand_sums,named,Sum rank above 4
test_reduce.py,test_expand_sums,named,Sum rank above 4
test_reduce.py,test_expand_sums,named,Sum rank above 4
test_reduce.py,test_expand_sums,named,Sum rank above 4
test_reduce.py,test_expand_sums,named,Sum rank above 4
test_reduce.py,test_expand_sums,named,Sum rank above 4
test_reduce.py,test_expand_sums,named,Sum rank above 4
test_reduce.py,test_expand_sums,named,Sum rank above 4
test_reduce.py,test_expand_sums,named,Sum rank above 4
test_reduce.py,test_expand_sums,named,Sum rank above 4
test_reduce.py,test_expand_sums,named,Sum rank above 4
test_reduce.py,test_expand_sums,named,Sum rank above 4
test_reduce.py,test_expand_sums,named,Sum rank above 4
test_reduce.py,test_expand_sums,named,Sum rank above 4
test_reduce.py,test_expand_sums,named,Sum rank above 4
test_reduce.py,test_expand_sums,named,Sum rank above 4
test_reduce.py,test_expand_sums,named,Sum rank above 4
test_reduce.py,test_expand_sums,named,Sum rank above 4
test_reduce.py,test_expand_sums,named,Sum rank above 4
test_reduce.py,test_expand_sums,named,Sum rank above 4
test_reduce.py,test_expand_sums,named,Sum rank above 4
test_reduce.py,test_expand_sums,named,Sum rank above 4
test_reduce.py,test_expand_sums,named,Sum rank above 4
test_reduce.py,test_expand_sums,named,Sum rank above 4
test_reduce.py,test_expand_sums,named,Sum rank above 4
test_reduce.py,test_expand_sums,named,Sum rank above 4
test_reduce.py,test_expand_sums,named,Sum rank above 4
test_reduce.py,test_expand_sums,named,Sum rank above 4
test_reduce.py,test_expand_sums,named,Sum rank above 4
test_reduce.py,test_expand_sums,named,Sum rank above 4
test_reduce.py,test_expand_sums,named,Sum rank above 4
test_reduce.py,test_expand_sums,named,Sum rank above 4
test_reduce.py,test_expand_sums,named,Sum rank above 4
test_reduce.py,test_expand_sums,named,Sum rank above 4
test_reduce.py,test_expand_sums,named,Sum rank above 4
test_reduce.py,test_expand_sums,named,Sum rank above 4
test_reduce.py,test_expand_sums,named,Sum rank above 4
test_reduce.py,test_expand_sums,named,Sum rank above 4
test_reduce.py,test_expand_sums,named,Sum rank above 4
test_reduce.py,test_expand_sums,named,Sum rank above 4
test_reduce.py,test_expand_sums,named,Sum rank above 4
test_reduce.py,test_expand_sums,named,Sum rank above 4
test_reduce.py,test_expand_sums,named,Sum rank above 4
test_reduce.py,test_expand_sums,named,Sum rank above 4
test_reduce.py,test_expand_sums,named,Sum rank above 4
test_reduce.py,test_expand_sums,named,Sum rank above 4
test_reduce.py,test_expand_sums,named,Sum rank above 4
test_reduce.py,test_expand_sums,named,Sum rank above 4
test_reduce.py,test_expand_sums,named,Sum rank above 4
test_reduce.py,test_expand_sums,named,Sum rank above 4
test_reduce.py,test_expand_sums,named,Sum rank above 4
test_reduce.py,test_expand_sums,named,Sum rank above 4
test_reduce.py,test_expand_sums,named,Sum rank above 4
test_reduce.py,test_expand_sums,named,Sum rank above 4
test_reduce.py,test_expand_sums,named,Sum rank above 4
test_reduce.py,test_expand_sums,named,Sum rank above 4
test_reduce.py,test_expand_sums,named,Sum rank above 4
test_reduce.py,test_expand_sums,named,Sum rank above 4
test_reduce.py,test_expand_sums,named,Sum rank above 4
test_reduce.py,test_expand_sums,named,Sum rank above 4
test_reduce.py,test_expand_sums,named,Sum rank above 4
test_reduce.py,test_expand_sums,named,Sum rank above 4
test_reduce.py,test_expand_sums,named,Sum rank above 4
test_reduce.py,test_expand_sums,named,Sum rank above 4
test_reduce.py,test_expand_sums,named,Sum rank above 4
test_reduce.py,test_expand_sums,named,Sum rank above 4
test_reduce.py,test_expand_sums,named,Sum rank above 4
test_reduce.py,test_expand_sums,named,Sum rank above 4
test_reduce.py,test_expand_sums,named,Sum rank above 4
test_reduce.py,test_expand_sums,named,Sum rank above 4
test_reduce.py,test_expand_sums,named,Sum rank above 4
test_reduce.py,test_expand_sums,named,Sum rank above 4
test_reduce.py,test_expand_sums,named,Sum rank above 4
test_reduce.py,test_expand_sums,named,Sum rank above 4
test_reduce.py,test_expand_sums,named,Sum rank above 4
test_reduce.py,test_expand_sums,named,Sum rank above 4
test_reduce.py,test_expand_sums,named,Sum rank above 4
test_reduce.py,test_expand_sums,named,Sum rank above 4
test_reduce.py,test_expand_sums,named,Sum rank above 4
test_reduce.py,test_expand_sums,named,Sum rank above 4
test_reduce.py,test_expand_sums,named,Sum rank above 4
test_reduce.py,test_expand_sums,named,Sum rank above 4
test_reduce.py,test_expand_sums,named,Sum rank above 4
test_reduce.py,test_expand_sums,named,Sum rank above 4
test_reduce.py,test_expand_sums,named,Sum rank above 4
test_reduce.py,test_expand_sums,named,Sum rank above 4
test_reduce.py,test_expand_sums,named,Sum rank above 4
test_reduce.py,test_expand_sums,named,Sum rank above 4
test_reduce.py,test_expand_sums,named,Sum rank above 4
test_reduce.py,test_expand_sums,named,Sum rank above 4
test_reduce.py,test_expand_sums,named,Sum rank above 4
test_reduce.py,test_expand_sums,named,Sum rank above 4
test_reduce.py,test_expand_sums,named,Sum rank above 4
test_reduce.py,test_expand_sums,named,Sum rank above 4
test_reduce.py,test_expand_sums,named,Sum rank above 4
test_reduce.py,test_expand_sums,named,Sum rank above 4
test_reduce.py,test_expand_sums,named,Sum rank above 4
test_reduce.py,test_expand_sums,named,Sum rank above 4
test_reduce.py,test_expand_sums,named,Sum rank above 4
test_reduce.py,test_expand_sums,named,Sum rank above 4
test_reduce.py,test_expand_sums,named,Sum rank above 4
test_reduce.py,test_expand_sums,named,Sum rank above 4
test_reduce.py,test_expand_sums,named,Sum rank above 4
test_reduce.py,test_expand_sums,named,Sum rank above 4
test_reduce.py,test_expand_sums,named,Sum rank above 4
test_reduce.py,test_expand_sums,named,Sum rank above 4
test_reduce.py,test_expand_sums,named,Sum rank above 4
test_reduce.py,test_expand_sums,named,Sum rank above 4
test_reduce.py,test_expand_sums,named,Sum rank above 4
test_reduce.py,test_expand_sums,named,Sum rank above 4
test_reduce.py,test_expand_sums,named,Sum rank above 4
test_reduce.py,test_expand_sums,named,Sum rank above 4
test_reduce.py,test_expand_sums,named,Sum rank above 4
test_reduce.py,test_expand_sums,named,Sum rank above 4
test_reduce.py,test_expand_sums,named,Sum rank above 4
test_reduce.py,test_expand_sums,named,Sum rank above 4
test_reduce.py,test_expand_sums,named,Sum rank above 4
test_reduce.py,test_expand_sums,named,Sum rank above 4
test_reduce.py,test_expand_sums,named,Sum rank above 4
test_reduce.py,test_expand_sums,named,Sum rank above 4
test_reduce.py,test_expand_sums,named,Sum rank above 4
test_reduce.py,test_expand_sums,named,Sum rank above 4
test_reduce.py,test_expand_sums,named,Sum rank above 4
test_reduce.py,test_expand_sums,named,Sum rank above 4
test_reduce.py,test_expand_sums,named,Sum rank above 4
test_reduce.py,test_expand_sums,named,Sum rank above 4
test_reduce.py,test_expand_sums,named,Sum rank above 4
test_reduce.py,test_expand_sums,named,Sum rank above 4
test_reduce.py,test_expand_sums,named,Sum rank above 4
test_reduce.py,test_expand_sums,named,Sum rank above 4
test_reduce.py,test_expand_sums,named,Sum rank above 4
test_reduce.py,test_expand_sums,named,Sum rank above 4
test_reduce.py,test_expand_sums,named,Sum rank above 4
test_reduce.py,test_expand_sums,named,Sum rank above 4
test_reduce.py,test_expand_sums,named,Sum rank above 4
test_reduce.py,test_expand_sums,named,Sum rank above 4
test_reduce.py,test_expand_sums,named,Sum rank above 4
test_reduce.py,test_expand_sums,named,Sum rank above 4
test_reduce.py,test_expand_sums,named,Sum rank above 4
test_reduce.py,test_expand_sums,named,Sum rank above 4
test_reduce.py,test_expand_sums,named,Sum rank above 4
test_reduce.py,test_expand_sums,named,Sum rank above 4
test_reduce.py,test_expand_sums,named,Sum rank above 4
test_reduce.py,test_expand_sums,named,Sum rank above 4
test_reduce.py,test_expand_sums,named,Sum rank above 4
test_reduce.py,test_expand_sums,named,Sum rank above 4
test_reduce.py,test_expand_sums,named,Sum rank above 4
test_reduce.py,test_expand_sums,named,Sum rank above 4
test_reduce.py,test_expand_sums,named,Sum rank above 4
test_reduce.py,test_expand_sums,named,Sum rank above 4
test_reduce.py,test_expand_sums,named,Sum rank above 4
test_reduce.py,test_expand_sums,named,Sum rank above 4
test_reduce.py,test_expand_sums,named,Sum rank above 4
test_reduce.py,test_expand_sums,named,Sum rank above 4
test_reduce.py,test_expand_sums,named,Sum rank above 4
test_reduce.py,test_expand_sums,named,Sum rank above 4
test_reduce.py,test_expand_sums,named,Sum rank above 4
test_reduce.py,test_expand_sums,named,Sum rank above 4
test_reduce.py,test_expand_sums,named,Sum rank above 4
test_reduce.py,test_expand_sums,named,Sum rank above 4
test_reduce.py,test_expand_sums,named,Sum rank above 4
test_reduce.py,test_expand_sums,named,Sum rank above 4
test_reduce.py,test_expand_sums,named,Sum rank above 4
test_reduce.py,test_expand_sums,named,Sum rank above 4
test_reduce.py,test_expand_sums,named,Sum rank above 4
test_reduce.py,test_expand_sums,named,Sum rank above 4
test_reduce.py,test_expand_sums,named,Sum rank above 4
test_reduce.py,test_expand_sums,named,Sum rank above 4
test_reduce.py,test_expand_sums,named,Sum rank above 4
test_reduce.py,test_expand_sums,named,Sum rank above 4
test_reduce.py,test_expand_sums,named,Sum rank above 4
test_reduce.py,test_expand_sums,named,Sum rank above 4
test_reduce.py,test_expand_sums,named,Sum rank above 4
test_reduce.py,test_expand_sums,named,Sum rank above 4
test_reduce.py,test_many_reduction_axes,named,Minimum dtype
test_reduce.py,test_nan_propagation,named,Minimum dtype
test_reduce.py,test_nan_propagation,named,Minimum dtype
test_reduce.py,test_nan_propagation,named,Minimum dtype
test_reduce.py,test_nan_propagation,named,Minimum dtype
test_reduce.py,test_nan_propagation,named,Minimum dtype
test_reduce.py,test_nan_propagation,named,Minimum dtype
test_reduce.py,test_nan_propagation,named,Minimum dtype
test_reduce.py,test_nan_propagation,named,Minimum dtype
test_reduce.py,test_nan_propagation_complex64,assert,
test_reduce.py,test_row_reduce_negative_stride,named,negative stride copy
test_reduce.py,test_row_reduce_negative_stride,named,negative stride copy
test_reduce.py,test_row_reduce_negative_stride,named,negative stride copy
test_reduce.py,test_row_reduce_negative_stride,named,negative stride copy
test_reduce.py,test_row_reduce_negative_stride,named,negative stride copy
test_reduce.py,test_sum_bool,named,Sum dtype
test_threads.py,test_threadlocal_stream,assert,
test_tree.py,test_supported_trees,named,Add dtype
test_upsample.py,test_antialias_1d_smoke,named,GreaterEqual dtype
test_upsample.py,test_antialias_1d_smoke,named,GreaterEqual dtype
test_upsample.py,test_antialias_1d_smoke,named,GreaterEqual dtype
test_upsample.py,test_antialias_1d_smoke,named,GreaterEqual dtype
test_upsample.py,test_antialias_non_integer_scale_smoke,named,GreaterEqual dtype
test_upsample.py,test_antialias_non_integer_scale_smoke,named,GreaterEqual dtype
test_upsample.py,test_antialias_non_integer_scale_smoke,named,GreaterEqual dtype
test_upsample.py,test_antialias_non_integer_scale_smoke,named,GreaterEqual dtype
test_upsample.py,test_antialias_non_integer_scale_smoke,named,GreaterEqual dtype
test_upsample.py,test_antialias_non_integer_scale_smoke,named,GreaterEqual dtype
test_vmap.py,test_binary,named,Equal dtype
test_vmap.py,test_binary,named,Equal dtype
test_vmap.py,test_binary,named,GreaterEqual dtype
test_vmap.py,test_binary,named,Equal dtype
test_vmap.py,test_binary,named,Equal dtype
test_vmap.py,test_binary,named,dtype converting copy
test_vmap.py,test_binary,named,dtype converting copy
test_vmap.py,test_broadcast_axes_vmap,named,And rank above 4
test_vmap.py,test_unary,assert,
test_vmap.py,test_unary,named,dtype converting copy
test_vmap.py,test_unary,named,Negative dtype
test_vmap.py,test_unary,named,Square dtype
test_vmap.py,test_vmap_argreduce,named,ArgMin dtype
test_vmap.py,test_vmap_argsort,named,non-suffix ArgSort
test_vmap.py,test_vmap_concatenate,named,matrix layout Take
test_vmap.py,test_vmap_const_func,named,non-zero scalar fill
test_vmap.py,test_vmap_conv,named,non-2D Convolution
test_vmap.py,test_vmap_gather,named,non-axis-0 Take
test_vmap.py,test_vmap_indexing,named,non-axis-0 Take
test_vmap.py,test_vmap_inverse,cpucpu,IndexError cpu stream table
test_vmap.py,test_vmap_masked_scatter,named,non-zero scalar fill
test_vmap.py,test_vmap_matmul,named,broadcast AddMM
test_vmap.py,test_vmap_pad,named,non-zero fill
test_vmap.py,test_vmap_partition,named,ArgSort dtype
test_vmap.py,test_vmap_reduce,named,non-zero scalar fill
test_vmap.py,test_vmap_scatter,named,multi-index Scatter
test_vmap.py,test_vmap_sort,named,non-suffix Sort
test_vmap.py,test_vmap_svd,cpucpu,IndexError cpu stream table
test_vmap.py,test_vmap_topk,named,ArgSort dtype
test_vmap.py,test_vmap_types,named,Add dtype
test_zero_copy.py,test_copy_true_copies,named,matrix layout Take
