++ date +%s
++ date
+ echo '[qual] START 1788361653 Wed Sep  2 10:07:33 CDT 2026'
[qual] START 1788361653 Wed Sep  2 10:07:33 CDT 2026
++ nproc
+ echo '[qual] nproc=1'
[qual] nproc=1
+ cd /home/joshuawarren/src/mlx-omarchy
+ git fetch origin
From https://github.com/joshuaswarren/mlx-omarchy
   6049968..b188d13  feat/vulkan-primitives -> origin/feat/vulkan-primitives
   6049968..b188d13  main                   -> origin/main
 * [new tag]         v0.3.0-alpha.1         -> v0.3.0-alpha.1
+ git worktree prune
+ rm -rf /home/joshuawarren/src/mlx-omarchy-qual
+ git worktree add --detach /home/joshuawarren/src/mlx-omarchy-qual 5f8ba16cf9080ca3eb8a5ad59e3377df28450650
Preparing worktree (detached HEAD 5f8ba16)
HEAD is now at 5f8ba16 chore: ignore session debris
+ cd /home/joshuawarren/src/mlx-omarchy-qual
+ git rev-parse HEAD
5f8ba16cf9080ca3eb8a5ad59e3377df28450650
+ ./scripts/prepare-mlx.sh
  % Total    % Received % Xferd  Average Speed  Time    Time    Time   Current
                                 Dload  Upload  Total   Spent   Left   Speed
  0      0   0      0   0      0      0      0                              0  0      0   0      0   0      0      0      0                              0  0      0   0      0   0      0      0      0                              0
  0      0   0      0   0      0      0      0                              0100  4.20M   0  4.20M   0      0  3.01M      0           00:01              0100  4.20M   0  4.20M   0      0  3.01M      0           00:01              0100  4.20M   0  4.20M   0      0  3.01M      0           00:01              0
patching file CMakeLists.txt
patching file mlx/CMakeLists.txt
patching file tests/CMakeLists.txt
patching file setup.py
patching file mlx/io/safetensors.cpp
patching file mlx/io/load.cpp
patching file mlx/linalg.cpp
patching file python/src/buffer.h
/home/joshuawarren/src/mlx-omarchy-qual/.work/mlx
+ cmake -S .work/mlx -B .work/build -G Ninja -DMLX_BUILD_OMARCHY=ON -DMLX_BUILD_CPU=OFF -DMLX_BUILD_METAL=OFF -DMLX_BUILD_CUDA=OFF -DMLX_BUILD_TESTS=ON -DMLX_BUILD_EXAMPLES=OFF -DMLX_BUILD_BENCHMARKS=OFF -DMLX_BUILD_PYTHON_BINDINGS=OFF
-- The C compiler identification is GNU 16.1.1
-- The CXX compiler identification is GNU 16.1.1
-- Detecting C compiler ABI info
-- Detecting C compiler ABI info - done
-- Check for working C compiler: /usr/bin/cc - skipped
-- Detecting C compile features
-- Detecting C compile features - done
-- Detecting CXX compiler ABI info
-- Detecting CXX compiler ABI info - done
-- Check for working CXX compiler: /usr/bin/c++ - skipped
-- Detecting CXX compile features
-- Detecting CXX compile features - done
-- Building MLX for aarch64 processor on Linux
-- Found Vulkan: /usr/lib/libvulkan.so (found version "1.4.357") found components: glslc glslangValidator
-- Vulkan found: include /usr/include, libs /usr/lib/libvulkan.so
-- Downloading json
-- Using the multi-header code from /home/joshuawarren/src/mlx-omarchy-qual/.work/build/_deps/json-src/include/
-- Downloading gguflib
-- {fmt} version: 12.1.0
-- Build type: 
CMake Warning (deprecated) at /home/joshuawarren/src/mlx-omarchy-qual/.work/build/_deps/doctest-src/CMakeLists.txt:1 (cmake_minimum_required):
  Compatibility with CMake < 3.10 will be removed from a future version of
  CMake.

  Update the VERSION argument <min> value.  Or, use the <min>...<max> syntax
  to tell CMake that the project requires at least <min> but has been updated
  to work with policies introduced by <max> or earlier.
This warning is for project developers.  Use -Wno-author or -Wno-deprecated
to suppress it.

-- Configuring done (17.7s)
-- Generating done (0.1s)
-- Build files have been written to: /home/joshuawarren/src/mlx-omarchy-qual/.work/build
+ cmake --build .work/build -j1 --target omarchy_runtime_tests omarchy_copy_offset_tests omarchy_primitive_tests omarchy_ane_bundle_tests omarchy_kv_ops_tests omarchy_error_contract_tests omarchy_shape_ops_tests omarchy_reduce_ops_tests omarchy_indexing_ops_tests omarchy_matmul_family_tests omarchy_distributed_tests omarchy_compiled_tape_tests omarchy_fft_ops_tests omarchy_fast_ops_tests omarchy_linalg_ops_tests mlx-omarchy-info
[1/428] Generating shaders/anyall_bf16.spv
[2/428] Generating shaders/anyall_bool.spv
[3/428] Generating shaders/anyall_f16.spv
[4/428] Generating shaders/anyall_f32.spv
[5/428] Generating shaders/anyall_i32.spv
[6/428] Generating shaders/anyall_u32.spv
[7/428] Generating shaders/arange_bf16.spv
[8/428] Generating shaders/arange_f16.spv
[9/428] Generating shaders/arange_f32.spv
[10/428] Generating shaders/arange_i32.spv
[11/428] Generating shaders/argreduce_bf16.spv
[12/428] Generating shaders/argreduce_f16.spv
[13/428] Generating shaders/argreduce_f32.spv
[14/428] Generating shaders/argsort_bf16.spv
[15/428] Generating shaders/argsort_f16.spv
[16/428] Generating shaders/argsort_f32.spv
[17/428] Generating shaders/block_mask_f32.spv
[18/428] Generating shaders/cast_bf16_f16.spv
[19/428] Generating shaders/cast_bf16_f32.spv
[20/428] Generating shaders/cast_bf16_i32.spv
[21/428] Generating shaders/cast_bool_f32.spv
[22/428] Generating shaders/cast_f16_bf16.spv
[23/428] Generating shaders/cast_f16_f32.spv
[24/428] Generating shaders/cast_f16_i32.spv
[25/428] Generating shaders/cast_f32_bf16.spv
[26/428] Generating shaders/cast_f32_f16.spv
[27/428] Generating shaders/cast_f32_i32.spv
[28/428] Generating shaders/cast_i32_bf16.spv
[29/428] Generating shaders/cast_i32_f16.spv
[30/428] Generating shaders/cast_i32_f32.spv
[31/428] Generating shaders/cast_u32_f32.spv
[32/428] Generating shaders/clear_u32.spv
[33/428] Generating shaders/compare_bf16.spv
[34/428] Generating shaders/compare_f16.spv
[35/428] Generating shaders/compare_f32.spv
[36/428] Generating shaders/compare_i32.spv
[37/428] Generating shaders/conv_bf16.spv
[38/428] Generating shaders/conv_f16.spv
[39/428] Generating shaders/conv_f32.spv
[40/428] Generating shaders/copy_general_bf16.spv
[41/428] Generating shaders/copy_general_f16.spv
[42/428] Generating shaders/copy_general_f32.spv
[43/428] Generating shaders/copy_general_u32.spv
[44/428] Generating shaders/dequant_f16.spv
[45/428] Generating shaders/dequant_f32.spv
[46/428] Generating shaders/elementwise_bf16.spv
[47/428] Generating shaders/elementwise_f16.spv
[48/428] Generating shaders/elementwise_f32.spv
[49/428] Generating shaders/elementwise_i32.spv
[50/428] Generating shaders/elementwise_u32.spv
[51/428] Generating shaders/fast_cross_entropy_bf16.spv
[52/428] Generating shaders/fast_cross_entropy_f16.spv
[53/428] Generating shaders/fast_cross_entropy_f32.spv
[54/428] Generating shaders/fast_cross_entropy_vjp_bf16.spv
[55/428] Generating shaders/fast_cross_entropy_vjp_f16.spv
[56/428] Generating shaders/fast_cross_entropy_vjp_f32.spv
[57/428] Generating shaders/fast_layer_norm_bf16.spv
[58/428] Generating shaders/fast_layer_norm_f16.spv
[59/428] Generating shaders/fast_layer_norm_f32.spv
[60/428] Generating shaders/fast_layer_norm_vjp_dw_bf16.spv
[61/428] Generating shaders/fast_layer_norm_vjp_dw_f16.spv
[62/428] Generating shaders/fast_layer_norm_vjp_dw_f32.spv
[63/428] Generating shaders/fast_layer_norm_vjp_dx_bf16.spv
[64/428] Generating shaders/fast_layer_norm_vjp_dx_f16.spv
[65/428] Generating shaders/fast_layer_norm_vjp_dx_f32.spv
[66/428] Generating shaders/fast_rms_norm_bf16.spv
[67/428] Generating shaders/fast_rms_norm_f16.spv
[68/428] Generating shaders/fast_rms_norm_f32.spv
[69/428] Generating shaders/fast_rms_norm_vjp_dw_bf16.spv
[70/428] Generating shaders/fast_rms_norm_vjp_dw_f16.spv
[71/428] Generating shaders/fast_rms_norm_vjp_dw_f32.spv
[72/428] Generating shaders/fast_rms_norm_vjp_dx_bf16.spv
[73/428] Generating shaders/fast_rms_norm_vjp_dx_f16.spv
[74/428] Generating shaders/fast_rms_norm_vjp_dx_f32.spv
[75/428] Generating shaders/fft_f32.spv
[76/428] Generating shaders/fft_real_f32.spv
[77/428] Generating shaders/fill_bf16.spv
[78/428] Generating shaders/fill_f16.spv
[79/428] Generating shaders/fill_f32.spv
[80/428] Generating shaders/fp8_from_bf16.spv
[81/428] Generating shaders/fp8_from_f16.spv
[82/428] Generating shaders/fp8_from_f32.spv
[83/428] Generating shaders/fp8_to_bf16.spv
[84/428] Generating shaders/fp8_to_f16.spv
[85/428] Generating shaders/fp8_to_f32.spv
[86/428] Generating shaders/gather_axis_bf16.spv
[87/428] Generating shaders/gather_axis_f16.spv
[88/428] Generating shaders/gather_axis_u32.spv
[89/428] Generating shaders/gather_bf16.spv
[90/428] Generating shaders/gather_f16.spv
[91/428] Generating shaders/gather_f32.spv
[92/428] Generating shaders/gather_mm_bf16.spv
[93/428] Generating shaders/gather_mm_f16.spv
[94/428] Generating shaders/gather_mm_f32.spv
[95/428] Generating shaders/gather_qmm_bf16.spv
[96/428] Generating shaders/gather_qmm_f16.spv
[97/428] Generating shaders/gather_qmm_f32.spv
[98/428] Generating shaders/gather_qmm_nb_bf16.spv
[99/428] Generating shaders/gather_qmm_nb_f16.spv
[100/428] Generating shaders/gather_qmm_nb_f32.spv
[101/428] Generating shaders/gather_u32.spv
[102/428] Generating shaders/hadamard_bf16.spv
[103/428] Generating shaders/hadamard_f16.spv
[104/428] Generating shaders/hadamard_f32.spv
[105/428] Generating shaders/linalg_cholesky_f32.spv
[106/428] Generating shaders/linalg_eigh_f32.spv
[107/428] Generating shaders/linalg_inverse_f32.spv
[108/428] Generating shaders/linalg_lu_f32.spv
[109/428] Generating shaders/linalg_qr_f32.spv
[110/428] Generating shaders/linalg_svd_f32.spv
[111/428] Generating shaders/linalg_svd_finalize_f32.spv
[112/428] Generating shaders/logical_or_bool.spv
[113/428] Generating shaders/logsumexp_bf16.spv
[114/428] Generating shaders/logsumexp_f16.spv
[115/428] Generating shaders/logsumexp_f32.spv
[116/428] Generating shaders/masked_scatter_bf16.spv
[117/428] Generating shaders/masked_scatter_f16.spv
[118/428] Generating shaders/masked_scatter_u32.spv
[119/428] Generating shaders/matmul_bf16.spv
[120/428] Generating shaders/matmul_f16.spv
[121/428] Generating shaders/matmul_f32.spv
[122/428] Generating shaders/qmm_bf16.spv
[123/428] Generating shaders/qmm_f16.spv
[124/428] Generating shaders/qmm_f32.spv
[125/428] Generating shaders/random_bits_u32.spv
[126/428] Generating shaders/reduce_bf16.spv
[127/428] Generating shaders/reduce_f16.spv
[128/428] Generating shaders/reduce_f32.spv
[129/428] Generating shaders/reduce_general_bf16.spv
[130/428] Generating shaders/reduce_general_f16.spv
[131/428] Generating shaders/reduce_general_f32.spv
[132/428] Generating shaders/reduce_general_i32.spv
[133/428] Generating shaders/reduce_general_u32.spv
[134/428] Generating shaders/scan_bf16.spv
[135/428] Generating shaders/scan_f16.spv
[136/428] Generating shaders/scan_f32.spv
[137/428] Generating shaders/scan_general_bf16.spv
[138/428] Generating shaders/scan_general_f16.spv
[139/428] Generating shaders/scan_general_f32.spv
[140/428] Generating shaders/scan_general_i32.spv
[141/428] Generating shaders/scan_general_u32.spv
[142/428] Generating shaders/scatter_axis_bf16.spv
[143/428] Generating shaders/scatter_axis_f16.spv
[144/428] Generating shaders/scatter_axis_u32.spv
[145/428] Generating shaders/scatter_bf16.spv
[146/428] Generating shaders/scatter_f16.spv
[147/428] Generating shaders/scatter_u32.spv
[148/428] Generating shaders/searchsorted_bf16.spv
[149/428] Generating shaders/searchsorted_f16.spv
[150/428] Generating shaders/searchsorted_f32.spv
[151/428] Generating shaders/searchsorted_i32.spv
[152/428] Generating shaders/searchsorted_u32.spv
[153/428] Generating shaders/segmented_mm_bf16.spv
[154/428] Generating shaders/segmented_mm_f16.spv
[155/428] Generating shaders/segmented_mm_f32.spv
[156/428] Generating shaders/select_bf16.spv
[157/428] Generating shaders/select_f16.spv
[158/428] Generating shaders/select_f32.spv
[159/428] Generating shaders/softmax_bf16.spv
[160/428] Generating shaders/softmax_f16.spv
[161/428] Generating shaders/softmax_f32.spv
[162/428] Generating shaders/sort_bf16.spv
[163/428] Generating shaders/sort_f16.spv
[164/428] Generating shaders/sort_f32.spv
[165/428] Building C object mlx/io/CMakeFiles/gguflib.dir/__/__/_deps/gguflib-src/fp16.c.o
[166/428] Building C object mlx/io/CMakeFiles/gguflib.dir/__/__/_deps/gguflib-src/gguflib.c.o
[167/428] Generating shaders/anyall_bf16.h
[168/428] Generating shaders/anyall_bool.h
[169/428] Generating shaders/anyall_f16.h
[170/428] Generating shaders/anyall_f32.h
[171/428] Generating shaders/anyall_i32.h
[172/428] Generating shaders/anyall_u32.h
[173/428] Generating shaders/arange_bf16.h
[174/428] Generating shaders/arange_f16.h
[175/428] Generating shaders/arange_f32.h
[176/428] Generating shaders/arange_i32.h
[177/428] Generating shaders/argreduce_bf16.h
[178/428] Generating shaders/argreduce_f16.h
[179/428] Generating shaders/argreduce_f32.h
[180/428] Generating shaders/argsort_bf16.h
[181/428] Generating shaders/argsort_f16.h
[182/428] Generating shaders/argsort_f32.h
[183/428] Generating shaders/block_mask_f32.h
[184/428] Generating shaders/cast_bf16_f16.h
[185/428] Generating shaders/cast_bf16_f32.h
[186/428] Generating shaders/cast_bf16_i32.h
[187/428] Generating shaders/cast_bool_f32.h
[188/428] Generating shaders/cast_f16_bf16.h
[189/428] Generating shaders/cast_f16_f32.h
[190/428] Generating shaders/cast_f16_i32.h
[191/428] Generating shaders/cast_f32_bf16.h
[192/428] Generating shaders/cast_f32_f16.h
[193/428] Generating shaders/cast_f32_i32.h
[194/428] Generating shaders/cast_i32_bf16.h
[195/428] Generating shaders/cast_i32_f16.h
[196/428] Generating shaders/cast_i32_f32.h
[197/428] Generating shaders/cast_u32_f32.h
[198/428] Generating shaders/clear_u32.h
[199/428] Generating shaders/compare_bf16.h
[200/428] Generating shaders/compare_f16.h
[201/428] Generating shaders/compare_f32.h
[202/428] Generating shaders/compare_i32.h
[203/428] Generating shaders/conv_bf16.h
[204/428] Generating shaders/conv_f16.h
[205/428] Generating shaders/conv_f32.h
[206/428] Generating shaders/copy_general_bf16.h
[207/428] Generating shaders/copy_general_f16.h
[208/428] Generating shaders/copy_general_f32.h
[209/428] Generating shaders/copy_general_u32.h
[210/428] Generating shaders/dequant_f16.h
[211/428] Generating shaders/dequant_f32.h
[212/428] Generating shaders/elementwise_bf16.h
[213/428] Generating shaders/elementwise_f16.h
[214/428] Generating shaders/elementwise_f32.h
[215/428] Generating shaders/elementwise_i32.h
[216/428] Generating shaders/elementwise_u32.h
[217/428] Generating shaders/fast_cross_entropy_bf16.h
[218/428] Generating shaders/fast_cross_entropy_f16.h
[219/428] Generating shaders/fast_cross_entropy_f32.h
[220/428] Generating shaders/fast_cross_entropy_vjp_bf16.h
[221/428] Generating shaders/fast_cross_entropy_vjp_f16.h
[222/428] Generating shaders/fast_cross_entropy_vjp_f32.h
[223/428] Generating shaders/fast_layer_norm_bf16.h
[224/428] Generating shaders/fast_layer_norm_f16.h
[225/428] Generating shaders/fast_layer_norm_f32.h
[226/428] Generating shaders/fast_layer_norm_vjp_dw_bf16.h
[227/428] Generating shaders/fast_layer_norm_vjp_dw_f16.h
[228/428] Generating shaders/fast_layer_norm_vjp_dw_f32.h
[229/428] Generating shaders/fast_layer_norm_vjp_dx_bf16.h
[230/428] Generating shaders/fast_layer_norm_vjp_dx_f16.h
[231/428] Generating shaders/fast_layer_norm_vjp_dx_f32.h
[232/428] Generating shaders/fast_rms_norm_bf16.h
[233/428] Generating shaders/fast_rms_norm_f16.h
[234/428] Generating shaders/fast_rms_norm_f32.h
[235/428] Generating shaders/fast_rms_norm_vjp_dw_bf16.h
[236/428] Generating shaders/fast_rms_norm_vjp_dw_f16.h
[237/428] Generating shaders/fast_rms_norm_vjp_dw_f32.h
[238/428] Generating shaders/fast_rms_norm_vjp_dx_bf16.h
[239/428] Generating shaders/fast_rms_norm_vjp_dx_f16.h
[240/428] Generating shaders/fast_rms_norm_vjp_dx_f32.h
[241/428] Generating shaders/fft_f32.h
[242/428] Generating shaders/fft_real_f32.h
[243/428] Generating shaders/fill_bf16.h
[244/428] Generating shaders/fill_f16.h
[245/428] Generating shaders/fill_f32.h
[246/428] Generating shaders/fp8_from_bf16.h
[247/428] Generating shaders/fp8_from_f16.h
[248/428] Generating shaders/fp8_from_f32.h
[249/428] Generating shaders/fp8_to_bf16.h
[250/428] Generating shaders/fp8_to_f16.h
[251/428] Generating shaders/fp8_to_f32.h
[252/428] Generating shaders/gather_axis_bf16.h
[253/428] Generating shaders/gather_axis_f16.h
[254/428] Generating shaders/gather_axis_u32.h
[255/428] Generating shaders/gather_bf16.h
[256/428] Generating shaders/gather_f16.h
[257/428] Generating shaders/gather_f32.h
[258/428] Generating shaders/gather_mm_bf16.h
[259/428] Generating shaders/gather_mm_f16.h
[260/428] Generating shaders/gather_mm_f32.h
[261/428] Generating shaders/gather_qmm_bf16.h
[262/428] Generating shaders/gather_qmm_f16.h
[263/428] Generating shaders/gather_qmm_f32.h
[264/428] Generating shaders/gather_qmm_nb_bf16.h
[265/428] Generating shaders/gather_qmm_nb_f16.h
[266/428] Generating shaders/gather_qmm_nb_f32.h
[267/428] Generating shaders/gather_u32.h
[268/428] Generating shaders/hadamard_bf16.h
[269/428] Generating shaders/hadamard_f16.h
[270/428] Generating shaders/hadamard_f32.h
[271/428] Generating shaders/linalg_cholesky_f32.h
[272/428] Generating shaders/linalg_eigh_f32.h
[273/428] Generating shaders/linalg_inverse_f32.h
[274/428] Generating shaders/linalg_lu_f32.h
[275/428] Generating shaders/linalg_qr_f32.h
[276/428] Generating shaders/linalg_svd_f32.h
[277/428] Generating shaders/linalg_svd_finalize_f32.h
[278/428] Generating shaders/logical_or_bool.h
[279/428] Generating shaders/logsumexp_bf16.h
[280/428] Generating shaders/logsumexp_f16.h
[281/428] Generating shaders/logsumexp_f32.h
[282/428] Generating shaders/masked_scatter_bf16.h
[283/428] Generating shaders/masked_scatter_f16.h
[284/428] Generating shaders/masked_scatter_u32.h
[285/428] Generating shaders/matmul_bf16.h
[286/428] Generating shaders/matmul_f16.h
[287/428] Generating shaders/matmul_f32.h
[288/428] Generating shaders/qmm_bf16.h
[289/428] Generating shaders/qmm_f16.h
[290/428] Generating shaders/qmm_f32.h
[291/428] Generating shaders/random_bits_u32.h
[292/428] Generating shaders/reduce_bf16.h
[293/428] Generating shaders/reduce_f16.h
[294/428] Generating shaders/reduce_f32.h
[295/428] Generating shaders/reduce_general_bf16.h
[296/428] Generating shaders/reduce_general_f16.h
[297/428] Generating shaders/reduce_general_f32.h
[298/428] Generating shaders/reduce_general_i32.h
[299/428] Generating shaders/reduce_general_u32.h
[300/428] Generating shaders/scan_bf16.h
[301/428] Generating shaders/scan_f16.h
[302/428] Generating shaders/scan_f32.h
[303/428] Generating shaders/scan_general_bf16.h
[304/428] Generating shaders/scan_general_f16.h
[305/428] Generating shaders/scan_general_f32.h
[306/428] Generating shaders/scan_general_i32.h
[307/428] Generating shaders/scan_general_u32.h
[308/428] Generating shaders/scatter_axis_bf16.h
[309/428] Generating shaders/scatter_axis_f16.h
[310/428] Generating shaders/scatter_axis_u32.h
[311/428] Generating shaders/scatter_bf16.h
[312/428] Generating shaders/scatter_f16.h
[313/428] Generating shaders/scatter_u32.h
[314/428] Generating shaders/searchsorted_bf16.h
[315/428] Generating shaders/searchsorted_f16.h
[316/428] Generating shaders/searchsorted_f32.h
[317/428] Generating shaders/searchsorted_i32.h
[318/428] Generating shaders/searchsorted_u32.h
[319/428] Generating shaders/segmented_mm_bf16.h
[320/428] Generating shaders/segmented_mm_f16.h
[321/428] Generating shaders/segmented_mm_f32.h
[322/428] Generating shaders/select_bf16.h
[323/428] Generating shaders/select_f16.h
[324/428] Generating shaders/select_f32.h
[325/428] Generating shaders/softmax_bf16.h
[326/428] Generating shaders/softmax_f16.h
[327/428] Generating shaders/softmax_f32.h
[328/428] Generating shaders/sort_bf16.h
[329/428] Generating shaders/sort_f16.h
[330/428] Generating shaders/sort_f32.h
[331/428] Building CXX object mlx/CMakeFiles/mlx_version.dir/version.cpp.o
[332/428] Linking C static library mlx/io/libgguflib.a
[333/428] Building CXX object CMakeFiles/mlx.dir/mlx/array.cpp.o
In file included from /home/joshuawarren/src/mlx-omarchy-qual/.work/mlx/mlx/event.h:8,
                 from /home/joshuawarren/src/mlx-omarchy-qual/.work/mlx/mlx/array.h:13,
                 from /home/joshuawarren/src/mlx-omarchy-qual/.work/mlx/mlx/array.cpp:5:
/home/joshuawarren/src/mlx-omarchy-qual/.work/mlx/mlx/error.h: In member function 'void mlx::core::Error::set_message(Message)':
/home/joshuawarren/src/mlx-omarchy-qual/.work/mlx/mlx/error.h:17:22: warning: 'void std::atomic_store(shared_ptr<_Tp>*, shared_ptr<_Tp>) [with _Tp = __cxx11::basic_string<char>]' is deprecated: use 'std::atomic<std::shared_ptr<T>>' instead [-Wdeprecated-declarations]
   17 |     std::atomic_store(&message_, std::move(msg));
      |     ~~~~~~~~~~~~~~~~~^~~~~~~~~~~~~~~~~~~~~~~~~~~
In file included from /usr/include/c++/16.1.1/memory:83,
                 from /home/joshuawarren/src/mlx-omarchy-qual/.work/mlx/mlx/array.h:7:
/usr/include/c++/16.1.1/bits/shared_ptr_atomic.h:183:5: note: declared here
  183 |     atomic_store(shared_ptr<_Tp>* __p, shared_ptr<_Tp> __r)
      |     ^~~~~~~~~~~~
/home/joshuawarren/src/mlx-omarchy-qual/.work/mlx/mlx/error.h: In member function 'bool mlx::core::Error::valid() const':
/home/joshuawarren/src/mlx-omarchy-qual/.work/mlx/mlx/error.h:21:32: warning: 'std::shared_ptr<_Tp> std::atomic_load(const shared_ptr<_Tp>*) [with _Tp = __cxx11::basic_string<char>]' is deprecated: use 'std::atomic<std::shared_ptr<T>>' instead [-Wdeprecated-declarations]
   21 |     auto msg = std::atomic_load(&message_);
      |                ~~~~~~~~~~~~~~~~^~~~~~~~~~~
/usr/include/c++/16.1.1/bits/shared_ptr_atomic.h:142:5: note: declared here
  142 |     atomic_load(const shared_ptr<_Tp>* __p)
      |     ^~~~~~~~~~~
/home/joshuawarren/src/mlx-omarchy-qual/.work/mlx/mlx/error.h: In member function 'bool mlx::core::Error::store_if_valid(const mlx::core::Error*)':
/home/joshuawarren/src/mlx-omarchy-qual/.work/mlx/mlx/error.h:28:37: warning: 'std::shared_ptr<_Tp> std::atomic_load(const shared_ptr<_Tp>*) [with _Tp = __cxx11::basic_string<char>]' is deprecated: use 'std::atomic<std::shared_ptr<T>>' instead [-Wdeprecated-declarations]
   28 |       Message msg = std::atomic_load(&ptr->message_);
      |                     ~~~~~~~~~~~~~~~~^~~~~~~~~~~~~~~~
/usr/include/c++/16.1.1/bits/shared_ptr_atomic.h:142:5: note: declared here
  142 |     atomic_load(const shared_ptr<_Tp>* __p)
      |     ^~~~~~~~~~~
/home/joshuawarren/src/mlx-omarchy-qual/.work/mlx/mlx/error.h: In member function 'void mlx::core::Error::check()':
/home/joshuawarren/src/mlx-omarchy-qual/.work/mlx/mlx/error.h:39:36: warning: 'std::shared_ptr<_Tp> std::atomic_exchange(shared_ptr<_Tp>*, shared_ptr<_Tp>) [with _Tp = __cxx11::basic_string<char>]' is deprecated: use 'std::atomic<std::shared_ptr<T>>' instead [-Wdeprecated-declarations]
   39 |     auto msg = std::atomic_exchange(&message_, {});
      |                ~~~~~~~~~~~~~~~~~~~~^~~~~~~~~~~~~~~
/usr/include/c++/16.1.1/bits/shared_ptr_atomic.h:225:5: note: declared here
  225 |     atomic_exchange(shared_ptr<_Tp>* __p, shared_ptr<_Tp> __r)
      |     ^~~~~~~~~~~~~~~
[334/428] Building CXX object CMakeFiles/mlx.dir/mlx/compile.cpp.o
In file included from /home/joshuawarren/src/mlx-omarchy-qual/.work/mlx/mlx/event.h:8,
                 from /home/joshuawarren/src/mlx-omarchy-qual/.work/mlx/mlx/array.h:13,
                 from /home/joshuawarren/src/mlx-omarchy-qual/.work/mlx/mlx/backend/common/compiled.h:8,
                 from /home/joshuawarren/src/mlx-omarchy-qual/.work/mlx/mlx/compile.cpp:12:
/home/joshuawarren/src/mlx-omarchy-qual/.work/mlx/mlx/error.h: In member function 'void mlx::core::Error::set_message(Message)':
/home/joshuawarren/src/mlx-omarchy-qual/.work/mlx/mlx/error.h:17:22: warning: 'void std::atomic_store(shared_ptr<_Tp>*, shared_ptr<_Tp>) [with _Tp = __cxx11::basic_string<char>]' is deprecated: use 'std::atomic<std::shared_ptr<T>>' instead [-Wdeprecated-declarations]
   17 |     std::atomic_store(&message_, std::move(msg));
      |     ~~~~~~~~~~~~~~~~~^~~~~~~~~~~~~~~~~~~~~~~~~~~
In file included from /usr/include/c++/16.1.1/memory:83,
                 from /home/joshuawarren/src/mlx-omarchy-qual/.work/mlx/mlx/array.h:7:
/usr/include/c++/16.1.1/bits/shared_ptr_atomic.h:183:5: note: declared here
  183 |     atomic_store(shared_ptr<_Tp>* __p, shared_ptr<_Tp> __r)
      |     ^~~~~~~~~~~~
/home/joshuawarren/src/mlx-omarchy-qual/.work/mlx/mlx/error.h: In member function 'bool mlx::core::Error::valid() const':
/home/joshuawarren/src/mlx-omarchy-qual/.work/mlx/mlx/error.h:21:32: warning: 'std::shared_ptr<_Tp> std::atomic_load(const shared_ptr<_Tp>*) [with _Tp = __cxx11::basic_string<char>]' is deprecated: use 'std::atomic<std::shared_ptr<T>>' instead [-Wdeprecated-declarations]
   21 |     auto msg = std::atomic_load(&message_);
      |                ~~~~~~~~~~~~~~~~^~~~~~~~~~~
/usr/include/c++/16.1.1/bits/shared_ptr_atomic.h:142:5: note: declared here
  142 |     atomic_load(const shared_ptr<_Tp>* __p)
      |     ^~~~~~~~~~~
/home/joshuawarren/src/mlx-omarchy-qual/.work/mlx/mlx/error.h: In member function 'bool mlx::core::Error::store_if_valid(const mlx::core::Error*)':
/home/joshuawarren/src/mlx-omarchy-qual/.work/mlx/mlx/error.h:28:37: warning: 'std::shared_ptr<_Tp> std::atomic_load(const shared_ptr<_Tp>*) [with _Tp = __cxx11::basic_string<char>]' is deprecated: use 'std::atomic<std::shared_ptr<T>>' instead [-Wdeprecated-declarations]
   28 |       Message msg = std::atomic_load(&ptr->message_);
      |                     ~~~~~~~~~~~~~~~~^~~~~~~~~~~~~~~~
/usr/include/c++/16.1.1/bits/shared_ptr_atomic.h:142:5: note: declared here
  142 |     atomic_load(const shared_ptr<_Tp>* __p)
      |     ^~~~~~~~~~~
/home/joshuawarren/src/mlx-omarchy-qual/.work/mlx/mlx/error.h: In member function 'void mlx::core::Error::check()':
/home/joshuawarren/src/mlx-omarchy-qual/.work/mlx/mlx/error.h:39:36: warning: 'std::shared_ptr<_Tp> std::atomic_exchange(shared_ptr<_Tp>*, shared_ptr<_Tp>) [with _Tp = __cxx11::basic_string<char>]' is deprecated: use 'std::atomic<std::shared_ptr<T>>' instead [-Wdeprecated-declarations]
   39 |     auto msg = std::atomic_exchange(&message_, {});
      |                ~~~~~~~~~~~~~~~~~~~~^~~~~~~~~~~~~~~
/usr/include/c++/16.1.1/bits/shared_ptr_atomic.h:225:5: note: declared here
  225 |     atomic_exchange(shared_ptr<_Tp>* __p, shared_ptr<_Tp> __r)
      |     ^~~~~~~~~~~~~~~
[335/428] Building CXX object CMakeFiles/mlx.dir/mlx/device.cpp.o
[336/428] Building CXX object CMakeFiles/mlx.dir/mlx/dtype.cpp.o
[337/428] Building CXX object CMakeFiles/mlx.dir/mlx/dtype_utils.cpp.o
In file included from /home/joshuawarren/src/mlx-omarchy-qual/.work/mlx/mlx/event.h:8,
                 from /home/joshuawarren/src/mlx-omarchy-qual/.work/mlx/mlx/array.h:13,
                 from /home/joshuawarren/src/mlx-omarchy-qual/.work/mlx/mlx/utils.h:13,
                 from /home/joshuawarren/src/mlx-omarchy-qual/.work/mlx/mlx/dtype_utils.h:8,
                 from /home/joshuawarren/src/mlx-omarchy-qual/.work/mlx/mlx/dtype_utils.cpp:3:
/home/joshuawarren/src/mlx-omarchy-qual/.work/mlx/mlx/error.h: In member function 'void mlx::core::Error::set_message(Message)':
/home/joshuawarren/src/mlx-omarchy-qual/.work/mlx/mlx/error.h:17:22: warning: 'void std::atomic_store(shared_ptr<_Tp>*, shared_ptr<_Tp>) [with _Tp = __cxx11::basic_string<char>]' is deprecated: use 'std::atomic<std::shared_ptr<T>>' instead [-Wdeprecated-declarations]
   17 |     std::atomic_store(&message_, std::move(msg));
      |     ~~~~~~~~~~~~~~~~~^~~~~~~~~~~~~~~~~~~~~~~~~~~
In file included from /usr/include/c++/16.1.1/memory:83,
                 from /home/joshuawarren/src/mlx-omarchy-qual/.work/mlx/mlx/array.h:7:
/usr/include/c++/16.1.1/bits/shared_ptr_atomic.h:183:5: note: declared here
  183 |     atomic_store(shared_ptr<_Tp>* __p, shared_ptr<_Tp> __r)
      |     ^~~~~~~~~~~~
/home/joshuawarren/src/mlx-omarchy-qual/.work/mlx/mlx/error.h: In member function 'bool mlx::core::Error::valid() const':
/home/joshuawarren/src/mlx-omarchy-qual/.work/mlx/mlx/error.h:21:32: warning: 'std::shared_ptr<_Tp> std::atomic_load(const shared_ptr<_Tp>*) [with _Tp = __cxx11::basic_string<char>]' is deprecated: use 'std::atomic<std::shared_ptr<T>>' instead [-Wdeprecated-declarations]
   21 |     auto msg = std::atomic_load(&message_);
      |                ~~~~~~~~~~~~~~~~^~~~~~~~~~~
/usr/include/c++/16.1.1/bits/shared_ptr_atomic.h:142:5: note: declared here
  142 |     atomic_load(const shared_ptr<_Tp>* __p)
      |     ^~~~~~~~~~~
/home/joshuawarren/src/mlx-omarchy-qual/.work/mlx/mlx/error.h: In member function 'bool mlx::core::Error::store_if_valid(const mlx::core::Error*)':
/home/joshuawarren/src/mlx-omarchy-qual/.work/mlx/mlx/error.h:28:37: warning: 'std::shared_ptr<_Tp> std::atomic_load(const shared_ptr<_Tp>*) [with _Tp = __cxx11::basic_string<char>]' is deprecated: use 'std::atomic<std::shared_ptr<T>>' instead [-Wdeprecated-declarations]
   28 |       Message msg = std::atomic_load(&ptr->message_);
      |                     ~~~~~~~~~~~~~~~~^~~~~~~~~~~~~~~~
/usr/include/c++/16.1.1/bits/shared_ptr_atomic.h:142:5: note: declared here
  142 |     atomic_load(const shared_ptr<_Tp>* __p)
      |     ^~~~~~~~~~~
/home/joshuawarren/src/mlx-omarchy-qual/.work/mlx/mlx/error.h: In member function 'void mlx::core::Error::check()':
/home/joshuawarren/src/mlx-omarchy-qual/.work/mlx/mlx/error.h:39:36: warning: 'std::shared_ptr<_Tp> std::atomic_exchange(shared_ptr<_Tp>*, shared_ptr<_Tp>) [with _Tp = __cxx11::basic_string<char>]' is deprecated: use 'std::atomic<std::shared_ptr<T>>' instead [-Wdeprecated-declarations]
   39 |     auto msg = std::atomic_exchange(&message_, {});
      |                ~~~~~~~~~~~~~~~~~~~~^~~~~~~~~~~~~~~
/usr/include/c++/16.1.1/bits/shared_ptr_atomic.h:225:5: note: declared here
  225 |     atomic_exchange(shared_ptr<_Tp>* __p, shared_ptr<_Tp> __r)
      |     ^~~~~~~~~~~~~~~
[338/428] Building CXX object CMakeFiles/mlx.dir/mlx/export.cpp.o
In file included from /home/joshuawarren/src/mlx-omarchy-qual/.work/mlx/mlx/event.h:8,
                 from /home/joshuawarren/src/mlx-omarchy-qual/.work/mlx/mlx/array.h:13,
                 from /home/joshuawarren/src/mlx-omarchy-qual/.work/mlx/mlx/export.h:10,
                 from /home/joshuawarren/src/mlx-omarchy-qual/.work/mlx/mlx/export.cpp:2:
/home/joshuawarren/src/mlx-omarchy-qual/.work/mlx/mlx/error.h: In member function 'void mlx::core::Error::set_message(Message)':
/home/joshuawarren/src/mlx-omarchy-qual/.work/mlx/mlx/error.h:17:22: warning: 'void std::atomic_store(shared_ptr<_Tp>*, shared_ptr<_Tp>) [with _Tp = __cxx11::basic_string<char>]' is deprecated: use 'std::atomic<std::shared_ptr<T>>' instead [-Wdeprecated-declarations]
   17 |     std::atomic_store(&message_, std::move(msg));
      |     ~~~~~~~~~~~~~~~~~^~~~~~~~~~~~~~~~~~~~~~~~~~~
In file included from /usr/include/c++/16.1.1/memory:83,
                 from /home/joshuawarren/src/mlx-omarchy-qual/.work/mlx/mlx/array.h:7:
/usr/include/c++/16.1.1/bits/shared_ptr_atomic.h:183:5: note: declared here
  183 |     atomic_store(shared_ptr<_Tp>* __p, shared_ptr<_Tp> __r)
      |     ^~~~~~~~~~~~
/home/joshuawarren/src/mlx-omarchy-qual/.work/mlx/mlx/error.h: In member function 'bool mlx::core::Error::valid() const':
/home/joshuawarren/src/mlx-omarchy-qual/.work/mlx/mlx/error.h:21:32: warning: 'std::shared_ptr<_Tp> std::atomic_load(const shared_ptr<_Tp>*) [with _Tp = __cxx11::basic_string<char>]' is deprecated: use 'std::atomic<std::shared_ptr<T>>' instead [-Wdeprecated-declarations]
   21 |     auto msg = std::atomic_load(&message_);
      |                ~~~~~~~~~~~~~~~~^~~~~~~~~~~
/usr/include/c++/16.1.1/bits/shared_ptr_atomic.h:142:5: note: declared here
  142 |     atomic_load(const shared_ptr<_Tp>* __p)
      |     ^~~~~~~~~~~
/home/joshuawarren/src/mlx-omarchy-qual/.work/mlx/mlx/error.h: In member function 'bool mlx::core::Error::store_if_valid(const mlx::core::Error*)':
/home/joshuawarren/src/mlx-omarchy-qual/.work/mlx/mlx/error.h:28:37: warning: 'std::shared_ptr<_Tp> std::atomic_load(const shared_ptr<_Tp>*) [with _Tp = __cxx11::basic_string<char>]' is deprecated: use 'std::atomic<std::shared_ptr<T>>' instead [-Wdeprecated-declarations]
   28 |       Message msg = std::atomic_load(&ptr->message_);
      |                     ~~~~~~~~~~~~~~~~^~~~~~~~~~~~~~~~
/usr/include/c++/16.1.1/bits/shared_ptr_atomic.h:142:5: note: declared here
  142 |     atomic_load(const shared_ptr<_Tp>* __p)
      |     ^~~~~~~~~~~
/home/joshuawarren/src/mlx-omarchy-qual/.work/mlx/mlx/error.h: In member function 'void mlx::core::Error::check()':
/home/joshuawarren/src/mlx-omarchy-qual/.work/mlx/mlx/error.h:39:36: warning: 'std::shared_ptr<_Tp> std::atomic_exchange(shared_ptr<_Tp>*, shared_ptr<_Tp>) [with _Tp = __cxx11::basic_string<char>]' is deprecated: use 'std::atomic<std::shared_ptr<T>>' instead [-Wdeprecated-declarations]
   39 |     auto msg = std::atomic_exchange(&message_, {});
      |                ~~~~~~~~~~~~~~~~~~~~^~~~~~~~~~~~~~~
/usr/include/c++/16.1.1/bits/shared_ptr_atomic.h:225:5: note: declared here
  225 |     atomic_exchange(shared_ptr<_Tp>* __p, shared_ptr<_Tp> __r)
      |     ^~~~~~~~~~~~~~~
[339/428] Building CXX object CMakeFiles/mlx.dir/mlx/einsum.cpp.o
In file included from /home/joshuawarren/src/mlx-omarchy-qual/.work/mlx/mlx/event.h:8,
                 from /home/joshuawarren/src/mlx-omarchy-qual/.work/mlx/mlx/array.h:13,
                 from /home/joshuawarren/src/mlx-omarchy-qual/.work/mlx/mlx/einsum.h:9,
                 from /home/joshuawarren/src/mlx-omarchy-qual/.work/mlx/mlx/einsum.cpp:7:
/home/joshuawarren/src/mlx-omarchy-qual/.work/mlx/mlx/error.h: In member function 'void mlx::core::Error::set_message(Message)':
/home/joshuawarren/src/mlx-omarchy-qual/.work/mlx/mlx/error.h:17:22: warning: 'void std::atomic_store(shared_ptr<_Tp>*, shared_ptr<_Tp>) [with _Tp = __cxx11::basic_string<char>]' is deprecated: use 'std::atomic<std::shared_ptr<T>>' instead [-Wdeprecated-declarations]
   17 |     std::atomic_store(&message_, std::move(msg));
      |     ~~~~~~~~~~~~~~~~~^~~~~~~~~~~~~~~~~~~~~~~~~~~
In file included from /usr/include/c++/16.1.1/memory:83,
                 from /home/joshuawarren/src/mlx-omarchy-qual/.work/mlx/mlx/array.h:7:
/usr/include/c++/16.1.1/bits/shared_ptr_atomic.h:183:5: note: declared here
  183 |     atomic_store(shared_ptr<_Tp>* __p, shared_ptr<_Tp> __r)
      |     ^~~~~~~~~~~~
/home/joshuawarren/src/mlx-omarchy-qual/.work/mlx/mlx/error.h: In member function 'bool mlx::core::Error::valid() const':
/home/joshuawarren/src/mlx-omarchy-qual/.work/mlx/mlx/error.h:21:32: warning: 'std::shared_ptr<_Tp> std::atomic_load(const shared_ptr<_Tp>*) [with _Tp = __cxx11::basic_string<char>]' is deprecated: use 'std::atomic<std::shared_ptr<T>>' instead [-Wdeprecated-declarations]
   21 |     auto msg = std::atomic_load(&message_);
      |                ~~~~~~~~~~~~~~~~^~~~~~~~~~~
/usr/include/c++/16.1.1/bits/shared_ptr_atomic.h:142:5: note: declared here
  142 |     atomic_load(const shared_ptr<_Tp>* __p)
      |     ^~~~~~~~~~~
/home/joshuawarren/src/mlx-omarchy-qual/.work/mlx/mlx/error.h: In member function 'bool mlx::core::Error::store_if_valid(const mlx::core::Error*)':
/home/joshuawarren/src/mlx-omarchy-qual/.work/mlx/mlx/error.h:28:37: warning: 'std::shared_ptr<_Tp> std::atomic_load(const shared_ptr<_Tp>*) [with _Tp = __cxx11::basic_string<char>]' is deprecated: use 'std::atomic<std::shared_ptr<T>>' instead [-Wdeprecated-declarations]
   28 |       Message msg = std::atomic_load(&ptr->message_);
      |                     ~~~~~~~~~~~~~~~~^~~~~~~~~~~~~~~~
/usr/include/c++/16.1.1/bits/shared_ptr_atomic.h:142:5: note: declared here
  142 |     atomic_load(const shared_ptr<_Tp>* __p)
      |     ^~~~~~~~~~~
/home/joshuawarren/src/mlx-omarchy-qual/.work/mlx/mlx/error.h: In member function 'void mlx::core::Error::check()':
/home/joshuawarren/src/mlx-omarchy-qual/.work/mlx/mlx/error.h:39:36: warning: 'std::shared_ptr<_Tp> std::atomic_exchange(shared_ptr<_Tp>*, shared_ptr<_Tp>) [with _Tp = __cxx11::basic_string<char>]' is deprecated: use 'std::atomic<std::shared_ptr<T>>' instead [-Wdeprecated-declarations]
   39 |     auto msg = std::atomic_exchange(&message_, {});
      |                ~~~~~~~~~~~~~~~~~~~~^~~~~~~~~~~~~~~
/usr/include/c++/16.1.1/bits/shared_ptr_atomic.h:225:5: note: declared here
  225 |     atomic_exchange(shared_ptr<_Tp>* __p, shared_ptr<_Tp> __r)
      |     ^~~~~~~~~~~~~~~
[340/428] Building CXX object CMakeFiles/mlx.dir/mlx/fast.cpp.o
In file included from /home/joshuawarren/src/mlx-omarchy-qual/.work/mlx/mlx/event.h:8,
                 from /home/joshuawarren/src/mlx-omarchy-qual/.work/mlx/mlx/array.h:13,
                 from /home/joshuawarren/src/mlx-omarchy-qual/.work/mlx/mlx/utils.h:13,
                 from /home/joshuawarren/src/mlx-omarchy-qual/.work/mlx/mlx/fast.h:10,
                 from /home/joshuawarren/src/mlx-omarchy-qual/.work/mlx/mlx/fast.cpp:5:
/home/joshuawarren/src/mlx-omarchy-qual/.work/mlx/mlx/error.h: In member function 'void mlx::core::Error::set_message(Message)':
/home/joshuawarren/src/mlx-omarchy-qual/.work/mlx/mlx/error.h:17:22: warning: 'void std::atomic_store(shared_ptr<_Tp>*, shared_ptr<_Tp>) [with _Tp = __cxx11::basic_string<char>]' is deprecated: use 'std::atomic<std::shared_ptr<T>>' instead [-Wdeprecated-declarations]
   17 |     std::atomic_store(&message_, std::move(msg));
      |     ~~~~~~~~~~~~~~~~~^~~~~~~~~~~~~~~~~~~~~~~~~~~
In file included from /usr/include/c++/16.1.1/memory:83,
                 from /home/joshuawarren/src/mlx-omarchy-qual/.work/mlx/mlx/array.h:7:
/usr/include/c++/16.1.1/bits/shared_ptr_atomic.h:183:5: note: declared here
  183 |     atomic_store(shared_ptr<_Tp>* __p, shared_ptr<_Tp> __r)
      |     ^~~~~~~~~~~~
/home/joshuawarren/src/mlx-omarchy-qual/.work/mlx/mlx/error.h: In member function 'bool mlx::core::Error::valid() const':
/home/joshuawarren/src/mlx-omarchy-qual/.work/mlx/mlx/error.h:21:32: warning: 'std::shared_ptr<_Tp> std::atomic_load(const shared_ptr<_Tp>*) [with _Tp = __cxx11::basic_string<char>]' is deprecated: use 'std::atomic<std::shared_ptr<T>>' instead [-Wdeprecated-declarations]
   21 |     auto msg = std::atomic_load(&message_);
      |                ~~~~~~~~~~~~~~~~^~~~~~~~~~~
/usr/include/c++/16.1.1/bits/shared_ptr_atomic.h:142:5: note: declared here
  142 |     atomic_load(const shared_ptr<_Tp>* __p)
      |     ^~~~~~~~~~~
/home/joshuawarren/src/mlx-omarchy-qual/.work/mlx/mlx/error.h: In member function 'bool mlx::core::Error::store_if_valid(const mlx::core::Error*)':
/home/joshuawarren/src/mlx-omarchy-qual/.work/mlx/mlx/error.h:28:37: warning: 'std::shared_ptr<_Tp> std::atomic_load(const shared_ptr<_Tp>*) [with _Tp = __cxx11::basic_string<char>]' is deprecated: use 'std::atomic<std::shared_ptr<T>>' instead [-Wdeprecated-declarations]
   28 |       Message msg = std::atomic_load(&ptr->message_);
      |                     ~~~~~~~~~~~~~~~~^~~~~~~~~~~~~~~~
/usr/include/c++/16.1.1/bits/shared_ptr_atomic.h:142:5: note: declared here
  142 |     atomic_load(const shared_ptr<_Tp>* __p)
      |     ^~~~~~~~~~~
/home/joshuawarren/src/mlx-omarchy-qual/.work/mlx/mlx/error.h: In member function 'void mlx::core::Error::check()':
/home/joshuawarren/src/mlx-omarchy-qual/.work/mlx/mlx/error.h:39:36: warning: 'std::shared_ptr<_Tp> std::atomic_exchange(shared_ptr<_Tp>*, shared_ptr<_Tp>) [with _Tp = __cxx11::basic_string<char>]' is deprecated: use 'std::atomic<std::shared_ptr<T>>' instead [-Wdeprecated-declarations]
   39 |     auto msg = std::atomic_exchange(&message_, {});
      |                ~~~~~~~~~~~~~~~~~~~~^~~~~~~~~~~~~~~
/usr/include/c++/16.1.1/bits/shared_ptr_atomic.h:225:5: note: declared here
  225 |     atomic_exchange(shared_ptr<_Tp>* __p, shared_ptr<_Tp> __r)
      |     ^~~~~~~~~~~~~~~
[341/428] Building CXX object CMakeFiles/mlx.dir/mlx/fft.cpp.o
In file included from /home/joshuawarren/src/mlx-omarchy-qual/.work/mlx/mlx/event.h:8,
                 from /home/joshuawarren/src/mlx-omarchy-qual/.work/mlx/mlx/array.h:13,
                 from /home/joshuawarren/src/mlx-omarchy-qual/.work/mlx/mlx/fft.h:8,
                 from /home/joshuawarren/src/mlx-omarchy-qual/.work/mlx/mlx/fft.cpp:7:
/home/joshuawarren/src/mlx-omarchy-qual/.work/mlx/mlx/error.h: In member function 'void mlx::core::Error::set_message(Message)':
/home/joshuawarren/src/mlx-omarchy-qual/.work/mlx/mlx/error.h:17:22: warning: 'void std::atomic_store(shared_ptr<_Tp>*, shared_ptr<_Tp>) [with _Tp = __cxx11::basic_string<char>]' is deprecated: use 'std::atomic<std::shared_ptr<T>>' instead [-Wdeprecated-declarations]
   17 |     std::atomic_store(&message_, std::move(msg));
      |     ~~~~~~~~~~~~~~~~~^~~~~~~~~~~~~~~~~~~~~~~~~~~
In file included from /usr/include/c++/16.1.1/memory:83,
                 from /home/joshuawarren/src/mlx-omarchy-qual/.work/mlx/mlx/array.h:7:
/usr/include/c++/16.1.1/bits/shared_ptr_atomic.h:183:5: note: declared here
  183 |     atomic_store(shared_ptr<_Tp>* __p, shared_ptr<_Tp> __r)
      |     ^~~~~~~~~~~~
/home/joshuawarren/src/mlx-omarchy-qual/.work/mlx/mlx/error.h: In member function 'bool mlx::core::Error::valid() const':
/home/joshuawarren/src/mlx-omarchy-qual/.work/mlx/mlx/error.h:21:32: warning: 'std::shared_ptr<_Tp> std::atomic_load(const shared_ptr<_Tp>*) [with _Tp = __cxx11::basic_string<char>]' is deprecated: use 'std::atomic<std::shared_ptr<T>>' instead [-Wdeprecated-declarations]
   21 |     auto msg = std::atomic_load(&message_);
      |                ~~~~~~~~~~~~~~~~^~~~~~~~~~~
/usr/include/c++/16.1.1/bits/shared_ptr_atomic.h:142:5: note: declared here
  142 |     atomic_load(const shared_ptr<_Tp>* __p)
      |     ^~~~~~~~~~~
/home/joshuawarren/src/mlx-omarchy-qual/.work/mlx/mlx/error.h: In member function 'bool mlx::core::Error::store_if_valid(const mlx::core::Error*)':
/home/joshuawarren/src/mlx-omarchy-qual/.work/mlx/mlx/error.h:28:37: warning: 'std::shared_ptr<_Tp> std::atomic_load(const shared_ptr<_Tp>*) [with _Tp = __cxx11::basic_string<char>]' is deprecated: use 'std::atomic<std::shared_ptr<T>>' instead [-Wdeprecated-declarations]
   28 |       Message msg = std::atomic_load(&ptr->message_);
      |                     ~~~~~~~~~~~~~~~~^~~~~~~~~~~~~~~~
/usr/include/c++/16.1.1/bits/shared_ptr_atomic.h:142:5: note: declared here
  142 |     atomic_load(const shared_ptr<_Tp>* __p)
      |     ^~~~~~~~~~~
/home/joshuawarren/src/mlx-omarchy-qual/.work/mlx/mlx/error.h: In member function 'void mlx::core::Error::check()':
/home/joshuawarren/src/mlx-omarchy-qual/.work/mlx/mlx/error.h:39:36: warning: 'std::shared_ptr<_Tp> std::atomic_exchange(shared_ptr<_Tp>*, shared_ptr<_Tp>) [with _Tp = __cxx11::basic_string<char>]' is deprecated: use 'std::atomic<std::shared_ptr<T>>' instead [-Wdeprecated-declarations]
   39 |     auto msg = std::atomic_exchange(&message_, {});
      |                ~~~~~~~~~~~~~~~~~~~~^~~~~~~~~~~~~~~
/usr/include/c++/16.1.1/bits/shared_ptr_atomic.h:225:5: note: declared here
  225 |     atomic_exchange(shared_ptr<_Tp>* __p, shared_ptr<_Tp> __r)
      |     ^~~~~~~~~~~~~~~
[342/428] Building CXX object CMakeFiles/mlx.dir/mlx/ops.cpp.o
In file included from /home/joshuawarren/src/mlx-omarchy-qual/.work/mlx/mlx/event.h:8,
                 from /home/joshuawarren/src/mlx-omarchy-qual/.work/mlx/mlx/array.h:13,
                 from /home/joshuawarren/src/mlx-omarchy-qual/.work/mlx/mlx/primitives.h:8,
                 from /home/joshuawarren/src/mlx-omarchy-qual/.work/mlx/mlx/fast_primitives.h:7,
                 from /home/joshuawarren/src/mlx-omarchy-qual/.work/mlx/mlx/ops.cpp:14:
/home/joshuawarren/src/mlx-omarchy-qual/.work/mlx/mlx/error.h: In member function 'void mlx::core::Error::set_message(Message)':
/home/joshuawarren/src/mlx-omarchy-qual/.work/mlx/mlx/error.h:17:22: warning: 'void std::atomic_store(shared_ptr<_Tp>*, shared_ptr<_Tp>) [with _Tp = __cxx11::basic_string<char>]' is deprecated: use 'std::atomic<std::shared_ptr<T>>' instead [-Wdeprecated-declarations]
   17 |     std::atomic_store(&message_, std::move(msg));
      |     ~~~~~~~~~~~~~~~~~^~~~~~~~~~~~~~~~~~~~~~~~~~~
In file included from /usr/include/c++/16.1.1/memory:83,
                 from /home/joshuawarren/src/mlx-omarchy-qual/.work/mlx/mlx/array.h:7:
/usr/include/c++/16.1.1/bits/shared_ptr_atomic.h:183:5: note: declared here
  183 |     atomic_store(shared_ptr<_Tp>* __p, shared_ptr<_Tp> __r)
      |     ^~~~~~~~~~~~
/home/joshuawarren/src/mlx-omarchy-qual/.work/mlx/mlx/error.h: In member function 'bool mlx::core::Error::valid() const':
/home/joshuawarren/src/mlx-omarchy-qual/.work/mlx/mlx/error.h:21:32: warning: 'std::shared_ptr<_Tp> std::atomic_load(const shared_ptr<_Tp>*) [with _Tp = __cxx11::basic_string<char>]' is deprecated: use 'std::atomic<std::shared_ptr<T>>' instead [-Wdeprecated-declarations]
   21 |     auto msg = std::atomic_load(&message_);
      |                ~~~~~~~~~~~~~~~~^~~~~~~~~~~
/usr/include/c++/16.1.1/bits/shared_ptr_atomic.h:142:5: note: declared here
  142 |     atomic_load(const shared_ptr<_Tp>* __p)
      |     ^~~~~~~~~~~
/home/joshuawarren/src/mlx-omarchy-qual/.work/mlx/mlx/error.h: In member function 'bool mlx::core::Error::store_if_valid(const mlx::core::Error*)':
/home/joshuawarren/src/mlx-omarchy-qual/.work/mlx/mlx/error.h:28:37: warning: 'std::shared_ptr<_Tp> std::atomic_load(const shared_ptr<_Tp>*) [with _Tp = __cxx11::basic_string<char>]' is deprecated: use 'std::atomic<std::shared_ptr<T>>' instead [-Wdeprecated-declarations]
   28 |       Message msg = std::atomic_load(&ptr->message_);
      |                     ~~~~~~~~~~~~~~~~^~~~~~~~~~~~~~~~
/usr/include/c++/16.1.1/bits/shared_ptr_atomic.h:142:5: note: declared here
  142 |     atomic_load(const shared_ptr<_Tp>* __p)
      |     ^~~~~~~~~~~
/home/joshuawarren/src/mlx-omarchy-qual/.work/mlx/mlx/error.h: In member function 'void mlx::core::Error::check()':
/home/joshuawarren/src/mlx-omarchy-qual/.work/mlx/mlx/error.h:39:36: warning: 'std::shared_ptr<_Tp> std::atomic_exchange(shared_ptr<_Tp>*, shared_ptr<_Tp>) [with _Tp = __cxx11::basic_string<char>]' is deprecated: use 'std::atomic<std::shared_ptr<T>>' instead [-Wdeprecated-declarations]
   39 |     auto msg = std::atomic_exchange(&message_, {});
      |                ~~~~~~~~~~~~~~~~~~~~^~~~~~~~~~~~~~~
/usr/include/c++/16.1.1/bits/shared_ptr_atomic.h:225:5: note: declared here
  225 |     atomic_exchange(shared_ptr<_Tp>* __p, shared_ptr<_Tp> __r)
      |     ^~~~~~~~~~~~~~~
[343/428] Building CXX object CMakeFiles/mlx.dir/mlx/graph_utils.cpp.o
In file included from /home/joshuawarren/src/mlx-omarchy-qual/.work/mlx/mlx/event.h:8,
                 from /home/joshuawarren/src/mlx-omarchy-qual/.work/mlx/mlx/array.h:13,
                 from /home/joshuawarren/src/mlx-omarchy-qual/.work/mlx/mlx/graph_utils.h:8,
                 from /home/joshuawarren/src/mlx-omarchy-qual/.work/mlx/mlx/graph_utils.cpp:9:
/home/joshuawarren/src/mlx-omarchy-qual/.work/mlx/mlx/error.h: In member function 'void mlx::core::Error::set_message(Message)':
/home/joshuawarren/src/mlx-omarchy-qual/.work/mlx/mlx/error.h:17:22: warning: 'void std::atomic_store(shared_ptr<_Tp>*, shared_ptr<_Tp>) [with _Tp = __cxx11::basic_string<char>]' is deprecated: use 'std::atomic<std::shared_ptr<T>>' instead [-Wdeprecated-declarations]
   17 |     std::atomic_store(&message_, std::move(msg));
      |     ~~~~~~~~~~~~~~~~~^~~~~~~~~~~~~~~~~~~~~~~~~~~
In file included from /usr/include/c++/16.1.1/memory:83,
                 from /home/joshuawarren/src/mlx-omarchy-qual/.work/mlx/mlx/array.h:7:
/usr/include/c++/16.1.1/bits/shared_ptr_atomic.h:183:5: note: declared here
  183 |     atomic_store(shared_ptr<_Tp>* __p, shared_ptr<_Tp> __r)
      |     ^~~~~~~~~~~~
/home/joshuawarren/src/mlx-omarchy-qual/.work/mlx/mlx/error.h: In member function 'bool mlx::core::Error::valid() const':
/home/joshuawarren/src/mlx-omarchy-qual/.work/mlx/mlx/error.h:21:32: warning: 'std::shared_ptr<_Tp> std::atomic_load(const shared_ptr<_Tp>*) [with _Tp = __cxx11::basic_string<char>]' is deprecated: use 'std::atomic<std::shared_ptr<T>>' instead [-Wdeprecated-declarations]
   21 |     auto msg = std::atomic_load(&message_);
      |                ~~~~~~~~~~~~~~~~^~~~~~~~~~~
/usr/include/c++/16.1.1/bits/shared_ptr_atomic.h:142:5: note: declared here
  142 |     atomic_load(const shared_ptr<_Tp>* __p)
      |     ^~~~~~~~~~~
/home/joshuawarren/src/mlx-omarchy-qual/.work/mlx/mlx/error.h: In member function 'bool mlx::core::Error::store_if_valid(const mlx::core::Error*)':
/home/joshuawarren/src/mlx-omarchy-qual/.work/mlx/mlx/error.h:28:37: warning: 'std::shared_ptr<_Tp> std::atomic_load(const shared_ptr<_Tp>*) [with _Tp = __cxx11::basic_string<char>]' is deprecated: use 'std::atomic<std::shared_ptr<T>>' instead [-Wdeprecated-declarations]
   28 |       Message msg = std::atomic_load(&ptr->message_);
      |                     ~~~~~~~~~~~~~~~~^~~~~~~~~~~~~~~~
/usr/include/c++/16.1.1/bits/shared_ptr_atomic.h:142:5: note: declared here
  142 |     atomic_load(const shared_ptr<_Tp>* __p)
      |     ^~~~~~~~~~~
/home/joshuawarren/src/mlx-omarchy-qual/.work/mlx/mlx/error.h: In member function 'void mlx::core::Error::check()':
/home/joshuawarren/src/mlx-omarchy-qual/.work/mlx/mlx/error.h:39:36: warning: 'std::shared_ptr<_Tp> std::atomic_exchange(shared_ptr<_Tp>*, shared_ptr<_Tp>) [with _Tp = __cxx11::basic_string<char>]' is deprecated: use 'std::atomic<std::shared_ptr<T>>' instead [-Wdeprecated-declarations]
   39 |     auto msg = std::atomic_exchange(&message_, {});
      |                ~~~~~~~~~~~~~~~~~~~~^~~~~~~~~~~~~~~
/usr/include/c++/16.1.1/bits/shared_ptr_atomic.h:225:5: note: declared here
  225 |     atomic_exchange(shared_ptr<_Tp>* __p, shared_ptr<_Tp> __r)
      |     ^~~~~~~~~~~~~~~
[344/428] Building CXX object CMakeFiles/mlx.dir/mlx/primitives.cpp.o
In file included from /home/joshuawarren/src/mlx-omarchy-qual/.work/mlx/mlx/event.h:8,
                 from /home/joshuawarren/src/mlx-omarchy-qual/.work/mlx/mlx/array.h:13,
                 from /home/joshuawarren/src/mlx-omarchy-qual/.work/mlx/mlx/backend/common/utils.h:9,
                 from /home/joshuawarren/src/mlx-omarchy-qual/.work/mlx/mlx/primitives.cpp:13:
/home/joshuawarren/src/mlx-omarchy-qual/.work/mlx/mlx/error.h: In member function 'void mlx::core::Error::set_message(Message)':
/home/joshuawarren/src/mlx-omarchy-qual/.work/mlx/mlx/error.h:17:22: warning: 'void std::atomic_store(shared_ptr<_Tp>*, shared_ptr<_Tp>) [with _Tp = __cxx11::basic_string<char>]' is deprecated: use 'std::atomic<std::shared_ptr<T>>' instead [-Wdeprecated-declarations]
   17 |     std::atomic_store(&message_, std::move(msg));
      |     ~~~~~~~~~~~~~~~~~^~~~~~~~~~~~~~~~~~~~~~~~~~~
In file included from /usr/include/c++/16.1.1/memory:83,
                 from /home/joshuawarren/src/mlx-omarchy-qual/.work/mlx/mlx/array.h:7:
/usr/include/c++/16.1.1/bits/shared_ptr_atomic.h:183:5: note: declared here
  183 |     atomic_store(shared_ptr<_Tp>* __p, shared_ptr<_Tp> __r)
      |     ^~~~~~~~~~~~
/home/joshuawarren/src/mlx-omarchy-qual/.work/mlx/mlx/error.h: In member function 'bool mlx::core::Error::valid() const':
/home/joshuawarren/src/mlx-omarchy-qual/.work/mlx/mlx/error.h:21:32: warning: 'std::shared_ptr<_Tp> std::atomic_load(const shared_ptr<_Tp>*) [with _Tp = __cxx11::basic_string<char>]' is deprecated: use 'std::atomic<std::shared_ptr<T>>' instead [-Wdeprecated-declarations]
   21 |     auto msg = std::atomic_load(&message_);
      |                ~~~~~~~~~~~~~~~~^~~~~~~~~~~
/usr/include/c++/16.1.1/bits/shared_ptr_atomic.h:142:5: note: declared here
  142 |     atomic_load(const shared_ptr<_Tp>* __p)
      |     ^~~~~~~~~~~
/home/joshuawarren/src/mlx-omarchy-qual/.work/mlx/mlx/error.h: In member function 'bool mlx::core::Error::store_if_valid(const mlx::core::Error*)':
/home/joshuawarren/src/mlx-omarchy-qual/.work/mlx/mlx/error.h:28:37: warning: 'std::shared_ptr<_Tp> std::atomic_load(const shared_ptr<_Tp>*) [with _Tp = __cxx11::basic_string<char>]' is deprecated: use 'std::atomic<std::shared_ptr<T>>' instead [-Wdeprecated-declarations]
   28 |       Message msg = std::atomic_load(&ptr->message_);
      |                     ~~~~~~~~~~~~~~~~^~~~~~~~~~~~~~~~
/usr/include/c++/16.1.1/bits/shared_ptr_atomic.h:142:5: note: declared here
  142 |     atomic_load(const shared_ptr<_Tp>* __p)
      |     ^~~~~~~~~~~
/home/joshuawarren/src/mlx-omarchy-qual/.work/mlx/mlx/error.h: In member function 'void mlx::core::Error::check()':
/home/joshuawarren/src/mlx-omarchy-qual/.work/mlx/mlx/error.h:39:36: warning: 'std::shared_ptr<_Tp> std::atomic_exchange(shared_ptr<_Tp>*, shared_ptr<_Tp>) [with _Tp = __cxx11::basic_string<char>]' is deprecated: use 'std::atomic<std::shared_ptr<T>>' instead [-Wdeprecated-declarations]
   39 |     auto msg = std::atomic_exchange(&message_, {});
      |                ~~~~~~~~~~~~~~~~~~~~^~~~~~~~~~~~~~~
/usr/include/c++/16.1.1/bits/shared_ptr_atomic.h:225:5: note: declared here
  225 |     atomic_exchange(shared_ptr<_Tp>* __p, shared_ptr<_Tp> __r)
      |     ^~~~~~~~~~~~~~~
[345/428] Building CXX object CMakeFiles/mlx.dir/mlx/random.cpp.o
In file included from /home/joshuawarren/src/mlx-omarchy-qual/.work/mlx/mlx/event.h:8,
                 from /home/joshuawarren/src/mlx-omarchy-qual/.work/mlx/mlx/array.h:13,
                 from /home/joshuawarren/src/mlx-omarchy-qual/.work/mlx/mlx/linalg.h:8,
                 from /home/joshuawarren/src/mlx-omarchy-qual/.work/mlx/mlx/random.cpp:7:
/home/joshuawarren/src/mlx-omarchy-qual/.work/mlx/mlx/error.h: In member function 'void mlx::core::Error::set_message(Message)':
/home/joshuawarren/src/mlx-omarchy-qual/.work/mlx/mlx/error.h:17:22: warning: 'void std::atomic_store(shared_ptr<_Tp>*, shared_ptr<_Tp>) [with _Tp = __cxx11::basic_string<char>]' is deprecated: use 'std::atomic<std::shared_ptr<T>>' instead [-Wdeprecated-declarations]
   17 |     std::atomic_store(&message_, std::move(msg));
      |     ~~~~~~~~~~~~~~~~~^~~~~~~~~~~~~~~~~~~~~~~~~~~
In file included from /usr/include/c++/16.1.1/memory:83,
                 from /home/joshuawarren/src/mlx-omarchy-qual/.work/mlx/mlx/array.h:7:
/usr/include/c++/16.1.1/bits/shared_ptr_atomic.h:183:5: note: declared here
  183 |     atomic_store(shared_ptr<_Tp>* __p, shared_ptr<_Tp> __r)
      |     ^~~~~~~~~~~~
/home/joshuawarren/src/mlx-omarchy-qual/.work/mlx/mlx/error.h: In member function 'bool mlx::core::Error::valid() const':
/home/joshuawarren/src/mlx-omarchy-qual/.work/mlx/mlx/error.h:21:32: warning: 'std::shared_ptr<_Tp> std::atomic_load(const shared_ptr<_Tp>*) [with _Tp = __cxx11::basic_string<char>]' is deprecated: use 'std::atomic<std::shared_ptr<T>>' instead [-Wdeprecated-declarations]
   21 |     auto msg = std::atomic_load(&message_);
      |                ~~~~~~~~~~~~~~~~^~~~~~~~~~~
/usr/include/c++/16.1.1/bits/shared_ptr_atomic.h:142:5: note: declared here
  142 |     atomic_load(const shared_ptr<_Tp>* __p)
      |     ^~~~~~~~~~~
/home/joshuawarren/src/mlx-omarchy-qual/.work/mlx/mlx/error.h: In member function 'bool mlx::core::Error::store_if_valid(const mlx::core::Error*)':
/home/joshuawarren/src/mlx-omarchy-qual/.work/mlx/mlx/error.h:28:37: warning: 'std::shared_ptr<_Tp> std::atomic_load(const shared_ptr<_Tp>*) [with _Tp = __cxx11::basic_string<char>]' is deprecated: use 'std::atomic<std::shared_ptr<T>>' instead [-Wdeprecated-declarations]
   28 |       Message msg = std::atomic_load(&ptr->message_);
      |                     ~~~~~~~~~~~~~~~~^~~~~~~~~~~~~~~~
/usr/include/c++/16.1.1/bits/shared_ptr_atomic.h:142:5: note: declared here
  142 |     atomic_load(const shared_ptr<_Tp>* __p)
      |     ^~~~~~~~~~~
/home/joshuawarren/src/mlx-omarchy-qual/.work/mlx/mlx/error.h: In member function 'void mlx::core::Error::check()':
/home/joshuawarren/src/mlx-omarchy-qual/.work/mlx/mlx/error.h:39:36: warning: 'std::shared_ptr<_Tp> std::atomic_exchange(shared_ptr<_Tp>*, shared_ptr<_Tp>) [with _Tp = __cxx11::basic_string<char>]' is deprecated: use 'std::atomic<std::shared_ptr<T>>' instead [-Wdeprecated-declarations]
   39 |     auto msg = std::atomic_exchange(&message_, {});
      |                ~~~~~~~~~~~~~~~~~~~~^~~~~~~~~~~~~~~
/usr/include/c++/16.1.1/bits/shared_ptr_atomic.h:225:5: note: declared here
  225 |     atomic_exchange(shared_ptr<_Tp>* __p, shared_ptr<_Tp> __r)
      |     ^~~~~~~~~~~~~~~
[346/428] Building CXX object CMakeFiles/mlx.dir/mlx/scheduler.cpp.o
In file included from /home/joshuawarren/src/mlx-omarchy-qual/.work/mlx/mlx/event.h:8,
                 from /home/joshuawarren/src/mlx-omarchy-qual/.work/mlx/mlx/array.h:13,
                 from /home/joshuawarren/src/mlx-omarchy-qual/.work/mlx/mlx/backend/cpu/eval.h:5,
                 from /home/joshuawarren/src/mlx-omarchy-qual/.work/mlx/mlx/scheduler.cpp:6:
/home/joshuawarren/src/mlx-omarchy-qual/.work/mlx/mlx/error.h: In member function 'void mlx::core::Error::set_message(Message)':
/home/joshuawarren/src/mlx-omarchy-qual/.work/mlx/mlx/error.h:17:22: warning: 'void std::atomic_store(shared_ptr<_Tp>*, shared_ptr<_Tp>) [with _Tp = __cxx11::basic_string<char>]' is deprecated: use 'std::atomic<std::shared_ptr<T>>' instead [-Wdeprecated-declarations]
   17 |     std::atomic_store(&message_, std::move(msg));
      |     ~~~~~~~~~~~~~~~~~^~~~~~~~~~~~~~~~~~~~~~~~~~~
In file included from /usr/include/c++/16.1.1/memory:83,
                 from /home/joshuawarren/src/mlx-omarchy-qual/.work/mlx/mlx/array.h:7:
/usr/include/c++/16.1.1/bits/shared_ptr_atomic.h:183:5: note: declared here
  183 |     atomic_store(shared_ptr<_Tp>* __p, shared_ptr<_Tp> __r)
      |     ^~~~~~~~~~~~
/home/joshuawarren/src/mlx-omarchy-qual/.work/mlx/mlx/error.h: In member function 'bool mlx::core::Error::valid() const':
/home/joshuawarren/src/mlx-omarchy-qual/.work/mlx/mlx/error.h:21:32: warning: 'std::shared_ptr<_Tp> std::atomic_load(const shared_ptr<_Tp>*) [with _Tp = __cxx11::basic_string<char>]' is deprecated: use 'std::atomic<std::shared_ptr<T>>' instead [-Wdeprecated-declarations]
   21 |     auto msg = std::atomic_load(&message_);
      |                ~~~~~~~~~~~~~~~~^~~~~~~~~~~
/usr/include/c++/16.1.1/bits/shared_ptr_atomic.h:142:5: note: declared here
  142 |     atomic_load(const shared_ptr<_Tp>* __p)
      |     ^~~~~~~~~~~
/home/joshuawarren/src/mlx-omarchy-qual/.work/mlx/mlx/error.h: In member function 'bool mlx::core::Error::store_if_valid(const mlx::core::Error*)':
/home/joshuawarren/src/mlx-omarchy-qual/.work/mlx/mlx/error.h:28:37: warning: 'std::shared_ptr<_Tp> std::atomic_load(const shared_ptr<_Tp>*) [with _Tp = __cxx11::basic_string<char>]' is deprecated: use 'std::atomic<std::shared_ptr<T>>' instead [-Wdeprecated-declarations]
   28 |       Message msg = std::atomic_load(&ptr->message_);
      |                     ~~~~~~~~~~~~~~~~^~~~~~~~~~~~~~~~
/usr/include/c++/16.1.1/bits/shared_ptr_atomic.h:142:5: note: declared here
  142 |     atomic_load(const shared_ptr<_Tp>* __p)
      |     ^~~~~~~~~~~
/home/joshuawarren/src/mlx-omarchy-qual/.work/mlx/mlx/error.h: In member function 'void mlx::core::Error::check()':
/home/joshuawarren/src/mlx-omarchy-qual/.work/mlx/mlx/error.h:39:36: warning: 'std::shared_ptr<_Tp> std::atomic_exchange(shared_ptr<_Tp>*, shared_ptr<_Tp>) [with _Tp = __cxx11::basic_string<char>]' is deprecated: use 'std::atomic<std::shared_ptr<T>>' instead [-Wdeprecated-declarations]
   39 |     auto msg = std::atomic_exchange(&message_, {});
      |                ~~~~~~~~~~~~~~~~~~~~^~~~~~~~~~~~~~~
/usr/include/c++/16.1.1/bits/shared_ptr_atomic.h:225:5: note: declared here
  225 |     atomic_exchange(shared_ptr<_Tp>* __p, shared_ptr<_Tp> __r)
      |     ^~~~~~~~~~~~~~~
[347/428] Building CXX object CMakeFiles/mlx.dir/mlx/stream.cpp.o
In file included from /home/joshuawarren/src/mlx-omarchy-qual/.work/mlx/mlx/event.h:8,
                 from /home/joshuawarren/src/mlx-omarchy-qual/.work/mlx/mlx/array.h:13,
                 from /home/joshuawarren/src/mlx-omarchy-qual/.work/mlx/mlx/backend/cpu/eval.h:5,
                 from /home/joshuawarren/src/mlx-omarchy-qual/.work/mlx/mlx/stream.cpp:5:
/home/joshuawarren/src/mlx-omarchy-qual/.work/mlx/mlx/error.h: In member function 'void mlx::core::Error::set_message(Message)':
/home/joshuawarren/src/mlx-omarchy-qual/.work/mlx/mlx/error.h:17:22: warning: 'void std::atomic_store(shared_ptr<_Tp>*, shared_ptr<_Tp>) [with _Tp = __cxx11::basic_string<char>]' is deprecated: use 'std::atomic<std::shared_ptr<T>>' instead [-Wdeprecated-declarations]
   17 |     std::atomic_store(&message_, std::move(msg));
      |     ~~~~~~~~~~~~~~~~~^~~~~~~~~~~~~~~~~~~~~~~~~~~
In file included from /usr/include/c++/16.1.1/memory:83,
                 from /home/joshuawarren/src/mlx-omarchy-qual/.work/mlx/mlx/array.h:7:
/usr/include/c++/16.1.1/bits/shared_ptr_atomic.h:183:5: note: declared here
  183 |     atomic_store(shared_ptr<_Tp>* __p, shared_ptr<_Tp> __r)
      |     ^~~~~~~~~~~~
/home/joshuawarren/src/mlx-omarchy-qual/.work/mlx/mlx/error.h: In member function 'bool mlx::core::Error::valid() const':
/home/joshuawarren/src/mlx-omarchy-qual/.work/mlx/mlx/error.h:21:32: warning: 'std::shared_ptr<_Tp> std::atomic_load(const shared_ptr<_Tp>*) [with _Tp = __cxx11::basic_string<char>]' is deprecated: use 'std::atomic<std::shared_ptr<T>>' instead [-Wdeprecated-declarations]
   21 |     auto msg = std::atomic_load(&message_);
      |                ~~~~~~~~~~~~~~~~^~~~~~~~~~~
/usr/include/c++/16.1.1/bits/shared_ptr_atomic.h:142:5: note: declared here
  142 |     atomic_load(const shared_ptr<_Tp>* __p)
      |     ^~~~~~~~~~~
/home/joshuawarren/src/mlx-omarchy-qual/.work/mlx/mlx/error.h: In member function 'bool mlx::core::Error::store_if_valid(const mlx::core::Error*)':
/home/joshuawarren/src/mlx-omarchy-qual/.work/mlx/mlx/error.h:28:37: warning: 'std::shared_ptr<_Tp> std::atomic_load(const shared_ptr<_Tp>*) [with _Tp = __cxx11::basic_string<char>]' is deprecated: use 'std::atomic<std::shared_ptr<T>>' instead [-Wdeprecated-declarations]
   28 |       Message msg = std::atomic_load(&ptr->message_);
      |                     ~~~~~~~~~~~~~~~~^~~~~~~~~~~~~~~~
/usr/include/c++/16.1.1/bits/shared_ptr_atomic.h:142:5: note: declared here
  142 |     atomic_load(const shared_ptr<_Tp>* __p)
      |     ^~~~~~~~~~~
/home/joshuawarren/src/mlx-omarchy-qual/.work/mlx/mlx/error.h: In member function 'void mlx::core::Error::check()':
/home/joshuawarren/src/mlx-omarchy-qual/.work/mlx/mlx/error.h:39:36: warning: 'std::shared_ptr<_Tp> std::atomic_exchange(shared_ptr<_Tp>*, shared_ptr<_Tp>) [with _Tp = __cxx11::basic_string<char>]' is deprecated: use 'std::atomic<std::shared_ptr<T>>' instead [-Wdeprecated-declarations]
   39 |     auto msg = std::atomic_exchange(&message_, {});
      |                ~~~~~~~~~~~~~~~~~~~~^~~~~~~~~~~~~~~
/usr/include/c++/16.1.1/bits/shared_ptr_atomic.h:225:5: note: declared here
  225 |     atomic_exchange(shared_ptr<_Tp>* __p, shared_ptr<_Tp> __r)
      |     ^~~~~~~~~~~~~~~
[348/428] Building CXX object CMakeFiles/mlx.dir/mlx/transforms.cpp.o
In file included from /home/joshuawarren/src/mlx-omarchy-qual/.work/mlx/mlx/event.h:8,
                 from /home/joshuawarren/src/mlx-omarchy-qual/.work/mlx/mlx/array.h:13,
                 from /home/joshuawarren/src/mlx-omarchy-qual/.work/mlx/mlx/backend/cpu/eval.h:5,
                 from /home/joshuawarren/src/mlx-omarchy-qual/.work/mlx/mlx/transforms.cpp:12:
/home/joshuawarren/src/mlx-omarchy-qual/.work/mlx/mlx/error.h: In member function 'void mlx::core::Error::set_message(Message)':
/home/joshuawarren/src/mlx-omarchy-qual/.work/mlx/mlx/error.h:17:22: warning: 'void std::atomic_store(shared_ptr<_Tp>*, shared_ptr<_Tp>) [with _Tp = __cxx11::basic_string<char>]' is deprecated: use 'std::atomic<std::shared_ptr<T>>' instead [-Wdeprecated-declarations]
   17 |     std::atomic_store(&message_, std::move(msg));
      |     ~~~~~~~~~~~~~~~~~^~~~~~~~~~~~~~~~~~~~~~~~~~~
In file included from /usr/include/c++/16.1.1/memory:83,
                 from /home/joshuawarren/src/mlx-omarchy-qual/.work/mlx/mlx/array.h:7:
/usr/include/c++/16.1.1/bits/shared_ptr_atomic.h:183:5: note: declared here
  183 |     atomic_store(shared_ptr<_Tp>* __p, shared_ptr<_Tp> __r)
      |     ^~~~~~~~~~~~
/home/joshuawarren/src/mlx-omarchy-qual/.work/mlx/mlx/error.h: In member function 'bool mlx::core::Error::valid() const':
/home/joshuawarren/src/mlx-omarchy-qual/.work/mlx/mlx/error.h:21:32: warning: 'std::shared_ptr<_Tp> std::atomic_load(const shared_ptr<_Tp>*) [with _Tp = __cxx11::basic_string<char>]' is deprecated: use 'std::atomic<std::shared_ptr<T>>' instead [-Wdeprecated-declarations]
   21 |     auto msg = std::atomic_load(&message_);
      |                ~~~~~~~~~~~~~~~~^~~~~~~~~~~
/usr/include/c++/16.1.1/bits/shared_ptr_atomic.h:142:5: note: declared here
  142 |     atomic_load(const shared_ptr<_Tp>* __p)
      |     ^~~~~~~~~~~
/home/joshuawarren/src/mlx-omarchy-qual/.work/mlx/mlx/error.h: In member function 'bool mlx::core::Error::store_if_valid(const mlx::core::Error*)':
/home/joshuawarren/src/mlx-omarchy-qual/.work/mlx/mlx/error.h:28:37: warning: 'std::shared_ptr<_Tp> std::atomic_load(const shared_ptr<_Tp>*) [with _Tp = __cxx11::basic_string<char>]' is deprecated: use 'std::atomic<std::shared_ptr<T>>' instead [-Wdeprecated-declarations]
   28 |       Message msg = std::atomic_load(&ptr->message_);
      |                     ~~~~~~~~~~~~~~~~^~~~~~~~~~~~~~~~
/usr/include/c++/16.1.1/bits/shared_ptr_atomic.h:142:5: note: declared here
  142 |     atomic_load(const shared_ptr<_Tp>* __p)
      |     ^~~~~~~~~~~
/home/joshuawarren/src/mlx-omarchy-qual/.work/mlx/mlx/error.h: In member function 'void mlx::core::Error::check()':
/home/joshuawarren/src/mlx-omarchy-qual/.work/mlx/mlx/error.h:39:36: warning: 'std::shared_ptr<_Tp> std::atomic_exchange(shared_ptr<_Tp>*, shared_ptr<_Tp>) [with _Tp = __cxx11::basic_string<char>]' is deprecated: use 'std::atomic<std::shared_ptr<T>>' instead [-Wdeprecated-declarations]
   39 |     auto msg = std::atomic_exchange(&message_, {});
      |                ~~~~~~~~~~~~~~~~~~~~^~~~~~~~~~~~~~~
/usr/include/c++/16.1.1/bits/shared_ptr_atomic.h:225:5: note: declared here
  225 |     atomic_exchange(shared_ptr<_Tp>* __p, shared_ptr<_Tp> __r)
      |     ^~~~~~~~~~~~~~~
[349/428] Building CXX object CMakeFiles/mlx.dir/mlx/utils.cpp.o
In file included from /home/joshuawarren/src/mlx-omarchy-qual/.work/mlx/mlx/event.h:8,
                 from /home/joshuawarren/src/mlx-omarchy-qual/.work/mlx/mlx/array.h:13,
                 from /home/joshuawarren/src/mlx-omarchy-qual/.work/mlx/mlx/utils.h:13,
                 from /home/joshuawarren/src/mlx-omarchy-qual/.work/mlx/mlx/dtype_utils.h:8,
                 from /home/joshuawarren/src/mlx-omarchy-qual/.work/mlx/mlx/utils.cpp:10:
/home/joshuawarren/src/mlx-omarchy-qual/.work/mlx/mlx/error.h: In member function 'void mlx::core::Error::set_message(Message)':
/home/joshuawarren/src/mlx-omarchy-qual/.work/mlx/mlx/error.h:17:22: warning: 'void std::atomic_store(shared_ptr<_Tp>*, shared_ptr<_Tp>) [with _Tp = __cxx11::basic_string<char>]' is deprecated: use 'std::atomic<std::shared_ptr<T>>' instead [-Wdeprecated-declarations]
   17 |     std::atomic_store(&message_, std::move(msg));
      |     ~~~~~~~~~~~~~~~~~^~~~~~~~~~~~~~~~~~~~~~~~~~~
In file included from /usr/include/c++/16.1.1/memory:83,
                 from /home/joshuawarren/src/mlx-omarchy-qual/.work/mlx/mlx/array.h:7:
/usr/include/c++/16.1.1/bits/shared_ptr_atomic.h:183:5: note: declared here
  183 |     atomic_store(shared_ptr<_Tp>* __p, shared_ptr<_Tp> __r)
      |     ^~~~~~~~~~~~
/home/joshuawarren/src/mlx-omarchy-qual/.work/mlx/mlx/error.h: In member function 'bool mlx::core::Error::valid() const':
/home/joshuawarren/src/mlx-omarchy-qual/.work/mlx/mlx/error.h:21:32: warning: 'std::shared_ptr<_Tp> std::atomic_load(const shared_ptr<_Tp>*) [with _Tp = __cxx11::basic_string<char>]' is deprecated: use 'std::atomic<std::shared_ptr<T>>' instead [-Wdeprecated-declarations]
   21 |     auto msg = std::atomic_load(&message_);
      |                ~~~~~~~~~~~~~~~~^~~~~~~~~~~
/usr/include/c++/16.1.1/bits/shared_ptr_atomic.h:142:5: note: declared here
  142 |     atomic_load(const shared_ptr<_Tp>* __p)
      |     ^~~~~~~~~~~
/home/joshuawarren/src/mlx-omarchy-qual/.work/mlx/mlx/error.h: In member function 'bool mlx::core::Error::store_if_valid(const mlx::core::Error*)':
/home/joshuawarren/src/mlx-omarchy-qual/.work/mlx/mlx/error.h:28:37: warning: 'std::shared_ptr<_Tp> std::atomic_load(const shared_ptr<_Tp>*) [with _Tp = __cxx11::basic_string<char>]' is deprecated: use 'std::atomic<std::shared_ptr<T>>' instead [-Wdeprecated-declarations]
   28 |       Message msg = std::atomic_load(&ptr->message_);
      |                     ~~~~~~~~~~~~~~~~^~~~~~~~~~~~~~~~
/usr/include/c++/16.1.1/bits/shared_ptr_atomic.h:142:5: note: declared here
  142 |     atomic_load(const shared_ptr<_Tp>* __p)
      |     ^~~~~~~~~~~
/home/joshuawarren/src/mlx-omarchy-qual/.work/mlx/mlx/error.h: In member function 'void mlx::core::Error::check()':
/home/joshuawarren/src/mlx-omarchy-qual/.work/mlx/mlx/error.h:39:36: warning: 'std::shared_ptr<_Tp> std::atomic_exchange(shared_ptr<_Tp>*, shared_ptr<_Tp>) [with _Tp = __cxx11::basic_string<char>]' is deprecated: use 'std::atomic<std::shared_ptr<T>>' instead [-Wdeprecated-declarations]
   39 |     auto msg = std::atomic_exchange(&message_, {});
      |                ~~~~~~~~~~~~~~~~~~~~^~~~~~~~~~~~~~~
/usr/include/c++/16.1.1/bits/shared_ptr_atomic.h:225:5: note: declared here
  225 |     atomic_exchange(shared_ptr<_Tp>* __p, shared_ptr<_Tp> __r)
      |     ^~~~~~~~~~~~~~~
[350/428] Building CXX object CMakeFiles/mlx.dir/mlx/linalg.cpp.o
In file included from /home/joshuawarren/src/mlx-omarchy-qual/.work/mlx/mlx/event.h:8,
                 from /home/joshuawarren/src/mlx-omarchy-qual/.work/mlx/mlx/array.h:13,
                 from /home/joshuawarren/src/mlx-omarchy-qual/.work/mlx/mlx/linalg.h:8,
                 from /home/joshuawarren/src/mlx-omarchy-qual/.work/mlx/mlx/linalg.cpp:7:
/home/joshuawarren/src/mlx-omarchy-qual/.work/mlx/mlx/error.h: In member function 'void mlx::core::Error::set_message(Message)':
/home/joshuawarren/src/mlx-omarchy-qual/.work/mlx/mlx/error.h:17:22: warning: 'void std::atomic_store(shared_ptr<_Tp>*, shared_ptr<_Tp>) [with _Tp = __cxx11::basic_string<char>]' is deprecated: use 'std::atomic<std::shared_ptr<T>>' instead [-Wdeprecated-declarations]
   17 |     std::atomic_store(&message_, std::move(msg));
      |     ~~~~~~~~~~~~~~~~~^~~~~~~~~~~~~~~~~~~~~~~~~~~
In file included from /usr/include/c++/16.1.1/memory:83,
                 from /home/joshuawarren/src/mlx-omarchy-qual/.work/mlx/mlx/array.h:7:
/usr/include/c++/16.1.1/bits/shared_ptr_atomic.h:183:5: note: declared here
  183 |     atomic_store(shared_ptr<_Tp>* __p, shared_ptr<_Tp> __r)
      |     ^~~~~~~~~~~~
/home/joshuawarren/src/mlx-omarchy-qual/.work/mlx/mlx/error.h: In member function 'bool mlx::core::Error::valid() const':
/home/joshuawarren/src/mlx-omarchy-qual/.work/mlx/mlx/error.h:21:32: warning: 'std::shared_ptr<_Tp> std::atomic_load(const shared_ptr<_Tp>*) [with _Tp = __cxx11::basic_string<char>]' is deprecated: use 'std::atomic<std::shared_ptr<T>>' instead [-Wdeprecated-declarations]
   21 |     auto msg = std::atomic_load(&message_);
      |                ~~~~~~~~~~~~~~~~^~~~~~~~~~~
/usr/include/c++/16.1.1/bits/shared_ptr_atomic.h:142:5: note: declared here
  142 |     atomic_load(const shared_ptr<_Tp>* __p)
      |     ^~~~~~~~~~~
/home/joshuawarren/src/mlx-omarchy-qual/.work/mlx/mlx/error.h: In member function 'bool mlx::core::Error::store_if_valid(const mlx::core::Error*)':
/home/joshuawarren/src/mlx-omarchy-qual/.work/mlx/mlx/error.h:28:37: warning: 'std::shared_ptr<_Tp> std::atomic_load(const shared_ptr<_Tp>*) [with _Tp = __cxx11::basic_string<char>]' is deprecated: use 'std::atomic<std::shared_ptr<T>>' instead [-Wdeprecated-declarations]
   28 |       Message msg = std::atomic_load(&ptr->message_);
      |                     ~~~~~~~~~~~~~~~~^~~~~~~~~~~~~~~~
/usr/include/c++/16.1.1/bits/shared_ptr_atomic.h:142:5: note: declared here
  142 |     atomic_load(const shared_ptr<_Tp>* __p)
      |     ^~~~~~~~~~~
/home/joshuawarren/src/mlx-omarchy-qual/.work/mlx/mlx/error.h: In member function 'void mlx::core::Error::check()':
/home/joshuawarren/src/mlx-omarchy-qual/.work/mlx/mlx/error.h:39:36: warning: 'std::shared_ptr<_Tp> std::atomic_exchange(shared_ptr<_Tp>*, shared_ptr<_Tp>) [with _Tp = __cxx11::basic_string<char>]' is deprecated: use 'std::atomic<std::shared_ptr<T>>' instead [-Wdeprecated-declarations]
   39 |     auto msg = std::atomic_exchange(&message_, {});
      |                ~~~~~~~~~~~~~~~~~~~~^~~~~~~~~~~~~~~
/usr/include/c++/16.1.1/bits/shared_ptr_atomic.h:225:5: note: declared here
  225 |     atomic_exchange(shared_ptr<_Tp>* __p, shared_ptr<_Tp> __r)
      |     ^~~~~~~~~~~~~~~
[351/428] Building CXX object CMakeFiles/mlx.dir/mlx/backend/common/broadcasting.cpp.o
In file included from /home/joshuawarren/src/mlx-omarchy-qual/.work/mlx/mlx/event.h:8,
                 from /home/joshuawarren/src/mlx-omarchy-qual/.work/mlx/mlx/array.h:13,
                 from /home/joshuawarren/src/mlx-omarchy-qual/.work/mlx/mlx/backend/common/utils.h:9,
                 from /home/joshuawarren/src/mlx-omarchy-qual/.work/mlx/mlx/backend/common/broadcasting.cpp:3:
/home/joshuawarren/src/mlx-omarchy-qual/.work/mlx/mlx/error.h: In member function 'void mlx::core::Error::set_message(Message)':
/home/joshuawarren/src/mlx-omarchy-qual/.work/mlx/mlx/error.h:17:22: warning: 'void std::atomic_store(shared_ptr<_Tp>*, shared_ptr<_Tp>) [with _Tp = __cxx11::basic_string<char>]' is deprecated: use 'std::atomic<std::shared_ptr<T>>' instead [-Wdeprecated-declarations]
   17 |     std::atomic_store(&message_, std::move(msg));
      |     ~~~~~~~~~~~~~~~~~^~~~~~~~~~~~~~~~~~~~~~~~~~~
In file included from /usr/include/c++/16.1.1/memory:83,
                 from /home/joshuawarren/src/mlx-omarchy-qual/.work/mlx/mlx/array.h:7:
/usr/include/c++/16.1.1/bits/shared_ptr_atomic.h:183:5: note: declared here
  183 |     atomic_store(shared_ptr<_Tp>* __p, shared_ptr<_Tp> __r)
      |     ^~~~~~~~~~~~
/home/joshuawarren/src/mlx-omarchy-qual/.work/mlx/mlx/error.h: In member function 'bool mlx::core::Error::valid() const':
/home/joshuawarren/src/mlx-omarchy-qual/.work/mlx/mlx/error.h:21:32: warning: 'std::shared_ptr<_Tp> std::atomic_load(const shared_ptr<_Tp>*) [with _Tp = __cxx11::basic_string<char>]' is deprecated: use 'std::atomic<std::shared_ptr<T>>' instead [-Wdeprecated-declarations]
   21 |     auto msg = std::atomic_load(&message_);
      |                ~~~~~~~~~~~~~~~~^~~~~~~~~~~
/usr/include/c++/16.1.1/bits/shared_ptr_atomic.h:142:5: note: declared here
  142 |     atomic_load(const shared_ptr<_Tp>* __p)
      |     ^~~~~~~~~~~
/home/joshuawarren/src/mlx-omarchy-qual/.work/mlx/mlx/error.h: In member function 'bool mlx::core::Error::store_if_valid(const mlx::core::Error*)':
/home/joshuawarren/src/mlx-omarchy-qual/.work/mlx/mlx/error.h:28:37: warning: 'std::shared_ptr<_Tp> std::atomic_load(const shared_ptr<_Tp>*) [with _Tp = __cxx11::basic_string<char>]' is deprecated: use 'std::atomic<std::shared_ptr<T>>' instead [-Wdeprecated-declarations]
   28 |       Message msg = std::atomic_load(&ptr->message_);
      |                     ~~~~~~~~~~~~~~~~^~~~~~~~~~~~~~~~
/usr/include/c++/16.1.1/bits/shared_ptr_atomic.h:142:5: note: declared here
  142 |     atomic_load(const shared_ptr<_Tp>* __p)
      |     ^~~~~~~~~~~
/home/joshuawarren/src/mlx-omarchy-qual/.work/mlx/mlx/error.h: In member function 'void mlx::core::Error::check()':
/home/joshuawarren/src/mlx-omarchy-qual/.work/mlx/mlx/error.h:39:36: warning: 'std::shared_ptr<_Tp> std::atomic_exchange(shared_ptr<_Tp>*, shared_ptr<_Tp>) [with _Tp = __cxx11::basic_string<char>]' is deprecated: use 'std::atomic<std::shared_ptr<T>>' instead [-Wdeprecated-declarations]
   39 |     auto msg = std::atomic_exchange(&message_, {});
      |                ~~~~~~~~~~~~~~~~~~~~^~~~~~~~~~~~~~~
/usr/include/c++/16.1.1/bits/shared_ptr_atomic.h:225:5: note: declared here
  225 |     atomic_exchange(shared_ptr<_Tp>* __p, shared_ptr<_Tp> __r)
      |     ^~~~~~~~~~~~~~~
[352/428] Building CXX object CMakeFiles/mlx.dir/mlx/backend/common/compiled.cpp.o
In file included from /home/joshuawarren/src/mlx-omarchy-qual/.work/mlx/mlx/event.h:8,
                 from /home/joshuawarren/src/mlx-omarchy-qual/.work/mlx/mlx/array.h:13,
                 from /home/joshuawarren/src/mlx-omarchy-qual/.work/mlx/mlx/backend/common/compiled.h:8,
                 from /home/joshuawarren/src/mlx-omarchy-qual/.work/mlx/mlx/backend/common/compiled.cpp:3:
/home/joshuawarren/src/mlx-omarchy-qual/.work/mlx/mlx/error.h: In member function 'void mlx::core::Error::set_message(Message)':
/home/joshuawarren/src/mlx-omarchy-qual/.work/mlx/mlx/error.h:17:22: warning: 'void std::atomic_store(shared_ptr<_Tp>*, shared_ptr<_Tp>) [with _Tp = __cxx11::basic_string<char>]' is deprecated: use 'std::atomic<std::shared_ptr<T>>' instead [-Wdeprecated-declarations]
   17 |     std::atomic_store(&message_, std::move(msg));
      |     ~~~~~~~~~~~~~~~~~^~~~~~~~~~~~~~~~~~~~~~~~~~~
In file included from /usr/include/c++/16.1.1/memory:83,
                 from /home/joshuawarren/src/mlx-omarchy-qual/.work/mlx/mlx/array.h:7:
/usr/include/c++/16.1.1/bits/shared_ptr_atomic.h:183:5: note: declared here
  183 |     atomic_store(shared_ptr<_Tp>* __p, shared_ptr<_Tp> __r)
      |     ^~~~~~~~~~~~
/home/joshuawarren/src/mlx-omarchy-qual/.work/mlx/mlx/error.h: In member function 'bool mlx::core::Error::valid() const':
/home/joshuawarren/src/mlx-omarchy-qual/.work/mlx/mlx/error.h:21:32: warning: 'std::shared_ptr<_Tp> std::atomic_load(const shared_ptr<_Tp>*) [with _Tp = __cxx11::basic_string<char>]' is deprecated: use 'std::atomic<std::shared_ptr<T>>' instead [-Wdeprecated-declarations]
   21 |     auto msg = std::atomic_load(&message_);
      |                ~~~~~~~~~~~~~~~~^~~~~~~~~~~
/usr/include/c++/16.1.1/bits/shared_ptr_atomic.h:142:5: note: declared here
  142 |     atomic_load(const shared_ptr<_Tp>* __p)
      |     ^~~~~~~~~~~
/home/joshuawarren/src/mlx-omarchy-qual/.work/mlx/mlx/error.h: In member function 'bool mlx::core::Error::store_if_valid(const mlx::core::Error*)':
/home/joshuawarren/src/mlx-omarchy-qual/.work/mlx/mlx/error.h:28:37: warning: 'std::shared_ptr<_Tp> std::atomic_load(const shared_ptr<_Tp>*) [with _Tp = __cxx11::basic_string<char>]' is deprecated: use 'std::atomic<std::shared_ptr<T>>' instead [-Wdeprecated-declarations]
   28 |       Message msg = std::atomic_load(&ptr->message_);
      |                     ~~~~~~~~~~~~~~~~^~~~~~~~~~~~~~~~
/usr/include/c++/16.1.1/bits/shared_ptr_atomic.h:142:5: note: declared here
  142 |     atomic_load(const shared_ptr<_Tp>* __p)
      |     ^~~~~~~~~~~
/home/joshuawarren/src/mlx-omarchy-qual/.work/mlx/mlx/error.h: In member function 'void mlx::core::Error::check()':
/home/joshuawarren/src/mlx-omarchy-qual/.work/mlx/mlx/error.h:39:36: warning: 'std::shared_ptr<_Tp> std::atomic_exchange(shared_ptr<_Tp>*, shared_ptr<_Tp>) [with _Tp = __cxx11::basic_string<char>]' is deprecated: use 'std::atomic<std::shared_ptr<T>>' instead [-Wdeprecated-declarations]
   39 |     auto msg = std::atomic_exchange(&message_, {});
      |                ~~~~~~~~~~~~~~~~~~~~^~~~~~~~~~~~~~~
/usr/include/c++/16.1.1/bits/shared_ptr_atomic.h:225:5: note: declared here
  225 |     atomic_exchange(shared_ptr<_Tp>* __p, shared_ptr<_Tp> __r)
      |     ^~~~~~~~~~~~~~~
[353/428] Building CXX object CMakeFiles/mlx.dir/mlx/backend/common/common.cpp.o
In file included from /home/joshuawarren/src/mlx-omarchy-qual/.work/mlx/mlx/event.h:8,
                 from /home/joshuawarren/src/mlx-omarchy-qual/.work/mlx/mlx/array.h:13,
                 from /home/joshuawarren/src/mlx-omarchy-qual/.work/mlx/mlx/backend/common/broadcasting.h:5,
                 from /home/joshuawarren/src/mlx-omarchy-qual/.work/mlx/mlx/backend/common/common.cpp:4:
/home/joshuawarren/src/mlx-omarchy-qual/.work/mlx/mlx/error.h: In member function 'void mlx::core::Error::set_message(Message)':
/home/joshuawarren/src/mlx-omarchy-qual/.work/mlx/mlx/error.h:17:22: warning: 'void std::atomic_store(shared_ptr<_Tp>*, shared_ptr<_Tp>) [with _Tp = __cxx11::basic_string<char>]' is deprecated: use 'std::atomic<std::shared_ptr<T>>' instead [-Wdeprecated-declarations]
   17 |     std::atomic_store(&message_, std::move(msg));
      |     ~~~~~~~~~~~~~~~~~^~~~~~~~~~~~~~~~~~~~~~~~~~~
In file included from /usr/include/c++/16.1.1/memory:83,
                 from /home/joshuawarren/src/mlx-omarchy-qual/.work/mlx/mlx/array.h:7:
/usr/include/c++/16.1.1/bits/shared_ptr_atomic.h:183:5: note: declared here
  183 |     atomic_store(shared_ptr<_Tp>* __p, shared_ptr<_Tp> __r)
      |     ^~~~~~~~~~~~
/home/joshuawarren/src/mlx-omarchy-qual/.work/mlx/mlx/error.h: In member function 'bool mlx::core::Error::valid() const':
/home/joshuawarren/src/mlx-omarchy-qual/.work/mlx/mlx/error.h:21:32: warning: 'std::shared_ptr<_Tp> std::atomic_load(const shared_ptr<_Tp>*) [with _Tp = __cxx11::basic_string<char>]' is deprecated: use 'std::atomic<std::shared_ptr<T>>' instead [-Wdeprecated-declarations]
   21 |     auto msg = std::atomic_load(&message_);
      |                ~~~~~~~~~~~~~~~~^~~~~~~~~~~
/usr/include/c++/16.1.1/bits/shared_ptr_atomic.h:142:5: note: declared here
  142 |     atomic_load(const shared_ptr<_Tp>* __p)
      |     ^~~~~~~~~~~
/home/joshuawarren/src/mlx-omarchy-qual/.work/mlx/mlx/error.h: In member function 'bool mlx::core::Error::store_if_valid(const mlx::core::Error*)':
/home/joshuawarren/src/mlx-omarchy-qual/.work/mlx/mlx/error.h:28:37: warning: 'std::shared_ptr<_Tp> std::atomic_load(const shared_ptr<_Tp>*) [with _Tp = __cxx11::basic_string<char>]' is deprecated: use 'std::atomic<std::shared_ptr<T>>' instead [-Wdeprecated-declarations]
   28 |       Message msg = std::atomic_load(&ptr->message_);
      |                     ~~~~~~~~~~~~~~~~^~~~~~~~~~~~~~~~
/usr/include/c++/16.1.1/bits/shared_ptr_atomic.h:142:5: note: declared here
  142 |     atomic_load(const shared_ptr<_Tp>* __p)
      |     ^~~~~~~~~~~
/home/joshuawarren/src/mlx-omarchy-qual/.work/mlx/mlx/error.h: In member function 'void mlx::core::Error::check()':
/home/joshuawarren/src/mlx-omarchy-qual/.work/mlx/mlx/error.h:39:36: warning: 'std::shared_ptr<_Tp> std::atomic_exchange(shared_ptr<_Tp>*, shared_ptr<_Tp>) [with _Tp = __cxx11::basic_string<char>]' is deprecated: use 'std::atomic<std::shared_ptr<T>>' instead [-Wdeprecated-declarations]
   39 |     auto msg = std::atomic_exchange(&message_, {});
      |                ~~~~~~~~~~~~~~~~~~~~^~~~~~~~~~~~~~~
/usr/include/c++/16.1.1/bits/shared_ptr_atomic.h:225:5: note: declared here
  225 |     atomic_exchange(shared_ptr<_Tp>* __p, shared_ptr<_Tp> __r)
      |     ^~~~~~~~~~~~~~~
[354/428] Building CXX object CMakeFiles/mlx.dir/mlx/backend/common/load.cpp.o
In file included from /home/joshuawarren/src/mlx-omarchy-qual/.work/mlx/mlx/event.h:8,
                 from /home/joshuawarren/src/mlx-omarchy-qual/.work/mlx/mlx/array.h:13,
                 from /home/joshuawarren/src/mlx-omarchy-qual/.work/mlx/mlx/primitives.h:8,
                 from /home/joshuawarren/src/mlx-omarchy-qual/.work/mlx/mlx/backend/common/load.cpp:6:
/home/joshuawarren/src/mlx-omarchy-qual/.work/mlx/mlx/error.h: In member function 'void mlx::core::Error::set_message(Message)':
/home/joshuawarren/src/mlx-omarchy-qual/.work/mlx/mlx/error.h:17:22: warning: 'void std::atomic_store(shared_ptr<_Tp>*, shared_ptr<_Tp>) [with _Tp = __cxx11::basic_string<char>]' is deprecated: use 'std::atomic<std::shared_ptr<T>>' instead [-Wdeprecated-declarations]
   17 |     std::atomic_store(&message_, std::move(msg));
      |     ~~~~~~~~~~~~~~~~~^~~~~~~~~~~~~~~~~~~~~~~~~~~
In file included from /usr/include/c++/16.1.1/memory:83,
                 from /home/joshuawarren/src/mlx-omarchy-qual/.work/mlx/mlx/array.h:7:
/usr/include/c++/16.1.1/bits/shared_ptr_atomic.h:183:5: note: declared here
  183 |     atomic_store(shared_ptr<_Tp>* __p, shared_ptr<_Tp> __r)
      |     ^~~~~~~~~~~~
/home/joshuawarren/src/mlx-omarchy-qual/.work/mlx/mlx/error.h: In member function 'bool mlx::core::Error::valid() const':
/home/joshuawarren/src/mlx-omarchy-qual/.work/mlx/mlx/error.h:21:32: warning: 'std::shared_ptr<_Tp> std::atomic_load(const shared_ptr<_Tp>*) [with _Tp = __cxx11::basic_string<char>]' is deprecated: use 'std::atomic<std::shared_ptr<T>>' instead [-Wdeprecated-declarations]
   21 |     auto msg = std::atomic_load(&message_);
      |                ~~~~~~~~~~~~~~~~^~~~~~~~~~~
/usr/include/c++/16.1.1/bits/shared_ptr_atomic.h:142:5: note: declared here
  142 |     atomic_load(const shared_ptr<_Tp>* __p)
      |     ^~~~~~~~~~~
/home/joshuawarren/src/mlx-omarchy-qual/.work/mlx/mlx/error.h: In member function 'bool mlx::core::Error::store_if_valid(const mlx::core::Error*)':
/home/joshuawarren/src/mlx-omarchy-qual/.work/mlx/mlx/error.h:28:37: warning: 'std::shared_ptr<_Tp> std::atomic_load(const shared_ptr<_Tp>*) [with _Tp = __cxx11::basic_string<char>]' is deprecated: use 'std::atomic<std::shared_ptr<T>>' instead [-Wdeprecated-declarations]
   28 |       Message msg = std::atomic_load(&ptr->message_);
      |                     ~~~~~~~~~~~~~~~~^~~~~~~~~~~~~~~~
/usr/include/c++/16.1.1/bits/shared_ptr_atomic.h:142:5: note: declared here
  142 |     atomic_load(const shared_ptr<_Tp>* __p)
      |     ^~~~~~~~~~~
/home/joshuawarren/src/mlx-omarchy-qual/.work/mlx/mlx/error.h: In member function 'void mlx::core::Error::check()':
/home/joshuawarren/src/mlx-omarchy-qual/.work/mlx/mlx/error.h:39:36: warning: 'std::shared_ptr<_Tp> std::atomic_exchange(shared_ptr<_Tp>*, shared_ptr<_Tp>) [with _Tp = __cxx11::basic_string<char>]' is deprecated: use 'std::atomic<std::shared_ptr<T>>' instead [-Wdeprecated-declarations]
   39 |     auto msg = std::atomic_exchange(&message_, {});
      |                ~~~~~~~~~~~~~~~~~~~~^~~~~~~~~~~~~~~
/usr/include/c++/16.1.1/bits/shared_ptr_atomic.h:225:5: note: declared here
  225 |     atomic_exchange(shared_ptr<_Tp>* __p, shared_ptr<_Tp> __r)
      |     ^~~~~~~~~~~~~~~
[355/428] Building CXX object CMakeFiles/mlx.dir/mlx/backend/common/metal_kernel.cpp.o
In file included from /home/joshuawarren/src/mlx-omarchy-qual/.work/mlx/mlx/event.h:8,
                 from /home/joshuawarren/src/mlx-omarchy-qual/.work/mlx/mlx/array.h:13,
                 from /home/joshuawarren/src/mlx-omarchy-qual/.work/mlx/mlx/backend/common/compiled.h:8,
                 from /home/joshuawarren/src/mlx-omarchy-qual/.work/mlx/mlx/backend/common/metal_kernel.cpp:6:
/home/joshuawarren/src/mlx-omarchy-qual/.work/mlx/mlx/error.h: In member function 'void mlx::core::Error::set_message(Message)':
/home/joshuawarren/src/mlx-omarchy-qual/.work/mlx/mlx/error.h:17:22: warning: 'void std::atomic_store(shared_ptr<_Tp>*, shared_ptr<_Tp>) [with _Tp = __cxx11::basic_string<char>]' is deprecated: use 'std::atomic<std::shared_ptr<T>>' instead [-Wdeprecated-declarations]
   17 |     std::atomic_store(&message_, std::move(msg));
      |     ~~~~~~~~~~~~~~~~~^~~~~~~~~~~~~~~~~~~~~~~~~~~
In file included from /usr/include/c++/16.1.1/memory:83,
                 from /home/joshuawarren/src/mlx-omarchy-qual/.work/mlx/mlx/array.h:7:
/usr/include/c++/16.1.1/bits/shared_ptr_atomic.h:183:5: note: declared here
  183 |     atomic_store(shared_ptr<_Tp>* __p, shared_ptr<_Tp> __r)
      |     ^~~~~~~~~~~~
/home/joshuawarren/src/mlx-omarchy-qual/.work/mlx/mlx/error.h: In member function 'bool mlx::core::Error::valid() const':
/home/joshuawarren/src/mlx-omarchy-qual/.work/mlx/mlx/error.h:21:32: warning: 'std::shared_ptr<_Tp> std::atomic_load(const shared_ptr<_Tp>*) [with _Tp = __cxx11::basic_string<char>]' is deprecated: use 'std::atomic<std::shared_ptr<T>>' instead [-Wdeprecated-declarations]
   21 |     auto msg = std::atomic_load(&message_);
      |                ~~~~~~~~~~~~~~~~^~~~~~~~~~~
/usr/include/c++/16.1.1/bits/shared_ptr_atomic.h:142:5: note: declared here
  142 |     atomic_load(const shared_ptr<_Tp>* __p)
      |     ^~~~~~~~~~~
/home/joshuawarren/src/mlx-omarchy-qual/.work/mlx/mlx/error.h: In member function 'bool mlx::core::Error::store_if_valid(const mlx::core::Error*)':
/home/joshuawarren/src/mlx-omarchy-qual/.work/mlx/mlx/error.h:28:37: warning: 'std::shared_ptr<_Tp> std::atomic_load(const shared_ptr<_Tp>*) [with _Tp = __cxx11::basic_string<char>]' is deprecated: use 'std::atomic<std::shared_ptr<T>>' instead [-Wdeprecated-declarations]
   28 |       Message msg = std::atomic_load(&ptr->message_);
      |                     ~~~~~~~~~~~~~~~~^~~~~~~~~~~~~~~~
/usr/include/c++/16.1.1/bits/shared_ptr_atomic.h:142:5: note: declared here
  142 |     atomic_load(const shared_ptr<_Tp>* __p)
      |     ^~~~~~~~~~~
/home/joshuawarren/src/mlx-omarchy-qual/.work/mlx/mlx/error.h: In member function 'void mlx::core::Error::check()':
/home/joshuawarren/src/mlx-omarchy-qual/.work/mlx/mlx/error.h:39:36: warning: 'std::shared_ptr<_Tp> std::atomic_exchange(shared_ptr<_Tp>*, shared_ptr<_Tp>) [with _Tp = __cxx11::basic_string<char>]' is deprecated: use 'std::atomic<std::shared_ptr<T>>' instead [-Wdeprecated-declarations]
   39 |     auto msg = std::atomic_exchange(&message_, {});
      |                ~~~~~~~~~~~~~~~~~~~~^~~~~~~~~~~~~~~
/usr/include/c++/16.1.1/bits/shared_ptr_atomic.h:225:5: note: declared here
  225 |     atomic_exchange(shared_ptr<_Tp>* __p, shared_ptr<_Tp> __r)
      |     ^~~~~~~~~~~~~~~
[356/428] Building CXX object CMakeFiles/mlx.dir/mlx/backend/common/reduce.cpp.o
In file included from /home/joshuawarren/src/mlx-omarchy-qual/.work/mlx/mlx/event.h:8,
                 from /home/joshuawarren/src/mlx-omarchy-qual/.work/mlx/mlx/array.h:13,
                 from /home/joshuawarren/src/mlx-omarchy-qual/.work/mlx/mlx/backend/common/utils.h:9,
                 from /home/joshuawarren/src/mlx-omarchy-qual/.work/mlx/mlx/backend/common/reduce.h:5,
                 from /home/joshuawarren/src/mlx-omarchy-qual/.work/mlx/mlx/backend/common/reduce.cpp:3:
/home/joshuawarren/src/mlx-omarchy-qual/.work/mlx/mlx/error.h: In member function 'void mlx::core::Error::set_message(Message)':
/home/joshuawarren/src/mlx-omarchy-qual/.work/mlx/mlx/error.h:17:22: warning: 'void std::atomic_store(shared_ptr<_Tp>*, shared_ptr<_Tp>) [with _Tp = __cxx11::basic_string<char>]' is deprecated: use 'std::atomic<std::shared_ptr<T>>' instead [-Wdeprecated-declarations]
   17 |     std::atomic_store(&message_, std::move(msg));
      |     ~~~~~~~~~~~~~~~~~^~~~~~~~~~~~~~~~~~~~~~~~~~~
In file included from /usr/include/c++/16.1.1/memory:83,
                 from /home/joshuawarren/src/mlx-omarchy-qual/.work/mlx/mlx/array.h:7:
/usr/include/c++/16.1.1/bits/shared_ptr_atomic.h:183:5: note: declared here
  183 |     atomic_store(shared_ptr<_Tp>* __p, shared_ptr<_Tp> __r)
      |     ^~~~~~~~~~~~
/home/joshuawarren/src/mlx-omarchy-qual/.work/mlx/mlx/error.h: In member function 'bool mlx::core::Error::valid() const':
/home/joshuawarren/src/mlx-omarchy-qual/.work/mlx/mlx/error.h:21:32: warning: 'std::shared_ptr<_Tp> std::atomic_load(const shared_ptr<_Tp>*) [with _Tp = __cxx11::basic_string<char>]' is deprecated: use 'std::atomic<std::shared_ptr<T>>' instead [-Wdeprecated-declarations]
   21 |     auto msg = std::atomic_load(&message_);
      |                ~~~~~~~~~~~~~~~~^~~~~~~~~~~
/usr/include/c++/16.1.1/bits/shared_ptr_atomic.h:142:5: note: declared here
  142 |     atomic_load(const shared_ptr<_Tp>* __p)
      |     ^~~~~~~~~~~
/home/joshuawarren/src/mlx-omarchy-qual/.work/mlx/mlx/error.h: In member function 'bool mlx::core::Error::store_if_valid(const mlx::core::Error*)':
/home/joshuawarren/src/mlx-omarchy-qual/.work/mlx/mlx/error.h:28:37: warning: 'std::shared_ptr<_Tp> std::atomic_load(const shared_ptr<_Tp>*) [with _Tp = __cxx11::basic_string<char>]' is deprecated: use 'std::atomic<std::shared_ptr<T>>' instead [-Wdeprecated-declarations]
   28 |       Message msg = std::atomic_load(&ptr->message_);
      |                     ~~~~~~~~~~~~~~~~^~~~~~~~~~~~~~~~
/usr/include/c++/16.1.1/bits/shared_ptr_atomic.h:142:5: note: declared here
  142 |     atomic_load(const shared_ptr<_Tp>* __p)
      |     ^~~~~~~~~~~
/home/joshuawarren/src/mlx-omarchy-qual/.work/mlx/mlx/error.h: In member function 'void mlx::core::Error::check()':
/home/joshuawarren/src/mlx-omarchy-qual/.work/mlx/mlx/error.h:39:36: warning: 'std::shared_ptr<_Tp> std::atomic_exchange(shared_ptr<_Tp>*, shared_ptr<_Tp>) [with _Tp = __cxx11::basic_string<char>]' is deprecated: use 'std::atomic<std::shared_ptr<T>>' instead [-Wdeprecated-declarations]
   39 |     auto msg = std::atomic_exchange(&message_, {});
      |                ~~~~~~~~~~~~~~~~~~~~^~~~~~~~~~~~~~~
/usr/include/c++/16.1.1/bits/shared_ptr_atomic.h:225:5: note: declared here
  225 |     atomic_exchange(shared_ptr<_Tp>* __p, shared_ptr<_Tp> __r)
      |     ^~~~~~~~~~~~~~~
[357/428] Building CXX object CMakeFiles/mlx.dir/mlx/backend/common/slicing.cpp.o
In file included from /home/joshuawarren/src/mlx-omarchy-qual/.work/mlx/mlx/event.h:8,
                 from /home/joshuawarren/src/mlx-omarchy-qual/.work/mlx/mlx/array.h:13,
                 from /home/joshuawarren/src/mlx-omarchy-qual/.work/mlx/mlx/backend/common/utils.h:9,
                 from /home/joshuawarren/src/mlx-omarchy-qual/.work/mlx/mlx/backend/common/slicing.cpp:3:
/home/joshuawarren/src/mlx-omarchy-qual/.work/mlx/mlx/error.h: In member function 'void mlx::core::Error::set_message(Message)':
/home/joshuawarren/src/mlx-omarchy-qual/.work/mlx/mlx/error.h:17:22: warning: 'void std::atomic_store(shared_ptr<_Tp>*, shared_ptr<_Tp>) [with _Tp = __cxx11::basic_string<char>]' is deprecated: use 'std::atomic<std::shared_ptr<T>>' instead [-Wdeprecated-declarations]
   17 |     std::atomic_store(&message_, std::move(msg));
      |     ~~~~~~~~~~~~~~~~~^~~~~~~~~~~~~~~~~~~~~~~~~~~
In file included from /usr/include/c++/16.1.1/memory:83,
                 from /home/joshuawarren/src/mlx-omarchy-qual/.work/mlx/mlx/array.h:7:
/usr/include/c++/16.1.1/bits/shared_ptr_atomic.h:183:5: note: declared here
  183 |     atomic_store(shared_ptr<_Tp>* __p, shared_ptr<_Tp> __r)
      |     ^~~~~~~~~~~~
/home/joshuawarren/src/mlx-omarchy-qual/.work/mlx/mlx/error.h: In member function 'bool mlx::core::Error::valid() const':
/home/joshuawarren/src/mlx-omarchy-qual/.work/mlx/mlx/error.h:21:32: warning: 'std::shared_ptr<_Tp> std::atomic_load(const shared_ptr<_Tp>*) [with _Tp = __cxx11::basic_string<char>]' is deprecated: use 'std::atomic<std::shared_ptr<T>>' instead [-Wdeprecated-declarations]
   21 |     auto msg = std::atomic_load(&message_);
      |                ~~~~~~~~~~~~~~~~^~~~~~~~~~~
/usr/include/c++/16.1.1/bits/shared_ptr_atomic.h:142:5: note: declared here
  142 |     atomic_load(const shared_ptr<_Tp>* __p)
      |     ^~~~~~~~~~~
/home/joshuawarren/src/mlx-omarchy-qual/.work/mlx/mlx/error.h: In member function 'bool mlx::core::Error::store_if_valid(const mlx::core::Error*)':
/home/joshuawarren/src/mlx-omarchy-qual/.work/mlx/mlx/error.h:28:37: warning: 'std::shared_ptr<_Tp> std::atomic_load(const shared_ptr<_Tp>*) [with _Tp = __cxx11::basic_string<char>]' is deprecated: use 'std::atomic<std::shared_ptr<T>>' instead [-Wdeprecated-declarations]
   28 |       Message msg = std::atomic_load(&ptr->message_);
      |                     ~~~~~~~~~~~~~~~~^~~~~~~~~~~~~~~~
/usr/include/c++/16.1.1/bits/shared_ptr_atomic.h:142:5: note: declared here
  142 |     atomic_load(const shared_ptr<_Tp>* __p)
      |     ^~~~~~~~~~~
/home/joshuawarren/src/mlx-omarchy-qual/.work/mlx/mlx/error.h: In member function 'void mlx::core::Error::check()':
/home/joshuawarren/src/mlx-omarchy-qual/.work/mlx/mlx/error.h:39:36: warning: 'std::shared_ptr<_Tp> std::atomic_exchange(shared_ptr<_Tp>*, shared_ptr<_Tp>) [with _Tp = __cxx11::basic_string<char>]' is deprecated: use 'std::atomic<std::shared_ptr<T>>' instead [-Wdeprecated-declarations]
   39 |     auto msg = std::atomic_exchange(&message_, {});
      |                ~~~~~~~~~~~~~~~~~~~~^~~~~~~~~~~~~~~
/usr/include/c++/16.1.1/bits/shared_ptr_atomic.h:225:5: note: declared here
  225 |     atomic_exchange(shared_ptr<_Tp>* __p, shared_ptr<_Tp> __r)
      |     ^~~~~~~~~~~~~~~
[358/428] Building CXX object CMakeFiles/mlx.dir/mlx/backend/common/utils.cpp.o
In file included from /home/joshuawarren/src/mlx-omarchy-qual/.work/mlx/mlx/event.h:8,
                 from /home/joshuawarren/src/mlx-omarchy-qual/.work/mlx/mlx/array.h:13,
                 from /home/joshuawarren/src/mlx-omarchy-qual/.work/mlx/mlx/backend/common/utils.h:9,
                 from /home/joshuawarren/src/mlx-omarchy-qual/.work/mlx/mlx/backend/common/utils.cpp:5:
/home/joshuawarren/src/mlx-omarchy-qual/.work/mlx/mlx/error.h: In member function 'void mlx::core::Error::set_message(Message)':
/home/joshuawarren/src/mlx-omarchy-qual/.work/mlx/mlx/error.h:17:22: warning: 'void std::atomic_store(shared_ptr<_Tp>*, shared_ptr<_Tp>) [with _Tp = __cxx11::basic_string<char>]' is deprecated: use 'std::atomic<std::shared_ptr<T>>' instead [-Wdeprecated-declarations]
   17 |     std::atomic_store(&message_, std::move(msg));
      |     ~~~~~~~~~~~~~~~~~^~~~~~~~~~~~~~~~~~~~~~~~~~~
In file included from /usr/include/c++/16.1.1/memory:83,
                 from /home/joshuawarren/src/mlx-omarchy-qual/.work/mlx/mlx/array.h:7:
/usr/include/c++/16.1.1/bits/shared_ptr_atomic.h:183:5: note: declared here
  183 |     atomic_store(shared_ptr<_Tp>* __p, shared_ptr<_Tp> __r)
      |     ^~~~~~~~~~~~
/home/joshuawarren/src/mlx-omarchy-qual/.work/mlx/mlx/error.h: In member function 'bool mlx::core::Error::valid() const':
/home/joshuawarren/src/mlx-omarchy-qual/.work/mlx/mlx/error.h:21:32: warning: 'std::shared_ptr<_Tp> std::atomic_load(const shared_ptr<_Tp>*) [with _Tp = __cxx11::basic_string<char>]' is deprecated: use 'std::atomic<std::shared_ptr<T>>' instead [-Wdeprecated-declarations]
   21 |     auto msg = std::atomic_load(&message_);
      |                ~~~~~~~~~~~~~~~~^~~~~~~~~~~
/usr/include/c++/16.1.1/bits/shared_ptr_atomic.h:142:5: note: declared here
  142 |     atomic_load(const shared_ptr<_Tp>* __p)
      |     ^~~~~~~~~~~
/home/joshuawarren/src/mlx-omarchy-qual/.work/mlx/mlx/error.h: In member function 'bool mlx::core::Error::store_if_valid(const mlx::core::Error*)':
/home/joshuawarren/src/mlx-omarchy-qual/.work/mlx/mlx/error.h:28:37: warning: 'std::shared_ptr<_Tp> std::atomic_load(const shared_ptr<_Tp>*) [with _Tp = __cxx11::basic_string<char>]' is deprecated: use 'std::atomic<std::shared_ptr<T>>' instead [-Wdeprecated-declarations]
   28 |       Message msg = std::atomic_load(&ptr->message_);
      |                     ~~~~~~~~~~~~~~~~^~~~~~~~~~~~~~~~
/usr/include/c++/16.1.1/bits/shared_ptr_atomic.h:142:5: note: declared here
  142 |     atomic_load(const shared_ptr<_Tp>* __p)
      |     ^~~~~~~~~~~
/home/joshuawarren/src/mlx-omarchy-qual/.work/mlx/mlx/error.h: In member function 'void mlx::core::Error::check()':
/home/joshuawarren/src/mlx-omarchy-qual/.work/mlx/mlx/error.h:39:36: warning: 'std::shared_ptr<_Tp> std::atomic_exchange(shared_ptr<_Tp>*, shared_ptr<_Tp>) [with _Tp = __cxx11::basic_string<char>]' is deprecated: use 'std::atomic<std::shared_ptr<T>>' instead [-Wdeprecated-declarations]
   39 |     auto msg = std::atomic_exchange(&message_, {});
      |                ~~~~~~~~~~~~~~~~~~~~^~~~~~~~~~~~~~~
/usr/include/c++/16.1.1/bits/shared_ptr_atomic.h:225:5: note: declared here
  225 |     atomic_exchange(shared_ptr<_Tp>* __p, shared_ptr<_Tp> __r)
      |     ^~~~~~~~~~~~~~~
[359/428] Building CXX object CMakeFiles/mlx.dir/mlx/backend/no_cpu/device_info.cpp.o
[360/428] Building CXX object CMakeFiles/mlx.dir/mlx/backend/no_cpu/primitives.cpp.o
In file included from /home/joshuawarren/src/mlx-omarchy-qual/.work/mlx/mlx/event.h:8,
                 from /home/joshuawarren/src/mlx-omarchy-qual/.work/mlx/mlx/array.h:13,
                 from /home/joshuawarren/src/mlx-omarchy-qual/.work/mlx/mlx/primitives.h:8,
                 from /home/joshuawarren/src/mlx-omarchy-qual/.work/mlx/mlx/backend/no_cpu/primitives.cpp:3:
/home/joshuawarren/src/mlx-omarchy-qual/.work/mlx/mlx/error.h: In member function 'void mlx::core::Error::set_message(Message)':
/home/joshuawarren/src/mlx-omarchy-qual/.work/mlx/mlx/error.h:17:22: warning: 'void std::atomic_store(shared_ptr<_Tp>*, shared_ptr<_Tp>) [with _Tp = __cxx11::basic_string<char>]' is deprecated: use 'std::atomic<std::shared_ptr<T>>' instead [-Wdeprecated-declarations]
   17 |     std::atomic_store(&message_, std::move(msg));
      |     ~~~~~~~~~~~~~~~~~^~~~~~~~~~~~~~~~~~~~~~~~~~~
In file included from /usr/include/c++/16.1.1/memory:83,
                 from /home/joshuawarren/src/mlx-omarchy-qual/.work/mlx/mlx/array.h:7:
/usr/include/c++/16.1.1/bits/shared_ptr_atomic.h:183:5: note: declared here
  183 |     atomic_store(shared_ptr<_Tp>* __p, shared_ptr<_Tp> __r)
      |     ^~~~~~~~~~~~
/home/joshuawarren/src/mlx-omarchy-qual/.work/mlx/mlx/error.h: In member function 'bool mlx::core::Error::valid() const':
/home/joshuawarren/src/mlx-omarchy-qual/.work/mlx/mlx/error.h:21:32: warning: 'std::shared_ptr<_Tp> std::atomic_load(const shared_ptr<_Tp>*) [with _Tp = __cxx11::basic_string<char>]' is deprecated: use 'std::atomic<std::shared_ptr<T>>' instead [-Wdeprecated-declarations]
   21 |     auto msg = std::atomic_load(&message_);
      |                ~~~~~~~~~~~~~~~~^~~~~~~~~~~
/usr/include/c++/16.1.1/bits/shared_ptr_atomic.h:142:5: note: declared here
  142 |     atomic_load(const shared_ptr<_Tp>* __p)
      |     ^~~~~~~~~~~
/home/joshuawarren/src/mlx-omarchy-qual/.work/mlx/mlx/error.h: In member function 'bool mlx::core::Error::store_if_valid(const mlx::core::Error*)':
/home/joshuawarren/src/mlx-omarchy-qual/.work/mlx/mlx/error.h:28:37: warning: 'std::shared_ptr<_Tp> std::atomic_load(const shared_ptr<_Tp>*) [with _Tp = __cxx11::basic_string<char>]' is deprecated: use 'std::atomic<std::shared_ptr<T>>' instead [-Wdeprecated-declarations]
   28 |       Message msg = std::atomic_load(&ptr->message_);
      |                     ~~~~~~~~~~~~~~~~^~~~~~~~~~~~~~~~
/usr/include/c++/16.1.1/bits/shared_ptr_atomic.h:142:5: note: declared here
  142 |     atomic_load(const shared_ptr<_Tp>* __p)
      |     ^~~~~~~~~~~
/home/joshuawarren/src/mlx-omarchy-qual/.work/mlx/mlx/error.h: In member function 'void mlx::core::Error::check()':
/home/joshuawarren/src/mlx-omarchy-qual/.work/mlx/mlx/error.h:39:36: warning: 'std::shared_ptr<_Tp> std::atomic_exchange(shared_ptr<_Tp>*, shared_ptr<_Tp>) [with _Tp = __cxx11::basic_string<char>]' is deprecated: use 'std::atomic<std::shared_ptr<T>>' instead [-Wdeprecated-declarations]
   39 |     auto msg = std::atomic_exchange(&message_, {});
      |                ~~~~~~~~~~~~~~~~~~~~^~~~~~~~~~~~~~~
/usr/include/c++/16.1.1/bits/shared_ptr_atomic.h:225:5: note: declared here
  225 |     atomic_exchange(shared_ptr<_Tp>* __p, shared_ptr<_Tp> __r)
      |     ^~~~~~~~~~~~~~~
[361/428] Building CXX object CMakeFiles/mlx.dir/mlx/backend/cpu/eval.cpp.o
In file included from /home/joshuawarren/src/mlx-omarchy-qual/.work/mlx/mlx/event.h:8,
                 from /home/joshuawarren/src/mlx-omarchy-qual/.work/mlx/mlx/array.h:13,
                 from /home/joshuawarren/src/mlx-omarchy-qual/.work/mlx/mlx/backend/cpu/eval.h:5,
                 from /home/joshuawarren/src/mlx-omarchy-qual/.work/mlx/mlx/backend/cpu/eval.cpp:2:
/home/joshuawarren/src/mlx-omarchy-qual/.work/mlx/mlx/error.h: In member function 'void mlx::core::Error::set_message(Message)':
/home/joshuawarren/src/mlx-omarchy-qual/.work/mlx/mlx/error.h:17:22: warning: 'void std::atomic_store(shared_ptr<_Tp>*, shared_ptr<_Tp>) [with _Tp = __cxx11::basic_string<char>]' is deprecated: use 'std::atomic<std::shared_ptr<T>>' instead [-Wdeprecated-declarations]
   17 |     std::atomic_store(&message_, std::move(msg));
      |     ~~~~~~~~~~~~~~~~~^~~~~~~~~~~~~~~~~~~~~~~~~~~
In file included from /usr/include/c++/16.1.1/memory:83,
                 from /home/joshuawarren/src/mlx-omarchy-qual/.work/mlx/mlx/array.h:7:
/usr/include/c++/16.1.1/bits/shared_ptr_atomic.h:183:5: note: declared here
  183 |     atomic_store(shared_ptr<_Tp>* __p, shared_ptr<_Tp> __r)
      |     ^~~~~~~~~~~~
/home/joshuawarren/src/mlx-omarchy-qual/.work/mlx/mlx/error.h: In member function 'bool mlx::core::Error::valid() const':
/home/joshuawarren/src/mlx-omarchy-qual/.work/mlx/mlx/error.h:21:32: warning: 'std::shared_ptr<_Tp> std::atomic_load(const shared_ptr<_Tp>*) [with _Tp = __cxx11::basic_string<char>]' is deprecated: use 'std::atomic<std::shared_ptr<T>>' instead [-Wdeprecated-declarations]
   21 |     auto msg = std::atomic_load(&message_);
      |                ~~~~~~~~~~~~~~~~^~~~~~~~~~~
/usr/include/c++/16.1.1/bits/shared_ptr_atomic.h:142:5: note: declared here
  142 |     atomic_load(const shared_ptr<_Tp>* __p)
      |     ^~~~~~~~~~~
/home/joshuawarren/src/mlx-omarchy-qual/.work/mlx/mlx/error.h: In member function 'bool mlx::core::Error::store_if_valid(const mlx::core::Error*)':
/home/joshuawarren/src/mlx-omarchy-qual/.work/mlx/mlx/error.h:28:37: warning: 'std::shared_ptr<_Tp> std::atomic_load(const shared_ptr<_Tp>*) [with _Tp = __cxx11::basic_string<char>]' is deprecated: use 'std::atomic<std::shared_ptr<T>>' instead [-Wdeprecated-declarations]
   28 |       Message msg = std::atomic_load(&ptr->message_);
      |                     ~~~~~~~~~~~~~~~~^~~~~~~~~~~~~~~~
/usr/include/c++/16.1.1/bits/shared_ptr_atomic.h:142:5: note: declared here
  142 |     atomic_load(const shared_ptr<_Tp>* __p)
      |     ^~~~~~~~~~~
/home/joshuawarren/src/mlx-omarchy-qual/.work/mlx/mlx/error.h: In member function 'void mlx::core::Error::check()':
/home/joshuawarren/src/mlx-omarchy-qual/.work/mlx/mlx/error.h:39:36: warning: 'std::shared_ptr<_Tp> std::atomic_exchange(shared_ptr<_Tp>*, shared_ptr<_Tp>) [with _Tp = __cxx11::basic_string<char>]' is deprecated: use 'std::atomic<std::shared_ptr<T>>' instead [-Wdeprecated-declarations]
   39 |     auto msg = std::atomic_exchange(&message_, {});
      |                ~~~~~~~~~~~~~~~~~~~~^~~~~~~~~~~~~~~
/usr/include/c++/16.1.1/bits/shared_ptr_atomic.h:225:5: note: declared here
  225 |     atomic_exchange(shared_ptr<_Tp>* __p, shared_ptr<_Tp> __r)
      |     ^~~~~~~~~~~~~~~
[362/428] Building CXX object CMakeFiles/mlx.dir/mlx/backend/cpu/encoder.cpp.o
In file included from /home/joshuawarren/src/mlx-omarchy-qual/.work/mlx/mlx/event.h:8,
                 from /home/joshuawarren/src/mlx-omarchy-qual/.work/mlx/mlx/array.h:13,
                 from /home/joshuawarren/src/mlx-omarchy-qual/.work/mlx/mlx/backend/cpu/encoder.h:7,
                 from /home/joshuawarren/src/mlx-omarchy-qual/.work/mlx/mlx/backend/cpu/encoder.cpp:3:
/home/joshuawarren/src/mlx-omarchy-qual/.work/mlx/mlx/error.h: In member function 'void mlx::core::Error::set_message(Message)':
/home/joshuawarren/src/mlx-omarchy-qual/.work/mlx/mlx/error.h:17:22: warning: 'void std::atomic_store(shared_ptr<_Tp>*, shared_ptr<_Tp>) [with _Tp = __cxx11::basic_string<char>]' is deprecated: use 'std::atomic<std::shared_ptr<T>>' instead [-Wdeprecated-declarations]
   17 |     std::atomic_store(&message_, std::move(msg));
      |     ~~~~~~~~~~~~~~~~~^~~~~~~~~~~~~~~~~~~~~~~~~~~
In file included from /usr/include/c++/16.1.1/memory:83,
                 from /home/joshuawarren/src/mlx-omarchy-qual/.work/mlx/mlx/array.h:7:
/usr/include/c++/16.1.1/bits/shared_ptr_atomic.h:183:5: note: declared here
  183 |     atomic_store(shared_ptr<_Tp>* __p, shared_ptr<_Tp> __r)
      |     ^~~~~~~~~~~~
/home/joshuawarren/src/mlx-omarchy-qual/.work/mlx/mlx/error.h: In member function 'bool mlx::core::Error::valid() const':
/home/joshuawarren/src/mlx-omarchy-qual/.work/mlx/mlx/error.h:21:32: warning: 'std::shared_ptr<_Tp> std::atomic_load(const shared_ptr<_Tp>*) [with _Tp = __cxx11::basic_string<char>]' is deprecated: use 'std::atomic<std::shared_ptr<T>>' instead [-Wdeprecated-declarations]
   21 |     auto msg = std::atomic_load(&message_);
      |                ~~~~~~~~~~~~~~~~^~~~~~~~~~~
/usr/include/c++/16.1.1/bits/shared_ptr_atomic.h:142:5: note: declared here
  142 |     atomic_load(const shared_ptr<_Tp>* __p)
      |     ^~~~~~~~~~~
/home/joshuawarren/src/mlx-omarchy-qual/.work/mlx/mlx/error.h: In member function 'bool mlx::core::Error::store_if_valid(const mlx::core::Error*)':
/home/joshuawarren/src/mlx-omarchy-qual/.work/mlx/mlx/error.h:28:37: warning: 'std::shared_ptr<_Tp> std::atomic_load(const shared_ptr<_Tp>*) [with _Tp = __cxx11::basic_string<char>]' is deprecated: use 'std::atomic<std::shared_ptr<T>>' instead [-Wdeprecated-declarations]
   28 |       Message msg = std::atomic_load(&ptr->message_);
      |                     ~~~~~~~~~~~~~~~~^~~~~~~~~~~~~~~~
/usr/include/c++/16.1.1/bits/shared_ptr_atomic.h:142:5: note: declared here
  142 |     atomic_load(const shared_ptr<_Tp>* __p)
      |     ^~~~~~~~~~~
/home/joshuawarren/src/mlx-omarchy-qual/.work/mlx/mlx/error.h: In member function 'void mlx::core::Error::check()':
/home/joshuawarren/src/mlx-omarchy-qual/.work/mlx/mlx/error.h:39:36: warning: 'std::shared_ptr<_Tp> std::atomic_exchange(shared_ptr<_Tp>*, shared_ptr<_Tp>) [with _Tp = __cxx11::basic_string<char>]' is deprecated: use 'std::atomic<std::shared_ptr<T>>' instead [-Wdeprecated-declarations]
   39 |     auto msg = std::atomic_exchange(&message_, {});
      |                ~~~~~~~~~~~~~~~~~~~~^~~~~~~~~~~~~~~
/usr/include/c++/16.1.1/bits/shared_ptr_atomic.h:225:5: note: declared here
  225 |     atomic_exchange(shared_ptr<_Tp>* __p, shared_ptr<_Tp> __r)
      |     ^~~~~~~~~~~~~~~
[363/428] Building CXX object CMakeFiles/mlx.dir/mlx/backend/no_cpu/compiled.cpp.o
In file included from /home/joshuawarren/src/mlx-omarchy-qual/.work/mlx/mlx/event.h:8,
                 from /home/joshuawarren/src/mlx-omarchy-qual/.work/mlx/mlx/array.h:13,
                 from /home/joshuawarren/src/mlx-omarchy-qual/.work/mlx/mlx/compile_impl.h:8,
                 from /home/joshuawarren/src/mlx-omarchy-qual/.work/mlx/mlx/backend/no_cpu/compiled.cpp:3:
/home/joshuawarren/src/mlx-omarchy-qual/.work/mlx/mlx/error.h: In member function 'void mlx::core::Error::set_message(Message)':
/home/joshuawarren/src/mlx-omarchy-qual/.work/mlx/mlx/error.h:17:22: warning: 'void std::atomic_store(shared_ptr<_Tp>*, shared_ptr<_Tp>) [with _Tp = __cxx11::basic_string<char>]' is deprecated: use 'std::atomic<std::shared_ptr<T>>' instead [-Wdeprecated-declarations]
   17 |     std::atomic_store(&message_, std::move(msg));
      |     ~~~~~~~~~~~~~~~~~^~~~~~~~~~~~~~~~~~~~~~~~~~~
In file included from /usr/include/c++/16.1.1/memory:83,
                 from /home/joshuawarren/src/mlx-omarchy-qual/.work/mlx/mlx/array.h:7:
/usr/include/c++/16.1.1/bits/shared_ptr_atomic.h:183:5: note: declared here
  183 |     atomic_store(shared_ptr<_Tp>* __p, shared_ptr<_Tp> __r)
      |     ^~~~~~~~~~~~
/home/joshuawarren/src/mlx-omarchy-qual/.work/mlx/mlx/error.h: In member function 'bool mlx::core::Error::valid() const':
/home/joshuawarren/src/mlx-omarchy-qual/.work/mlx/mlx/error.h:21:32: warning: 'std::shared_ptr<_Tp> std::atomic_load(const shared_ptr<_Tp>*) [with _Tp = __cxx11::basic_string<char>]' is deprecated: use 'std::atomic<std::shared_ptr<T>>' instead [-Wdeprecated-declarations]
   21 |     auto msg = std::atomic_load(&message_);
      |                ~~~~~~~~~~~~~~~~^~~~~~~~~~~
/usr/include/c++/16.1.1/bits/shared_ptr_atomic.h:142:5: note: declared here
  142 |     atomic_load(const shared_ptr<_Tp>* __p)
      |     ^~~~~~~~~~~
/home/joshuawarren/src/mlx-omarchy-qual/.work/mlx/mlx/error.h: In member function 'bool mlx::core::Error::store_if_valid(const mlx::core::Error*)':
/home/joshuawarren/src/mlx-omarchy-qual/.work/mlx/mlx/error.h:28:37: warning: 'std::shared_ptr<_Tp> std::atomic_load(const shared_ptr<_Tp>*) [with _Tp = __cxx11::basic_string<char>]' is deprecated: use 'std::atomic<std::shared_ptr<T>>' instead [-Wdeprecated-declarations]
   28 |       Message msg = std::atomic_load(&ptr->message_);
      |                     ~~~~~~~~~~~~~~~~^~~~~~~~~~~~~~~~
/usr/include/c++/16.1.1/bits/shared_ptr_atomic.h:142:5: note: declared here
  142 |     atomic_load(const shared_ptr<_Tp>* __p)
      |     ^~~~~~~~~~~
/home/joshuawarren/src/mlx-omarchy-qual/.work/mlx/mlx/error.h: In member function 'void mlx::core::Error::check()':
/home/joshuawarren/src/mlx-omarchy-qual/.work/mlx/mlx/error.h:39:36: warning: 'std::shared_ptr<_Tp> std::atomic_exchange(shared_ptr<_Tp>*, shared_ptr<_Tp>) [with _Tp = __cxx11::basic_string<char>]' is deprecated: use 'std::atomic<std::shared_ptr<T>>' instead [-Wdeprecated-declarations]
   39 |     auto msg = std::atomic_exchange(&message_, {});
      |                ~~~~~~~~~~~~~~~~~~~~^~~~~~~~~~~~~~~
/usr/include/c++/16.1.1/bits/shared_ptr_atomic.h:225:5: note: declared here
  225 |     atomic_exchange(shared_ptr<_Tp>* __p, shared_ptr<_Tp> __r)
      |     ^~~~~~~~~~~~~~~
[364/428] Building CXX object CMakeFiles/mlx.dir/mlx/distributed/primitives.cpp.o
In file included from /home/joshuawarren/src/mlx-omarchy-qual/.work/mlx/mlx/event.h:8,
                 from /home/joshuawarren/src/mlx-omarchy-qual/.work/mlx/mlx/array.h:13,
                 from /home/joshuawarren/src/mlx-omarchy-qual/.work/mlx/mlx/distributed/distributed.h:10,
                 from /home/joshuawarren/src/mlx-omarchy-qual/.work/mlx/mlx/distributed/ops.h:8,
                 from /home/joshuawarren/src/mlx-omarchy-qual/.work/mlx/mlx/distributed/primitives.cpp:6:
/home/joshuawarren/src/mlx-omarchy-qual/.work/mlx/mlx/error.h: In member function 'void mlx::core::Error::set_message(Message)':
/home/joshuawarren/src/mlx-omarchy-qual/.work/mlx/mlx/error.h:17:22: warning: 'void std::atomic_store(shared_ptr<_Tp>*, shared_ptr<_Tp>) [with _Tp = __cxx11::basic_string<char>]' is deprecated: use 'std::atomic<std::shared_ptr<T>>' instead [-Wdeprecated-declarations]
   17 |     std::atomic_store(&message_, std::move(msg));
      |     ~~~~~~~~~~~~~~~~~^~~~~~~~~~~~~~~~~~~~~~~~~~~
In file included from /usr/include/c++/16.1.1/memory:83,
                 from /home/joshuawarren/src/mlx-omarchy-qual/.work/mlx/mlx/distributed/distributed.h:7:
/usr/include/c++/16.1.1/bits/shared_ptr_atomic.h:183:5: note: declared here
  183 |     atomic_store(shared_ptr<_Tp>* __p, shared_ptr<_Tp> __r)
      |     ^~~~~~~~~~~~
/home/joshuawarren/src/mlx-omarchy-qual/.work/mlx/mlx/error.h: In member function 'bool mlx::core::Error::valid() const':
/home/joshuawarren/src/mlx-omarchy-qual/.work/mlx/mlx/error.h:21:32: warning: 'std::shared_ptr<_Tp> std::atomic_load(const shared_ptr<_Tp>*) [with _Tp = __cxx11::basic_string<char>]' is deprecated: use 'std::atomic<std::shared_ptr<T>>' instead [-Wdeprecated-declarations]
   21 |     auto msg = std::atomic_load(&message_);
      |                ~~~~~~~~~~~~~~~~^~~~~~~~~~~
/usr/include/c++/16.1.1/bits/shared_ptr_atomic.h:142:5: note: declared here
  142 |     atomic_load(const shared_ptr<_Tp>* __p)
      |     ^~~~~~~~~~~
/home/joshuawarren/src/mlx-omarchy-qual/.work/mlx/mlx/error.h: In member function 'bool mlx::core::Error::store_if_valid(const mlx::core::Error*)':
/home/joshuawarren/src/mlx-omarchy-qual/.work/mlx/mlx/error.h:28:37: warning: 'std::shared_ptr<_Tp> std::atomic_load(const shared_ptr<_Tp>*) [with _Tp = __cxx11::basic_string<char>]' is deprecated: use 'std::atomic<std::shared_ptr<T>>' instead [-Wdeprecated-declarations]
   28 |       Message msg = std::atomic_load(&ptr->message_);
      |                     ~~~~~~~~~~~~~~~~^~~~~~~~~~~~~~~~
/usr/include/c++/16.1.1/bits/shared_ptr_atomic.h:142:5: note: declared here
  142 |     atomic_load(const shared_ptr<_Tp>* __p)
      |     ^~~~~~~~~~~
/home/joshuawarren/src/mlx-omarchy-qual/.work/mlx/mlx/error.h: In member function 'void mlx::core::Error::check()':
/home/joshuawarren/src/mlx-omarchy-qual/.work/mlx/mlx/error.h:39:36: warning: 'std::shared_ptr<_Tp> std::atomic_exchange(shared_ptr<_Tp>*, shared_ptr<_Tp>) [with _Tp = __cxx11::basic_string<char>]' is deprecated: use 'std::atomic<std::shared_ptr<T>>' instead [-Wdeprecated-declarations]
   39 |     auto msg = std::atomic_exchange(&message_, {});
      |                ~~~~~~~~~~~~~~~~~~~~^~~~~~~~~~~~~~~
/usr/include/c++/16.1.1/bits/shared_ptr_atomic.h:225:5: note: declared here
  225 |     atomic_exchange(shared_ptr<_Tp>* __p, shared_ptr<_Tp> __r)
      |     ^~~~~~~~~~~~~~~
[365/428] Building CXX object CMakeFiles/mlx.dir/mlx/distributed/ops.cpp.o
In file included from /home/joshuawarren/src/mlx-omarchy-qual/.work/mlx/mlx/event.h:8,
                 from /home/joshuawarren/src/mlx-omarchy-qual/.work/mlx/mlx/array.h:13,
                 from /home/joshuawarren/src/mlx-omarchy-qual/.work/mlx/mlx/distributed/distributed.h:10,
                 from /home/joshuawarren/src/mlx-omarchy-qual/.work/mlx/mlx/distributed/distributed_impl.h:5,
                 from /home/joshuawarren/src/mlx-omarchy-qual/.work/mlx/mlx/distributed/ops.cpp:7:
/home/joshuawarren/src/mlx-omarchy-qual/.work/mlx/mlx/error.h: In member function 'void mlx::core::Error::set_message(Message)':
/home/joshuawarren/src/mlx-omarchy-qual/.work/mlx/mlx/error.h:17:22: warning: 'void std::atomic_store(shared_ptr<_Tp>*, shared_ptr<_Tp>) [with _Tp = __cxx11::basic_string<char>]' is deprecated: use 'std::atomic<std::shared_ptr<T>>' instead [-Wdeprecated-declarations]
   17 |     std::atomic_store(&message_, std::move(msg));
      |     ~~~~~~~~~~~~~~~~~^~~~~~~~~~~~~~~~~~~~~~~~~~~
In file included from /usr/include/c++/16.1.1/memory:83,
                 from /home/joshuawarren/src/mlx-omarchy-qual/.work/mlx/mlx/distributed/distributed.h:7:
/usr/include/c++/16.1.1/bits/shared_ptr_atomic.h:183:5: note: declared here
  183 |     atomic_store(shared_ptr<_Tp>* __p, shared_ptr<_Tp> __r)
      |     ^~~~~~~~~~~~
/home/joshuawarren/src/mlx-omarchy-qual/.work/mlx/mlx/error.h: In member function 'bool mlx::core::Error::valid() const':
/home/joshuawarren/src/mlx-omarchy-qual/.work/mlx/mlx/error.h:21:32: warning: 'std::shared_ptr<_Tp> std::atomic_load(const shared_ptr<_Tp>*) [with _Tp = __cxx11::basic_string<char>]' is deprecated: use 'std::atomic<std::shared_ptr<T>>' instead [-Wdeprecated-declarations]
   21 |     auto msg = std::atomic_load(&message_);
      |                ~~~~~~~~~~~~~~~~^~~~~~~~~~~
/usr/include/c++/16.1.1/bits/shared_ptr_atomic.h:142:5: note: declared here
  142 |     atomic_load(const shared_ptr<_Tp>* __p)
      |     ^~~~~~~~~~~
/home/joshuawarren/src/mlx-omarchy-qual/.work/mlx/mlx/error.h: In member function 'bool mlx::core::Error::store_if_valid(const mlx::core::Error*)':
/home/joshuawarren/src/mlx-omarchy-qual/.work/mlx/mlx/error.h:28:37: warning: 'std::shared_ptr<_Tp> std::atomic_load(const shared_ptr<_Tp>*) [with _Tp = __cxx11::basic_string<char>]' is deprecated: use 'std::atomic<std::shared_ptr<T>>' instead [-Wdeprecated-declarations]
   28 |       Message msg = std::atomic_load(&ptr->message_);
      |                     ~~~~~~~~~~~~~~~~^~~~~~~~~~~~~~~~
/usr/include/c++/16.1.1/bits/shared_ptr_atomic.h:142:5: note: declared here
  142 |     atomic_load(const shared_ptr<_Tp>* __p)
      |     ^~~~~~~~~~~
/home/joshuawarren/src/mlx-omarchy-qual/.work/mlx/mlx/error.h: In member function 'void mlx::core::Error::check()':
/home/joshuawarren/src/mlx-omarchy-qual/.work/mlx/mlx/error.h:39:36: warning: 'std::shared_ptr<_Tp> std::atomic_exchange(shared_ptr<_Tp>*, shared_ptr<_Tp>) [with _Tp = __cxx11::basic_string<char>]' is deprecated: use 'std::atomic<std::shared_ptr<T>>' instead [-Wdeprecated-declarations]
   39 |     auto msg = std::atomic_exchange(&message_, {});
      |                ~~~~~~~~~~~~~~~~~~~~^~~~~~~~~~~~~~~
/usr/include/c++/16.1.1/bits/shared_ptr_atomic.h:225:5: note: declared here
  225 |     atomic_exchange(shared_ptr<_Tp>* __p, shared_ptr<_Tp> __r)
      |     ^~~~~~~~~~~~~~~
[366/428] Building CXX object CMakeFiles/mlx.dir/mlx/distributed/distributed.cpp.o
In file included from /home/joshuawarren/src/mlx-omarchy-qual/.work/mlx/mlx/event.h:8,
                 from /home/joshuawarren/src/mlx-omarchy-qual/.work/mlx/mlx/array.h:13,
                 from /home/joshuawarren/src/mlx-omarchy-qual/.work/mlx/mlx/distributed/distributed.h:10,
                 from /home/joshuawarren/src/mlx-omarchy-qual/.work/mlx/mlx/distributed/distributed.cpp:6:
/home/joshuawarren/src/mlx-omarchy-qual/.work/mlx/mlx/error.h: In member function 'void mlx::core::Error::set_message(Message)':
/home/joshuawarren/src/mlx-omarchy-qual/.work/mlx/mlx/error.h:17:22: warning: 'void std::atomic_store(shared_ptr<_Tp>*, shared_ptr<_Tp>) [with _Tp = __cxx11::basic_string<char>]' is deprecated: use 'std::atomic<std::shared_ptr<T>>' instead [-Wdeprecated-declarations]
   17 |     std::atomic_store(&message_, std::move(msg));
      |     ~~~~~~~~~~~~~~~~~^~~~~~~~~~~~~~~~~~~~~~~~~~~
In file included from /usr/include/c++/16.1.1/memory:83,
                 from /home/joshuawarren/src/mlx-omarchy-qual/.work/mlx/mlx/distributed/distributed.h:7:
/usr/include/c++/16.1.1/bits/shared_ptr_atomic.h:183:5: note: declared here
  183 |     atomic_store(shared_ptr<_Tp>* __p, shared_ptr<_Tp> __r)
      |     ^~~~~~~~~~~~
/home/joshuawarren/src/mlx-omarchy-qual/.work/mlx/mlx/error.h: In member function 'bool mlx::core::Error::valid() const':
/home/joshuawarren/src/mlx-omarchy-qual/.work/mlx/mlx/error.h:21:32: warning: 'std::shared_ptr<_Tp> std::atomic_load(const shared_ptr<_Tp>*) [with _Tp = __cxx11::basic_string<char>]' is deprecated: use 'std::atomic<std::shared_ptr<T>>' instead [-Wdeprecated-declarations]
   21 |     auto msg = std::atomic_load(&message_);
      |                ~~~~~~~~~~~~~~~~^~~~~~~~~~~
/usr/include/c++/16.1.1/bits/shared_ptr_atomic.h:142:5: note: declared here
  142 |     atomic_load(const shared_ptr<_Tp>* __p)
      |     ^~~~~~~~~~~
/home/joshuawarren/src/mlx-omarchy-qual/.work/mlx/mlx/error.h: In member function 'bool mlx::core::Error::store_if_valid(const mlx::core::Error*)':
/home/joshuawarren/src/mlx-omarchy-qual/.work/mlx/mlx/error.h:28:37: warning: 'std::shared_ptr<_Tp> std::atomic_load(const shared_ptr<_Tp>*) [with _Tp = __cxx11::basic_string<char>]' is deprecated: use 'std::atomic<std::shared_ptr<T>>' instead [-Wdeprecated-declarations]
   28 |       Message msg = std::atomic_load(&ptr->message_);
      |                     ~~~~~~~~~~~~~~~~^~~~~~~~~~~~~~~~
/usr/include/c++/16.1.1/bits/shared_ptr_atomic.h:142:5: note: declared here
  142 |     atomic_load(const shared_ptr<_Tp>* __p)
      |     ^~~~~~~~~~~
/home/joshuawarren/src/mlx-omarchy-qual/.work/mlx/mlx/error.h: In member function 'void mlx::core::Error::check()':
/home/joshuawarren/src/mlx-omarchy-qual/.work/mlx/mlx/error.h:39:36: warning: 'std::shared_ptr<_Tp> std::atomic_exchange(shared_ptr<_Tp>*, shared_ptr<_Tp>) [with _Tp = __cxx11::basic_string<char>]' is deprecated: use 'std::atomic<std::shared_ptr<T>>' instead [-Wdeprecated-declarations]
   39 |     auto msg = std::atomic_exchange(&message_, {});
      |                ~~~~~~~~~~~~~~~~~~~~^~~~~~~~~~~~~~~
/usr/include/c++/16.1.1/bits/shared_ptr_atomic.h:225:5: note: declared here
  225 |     atomic_exchange(shared_ptr<_Tp>* __p, shared_ptr<_Tp> __r)
      |     ^~~~~~~~~~~~~~~
[367/428] Building CXX object CMakeFiles/mlx.dir/mlx/distributed/mpi/no_mpi.cpp.o
In file included from /home/joshuawarren/src/mlx-omarchy-qual/.work/mlx/mlx/event.h:8,
                 from /home/joshuawarren/src/mlx-omarchy-qual/.work/mlx/mlx/array.h:13,
                 from /home/joshuawarren/src/mlx-omarchy-qual/.work/mlx/mlx/distributed/distributed.h:10,
                 from /home/joshuawarren/src/mlx-omarchy-qual/.work/mlx/mlx/distributed/mpi/mpi.h:3,
                 from /home/joshuawarren/src/mlx-omarchy-qual/.work/mlx/mlx/distributed/mpi/no_mpi.cpp:3:
/home/joshuawarren/src/mlx-omarchy-qual/.work/mlx/mlx/error.h: In member function 'void mlx::core::Error::set_message(Message)':
/home/joshuawarren/src/mlx-omarchy-qual/.work/mlx/mlx/error.h:17:22: warning: 'void std::atomic_store(shared_ptr<_Tp>*, shared_ptr<_Tp>) [with _Tp = __cxx11::basic_string<char>]' is deprecated: use 'std::atomic<std::shared_ptr<T>>' instead [-Wdeprecated-declarations]
   17 |     std::atomic_store(&message_, std::move(msg));
      |     ~~~~~~~~~~~~~~~~~^~~~~~~~~~~~~~~~~~~~~~~~~~~
In file included from /usr/include/c++/16.1.1/memory:83,
                 from /home/joshuawarren/src/mlx-omarchy-qual/.work/mlx/mlx/distributed/distributed.h:7:
/usr/include/c++/16.1.1/bits/shared_ptr_atomic.h:183:5: note: declared here
  183 |     atomic_store(shared_ptr<_Tp>* __p, shared_ptr<_Tp> __r)
      |     ^~~~~~~~~~~~
/home/joshuawarren/src/mlx-omarchy-qual/.work/mlx/mlx/error.h: In member function 'bool mlx::core::Error::valid() const':
/home/joshuawarren/src/mlx-omarchy-qual/.work/mlx/mlx/error.h:21:32: warning: 'std::shared_ptr<_Tp> std::atomic_load(const shared_ptr<_Tp>*) [with _Tp = __cxx11::basic_string<char>]' is deprecated: use 'std::atomic<std::shared_ptr<T>>' instead [-Wdeprecated-declarations]
   21 |     auto msg = std::atomic_load(&message_);
      |                ~~~~~~~~~~~~~~~~^~~~~~~~~~~
/usr/include/c++/16.1.1/bits/shared_ptr_atomic.h:142:5: note: declared here
  142 |     atomic_load(const shared_ptr<_Tp>* __p)
      |     ^~~~~~~~~~~
/home/joshuawarren/src/mlx-omarchy-qual/.work/mlx/mlx/error.h: In member function 'bool mlx::core::Error::store_if_valid(const mlx::core::Error*)':
/home/joshuawarren/src/mlx-omarchy-qual/.work/mlx/mlx/error.h:28:37: warning: 'std::shared_ptr<_Tp> std::atomic_load(const shared_ptr<_Tp>*) [with _Tp = __cxx11::basic_string<char>]' is deprecated: use 'std::atomic<std::shared_ptr<T>>' instead [-Wdeprecated-declarations]
   28 |       Message msg = std::atomic_load(&ptr->message_);
      |                     ~~~~~~~~~~~~~~~~^~~~~~~~~~~~~~~~
/usr/include/c++/16.1.1/bits/shared_ptr_atomic.h:142:5: note: declared here
  142 |     atomic_load(const shared_ptr<_Tp>* __p)
      |     ^~~~~~~~~~~
/home/joshuawarren/src/mlx-omarchy-qual/.work/mlx/mlx/error.h: In member function 'void mlx::core::Error::check()':
/home/joshuawarren/src/mlx-omarchy-qual/.work/mlx/mlx/error.h:39:36: warning: 'std::shared_ptr<_Tp> std::atomic_exchange(shared_ptr<_Tp>*, shared_ptr<_Tp>) [with _Tp = __cxx11::basic_string<char>]' is deprecated: use 'std::atomic<std::shared_ptr<T>>' instead [-Wdeprecated-declarations]
   39 |     auto msg = std::atomic_exchange(&message_, {});
      |                ~~~~~~~~~~~~~~~~~~~~^~~~~~~~~~~~~~~
/usr/include/c++/16.1.1/bits/shared_ptr_atomic.h:225:5: note: declared here
  225 |     atomic_exchange(shared_ptr<_Tp>* __p, shared_ptr<_Tp> __r)
      |     ^~~~~~~~~~~~~~~
[368/428] Building CXX object CMakeFiles/mlx.dir/mlx/distributed/ring/no_ring.cpp.o
In file included from /home/joshuawarren/src/mlx-omarchy-qual/.work/mlx/mlx/event.h:8,
                 from /home/joshuawarren/src/mlx-omarchy-qual/.work/mlx/mlx/array.h:13,
                 from /home/joshuawarren/src/mlx-omarchy-qual/.work/mlx/mlx/distributed/distributed.h:10,
                 from /home/joshuawarren/src/mlx-omarchy-qual/.work/mlx/mlx/distributed/ring/ring.h:3,
                 from /home/joshuawarren/src/mlx-omarchy-qual/.work/mlx/mlx/distributed/ring/no_ring.cpp:3:
/home/joshuawarren/src/mlx-omarchy-qual/.work/mlx/mlx/error.h: In member function 'void mlx::core::Error::set_message(Message)':
/home/joshuawarren/src/mlx-omarchy-qual/.work/mlx/mlx/error.h:17:22: warning: 'void std::atomic_store(shared_ptr<_Tp>*, shared_ptr<_Tp>) [with _Tp = __cxx11::basic_string<char>]' is deprecated: use 'std::atomic<std::shared_ptr<T>>' instead [-Wdeprecated-declarations]
   17 |     std::atomic_store(&message_, std::move(msg));
      |     ~~~~~~~~~~~~~~~~~^~~~~~~~~~~~~~~~~~~~~~~~~~~
In file included from /usr/include/c++/16.1.1/memory:83,
                 from /home/joshuawarren/src/mlx-omarchy-qual/.work/mlx/mlx/distributed/distributed.h:7:
/usr/include/c++/16.1.1/bits/shared_ptr_atomic.h:183:5: note: declared here
  183 |     atomic_store(shared_ptr<_Tp>* __p, shared_ptr<_Tp> __r)
      |     ^~~~~~~~~~~~
/home/joshuawarren/src/mlx-omarchy-qual/.work/mlx/mlx/error.h: In member function 'bool mlx::core::Error::valid() const':
/home/joshuawarren/src/mlx-omarchy-qual/.work/mlx/mlx/error.h:21:32: warning: 'std::shared_ptr<_Tp> std::atomic_load(const shared_ptr<_Tp>*) [with _Tp = __cxx11::basic_string<char>]' is deprecated: use 'std::atomic<std::shared_ptr<T>>' instead [-Wdeprecated-declarations]
   21 |     auto msg = std::atomic_load(&message_);
      |                ~~~~~~~~~~~~~~~~^~~~~~~~~~~
/usr/include/c++/16.1.1/bits/shared_ptr_atomic.h:142:5: note: declared here
  142 |     atomic_load(const shared_ptr<_Tp>* __p)
      |     ^~~~~~~~~~~
/home/joshuawarren/src/mlx-omarchy-qual/.work/mlx/mlx/error.h: In member function 'bool mlx::core::Error::store_if_valid(const mlx::core::Error*)':
/home/joshuawarren/src/mlx-omarchy-qual/.work/mlx/mlx/error.h:28:37: warning: 'std::shared_ptr<_Tp> std::atomic_load(const shared_ptr<_Tp>*) [with _Tp = __cxx11::basic_string<char>]' is deprecated: use 'std::atomic<std::shared_ptr<T>>' instead [-Wdeprecated-declarations]
   28 |       Message msg = std::atomic_load(&ptr->message_);
      |                     ~~~~~~~~~~~~~~~~^~~~~~~~~~~~~~~~
/usr/include/c++/16.1.1/bits/shared_ptr_atomic.h:142:5: note: declared here
  142 |     atomic_load(const shared_ptr<_Tp>* __p)
      |     ^~~~~~~~~~~
/home/joshuawarren/src/mlx-omarchy-qual/.work/mlx/mlx/error.h: In member function 'void mlx::core::Error::check()':
/home/joshuawarren/src/mlx-omarchy-qual/.work/mlx/mlx/error.h:39:36: warning: 'std::shared_ptr<_Tp> std::atomic_exchange(shared_ptr<_Tp>*, shared_ptr<_Tp>) [with _Tp = __cxx11::basic_string<char>]' is deprecated: use 'std::atomic<std::shared_ptr<T>>' instead [-Wdeprecated-declarations]
   39 |     auto msg = std::atomic_exchange(&message_, {});
      |                ~~~~~~~~~~~~~~~~~~~~^~~~~~~~~~~~~~~
/usr/include/c++/16.1.1/bits/shared_ptr_atomic.h:225:5: note: declared here
  225 |     atomic_exchange(shared_ptr<_Tp>* __p, shared_ptr<_Tp> __r)
      |     ^~~~~~~~~~~~~~~
[369/428] Building CXX object CMakeFiles/mlx.dir/mlx/distributed/nccl/no_nccl.cpp.o
In file included from /home/joshuawarren/src/mlx-omarchy-qual/.work/mlx/mlx/event.h:8,
                 from /home/joshuawarren/src/mlx-omarchy-qual/.work/mlx/mlx/array.h:13,
                 from /home/joshuawarren/src/mlx-omarchy-qual/.work/mlx/mlx/distributed/distributed.h:10,
                 from /home/joshuawarren/src/mlx-omarchy-qual/.work/mlx/mlx/distributed/nccl/nccl.h:3,
                 from /home/joshuawarren/src/mlx-omarchy-qual/.work/mlx/mlx/distributed/nccl/no_nccl.cpp:3:
/home/joshuawarren/src/mlx-omarchy-qual/.work/mlx/mlx/error.h: In member function 'void mlx::core::Error::set_message(Message)':
/home/joshuawarren/src/mlx-omarchy-qual/.work/mlx/mlx/error.h:17:22: warning: 'void std::atomic_store(shared_ptr<_Tp>*, shared_ptr<_Tp>) [with _Tp = __cxx11::basic_string<char>]' is deprecated: use 'std::atomic<std::shared_ptr<T>>' instead [-Wdeprecated-declarations]
   17 |     std::atomic_store(&message_, std::move(msg));
      |     ~~~~~~~~~~~~~~~~~^~~~~~~~~~~~~~~~~~~~~~~~~~~
In file included from /usr/include/c++/16.1.1/memory:83,
                 from /home/joshuawarren/src/mlx-omarchy-qual/.work/mlx/mlx/distributed/distributed.h:7:
/usr/include/c++/16.1.1/bits/shared_ptr_atomic.h:183:5: note: declared here
  183 |     atomic_store(shared_ptr<_Tp>* __p, shared_ptr<_Tp> __r)
      |     ^~~~~~~~~~~~
/home/joshuawarren/src/mlx-omarchy-qual/.work/mlx/mlx/error.h: In member function 'bool mlx::core::Error::valid() const':
/home/joshuawarren/src/mlx-omarchy-qual/.work/mlx/mlx/error.h:21:32: warning: 'std::shared_ptr<_Tp> std::atomic_load(const shared_ptr<_Tp>*) [with _Tp = __cxx11::basic_string<char>]' is deprecated: use 'std::atomic<std::shared_ptr<T>>' instead [-Wdeprecated-declarations]
   21 |     auto msg = std::atomic_load(&message_);
      |                ~~~~~~~~~~~~~~~~^~~~~~~~~~~
/usr/include/c++/16.1.1/bits/shared_ptr_atomic.h:142:5: note: declared here
  142 |     atomic_load(const shared_ptr<_Tp>* __p)
      |     ^~~~~~~~~~~
/home/joshuawarren/src/mlx-omarchy-qual/.work/mlx/mlx/error.h: In member function 'bool mlx::core::Error::store_if_valid(const mlx::core::Error*)':
/home/joshuawarren/src/mlx-omarchy-qual/.work/mlx/mlx/error.h:28:37: warning: 'std::shared_ptr<_Tp> std::atomic_load(const shared_ptr<_Tp>*) [with _Tp = __cxx11::basic_string<char>]' is deprecated: use 'std::atomic<std::shared_ptr<T>>' instead [-Wdeprecated-declarations]
   28 |       Message msg = std::atomic_load(&ptr->message_);
      |                     ~~~~~~~~~~~~~~~~^~~~~~~~~~~~~~~~
/usr/include/c++/16.1.1/bits/shared_ptr_atomic.h:142:5: note: declared here
  142 |     atomic_load(const shared_ptr<_Tp>* __p)
      |     ^~~~~~~~~~~
/home/joshuawarren/src/mlx-omarchy-qual/.work/mlx/mlx/error.h: In member function 'void mlx::core::Error::check()':
/home/joshuawarren/src/mlx-omarchy-qual/.work/mlx/mlx/error.h:39:36: warning: 'std::shared_ptr<_Tp> std::atomic_exchange(shared_ptr<_Tp>*, shared_ptr<_Tp>) [with _Tp = __cxx11::basic_string<char>]' is deprecated: use 'std::atomic<std::shared_ptr<T>>' instead [-Wdeprecated-declarations]
   39 |     auto msg = std::atomic_exchange(&message_, {});
      |                ~~~~~~~~~~~~~~~~~~~~^~~~~~~~~~~~~~~
/usr/include/c++/16.1.1/bits/shared_ptr_atomic.h:225:5: note: declared here
  225 |     atomic_exchange(shared_ptr<_Tp>* __p, shared_ptr<_Tp> __r)
      |     ^~~~~~~~~~~~~~~
[370/428] Building CXX object CMakeFiles/mlx.dir/mlx/distributed/jaccl/no_jaccl.cpp.o
In file included from /home/joshuawarren/src/mlx-omarchy-qual/.work/mlx/mlx/event.h:8,
                 from /home/joshuawarren/src/mlx-omarchy-qual/.work/mlx/mlx/array.h:13,
                 from /home/joshuawarren/src/mlx-omarchy-qual/.work/mlx/mlx/distributed/distributed.h:10,
                 from /home/joshuawarren/src/mlx-omarchy-qual/.work/mlx/mlx/distributed/jaccl/jaccl.h:7,
                 from /home/joshuawarren/src/mlx-omarchy-qual/.work/mlx/mlx/distributed/jaccl/no_jaccl.cpp:3:
/home/joshuawarren/src/mlx-omarchy-qual/.work/mlx/mlx/error.h: In member function 'void mlx::core::Error::set_message(Message)':
/home/joshuawarren/src/mlx-omarchy-qual/.work/mlx/mlx/error.h:17:22: warning: 'void std::atomic_store(shared_ptr<_Tp>*, shared_ptr<_Tp>) [with _Tp = __cxx11::basic_string<char>]' is deprecated: use 'std::atomic<std::shared_ptr<T>>' instead [-Wdeprecated-declarations]
   17 |     std::atomic_store(&message_, std::move(msg));
      |     ~~~~~~~~~~~~~~~~~^~~~~~~~~~~~~~~~~~~~~~~~~~~
In file included from /usr/include/c++/16.1.1/memory:83,
                 from /home/joshuawarren/src/mlx-omarchy-qual/.work/mlx/mlx/distributed/jaccl/jaccl.h:5:
/usr/include/c++/16.1.1/bits/shared_ptr_atomic.h:183:5: note: declared here
  183 |     atomic_store(shared_ptr<_Tp>* __p, shared_ptr<_Tp> __r)
      |     ^~~~~~~~~~~~
/home/joshuawarren/src/mlx-omarchy-qual/.work/mlx/mlx/error.h: In member function 'bool mlx::core::Error::valid() const':
/home/joshuawarren/src/mlx-omarchy-qual/.work/mlx/mlx/error.h:21:32: warning: 'std::shared_ptr<_Tp> std::atomic_load(const shared_ptr<_Tp>*) [with _Tp = __cxx11::basic_string<char>]' is deprecated: use 'std::atomic<std::shared_ptr<T>>' instead [-Wdeprecated-declarations]
   21 |     auto msg = std::atomic_load(&message_);
      |                ~~~~~~~~~~~~~~~~^~~~~~~~~~~
/usr/include/c++/16.1.1/bits/shared_ptr_atomic.h:142:5: note: declared here
  142 |     atomic_load(const shared_ptr<_Tp>* __p)
      |     ^~~~~~~~~~~
/home/joshuawarren/src/mlx-omarchy-qual/.work/mlx/mlx/error.h: In member function 'bool mlx::core::Error::store_if_valid(const mlx::core::Error*)':
/home/joshuawarren/src/mlx-omarchy-qual/.work/mlx/mlx/error.h:28:37: warning: 'std::shared_ptr<_Tp> std::atomic_load(const shared_ptr<_Tp>*) [with _Tp = __cxx11::basic_string<char>]' is deprecated: use 'std::atomic<std::shared_ptr<T>>' instead [-Wdeprecated-declarations]
   28 |       Message msg = std::atomic_load(&ptr->message_);
      |                     ~~~~~~~~~~~~~~~~^~~~~~~~~~~~~~~~
/usr/include/c++/16.1.1/bits/shared_ptr_atomic.h:142:5: note: declared here
  142 |     atomic_load(const shared_ptr<_Tp>* __p)
      |     ^~~~~~~~~~~
/home/joshuawarren/src/mlx-omarchy-qual/.work/mlx/mlx/error.h: In member function 'void mlx::core::Error::check()':
/home/joshuawarren/src/mlx-omarchy-qual/.work/mlx/mlx/error.h:39:36: warning: 'std::shared_ptr<_Tp> std::atomic_exchange(shared_ptr<_Tp>*, shared_ptr<_Tp>) [with _Tp = __cxx11::basic_string<char>]' is deprecated: use 'std::atomic<std::shared_ptr<T>>' instead [-Wdeprecated-declarations]
   39 |     auto msg = std::atomic_exchange(&message_, {});
      |                ~~~~~~~~~~~~~~~~~~~~^~~~~~~~~~~~~~~
/usr/include/c++/16.1.1/bits/shared_ptr_atomic.h:225:5: note: declared here
  225 |     atomic_exchange(shared_ptr<_Tp>* __p, shared_ptr<_Tp> __r)
      |     ^~~~~~~~~~~~~~~
[371/428] Building CXX object CMakeFiles/mlx.dir/mlx/io/load.cpp.o
In file included from /home/joshuawarren/src/mlx-omarchy-qual/.work/mlx/mlx/event.h:8,
                 from /home/joshuawarren/src/mlx-omarchy-qual/.work/mlx/mlx/array.h:13,
                 from /home/joshuawarren/src/mlx-omarchy-qual/.work/mlx/mlx/io.h:9,
                 from /home/joshuawarren/src/mlx-omarchy-qual/.work/mlx/mlx/io/load.cpp:15:
/home/joshuawarren/src/mlx-omarchy-qual/.work/mlx/mlx/error.h: In member function 'void mlx::core::Error::set_message(Message)':
/home/joshuawarren/src/mlx-omarchy-qual/.work/mlx/mlx/error.h:17:22: warning: 'void std::atomic_store(shared_ptr<_Tp>*, shared_ptr<_Tp>) [with _Tp = __cxx11::basic_string<char>]' is deprecated: use 'std::atomic<std::shared_ptr<T>>' instead [-Wdeprecated-declarations]
   17 |     std::atomic_store(&message_, std::move(msg));
      |     ~~~~~~~~~~~~~~~~~^~~~~~~~~~~~~~~~~~~~~~~~~~~
In file included from /usr/include/c++/16.1.1/memory:83,
                 from /home/joshuawarren/src/mlx-omarchy-qual/.work/mlx/mlx/array.h:7:
/usr/include/c++/16.1.1/bits/shared_ptr_atomic.h:183:5: note: declared here
  183 |     atomic_store(shared_ptr<_Tp>* __p, shared_ptr<_Tp> __r)
      |     ^~~~~~~~~~~~
/home/joshuawarren/src/mlx-omarchy-qual/.work/mlx/mlx/error.h: In member function 'bool mlx::core::Error::valid() const':
/home/joshuawarren/src/mlx-omarchy-qual/.work/mlx/mlx/error.h:21:32: warning: 'std::shared_ptr<_Tp> std::atomic_load(const shared_ptr<_Tp>*) [with _Tp = __cxx11::basic_string<char>]' is deprecated: use 'std::atomic<std::shared_ptr<T>>' instead [-Wdeprecated-declarations]
   21 |     auto msg = std::atomic_load(&message_);
      |                ~~~~~~~~~~~~~~~~^~~~~~~~~~~
/usr/include/c++/16.1.1/bits/shared_ptr_atomic.h:142:5: note: declared here
  142 |     atomic_load(const shared_ptr<_Tp>* __p)
      |     ^~~~~~~~~~~
/home/joshuawarren/src/mlx-omarchy-qual/.work/mlx/mlx/error.h: In member function 'bool mlx::core::Error::store_if_valid(const mlx::core::Error*)':
/home/joshuawarren/src/mlx-omarchy-qual/.work/mlx/mlx/error.h:28:37: warning: 'std::shared_ptr<_Tp> std::atomic_load(const shared_ptr<_Tp>*) [with _Tp = __cxx11::basic_string<char>]' is deprecated: use 'std::atomic<std::shared_ptr<T>>' instead [-Wdeprecated-declarations]
   28 |       Message msg = std::atomic_load(&ptr->message_);
      |                     ~~~~~~~~~~~~~~~~^~~~~~~~~~~~~~~~
/usr/include/c++/16.1.1/bits/shared_ptr_atomic.h:142:5: note: declared here
  142 |     atomic_load(const shared_ptr<_Tp>* __p)
      |     ^~~~~~~~~~~
/home/joshuawarren/src/mlx-omarchy-qual/.work/mlx/mlx/error.h: In member function 'void mlx::core::Error::check()':
/home/joshuawarren/src/mlx-omarchy-qual/.work/mlx/mlx/error.h:39:36: warning: 'std::shared_ptr<_Tp> std::atomic_exchange(shared_ptr<_Tp>*, shared_ptr<_Tp>) [with _Tp = __cxx11::basic_string<char>]' is deprecated: use 'std::atomic<std::shared_ptr<T>>' instead [-Wdeprecated-declarations]
   39 |     auto msg = std::atomic_exchange(&message_, {});
      |                ~~~~~~~~~~~~~~~~~~~~^~~~~~~~~~~~~~~
/usr/include/c++/16.1.1/bits/shared_ptr_atomic.h:225:5: note: declared here
  225 |     atomic_exchange(shared_ptr<_Tp>* __p, shared_ptr<_Tp> __r)
      |     ^~~~~~~~~~~~~~~
[372/428] Building CXX object CMakeFiles/mlx.dir/mlx/io/safetensors.cpp.o
In file included from /home/joshuawarren/src/mlx-omarchy-qual/.work/mlx/mlx/event.h:8,
                 from /home/joshuawarren/src/mlx-omarchy-qual/.work/mlx/mlx/array.h:13,
                 from /home/joshuawarren/src/mlx-omarchy-qual/.work/mlx/mlx/io.h:9,
                 from /home/joshuawarren/src/mlx-omarchy-qual/.work/mlx/mlx/io/safetensors.cpp:10:
/home/joshuawarren/src/mlx-omarchy-qual/.work/mlx/mlx/error.h: In member function 'void mlx::core::Error::set_message(Message)':
/home/joshuawarren/src/mlx-omarchy-qual/.work/mlx/mlx/error.h:17:22: warning: 'void std::atomic_store(shared_ptr<_Tp>*, shared_ptr<_Tp>) [with _Tp = __cxx11::basic_string<char>]' is deprecated: use 'std::atomic<std::shared_ptr<T>>' instead [-Wdeprecated-declarations]
   17 |     std::atomic_store(&message_, std::move(msg));
      |     ~~~~~~~~~~~~~~~~~^~~~~~~~~~~~~~~~~~~~~~~~~~~
In file included from /usr/include/c++/16.1.1/memory:83,
                 from /home/joshuawarren/src/mlx-omarchy-qual/.work/build/_deps/json-src/single_include/nlohmann/json.hpp:29,
                 from /home/joshuawarren/src/mlx-omarchy-qual/.work/mlx/mlx/io/safetensors.cpp:3:
/usr/include/c++/16.1.1/bits/shared_ptr_atomic.h:183:5: note: declared here
  183 |     atomic_store(shared_ptr<_Tp>* __p, shared_ptr<_Tp> __r)
      |     ^~~~~~~~~~~~
/home/joshuawarren/src/mlx-omarchy-qual/.work/mlx/mlx/error.h: In member function 'bool mlx::core::Error::valid() const':
/home/joshuawarren/src/mlx-omarchy-qual/.work/mlx/mlx/error.h:21:32: warning: 'std::shared_ptr<_Tp> std::atomic_load(const shared_ptr<_Tp>*) [with _Tp = __cxx11::basic_string<char>]' is deprecated: use 'std::atomic<std::shared_ptr<T>>' instead [-Wdeprecated-declarations]
   21 |     auto msg = std::atomic_load(&message_);
      |                ~~~~~~~~~~~~~~~~^~~~~~~~~~~
/usr/include/c++/16.1.1/bits/shared_ptr_atomic.h:142:5: note: declared here
  142 |     atomic_load(const shared_ptr<_Tp>* __p)
      |     ^~~~~~~~~~~
/home/joshuawarren/src/mlx-omarchy-qual/.work/mlx/mlx/error.h: In member function 'bool mlx::core::Error::store_if_valid(const mlx::core::Error*)':
/home/joshuawarren/src/mlx-omarchy-qual/.work/mlx/mlx/error.h:28:37: warning: 'std::shared_ptr<_Tp> std::atomic_load(const shared_ptr<_Tp>*) [with _Tp = __cxx11::basic_string<char>]' is deprecated: use 'std::atomic<std::shared_ptr<T>>' instead [-Wdeprecated-declarations]
   28 |       Message msg = std::atomic_load(&ptr->message_);
      |                     ~~~~~~~~~~~~~~~~^~~~~~~~~~~~~~~~
/usr/include/c++/16.1.1/bits/shared_ptr_atomic.h:142:5: note: declared here
  142 |     atomic_load(const shared_ptr<_Tp>* __p)
      |     ^~~~~~~~~~~
/home/joshuawarren/src/mlx-omarchy-qual/.work/mlx/mlx/error.h: In member function 'void mlx::core::Error::check()':
/home/joshuawarren/src/mlx-omarchy-qual/.work/mlx/mlx/error.h:39:36: warning: 'std::shared_ptr<_Tp> std::atomic_exchange(shared_ptr<_Tp>*, shared_ptr<_Tp>) [with _Tp = __cxx11::basic_string<char>]' is deprecated: use 'std::atomic<std::shared_ptr<T>>' instead [-Wdeprecated-declarations]
   39 |     auto msg = std::atomic_exchange(&message_, {});
      |                ~~~~~~~~~~~~~~~~~~~~^~~~~~~~~~~~~~~
/usr/include/c++/16.1.1/bits/shared_ptr_atomic.h:225:5: note: declared here
  225 |     atomic_exchange(shared_ptr<_Tp>* __p, shared_ptr<_Tp> __r)
      |     ^~~~~~~~~~~~~~~
[373/428] Building CXX object CMakeFiles/mlx.dir/mlx/io/gguf.cpp.o
In file included from /home/joshuawarren/src/mlx-omarchy-qual/.work/mlx/mlx/event.h:8,
                 from /home/joshuawarren/src/mlx-omarchy-qual/.work/mlx/mlx/array.h:13,
                 from /home/joshuawarren/src/mlx-omarchy-qual/.work/mlx/mlx/io.h:9,
                 from /home/joshuawarren/src/mlx-omarchy-qual/.work/mlx/mlx/io/gguf.h:4,
                 from /home/joshuawarren/src/mlx-omarchy-qual/.work/mlx/mlx/io/gguf.cpp:8:
/home/joshuawarren/src/mlx-omarchy-qual/.work/mlx/mlx/error.h: In member function 'void mlx::core::Error::set_message(Message)':
/home/joshuawarren/src/mlx-omarchy-qual/.work/mlx/mlx/error.h:17:22: warning: 'void std::atomic_store(shared_ptr<_Tp>*, shared_ptr<_Tp>) [with _Tp = __cxx11::basic_string<char>]' is deprecated: use 'std::atomic<std::shared_ptr<T>>' instead [-Wdeprecated-declarations]
   17 |     std::atomic_store(&message_, std::move(msg));
      |     ~~~~~~~~~~~~~~~~~^~~~~~~~~~~~~~~~~~~~~~~~~~~
In file included from /usr/include/c++/16.1.1/memory:83,
                 from /home/joshuawarren/src/mlx-omarchy-qual/.work/mlx/mlx/array.h:7:
/usr/include/c++/16.1.1/bits/shared_ptr_atomic.h:183:5: note: declared here
  183 |     atomic_store(shared_ptr<_Tp>* __p, shared_ptr<_Tp> __r)
      |     ^~~~~~~~~~~~
/home/joshuawarren/src/mlx-omarchy-qual/.work/mlx/mlx/error.h: In member function 'bool mlx::core::Error::valid() const':
/home/joshuawarren/src/mlx-omarchy-qual/.work/mlx/mlx/error.h:21:32: warning: 'std::shared_ptr<_Tp> std::atomic_load(const shared_ptr<_Tp>*) [with _Tp = __cxx11::basic_string<char>]' is deprecated: use 'std::atomic<std::shared_ptr<T>>' instead [-Wdeprecated-declarations]
   21 |     auto msg = std::atomic_load(&message_);
      |                ~~~~~~~~~~~~~~~~^~~~~~~~~~~
/usr/include/c++/16.1.1/bits/shared_ptr_atomic.h:142:5: note: declared here
  142 |     atomic_load(const shared_ptr<_Tp>* __p)
      |     ^~~~~~~~~~~
/home/joshuawarren/src/mlx-omarchy-qual/.work/mlx/mlx/error.h: In member function 'bool mlx::core::Error::store_if_valid(const mlx::core::Error*)':
/home/joshuawarren/src/mlx-omarchy-qual/.work/mlx/mlx/error.h:28:37: warning: 'std::shared_ptr<_Tp> std::atomic_load(const shared_ptr<_Tp>*) [with _Tp = __cxx11::basic_string<char>]' is deprecated: use 'std::atomic<std::shared_ptr<T>>' instead [-Wdeprecated-declarations]
   28 |       Message msg = std::atomic_load(&ptr->message_);
      |                     ~~~~~~~~~~~~~~~~^~~~~~~~~~~~~~~~
/usr/include/c++/16.1.1/bits/shared_ptr_atomic.h:142:5: note: declared here
  142 |     atomic_load(const shared_ptr<_Tp>* __p)
      |     ^~~~~~~~~~~
/home/joshuawarren/src/mlx-omarchy-qual/.work/mlx/mlx/error.h: In member function 'void mlx::core::Error::check()':
/home/joshuawarren/src/mlx-omarchy-qual/.work/mlx/mlx/error.h:39:36: warning: 'std::shared_ptr<_Tp> std::atomic_exchange(shared_ptr<_Tp>*, shared_ptr<_Tp>) [with _Tp = __cxx11::basic_string<char>]' is deprecated: use 'std::atomic<std::shared_ptr<T>>' instead [-Wdeprecated-declarations]
   39 |     auto msg = std::atomic_exchange(&message_, {});
      |                ~~~~~~~~~~~~~~~~~~~~^~~~~~~~~~~~~~~
/usr/include/c++/16.1.1/bits/shared_ptr_atomic.h:225:5: note: declared here
  225 |     atomic_exchange(shared_ptr<_Tp>* __p, shared_ptr<_Tp> __r)
      |     ^~~~~~~~~~~~~~~
[374/428] Building CXX object CMakeFiles/mlx.dir/mlx/io/gguf_quants.cpp.o
In file included from /home/joshuawarren/src/mlx-omarchy-qual/.work/mlx/mlx/event.h:8,
                 from /home/joshuawarren/src/mlx-omarchy-qual/.work/mlx/mlx/array.h:13,
                 from /home/joshuawarren/src/mlx-omarchy-qual/.work/mlx/mlx/io.h:9,
                 from /home/joshuawarren/src/mlx-omarchy-qual/.work/mlx/mlx/io/gguf.h:4,
                 from /home/joshuawarren/src/mlx-omarchy-qual/.work/mlx/mlx/io/gguf_quants.cpp:7:
/home/joshuawarren/src/mlx-omarchy-qual/.work/mlx/mlx/error.h: In member function 'void mlx::core::Error::set_message(Message)':
/home/joshuawarren/src/mlx-omarchy-qual/.work/mlx/mlx/error.h:17:22: warning: 'void std::atomic_store(shared_ptr<_Tp>*, shared_ptr<_Tp>) [with _Tp = __cxx11::basic_string<char>]' is deprecated: use 'std::atomic<std::shared_ptr<T>>' instead [-Wdeprecated-declarations]
   17 |     std::atomic_store(&message_, std::move(msg));
      |     ~~~~~~~~~~~~~~~~~^~~~~~~~~~~~~~~~~~~~~~~~~~~
In file included from /usr/include/c++/16.1.1/memory:83,
                 from /home/joshuawarren/src/mlx-omarchy-qual/.work/mlx/mlx/array.h:7:
/usr/include/c++/16.1.1/bits/shared_ptr_atomic.h:183:5: note: declared here
  183 |     atomic_store(shared_ptr<_Tp>* __p, shared_ptr<_Tp> __r)
      |     ^~~~~~~~~~~~
/home/joshuawarren/src/mlx-omarchy-qual/.work/mlx/mlx/error.h: In member function 'bool mlx::core::Error::valid() const':
/home/joshuawarren/src/mlx-omarchy-qual/.work/mlx/mlx/error.h:21:32: warning: 'std::shared_ptr<_Tp> std::atomic_load(const shared_ptr<_Tp>*) [with _Tp = __cxx11::basic_string<char>]' is deprecated: use 'std::atomic<std::shared_ptr<T>>' instead [-Wdeprecated-declarations]
   21 |     auto msg = std::atomic_load(&message_);
      |                ~~~~~~~~~~~~~~~~^~~~~~~~~~~
/usr/include/c++/16.1.1/bits/shared_ptr_atomic.h:142:5: note: declared here
  142 |     atomic_load(const shared_ptr<_Tp>* __p)
      |     ^~~~~~~~~~~
/home/joshuawarren/src/mlx-omarchy-qual/.work/mlx/mlx/error.h: In member function 'bool mlx::core::Error::store_if_valid(const mlx::core::Error*)':
/home/joshuawarren/src/mlx-omarchy-qual/.work/mlx/mlx/error.h:28:37: warning: 'std::shared_ptr<_Tp> std::atomic_load(const shared_ptr<_Tp>*) [with _Tp = __cxx11::basic_string<char>]' is deprecated: use 'std::atomic<std::shared_ptr<T>>' instead [-Wdeprecated-declarations]
   28 |       Message msg = std::atomic_load(&ptr->message_);
      |                     ~~~~~~~~~~~~~~~~^~~~~~~~~~~~~~~~
/usr/include/c++/16.1.1/bits/shared_ptr_atomic.h:142:5: note: declared here
  142 |     atomic_load(const shared_ptr<_Tp>* __p)
      |     ^~~~~~~~~~~
/home/joshuawarren/src/mlx-omarchy-qual/.work/mlx/mlx/error.h: In member function 'void mlx::core::Error::check()':
/home/joshuawarren/src/mlx-omarchy-qual/.work/mlx/mlx/error.h:39:36: warning: 'std::shared_ptr<_Tp> std::atomic_exchange(shared_ptr<_Tp>*, shared_ptr<_Tp>) [with _Tp = __cxx11::basic_string<char>]' is deprecated: use 'std::atomic<std::shared_ptr<T>>' instead [-Wdeprecated-declarations]
   39 |     auto msg = std::atomic_exchange(&message_, {});
      |                ~~~~~~~~~~~~~~~~~~~~^~~~~~~~~~~~~~~
/usr/include/c++/16.1.1/bits/shared_ptr_atomic.h:225:5: note: declared here
  225 |     atomic_exchange(shared_ptr<_Tp>* __p, shared_ptr<_Tp> __r)
      |     ^~~~~~~~~~~~~~~
[375/428] Building CXX object CMakeFiles/mlx.dir/mlx/backend/metal/no_metal.cpp.o
[376/428] Building CXX object CMakeFiles/mlx.dir/mlx/backend/cuda/no_cuda.cpp.o
In file included from /home/joshuawarren/src/mlx-omarchy-qual/.work/mlx/mlx/event.h:8,
                 from /home/joshuawarren/src/mlx-omarchy-qual/.work/mlx/mlx/array.h:13,
                 from /home/joshuawarren/src/mlx-omarchy-qual/.work/mlx/mlx/utils.h:13,
                 from /home/joshuawarren/src/mlx-omarchy-qual/.work/mlx/mlx/fast.h:10,
                 from /home/joshuawarren/src/mlx-omarchy-qual/.work/mlx/mlx/backend/cuda/no_cuda.cpp:4:
/home/joshuawarren/src/mlx-omarchy-qual/.work/mlx/mlx/error.h: In member function 'void mlx::core::Error::set_message(Message)':
/home/joshuawarren/src/mlx-omarchy-qual/.work/mlx/mlx/error.h:17:22: warning: 'void std::atomic_store(shared_ptr<_Tp>*, shared_ptr<_Tp>) [with _Tp = __cxx11::basic_string<char>]' is deprecated: use 'std::atomic<std::shared_ptr<T>>' instead [-Wdeprecated-declarations]
   17 |     std::atomic_store(&message_, std::move(msg));
      |     ~~~~~~~~~~~~~~~~~^~~~~~~~~~~~~~~~~~~~~~~~~~~
In file included from /usr/include/c++/16.1.1/memory:83,
                 from /home/joshuawarren/src/mlx-omarchy-qual/.work/mlx/mlx/array.h:7:
/usr/include/c++/16.1.1/bits/shared_ptr_atomic.h:183:5: note: declared here
  183 |     atomic_store(shared_ptr<_Tp>* __p, shared_ptr<_Tp> __r)
      |     ^~~~~~~~~~~~
/home/joshuawarren/src/mlx-omarchy-qual/.work/mlx/mlx/error.h: In member function 'bool mlx::core::Error::valid() const':
/home/joshuawarren/src/mlx-omarchy-qual/.work/mlx/mlx/error.h:21:32: warning: 'std::shared_ptr<_Tp> std::atomic_load(const shared_ptr<_Tp>*) [with _Tp = __cxx11::basic_string<char>]' is deprecated: use 'std::atomic<std::shared_ptr<T>>' instead [-Wdeprecated-declarations]
   21 |     auto msg = std::atomic_load(&message_);
      |                ~~~~~~~~~~~~~~~~^~~~~~~~~~~
/usr/include/c++/16.1.1/bits/shared_ptr_atomic.h:142:5: note: declared here
  142 |     atomic_load(const shared_ptr<_Tp>* __p)
      |     ^~~~~~~~~~~
/home/joshuawarren/src/mlx-omarchy-qual/.work/mlx/mlx/error.h: In member function 'bool mlx::core::Error::store_if_valid(const mlx::core::Error*)':
/home/joshuawarren/src/mlx-omarchy-qual/.work/mlx/mlx/error.h:28:37: warning: 'std::shared_ptr<_Tp> std::atomic_load(const shared_ptr<_Tp>*) [with _Tp = __cxx11::basic_string<char>]' is deprecated: use 'std::atomic<std::shared_ptr<T>>' instead [-Wdeprecated-declarations]
   28 |       Message msg = std::atomic_load(&ptr->message_);
      |                     ~~~~~~~~~~~~~~~~^~~~~~~~~~~~~~~~
/usr/include/c++/16.1.1/bits/shared_ptr_atomic.h:142:5: note: declared here
  142 |     atomic_load(const shared_ptr<_Tp>* __p)
      |     ^~~~~~~~~~~
/home/joshuawarren/src/mlx-omarchy-qual/.work/mlx/mlx/error.h: In member function 'void mlx::core::Error::check()':
/home/joshuawarren/src/mlx-omarchy-qual/.work/mlx/mlx/error.h:39:36: warning: 'std::shared_ptr<_Tp> std::atomic_exchange(shared_ptr<_Tp>*, shared_ptr<_Tp>) [with _Tp = __cxx11::basic_string<char>]' is deprecated: use 'std::atomic<std::shared_ptr<T>>' instead [-Wdeprecated-declarations]
   39 |     auto msg = std::atomic_exchange(&message_, {});
      |                ~~~~~~~~~~~~~~~~~~~~^~~~~~~~~~~~~~~
/usr/include/c++/16.1.1/bits/shared_ptr_atomic.h:225:5: note: declared here
  225 |     atomic_exchange(shared_ptr<_Tp>* __p, shared_ptr<_Tp> __r)
      |     ^~~~~~~~~~~~~~~
[377/428] Building CXX object CMakeFiles/mlx.dir/mlx/backend/omarchy/allocator.cpp.o
[378/428] Building CXX object CMakeFiles/mlx.dir/mlx/backend/omarchy/compiled.cpp.o
In file included from /home/joshuawarren/src/mlx-omarchy-qual/.work/mlx/mlx/event.h:8,
                 from /home/joshuawarren/src/mlx-omarchy-qual/.work/mlx/mlx/array.h:13,
                 from /home/joshuawarren/src/mlx-omarchy-qual/.work/mlx/mlx/backend/omarchy/compiled.h:8,
                 from /home/joshuawarren/src/mlx-omarchy-qual/.work/mlx/mlx/backend/omarchy/compiled.cpp:4:
/home/joshuawarren/src/mlx-omarchy-qual/.work/mlx/mlx/error.h: In member function 'void mlx::core::Error::set_message(Message)':
/home/joshuawarren/src/mlx-omarchy-qual/.work/mlx/mlx/error.h:17:22: warning: 'void std::atomic_store(shared_ptr<_Tp>*, shared_ptr<_Tp>) [with _Tp = __cxx11::basic_string<char>]' is deprecated: use 'std::atomic<std::shared_ptr<T>>' instead [-Wdeprecated-declarations]
   17 |     std::atomic_store(&message_, std::move(msg));
      |     ~~~~~~~~~~~~~~~~~^~~~~~~~~~~~~~~~~~~~~~~~~~~
In file included from /usr/include/c++/16.1.1/memory:83,
                 from /home/joshuawarren/src/mlx-omarchy-qual/.work/mlx/mlx/array.h:7:
/usr/include/c++/16.1.1/bits/shared_ptr_atomic.h:183:5: note: declared here
  183 |     atomic_store(shared_ptr<_Tp>* __p, shared_ptr<_Tp> __r)
      |     ^~~~~~~~~~~~
/home/joshuawarren/src/mlx-omarchy-qual/.work/mlx/mlx/error.h: In member function 'bool mlx::core::Error::valid() const':
/home/joshuawarren/src/mlx-omarchy-qual/.work/mlx/mlx/error.h:21:32: warning: 'std::shared_ptr<_Tp> std::atomic_load(const shared_ptr<_Tp>*) [with _Tp = __cxx11::basic_string<char>]' is deprecated: use 'std::atomic<std::shared_ptr<T>>' instead [-Wdeprecated-declarations]
   21 |     auto msg = std::atomic_load(&message_);
      |                ~~~~~~~~~~~~~~~~^~~~~~~~~~~
/usr/include/c++/16.1.1/bits/shared_ptr_atomic.h:142:5: note: declared here
  142 |     atomic_load(const shared_ptr<_Tp>* __p)
      |     ^~~~~~~~~~~
/home/joshuawarren/src/mlx-omarchy-qual/.work/mlx/mlx/error.h: In member function 'bool mlx::core::Error::store_if_valid(const mlx::core::Error*)':
/home/joshuawarren/src/mlx-omarchy-qual/.work/mlx/mlx/error.h:28:37: warning: 'std::shared_ptr<_Tp> std::atomic_load(const shared_ptr<_Tp>*) [with _Tp = __cxx11::basic_string<char>]' is deprecated: use 'std::atomic<std::shared_ptr<T>>' instead [-Wdeprecated-declarations]
   28 |       Message msg = std::atomic_load(&ptr->message_);
      |                     ~~~~~~~~~~~~~~~~^~~~~~~~~~~~~~~~
/usr/include/c++/16.1.1/bits/shared_ptr_atomic.h:142:5: note: declared here
  142 |     atomic_load(const shared_ptr<_Tp>* __p)
      |     ^~~~~~~~~~~
/home/joshuawarren/src/mlx-omarchy-qual/.work/mlx/mlx/error.h: In member function 'void mlx::core::Error::check()':
/home/joshuawarren/src/mlx-omarchy-qual/.work/mlx/mlx/error.h:39:36: warning: 'std::shared_ptr<_Tp> std::atomic_exchange(shared_ptr<_Tp>*, shared_ptr<_Tp>) [with _Tp = __cxx11::basic_string<char>]' is deprecated: use 'std::atomic<std::shared_ptr<T>>' instead [-Wdeprecated-declarations]
   39 |     auto msg = std::atomic_exchange(&message_, {});
      |                ~~~~~~~~~~~~~~~~~~~~^~~~~~~~~~~~~~~
/usr/include/c++/16.1.1/bits/shared_ptr_atomic.h:225:5: note: declared here
  225 |     atomic_exchange(shared_ptr<_Tp>* __p, shared_ptr<_Tp> __r)
      |     ^~~~~~~~~~~~~~~
[379/428] Building CXX object CMakeFiles/mlx.dir/mlx/backend/omarchy/compute.cpp.o
[380/428] Building CXX object CMakeFiles/mlx.dir/mlx/backend/omarchy/device.cpp.o
[381/428] Building CXX object CMakeFiles/mlx.dir/mlx/backend/omarchy/device_info.cpp.o
[382/428] Building CXX object CMakeFiles/mlx.dir/mlx/backend/omarchy/encoder.cpp.o
In file included from /home/joshuawarren/src/mlx-omarchy-qual/.work/mlx/mlx/event.h:8,
                 from /home/joshuawarren/src/mlx-omarchy-qual/.work/mlx/mlx/array.h:13,
                 from /home/joshuawarren/src/mlx-omarchy-qual/.work/mlx/mlx/backend/omarchy/encoder.h:14,
                 from /home/joshuawarren/src/mlx-omarchy-qual/.work/mlx/mlx/backend/omarchy/encoder.cpp:4:
/home/joshuawarren/src/mlx-omarchy-qual/.work/mlx/mlx/error.h: In member function 'void mlx::core::Error::set_message(Message)':
/home/joshuawarren/src/mlx-omarchy-qual/.work/mlx/mlx/error.h:17:22: warning: 'void std::atomic_store(shared_ptr<_Tp>*, shared_ptr<_Tp>) [with _Tp = __cxx11::basic_string<char>]' is deprecated: use 'std::atomic<std::shared_ptr<T>>' instead [-Wdeprecated-declarations]
   17 |     std::atomic_store(&message_, std::move(msg));
      |     ~~~~~~~~~~~~~~~~~^~~~~~~~~~~~~~~~~~~~~~~~~~~
In file included from /usr/include/c++/16.1.1/memory:83,
                 from /home/joshuawarren/src/mlx-omarchy-qual/.work/mlx/mlx/backend/omarchy/encoder.h:9:
/usr/include/c++/16.1.1/bits/shared_ptr_atomic.h:183:5: note: declared here
  183 |     atomic_store(shared_ptr<_Tp>* __p, shared_ptr<_Tp> __r)
      |     ^~~~~~~~~~~~
/home/joshuawarren/src/mlx-omarchy-qual/.work/mlx/mlx/error.h: In member function 'bool mlx::core::Error::valid() const':
/home/joshuawarren/src/mlx-omarchy-qual/.work/mlx/mlx/error.h:21:32: warning: 'std::shared_ptr<_Tp> std::atomic_load(const shared_ptr<_Tp>*) [with _Tp = __cxx11::basic_string<char>]' is deprecated: use 'std::atomic<std::shared_ptr<T>>' instead [-Wdeprecated-declarations]
   21 |     auto msg = std::atomic_load(&message_);
      |                ~~~~~~~~~~~~~~~~^~~~~~~~~~~
/usr/include/c++/16.1.1/bits/shared_ptr_atomic.h:142:5: note: declared here
  142 |     atomic_load(const shared_ptr<_Tp>* __p)
      |     ^~~~~~~~~~~
/home/joshuawarren/src/mlx-omarchy-qual/.work/mlx/mlx/error.h: In member function 'bool mlx::core::Error::store_if_valid(const mlx::core::Error*)':
/home/joshuawarren/src/mlx-omarchy-qual/.work/mlx/mlx/error.h:28:37: warning: 'std::shared_ptr<_Tp> std::atomic_load(const shared_ptr<_Tp>*) [with _Tp = __cxx11::basic_string<char>]' is deprecated: use 'std::atomic<std::shared_ptr<T>>' instead [-Wdeprecated-declarations]
   28 |       Message msg = std::atomic_load(&ptr->message_);
      |                     ~~~~~~~~~~~~~~~~^~~~~~~~~~~~~~~~
/usr/include/c++/16.1.1/bits/shared_ptr_atomic.h:142:5: note: declared here
  142 |     atomic_load(const shared_ptr<_Tp>* __p)
      |     ^~~~~~~~~~~
/home/joshuawarren/src/mlx-omarchy-qual/.work/mlx/mlx/error.h: In member function 'void mlx::core::Error::check()':
/home/joshuawarren/src/mlx-omarchy-qual/.work/mlx/mlx/error.h:39:36: warning: 'std::shared_ptr<_Tp> std::atomic_exchange(shared_ptr<_Tp>*, shared_ptr<_Tp>) [with _Tp = __cxx11::basic_string<char>]' is deprecated: use 'std::atomic<std::shared_ptr<T>>' instead [-Wdeprecated-declarations]
   39 |     auto msg = std::atomic_exchange(&message_, {});
      |                ~~~~~~~~~~~~~~~~~~~~^~~~~~~~~~~~~~~
/usr/include/c++/16.1.1/bits/shared_ptr_atomic.h:225:5: note: declared here
  225 |     atomic_exchange(shared_ptr<_Tp>* __p, shared_ptr<_Tp> __r)
      |     ^~~~~~~~~~~~~~~
[383/428] Building CXX object CMakeFiles/mlx.dir/mlx/backend/omarchy/eval.cpp.o
In file included from /home/joshuawarren/src/mlx-omarchy-qual/.work/mlx/mlx/event.h:8,
                 from /home/joshuawarren/src/mlx-omarchy-qual/.work/mlx/mlx/array.h:13,
                 from /home/joshuawarren/src/mlx-omarchy-qual/.work/mlx/mlx/backend/gpu/eval.h:8,
                 from /home/joshuawarren/src/mlx-omarchy-qual/.work/mlx/mlx/backend/omarchy/eval.cpp:8:
/home/joshuawarren/src/mlx-omarchy-qual/.work/mlx/mlx/error.h: In member function 'void mlx::core::Error::set_message(Message)':
/home/joshuawarren/src/mlx-omarchy-qual/.work/mlx/mlx/error.h:17:22: warning: 'void std::atomic_store(shared_ptr<_Tp>*, shared_ptr<_Tp>) [with _Tp = __cxx11::basic_string<char>]' is deprecated: use 'std::atomic<std::shared_ptr<T>>' instead [-Wdeprecated-declarations]
   17 |     std::atomic_store(&message_, std::move(msg));
      |     ~~~~~~~~~~~~~~~~~^~~~~~~~~~~~~~~~~~~~~~~~~~~
In file included from /usr/include/c++/16.1.1/memory:83,
                 from /home/joshuawarren/src/mlx-omarchy-qual/.work/mlx/mlx/backend/gpu/eval.h:6:
/usr/include/c++/16.1.1/bits/shared_ptr_atomic.h:183:5: note: declared here
  183 |     atomic_store(shared_ptr<_Tp>* __p, shared_ptr<_Tp> __r)
      |     ^~~~~~~~~~~~
/home/joshuawarren/src/mlx-omarchy-qual/.work/mlx/mlx/error.h: In member function 'bool mlx::core::Error::valid() const':
/home/joshuawarren/src/mlx-omarchy-qual/.work/mlx/mlx/error.h:21:32: warning: 'std::shared_ptr<_Tp> std::atomic_load(const shared_ptr<_Tp>*) [with _Tp = __cxx11::basic_string<char>]' is deprecated: use 'std::atomic<std::shared_ptr<T>>' instead [-Wdeprecated-declarations]
   21 |     auto msg = std::atomic_load(&message_);
      |                ~~~~~~~~~~~~~~~~^~~~~~~~~~~
/usr/include/c++/16.1.1/bits/shared_ptr_atomic.h:142:5: note: declared here
  142 |     atomic_load(const shared_ptr<_Tp>* __p)
      |     ^~~~~~~~~~~
/home/joshuawarren/src/mlx-omarchy-qual/.work/mlx/mlx/error.h: In member function 'bool mlx::core::Error::store_if_valid(const mlx::core::Error*)':
/home/joshuawarren/src/mlx-omarchy-qual/.work/mlx/mlx/error.h:28:37: warning: 'std::shared_ptr<_Tp> std::atomic_load(const shared_ptr<_Tp>*) [with _Tp = __cxx11::basic_string<char>]' is deprecated: use 'std::atomic<std::shared_ptr<T>>' instead [-Wdeprecated-declarations]
   28 |       Message msg = std::atomic_load(&ptr->message_);
      |                     ~~~~~~~~~~~~~~~~^~~~~~~~~~~~~~~~
/usr/include/c++/16.1.1/bits/shared_ptr_atomic.h:142:5: note: declared here
  142 |     atomic_load(const shared_ptr<_Tp>* __p)
      |     ^~~~~~~~~~~
/home/joshuawarren/src/mlx-omarchy-qual/.work/mlx/mlx/error.h: In member function 'void mlx::core::Error::check()':
/home/joshuawarren/src/mlx-omarchy-qual/.work/mlx/mlx/error.h:39:36: warning: 'std::shared_ptr<_Tp> std::atomic_exchange(shared_ptr<_Tp>*, shared_ptr<_Tp>) [with _Tp = __cxx11::basic_string<char>]' is deprecated: use 'std::atomic<std::shared_ptr<T>>' instead [-Wdeprecated-declarations]
   39 |     auto msg = std::atomic_exchange(&message_, {});
      |                ~~~~~~~~~~~~~~~~~~~~^~~~~~~~~~~~~~~
/usr/include/c++/16.1.1/bits/shared_ptr_atomic.h:225:5: note: declared here
  225 |     atomic_exchange(shared_ptr<_Tp>* __p, shared_ptr<_Tp> __r)
      |     ^~~~~~~~~~~~~~~
[384/428] Building CXX object CMakeFiles/mlx.dir/mlx/backend/omarchy/event.cpp.o
In file included from /home/joshuawarren/src/mlx-omarchy-qual/.work/mlx/mlx/event.h:8,
                 from /home/joshuawarren/src/mlx-omarchy-qual/.work/mlx/mlx/backend/omarchy/event.cpp:10:
/home/joshuawarren/src/mlx-omarchy-qual/.work/mlx/mlx/error.h: In member function 'void mlx::core::Error::set_message(Message)':
/home/joshuawarren/src/mlx-omarchy-qual/.work/mlx/mlx/error.h:17:22: warning: 'void std::atomic_store(shared_ptr<_Tp>*, shared_ptr<_Tp>) [with _Tp = __cxx11::basic_string<char>]' is deprecated: use 'std::atomic<std::shared_ptr<T>>' instead [-Wdeprecated-declarations]
   17 |     std::atomic_store(&message_, std::move(msg));
      |     ~~~~~~~~~~~~~~~~~^~~~~~~~~~~~~~~~~~~~~~~~~~~
In file included from /usr/include/c++/16.1.1/memory:83,
                 from /home/joshuawarren/src/mlx-omarchy-qual/.work/mlx/mlx/event.h:5:
/usr/include/c++/16.1.1/bits/shared_ptr_atomic.h:183:5: note: declared here
  183 |     atomic_store(shared_ptr<_Tp>* __p, shared_ptr<_Tp> __r)
      |     ^~~~~~~~~~~~
/home/joshuawarren/src/mlx-omarchy-qual/.work/mlx/mlx/error.h: In member function 'bool mlx::core::Error::valid() const':
/home/joshuawarren/src/mlx-omarchy-qual/.work/mlx/mlx/error.h:21:32: warning: 'std::shared_ptr<_Tp> std::atomic_load(const shared_ptr<_Tp>*) [with _Tp = __cxx11::basic_string<char>]' is deprecated: use 'std::atomic<std::shared_ptr<T>>' instead [-Wdeprecated-declarations]
   21 |     auto msg = std::atomic_load(&message_);
      |                ~~~~~~~~~~~~~~~~^~~~~~~~~~~
/usr/include/c++/16.1.1/bits/shared_ptr_atomic.h:142:5: note: declared here
  142 |     atomic_load(const shared_ptr<_Tp>* __p)
      |     ^~~~~~~~~~~
/home/joshuawarren/src/mlx-omarchy-qual/.work/mlx/mlx/error.h: In member function 'bool mlx::core::Error::store_if_valid(const mlx::core::Error*)':
/home/joshuawarren/src/mlx-omarchy-qual/.work/mlx/mlx/error.h:28:37: warning: 'std::shared_ptr<_Tp> std::atomic_load(const shared_ptr<_Tp>*) [with _Tp = __cxx11::basic_string<char>]' is deprecated: use 'std::atomic<std::shared_ptr<T>>' instead [-Wdeprecated-declarations]
   28 |       Message msg = std::atomic_load(&ptr->message_);
      |                     ~~~~~~~~~~~~~~~~^~~~~~~~~~~~~~~~
/usr/include/c++/16.1.1/bits/shared_ptr_atomic.h:142:5: note: declared here
  142 |     atomic_load(const shared_ptr<_Tp>* __p)
      |     ^~~~~~~~~~~
/home/joshuawarren/src/mlx-omarchy-qual/.work/mlx/mlx/error.h: In member function 'void mlx::core::Error::check()':
/home/joshuawarren/src/mlx-omarchy-qual/.work/mlx/mlx/error.h:39:36: warning: 'std::shared_ptr<_Tp> std::atomic_exchange(shared_ptr<_Tp>*, shared_ptr<_Tp>) [with _Tp = __cxx11::basic_string<char>]' is deprecated: use 'std::atomic<std::shared_ptr<T>>' instead [-Wdeprecated-declarations]
   39 |     auto msg = std::atomic_exchange(&message_, {});
      |                ~~~~~~~~~~~~~~~~~~~~^~~~~~~~~~~~~~~
/usr/include/c++/16.1.1/bits/shared_ptr_atomic.h:225:5: note: declared here
  225 |     atomic_exchange(shared_ptr<_Tp>* __p, shared_ptr<_Tp> __r)
      |     ^~~~~~~~~~~~~~~
[385/428] Building CXX object CMakeFiles/mlx.dir/mlx/backend/omarchy/fence.cpp.o
In file included from /home/joshuawarren/src/mlx-omarchy-qual/.work/mlx/mlx/event.h:8,
                 from /home/joshuawarren/src/mlx-omarchy-qual/.work/mlx/mlx/array.h:13,
                 from /home/joshuawarren/src/mlx-omarchy-qual/.work/mlx/mlx/fence.h:5,
                 from /home/joshuawarren/src/mlx-omarchy-qual/.work/mlx/mlx/backend/omarchy/fence.cpp:7:
/home/joshuawarren/src/mlx-omarchy-qual/.work/mlx/mlx/error.h: In member function 'void mlx::core::Error::set_message(Message)':
/home/joshuawarren/src/mlx-omarchy-qual/.work/mlx/mlx/error.h:17:22: warning: 'void std::atomic_store(shared_ptr<_Tp>*, shared_ptr<_Tp>) [with _Tp = __cxx11::basic_string<char>]' is deprecated: use 'std::atomic<std::shared_ptr<T>>' instead [-Wdeprecated-declarations]
   17 |     std::atomic_store(&message_, std::move(msg));
      |     ~~~~~~~~~~~~~~~~~^~~~~~~~~~~~~~~~~~~~~~~~~~~
In file included from /usr/include/c++/16.1.1/memory:83,
                 from /home/joshuawarren/src/mlx-omarchy-qual/.work/mlx/mlx/array.h:7:
/usr/include/c++/16.1.1/bits/shared_ptr_atomic.h:183:5: note: declared here
  183 |     atomic_store(shared_ptr<_Tp>* __p, shared_ptr<_Tp> __r)
      |     ^~~~~~~~~~~~
/home/joshuawarren/src/mlx-omarchy-qual/.work/mlx/mlx/error.h: In member function 'bool mlx::core::Error::valid() const':
/home/joshuawarren/src/mlx-omarchy-qual/.work/mlx/mlx/error.h:21:32: warning: 'std::shared_ptr<_Tp> std::atomic_load(const shared_ptr<_Tp>*) [with _Tp = __cxx11::basic_string<char>]' is deprecated: use 'std::atomic<std::shared_ptr<T>>' instead [-Wdeprecated-declarations]
   21 |     auto msg = std::atomic_load(&message_);
      |                ~~~~~~~~~~~~~~~~^~~~~~~~~~~
/usr/include/c++/16.1.1/bits/shared_ptr_atomic.h:142:5: note: declared here
  142 |     atomic_load(const shared_ptr<_Tp>* __p)
      |     ^~~~~~~~~~~
/home/joshuawarren/src/mlx-omarchy-qual/.work/mlx/mlx/error.h: In member function 'bool mlx::core::Error::store_if_valid(const mlx::core::Error*)':
/home/joshuawarren/src/mlx-omarchy-qual/.work/mlx/mlx/error.h:28:37: warning: 'std::shared_ptr<_Tp> std::atomic_load(const shared_ptr<_Tp>*) [with _Tp = __cxx11::basic_string<char>]' is deprecated: use 'std::atomic<std::shared_ptr<T>>' instead [-Wdeprecated-declarations]
   28 |       Message msg = std::atomic_load(&ptr->message_);
      |                     ~~~~~~~~~~~~~~~~^~~~~~~~~~~~~~~~
/usr/include/c++/16.1.1/bits/shared_ptr_atomic.h:142:5: note: declared here
  142 |     atomic_load(const shared_ptr<_Tp>* __p)
      |     ^~~~~~~~~~~
/home/joshuawarren/src/mlx-omarchy-qual/.work/mlx/mlx/error.h: In member function 'void mlx::core::Error::check()':
/home/joshuawarren/src/mlx-omarchy-qual/.work/mlx/mlx/error.h:39:36: warning: 'std::shared_ptr<_Tp> std::atomic_exchange(shared_ptr<_Tp>*, shared_ptr<_Tp>) [with _Tp = __cxx11::basic_string<char>]' is deprecated: use 'std::atomic<std::shared_ptr<T>>' instead [-Wdeprecated-declarations]
   39 |     auto msg = std::atomic_exchange(&message_, {});
      |                ~~~~~~~~~~~~~~~~~~~~^~~~~~~~~~~~~~~
/usr/include/c++/16.1.1/bits/shared_ptr_atomic.h:225:5: note: declared here
  225 |     atomic_exchange(shared_ptr<_Tp>* __p, shared_ptr<_Tp> __r)
      |     ^~~~~~~~~~~~~~~
[386/428] Building CXX object CMakeFiles/mlx.dir/mlx/backend/omarchy/copy.cpp.o
In file included from /home/joshuawarren/src/mlx-omarchy-qual/.work/mlx/mlx/event.h:8,
                 from /home/joshuawarren/src/mlx-omarchy-qual/.work/mlx/mlx/array.h:13,
                 from /home/joshuawarren/src/mlx-omarchy-qual/.work/mlx/mlx/backend/omarchy/unsupported.h:10,
                 from /home/joshuawarren/src/mlx-omarchy-qual/.work/mlx/mlx/backend/omarchy/copy.cpp:10:
/home/joshuawarren/src/mlx-omarchy-qual/.work/mlx/mlx/error.h: In member function 'void mlx::core::Error::set_message(Message)':
/home/joshuawarren/src/mlx-omarchy-qual/.work/mlx/mlx/error.h:17:22: warning: 'void std::atomic_store(shared_ptr<_Tp>*, shared_ptr<_Tp>) [with _Tp = __cxx11::basic_string<char>]' is deprecated: use 'std::atomic<std::shared_ptr<T>>' instead [-Wdeprecated-declarations]
   17 |     std::atomic_store(&message_, std::move(msg));
      |     ~~~~~~~~~~~~~~~~~^~~~~~~~~~~~~~~~~~~~~~~~~~~
In file included from /usr/include/c++/16.1.1/memory:83,
                 from /home/joshuawarren/src/mlx-omarchy-qual/.work/mlx/mlx/array.h:7:
/usr/include/c++/16.1.1/bits/shared_ptr_atomic.h:183:5: note: declared here
  183 |     atomic_store(shared_ptr<_Tp>* __p, shared_ptr<_Tp> __r)
      |     ^~~~~~~~~~~~
/home/joshuawarren/src/mlx-omarchy-qual/.work/mlx/mlx/error.h: In member function 'bool mlx::core::Error::valid() const':
/home/joshuawarren/src/mlx-omarchy-qual/.work/mlx/mlx/error.h:21:32: warning: 'std::shared_ptr<_Tp> std::atomic_load(const shared_ptr<_Tp>*) [with _Tp = __cxx11::basic_string<char>]' is deprecated: use 'std::atomic<std::shared_ptr<T>>' instead [-Wdeprecated-declarations]
   21 |     auto msg = std::atomic_load(&message_);
      |                ~~~~~~~~~~~~~~~~^~~~~~~~~~~
/usr/include/c++/16.1.1/bits/shared_ptr_atomic.h:142:5: note: declared here
  142 |     atomic_load(const shared_ptr<_Tp>* __p)
      |     ^~~~~~~~~~~
/home/joshuawarren/src/mlx-omarchy-qual/.work/mlx/mlx/error.h: In member function 'bool mlx::core::Error::store_if_valid(const mlx::core::Error*)':
/home/joshuawarren/src/mlx-omarchy-qual/.work/mlx/mlx/error.h:28:37: warning: 'std::shared_ptr<_Tp> std::atomic_load(const shared_ptr<_Tp>*) [with _Tp = __cxx11::basic_string<char>]' is deprecated: use 'std::atomic<std::shared_ptr<T>>' instead [-Wdeprecated-declarations]
   28 |       Message msg = std::atomic_load(&ptr->message_);
      |                     ~~~~~~~~~~~~~~~~^~~~~~~~~~~~~~~~
/usr/include/c++/16.1.1/bits/shared_ptr_atomic.h:142:5: note: declared here
  142 |     atomic_load(const shared_ptr<_Tp>* __p)
      |     ^~~~~~~~~~~
/home/joshuawarren/src/mlx-omarchy-qual/.work/mlx/mlx/error.h: In member function 'void mlx::core::Error::check()':
/home/joshuawarren/src/mlx-omarchy-qual/.work/mlx/mlx/error.h:39:36: warning: 'std::shared_ptr<_Tp> std::atomic_exchange(shared_ptr<_Tp>*, shared_ptr<_Tp>) [with _Tp = __cxx11::basic_string<char>]' is deprecated: use 'std::atomic<std::shared_ptr<T>>' instead [-Wdeprecated-declarations]
   39 |     auto msg = std::atomic_exchange(&message_, {});
      |                ~~~~~~~~~~~~~~~~~~~~^~~~~~~~~~~~~~~
/usr/include/c++/16.1.1/bits/shared_ptr_atomic.h:225:5: note: declared here
  225 |     atomic_exchange(shared_ptr<_Tp>* __p, shared_ptr<_Tp> __r)
      |     ^~~~~~~~~~~~~~~
[387/428] Building CXX object CMakeFiles/mlx.dir/mlx/backend/omarchy/primitives.cpp.o
In file included from /home/joshuawarren/src/mlx-omarchy-qual/.work/mlx/mlx/event.h:8,
                 from /home/joshuawarren/src/mlx-omarchy-qual/.work/mlx/mlx/array.h:13,
                 from /home/joshuawarren/src/mlx-omarchy-qual/.work/mlx/mlx/backend/omarchy/unsupported.h:10,
                 from /home/joshuawarren/src/mlx-omarchy-qual/.work/mlx/mlx/backend/omarchy/primitives.cpp:4:
/home/joshuawarren/src/mlx-omarchy-qual/.work/mlx/mlx/error.h: In member function 'void mlx::core::Error::set_message(Message)':
/home/joshuawarren/src/mlx-omarchy-qual/.work/mlx/mlx/error.h:17:22: warning: 'void std::atomic_store(shared_ptr<_Tp>*, shared_ptr<_Tp>) [with _Tp = __cxx11::basic_string<char>]' is deprecated: use 'std::atomic<std::shared_ptr<T>>' instead [-Wdeprecated-declarations]
   17 |     std::atomic_store(&message_, std::move(msg));
      |     ~~~~~~~~~~~~~~~~~^~~~~~~~~~~~~~~~~~~~~~~~~~~
In file included from /usr/include/c++/16.1.1/memory:83,
                 from /home/joshuawarren/src/mlx-omarchy-qual/.work/mlx/mlx/array.h:7:
/usr/include/c++/16.1.1/bits/shared_ptr_atomic.h:183:5: note: declared here
  183 |     atomic_store(shared_ptr<_Tp>* __p, shared_ptr<_Tp> __r)
      |     ^~~~~~~~~~~~
/home/joshuawarren/src/mlx-omarchy-qual/.work/mlx/mlx/error.h: In member function 'bool mlx::core::Error::valid() const':
/home/joshuawarren/src/mlx-omarchy-qual/.work/mlx/mlx/error.h:21:32: warning: 'std::shared_ptr<_Tp> std::atomic_load(const shared_ptr<_Tp>*) [with _Tp = __cxx11::basic_string<char>]' is deprecated: use 'std::atomic<std::shared_ptr<T>>' instead [-Wdeprecated-declarations]
   21 |     auto msg = std::atomic_load(&message_);
      |                ~~~~~~~~~~~~~~~~^~~~~~~~~~~
/usr/include/c++/16.1.1/bits/shared_ptr_atomic.h:142:5: note: declared here
  142 |     atomic_load(const shared_ptr<_Tp>* __p)
      |     ^~~~~~~~~~~
/home/joshuawarren/src/mlx-omarchy-qual/.work/mlx/mlx/error.h: In member function 'bool mlx::core::Error::store_if_valid(const mlx::core::Error*)':
/home/joshuawarren/src/mlx-omarchy-qual/.work/mlx/mlx/error.h:28:37: warning: 'std::shared_ptr<_Tp> std::atomic_load(const shared_ptr<_Tp>*) [with _Tp = __cxx11::basic_string<char>]' is deprecated: use 'std::atomic<std::shared_ptr<T>>' instead [-Wdeprecated-declarations]
   28 |       Message msg = std::atomic_load(&ptr->message_);
      |                     ~~~~~~~~~~~~~~~~^~~~~~~~~~~~~~~~
/usr/include/c++/16.1.1/bits/shared_ptr_atomic.h:142:5: note: declared here
  142 |     atomic_load(const shared_ptr<_Tp>* __p)
      |     ^~~~~~~~~~~
/home/joshuawarren/src/mlx-omarchy-qual/.work/mlx/mlx/error.h: In member function 'void mlx::core::Error::check()':
/home/joshuawarren/src/mlx-omarchy-qual/.work/mlx/mlx/error.h:39:36: warning: 'std::shared_ptr<_Tp> std::atomic_exchange(shared_ptr<_Tp>*, shared_ptr<_Tp>) [with _Tp = __cxx11::basic_string<char>]' is deprecated: use 'std::atomic<std::shared_ptr<T>>' instead [-Wdeprecated-declarations]
   39 |     auto msg = std::atomic_exchange(&message_, {});
      |                ~~~~~~~~~~~~~~~~~~~~^~~~~~~~~~~~~~~
/usr/include/c++/16.1.1/bits/shared_ptr_atomic.h:225:5: note: declared here
  225 |     atomic_exchange(shared_ptr<_Tp>* __p, shared_ptr<_Tp> __r)
      |     ^~~~~~~~~~~~~~~
[388/428] Building CXX object CMakeFiles/mlx.dir/mlx/backend/omarchy/slicing.cpp.o
In file included from /home/joshuawarren/src/mlx-omarchy-qual/.work/mlx/mlx/event.h:8,
                 from /home/joshuawarren/src/mlx-omarchy-qual/.work/mlx/mlx/array.h:13,
                 from /home/joshuawarren/src/mlx-omarchy-qual/.work/mlx/mlx/backend/omarchy/unsupported.h:10,
                 from /home/joshuawarren/src/mlx-omarchy-qual/.work/mlx/mlx/backend/omarchy/slicing.cpp:9:
/home/joshuawarren/src/mlx-omarchy-qual/.work/mlx/mlx/error.h: In member function 'void mlx::core::Error::set_message(Message)':
/home/joshuawarren/src/mlx-omarchy-qual/.work/mlx/mlx/error.h:17:22: warning: 'void std::atomic_store(shared_ptr<_Tp>*, shared_ptr<_Tp>) [with _Tp = __cxx11::basic_string<char>]' is deprecated: use 'std::atomic<std::shared_ptr<T>>' instead [-Wdeprecated-declarations]
   17 |     std::atomic_store(&message_, std::move(msg));
      |     ~~~~~~~~~~~~~~~~~^~~~~~~~~~~~~~~~~~~~~~~~~~~
In file included from /usr/include/c++/16.1.1/memory:83,
                 from /home/joshuawarren/src/mlx-omarchy-qual/.work/mlx/mlx/array.h:7:
/usr/include/c++/16.1.1/bits/shared_ptr_atomic.h:183:5: note: declared here
  183 |     atomic_store(shared_ptr<_Tp>* __p, shared_ptr<_Tp> __r)
      |     ^~~~~~~~~~~~
/home/joshuawarren/src/mlx-omarchy-qual/.work/mlx/mlx/error.h: In member function 'bool mlx::core::Error::valid() const':
/home/joshuawarren/src/mlx-omarchy-qual/.work/mlx/mlx/error.h:21:32: warning: 'std::shared_ptr<_Tp> std::atomic_load(const shared_ptr<_Tp>*) [with _Tp = __cxx11::basic_string<char>]' is deprecated: use 'std::atomic<std::shared_ptr<T>>' instead [-Wdeprecated-declarations]
   21 |     auto msg = std::atomic_load(&message_);
      |                ~~~~~~~~~~~~~~~~^~~~~~~~~~~
/usr/include/c++/16.1.1/bits/shared_ptr_atomic.h:142:5: note: declared here
  142 |     atomic_load(const shared_ptr<_Tp>* __p)
      |     ^~~~~~~~~~~
/home/joshuawarren/src/mlx-omarchy-qual/.work/mlx/mlx/error.h: In member function 'bool mlx::core::Error::store_if_valid(const mlx::core::Error*)':
/home/joshuawarren/src/mlx-omarchy-qual/.work/mlx/mlx/error.h:28:37: warning: 'std::shared_ptr<_Tp> std::atomic_load(const shared_ptr<_Tp>*) [with _Tp = __cxx11::basic_string<char>]' is deprecated: use 'std::atomic<std::shared_ptr<T>>' instead [-Wdeprecated-declarations]
   28 |       Message msg = std::atomic_load(&ptr->message_);
      |                     ~~~~~~~~~~~~~~~~^~~~~~~~~~~~~~~~
/usr/include/c++/16.1.1/bits/shared_ptr_atomic.h:142:5: note: declared here
  142 |     atomic_load(const shared_ptr<_Tp>* __p)
      |     ^~~~~~~~~~~
/home/joshuawarren/src/mlx-omarchy-qual/.work/mlx/mlx/error.h: In member function 'void mlx::core::Error::check()':
/home/joshuawarren/src/mlx-omarchy-qual/.work/mlx/mlx/error.h:39:36: warning: 'std::shared_ptr<_Tp> std::atomic_exchange(shared_ptr<_Tp>*, shared_ptr<_Tp>) [with _Tp = __cxx11::basic_string<char>]' is deprecated: use 'std::atomic<std::shared_ptr<T>>' instead [-Wdeprecated-declarations]
   39 |     auto msg = std::atomic_exchange(&message_, {});
      |                ~~~~~~~~~~~~~~~~~~~~^~~~~~~~~~~~~~~
/usr/include/c++/16.1.1/bits/shared_ptr_atomic.h:225:5: note: declared here
  225 |     atomic_exchange(shared_ptr<_Tp>* __p, shared_ptr<_Tp> __r)
      |     ^~~~~~~~~~~~~~~
[389/428] Building CXX object CMakeFiles/mlx.dir/mlx/backend/omarchy/stream.cpp.o
In file included from /home/joshuawarren/src/mlx-omarchy-qual/.work/mlx/mlx/event.h:8,
                 from /home/joshuawarren/src/mlx-omarchy-qual/.work/mlx/mlx/array.h:13,
                 from /home/joshuawarren/src/mlx-omarchy-qual/.work/mlx/mlx/backend/gpu/eval.h:8,
                 from /home/joshuawarren/src/mlx-omarchy-qual/.work/mlx/mlx/backend/omarchy/stream.cpp:7:
/home/joshuawarren/src/mlx-omarchy-qual/.work/mlx/mlx/error.h: In member function 'void mlx::core::Error::set_message(Message)':
/home/joshuawarren/src/mlx-omarchy-qual/.work/mlx/mlx/error.h:17:22: warning: 'void std::atomic_store(shared_ptr<_Tp>*, shared_ptr<_Tp>) [with _Tp = __cxx11::basic_string<char>]' is deprecated: use 'std::atomic<std::shared_ptr<T>>' instead [-Wdeprecated-declarations]
   17 |     std::atomic_store(&message_, std::move(msg));
      |     ~~~~~~~~~~~~~~~~~^~~~~~~~~~~~~~~~~~~~~~~~~~~
In file included from /usr/include/c++/16.1.1/memory:83,
                 from /home/joshuawarren/src/mlx-omarchy-qual/.work/mlx/mlx/backend/gpu/eval.h:6:
/usr/include/c++/16.1.1/bits/shared_ptr_atomic.h:183:5: note: declared here
  183 |     atomic_store(shared_ptr<_Tp>* __p, shared_ptr<_Tp> __r)
      |     ^~~~~~~~~~~~
/home/joshuawarren/src/mlx-omarchy-qual/.work/mlx/mlx/error.h: In member function 'bool mlx::core::Error::valid() const':
/home/joshuawarren/src/mlx-omarchy-qual/.work/mlx/mlx/error.h:21:32: warning: 'std::shared_ptr<_Tp> std::atomic_load(const shared_ptr<_Tp>*) [with _Tp = __cxx11::basic_string<char>]' is deprecated: use 'std::atomic<std::shared_ptr<T>>' instead [-Wdeprecated-declarations]
   21 |     auto msg = std::atomic_load(&message_);
      |                ~~~~~~~~~~~~~~~~^~~~~~~~~~~
/usr/include/c++/16.1.1/bits/shared_ptr_atomic.h:142:5: note: declared here
  142 |     atomic_load(const shared_ptr<_Tp>* __p)
      |     ^~~~~~~~~~~
/home/joshuawarren/src/mlx-omarchy-qual/.work/mlx/mlx/error.h: In member function 'bool mlx::core::Error::store_if_valid(const mlx::core::Error*)':
/home/joshuawarren/src/mlx-omarchy-qual/.work/mlx/mlx/error.h:28:37: warning: 'std::shared_ptr<_Tp> std::atomic_load(const shared_ptr<_Tp>*) [with _Tp = __cxx11::basic_string<char>]' is deprecated: use 'std::atomic<std::shared_ptr<T>>' instead [-Wdeprecated-declarations]
   28 |       Message msg = std::atomic_load(&ptr->message_);
      |                     ~~~~~~~~~~~~~~~~^~~~~~~~~~~~~~~~
/usr/include/c++/16.1.1/bits/shared_ptr_atomic.h:142:5: note: declared here
  142 |     atomic_load(const shared_ptr<_Tp>* __p)
      |     ^~~~~~~~~~~
/home/joshuawarren/src/mlx-omarchy-qual/.work/mlx/mlx/error.h: In member function 'void mlx::core::Error::check()':
/home/joshuawarren/src/mlx-omarchy-qual/.work/mlx/mlx/error.h:39:36: warning: 'std::shared_ptr<_Tp> std::atomic_exchange(shared_ptr<_Tp>*, shared_ptr<_Tp>) [with _Tp = __cxx11::basic_string<char>]' is deprecated: use 'std::atomic<std::shared_ptr<T>>' instead [-Wdeprecated-declarations]
   39 |     auto msg = std::atomic_exchange(&message_, {});
      |                ~~~~~~~~~~~~~~~~~~~~^~~~~~~~~~~~~~~
/usr/include/c++/16.1.1/bits/shared_ptr_atomic.h:225:5: note: declared here
  225 |     atomic_exchange(shared_ptr<_Tp>* __p, shared_ptr<_Tp> __r)
      |     ^~~~~~~~~~~~~~~
[390/428] Building CXX object CMakeFiles/mlx.dir/mlx/backend/omarchy/ane/manifest.cpp.o
[391/428] Building CXX object CMakeFiles/mlx.dir/mlx/backend/omarchy/ane/bundle.cpp.o
[392/428] Building CXX object CMakeFiles/mlx.dir/mlx/backend/omarchy/vulkan.cpp.o
[393/428] Building CXX object CMakeFiles/mlx.dir/mlx/backend/gpu/copy.cpp.o
In file included from /home/joshuawarren/src/mlx-omarchy-qual/.work/mlx/mlx/event.h:8,
                 from /home/joshuawarren/src/mlx-omarchy-qual/.work/mlx/mlx/array.h:13,
                 from /home/joshuawarren/src/mlx-omarchy-qual/.work/mlx/mlx/backend/common/utils.h:9,
                 from /home/joshuawarren/src/mlx-omarchy-qual/.work/mlx/mlx/backend/common/copy.h:5,
                 from /home/joshuawarren/src/mlx-omarchy-qual/.work/mlx/mlx/backend/gpu/copy.h:5,
                 from /home/joshuawarren/src/mlx-omarchy-qual/.work/mlx/mlx/backend/gpu/copy.cpp:3:
/home/joshuawarren/src/mlx-omarchy-qual/.work/mlx/mlx/error.h: In member function 'void mlx::core::Error::set_message(Message)':
/home/joshuawarren/src/mlx-omarchy-qual/.work/mlx/mlx/error.h:17:22: warning: 'void std::atomic_store(shared_ptr<_Tp>*, shared_ptr<_Tp>) [with _Tp = __cxx11::basic_string<char>]' is deprecated: use 'std::atomic<std::shared_ptr<T>>' instead [-Wdeprecated-declarations]
   17 |     std::atomic_store(&message_, std::move(msg));
      |     ~~~~~~~~~~~~~~~~~^~~~~~~~~~~~~~~~~~~~~~~~~~~
In file included from /usr/include/c++/16.1.1/memory:83,
                 from /home/joshuawarren/src/mlx-omarchy-qual/.work/mlx/mlx/array.h:7:
/usr/include/c++/16.1.1/bits/shared_ptr_atomic.h:183:5: note: declared here
  183 |     atomic_store(shared_ptr<_Tp>* __p, shared_ptr<_Tp> __r)
      |     ^~~~~~~~~~~~
/home/joshuawarren/src/mlx-omarchy-qual/.work/mlx/mlx/error.h: In member function 'bool mlx::core::Error::valid() const':
/home/joshuawarren/src/mlx-omarchy-qual/.work/mlx/mlx/error.h:21:32: warning: 'std::shared_ptr<_Tp> std::atomic_load(const shared_ptr<_Tp>*) [with _Tp = __cxx11::basic_string<char>]' is deprecated: use 'std::atomic<std::shared_ptr<T>>' instead [-Wdeprecated-declarations]
   21 |     auto msg = std::atomic_load(&message_);
      |                ~~~~~~~~~~~~~~~~^~~~~~~~~~~
/usr/include/c++/16.1.1/bits/shared_ptr_atomic.h:142:5: note: declared here
  142 |     atomic_load(const shared_ptr<_Tp>* __p)
      |     ^~~~~~~~~~~
/home/joshuawarren/src/mlx-omarchy-qual/.work/mlx/mlx/error.h: In member function 'bool mlx::core::Error::store_if_valid(const mlx::core::Error*)':
/home/joshuawarren/src/mlx-omarchy-qual/.work/mlx/mlx/error.h:28:37: warning: 'std::shared_ptr<_Tp> std::atomic_load(const shared_ptr<_Tp>*) [with _Tp = __cxx11::basic_string<char>]' is deprecated: use 'std::atomic<std::shared_ptr<T>>' instead [-Wdeprecated-declarations]
   28 |       Message msg = std::atomic_load(&ptr->message_);
      |                     ~~~~~~~~~~~~~~~~^~~~~~~~~~~~~~~~
/usr/include/c++/16.1.1/bits/shared_ptr_atomic.h:142:5: note: declared here
  142 |     atomic_load(const shared_ptr<_Tp>* __p)
      |     ^~~~~~~~~~~
/home/joshuawarren/src/mlx-omarchy-qual/.work/mlx/mlx/error.h: In member function 'void mlx::core::Error::check()':
/home/joshuawarren/src/mlx-omarchy-qual/.work/mlx/mlx/error.h:39:36: warning: 'std::shared_ptr<_Tp> std::atomic_exchange(shared_ptr<_Tp>*, shared_ptr<_Tp>) [with _Tp = __cxx11::basic_string<char>]' is deprecated: use 'std::atomic<std::shared_ptr<T>>' instead [-Wdeprecated-declarations]
   39 |     auto msg = std::atomic_exchange(&message_, {});
      |                ~~~~~~~~~~~~~~~~~~~~^~~~~~~~~~~~~~~
/usr/include/c++/16.1.1/bits/shared_ptr_atomic.h:225:5: note: declared here
  225 |     atomic_exchange(shared_ptr<_Tp>* __p, shared_ptr<_Tp> __r)
      |     ^~~~~~~~~~~~~~~
[394/428] Building CXX object CMakeFiles/mlx.dir/mlx/backend/gpu/primitives.cpp.o
In file included from /home/joshuawarren/src/mlx-omarchy-qual/.work/mlx/mlx/event.h:8,
                 from /home/joshuawarren/src/mlx-omarchy-qual/.work/mlx/mlx/array.h:13,
                 from /home/joshuawarren/src/mlx-omarchy-qual/.work/mlx/mlx/primitives.h:8,
                 from /home/joshuawarren/src/mlx-omarchy-qual/.work/mlx/mlx/backend/gpu/primitives.cpp:3:
/home/joshuawarren/src/mlx-omarchy-qual/.work/mlx/mlx/error.h: In member function 'void mlx::core::Error::set_message(Message)':
/home/joshuawarren/src/mlx-omarchy-qual/.work/mlx/mlx/error.h:17:22: warning: 'void std::atomic_store(shared_ptr<_Tp>*, shared_ptr<_Tp>) [with _Tp = __cxx11::basic_string<char>]' is deprecated: use 'std::atomic<std::shared_ptr<T>>' instead [-Wdeprecated-declarations]
   17 |     std::atomic_store(&message_, std::move(msg));
      |     ~~~~~~~~~~~~~~~~~^~~~~~~~~~~~~~~~~~~~~~~~~~~
In file included from /usr/include/c++/16.1.1/memory:83,
                 from /home/joshuawarren/src/mlx-omarchy-qual/.work/mlx/mlx/array.h:7:
/usr/include/c++/16.1.1/bits/shared_ptr_atomic.h:183:5: note: declared here
  183 |     atomic_store(shared_ptr<_Tp>* __p, shared_ptr<_Tp> __r)
      |     ^~~~~~~~~~~~
/home/joshuawarren/src/mlx-omarchy-qual/.work/mlx/mlx/error.h: In member function 'bool mlx::core::Error::valid() const':
/home/joshuawarren/src/mlx-omarchy-qual/.work/mlx/mlx/error.h:21:32: warning: 'std::shared_ptr<_Tp> std::atomic_load(const shared_ptr<_Tp>*) [with _Tp = __cxx11::basic_string<char>]' is deprecated: use 'std::atomic<std::shared_ptr<T>>' instead [-Wdeprecated-declarations]
   21 |     auto msg = std::atomic_load(&message_);
      |                ~~~~~~~~~~~~~~~~^~~~~~~~~~~
/usr/include/c++/16.1.1/bits/shared_ptr_atomic.h:142:5: note: declared here
  142 |     atomic_load(const shared_ptr<_Tp>* __p)
      |     ^~~~~~~~~~~
/home/joshuawarren/src/mlx-omarchy-qual/.work/mlx/mlx/error.h: In member function 'bool mlx::core::Error::store_if_valid(const mlx::core::Error*)':
/home/joshuawarren/src/mlx-omarchy-qual/.work/mlx/mlx/error.h:28:37: warning: 'std::shared_ptr<_Tp> std::atomic_load(const shared_ptr<_Tp>*) [with _Tp = __cxx11::basic_string<char>]' is deprecated: use 'std::atomic<std::shared_ptr<T>>' instead [-Wdeprecated-declarations]
   28 |       Message msg = std::atomic_load(&ptr->message_);
      |                     ~~~~~~~~~~~~~~~~^~~~~~~~~~~~~~~~
/usr/include/c++/16.1.1/bits/shared_ptr_atomic.h:142:5: note: declared here
  142 |     atomic_load(const shared_ptr<_Tp>* __p)
      |     ^~~~~~~~~~~
/home/joshuawarren/src/mlx-omarchy-qual/.work/mlx/mlx/error.h: In member function 'void mlx::core::Error::check()':
/home/joshuawarren/src/mlx-omarchy-qual/.work/mlx/mlx/error.h:39:36: warning: 'std::shared_ptr<_Tp> std::atomic_exchange(shared_ptr<_Tp>*, shared_ptr<_Tp>) [with _Tp = __cxx11::basic_string<char>]' is deprecated: use 'std::atomic<std::shared_ptr<T>>' instead [-Wdeprecated-declarations]
   39 |     auto msg = std::atomic_exchange(&message_, {});
      |                ~~~~~~~~~~~~~~~~~~~~^~~~~~~~~~~~~~~
/usr/include/c++/16.1.1/bits/shared_ptr_atomic.h:225:5: note: declared here
  225 |     atomic_exchange(shared_ptr<_Tp>* __p, shared_ptr<_Tp> __r)
      |     ^~~~~~~~~~~~~~~
[395/428] Building CXX object CMakeFiles/mlx.dir/mlx/backend/gpu/slicing.cpp.o
In file included from /home/joshuawarren/src/mlx-omarchy-qual/.work/mlx/mlx/event.h:8,
                 from /home/joshuawarren/src/mlx-omarchy-qual/.work/mlx/mlx/array.h:13,
                 from /home/joshuawarren/src/mlx-omarchy-qual/.work/mlx/mlx/backend/common/slicing.h:5,
                 from /home/joshuawarren/src/mlx-omarchy-qual/.work/mlx/mlx/backend/gpu/slicing.cpp:3:
/home/joshuawarren/src/mlx-omarchy-qual/.work/mlx/mlx/error.h: In member function 'void mlx::core::Error::set_message(Message)':
/home/joshuawarren/src/mlx-omarchy-qual/.work/mlx/mlx/error.h:17:22: warning: 'void std::atomic_store(shared_ptr<_Tp>*, shared_ptr<_Tp>) [with _Tp = __cxx11::basic_string<char>]' is deprecated: use 'std::atomic<std::shared_ptr<T>>' instead [-Wdeprecated-declarations]
   17 |     std::atomic_store(&message_, std::move(msg));
      |     ~~~~~~~~~~~~~~~~~^~~~~~~~~~~~~~~~~~~~~~~~~~~
In file included from /usr/include/c++/16.1.1/memory:83,
                 from /home/joshuawarren/src/mlx-omarchy-qual/.work/mlx/mlx/array.h:7:
/usr/include/c++/16.1.1/bits/shared_ptr_atomic.h:183:5: note: declared here
  183 |     atomic_store(shared_ptr<_Tp>* __p, shared_ptr<_Tp> __r)
      |     ^~~~~~~~~~~~
/home/joshuawarren/src/mlx-omarchy-qual/.work/mlx/mlx/error.h: In member function 'bool mlx::core::Error::valid() const':
/home/joshuawarren/src/mlx-omarchy-qual/.work/mlx/mlx/error.h:21:32: warning: 'std::shared_ptr<_Tp> std::atomic_load(const shared_ptr<_Tp>*) [with _Tp = __cxx11::basic_string<char>]' is deprecated: use 'std::atomic<std::shared_ptr<T>>' instead [-Wdeprecated-declarations]
   21 |     auto msg = std::atomic_load(&message_);
      |                ~~~~~~~~~~~~~~~~^~~~~~~~~~~
/usr/include/c++/16.1.1/bits/shared_ptr_atomic.h:142:5: note: declared here
  142 |     atomic_load(const shared_ptr<_Tp>* __p)
      |     ^~~~~~~~~~~
/home/joshuawarren/src/mlx-omarchy-qual/.work/mlx/mlx/error.h: In member function 'bool mlx::core::Error::store_if_valid(const mlx::core::Error*)':
/home/joshuawarren/src/mlx-omarchy-qual/.work/mlx/mlx/error.h:28:37: warning: 'std::shared_ptr<_Tp> std::atomic_load(const shared_ptr<_Tp>*) [with _Tp = __cxx11::basic_string<char>]' is deprecated: use 'std::atomic<std::shared_ptr<T>>' instead [-Wdeprecated-declarations]
   28 |       Message msg = std::atomic_load(&ptr->message_);
      |                     ~~~~~~~~~~~~~~~~^~~~~~~~~~~~~~~~
/usr/include/c++/16.1.1/bits/shared_ptr_atomic.h:142:5: note: declared here
  142 |     atomic_load(const shared_ptr<_Tp>* __p)
      |     ^~~~~~~~~~~
/home/joshuawarren/src/mlx-omarchy-qual/.work/mlx/mlx/error.h: In member function 'void mlx::core::Error::check()':
/home/joshuawarren/src/mlx-omarchy-qual/.work/mlx/mlx/error.h:39:36: warning: 'std::shared_ptr<_Tp> std::atomic_exchange(shared_ptr<_Tp>*, shared_ptr<_Tp>) [with _Tp = __cxx11::basic_string<char>]' is deprecated: use 'std::atomic<std::shared_ptr<T>>' instead [-Wdeprecated-declarations]
   39 |     auto msg = std::atomic_exchange(&message_, {});
      |                ~~~~~~~~~~~~~~~~~~~~^~~~~~~~~~~~~~~
/usr/include/c++/16.1.1/bits/shared_ptr_atomic.h:225:5: note: declared here
  225 |     atomic_exchange(shared_ptr<_Tp>* __p, shared_ptr<_Tp> __r)
      |     ^~~~~~~~~~~~~~~
[396/428] Linking CXX static library libmlx.a
[397/428] Building CXX object tests/omarchy/CMakeFiles/omarchy_runtime_tests.dir/test_runtime.cpp.o
In file included from /home/joshuawarren/src/mlx-omarchy-qual/.work/mlx/mlx/event.h:8,
                 from /home/joshuawarren/src/mlx-omarchy-qual/.work/mlx/mlx/array.h:13,
                 from /home/joshuawarren/src/mlx-omarchy-qual/.work/mlx/mlx/backend/common/utils.h:9,
                 from /home/joshuawarren/src/mlx-omarchy-qual/.work/mlx/mlx/backend/common/copy.h:5,
                 from /home/joshuawarren/src/mlx-omarchy-qual/.work/mlx/mlx/backend/gpu/copy.h:5,
                 from /home/joshuawarren/src/mlx-omarchy-qual/.work/mlx/tests/omarchy/test_runtime.cpp:39:
/home/joshuawarren/src/mlx-omarchy-qual/.work/mlx/mlx/error.h: In member function 'void mlx::core::Error::set_message(Message)':
/home/joshuawarren/src/mlx-omarchy-qual/.work/mlx/mlx/error.h:17:22: warning: 'void std::atomic_store(shared_ptr<_Tp>*, shared_ptr<_Tp>) [with _Tp = __cxx11::basic_string<char>]' is deprecated: use 'std::atomic<std::shared_ptr<T>>' instead [-Wdeprecated-declarations]
   17 |     std::atomic_store(&message_, std::move(msg));
      |     ~~~~~~~~~~~~~~~~~^~~~~~~~~~~~~~~~~~~~~~~~~~~
In file included from /usr/include/c++/16.1.1/memory:83,
                 from /home/joshuawarren/src/mlx-omarchy-qual/.work/mlx/mlx/array.h:7:
/usr/include/c++/16.1.1/bits/shared_ptr_atomic.h:183:5: note: declared here
  183 |     atomic_store(shared_ptr<_Tp>* __p, shared_ptr<_Tp> __r)
      |     ^~~~~~~~~~~~
/home/joshuawarren/src/mlx-omarchy-qual/.work/mlx/mlx/error.h: In member function 'bool mlx::core::Error::valid() const':
/home/joshuawarren/src/mlx-omarchy-qual/.work/mlx/mlx/error.h:21:32: warning: 'std::shared_ptr<_Tp> std::atomic_load(const shared_ptr<_Tp>*) [with _Tp = __cxx11::basic_string<char>]' is deprecated: use 'std::atomic<std::shared_ptr<T>>' instead [-Wdeprecated-declarations]
   21 |     auto msg = std::atomic_load(&message_);
      |                ~~~~~~~~~~~~~~~~^~~~~~~~~~~
/usr/include/c++/16.1.1/bits/shared_ptr_atomic.h:142:5: note: declared here
  142 |     atomic_load(const shared_ptr<_Tp>* __p)
      |     ^~~~~~~~~~~
/home/joshuawarren/src/mlx-omarchy-qual/.work/mlx/mlx/error.h: In member function 'bool mlx::core::Error::store_if_valid(const mlx::core::Error*)':
/home/joshuawarren/src/mlx-omarchy-qual/.work/mlx/mlx/error.h:28:37: warning: 'std::shared_ptr<_Tp> std::atomic_load(const shared_ptr<_Tp>*) [with _Tp = __cxx11::basic_string<char>]' is deprecated: use 'std::atomic<std::shared_ptr<T>>' instead [-Wdeprecated-declarations]
   28 |       Message msg = std::atomic_load(&ptr->message_);
      |                     ~~~~~~~~~~~~~~~~^~~~~~~~~~~~~~~~
/usr/include/c++/16.1.1/bits/shared_ptr_atomic.h:142:5: note: declared here
  142 |     atomic_load(const shared_ptr<_Tp>* __p)
      |     ^~~~~~~~~~~
/home/joshuawarren/src/mlx-omarchy-qual/.work/mlx/mlx/error.h: In member function 'void mlx::core::Error::check()':
/home/joshuawarren/src/mlx-omarchy-qual/.work/mlx/mlx/error.h:39:36: warning: 'std::shared_ptr<_Tp> std::atomic_exchange(shared_ptr<_Tp>*, shared_ptr<_Tp>) [with _Tp = __cxx11::basic_string<char>]' is deprecated: use 'std::atomic<std::shared_ptr<T>>' instead [-Wdeprecated-declarations]
   39 |     auto msg = std::atomic_exchange(&message_, {});
      |                ~~~~~~~~~~~~~~~~~~~~^~~~~~~~~~~~~~~
/usr/include/c++/16.1.1/bits/shared_ptr_atomic.h:225:5: note: declared here
  225 |     atomic_exchange(shared_ptr<_Tp>* __p, shared_ptr<_Tp> __r)
      |     ^~~~~~~~~~~~~~~
[398/428] Building CXX object tests/omarchy/CMakeFiles/omarchy_copy_offset_tests.dir/test_copy_offsets.cpp.o
In file included from /home/joshuawarren/src/mlx-omarchy-qual/.work/mlx/mlx/event.h:8,
                 from /home/joshuawarren/src/mlx-omarchy-qual/.work/mlx/mlx/array.h:13,
                 from /home/joshuawarren/src/mlx-omarchy-qual/.work/mlx/mlx/backend/common/utils.h:9,
                 from /home/joshuawarren/src/mlx-omarchy-qual/.work/mlx/mlx/backend/common/copy.h:5,
                 from /home/joshuawarren/src/mlx-omarchy-qual/.work/mlx/mlx/backend/gpu/copy.h:5,
                 from /home/joshuawarren/src/mlx-omarchy-qual/.work/mlx/tests/omarchy/test_copy_offsets.cpp:17:
/home/joshuawarren/src/mlx-omarchy-qual/.work/mlx/mlx/error.h: In member function 'void mlx::core::Error::set_message(Message)':
/home/joshuawarren/src/mlx-omarchy-qual/.work/mlx/mlx/error.h:17:22: warning: 'void std::atomic_store(shared_ptr<_Tp>*, shared_ptr<_Tp>) [with _Tp = __cxx11::basic_string<char>]' is deprecated: use 'std::atomic<std::shared_ptr<T>>' instead [-Wdeprecated-declarations]
   17 |     std::atomic_store(&message_, std::move(msg));
      |     ~~~~~~~~~~~~~~~~~^~~~~~~~~~~~~~~~~~~~~~~~~~~
In file included from /usr/include/c++/16.1.1/memory:83,
                 from /home/joshuawarren/src/mlx-omarchy-qual/.work/mlx/mlx/array.h:7:
/usr/include/c++/16.1.1/bits/shared_ptr_atomic.h:183:5: note: declared here
  183 |     atomic_store(shared_ptr<_Tp>* __p, shared_ptr<_Tp> __r)
      |     ^~~~~~~~~~~~
/home/joshuawarren/src/mlx-omarchy-qual/.work/mlx/mlx/error.h: In member function 'bool mlx::core::Error::valid() const':
/home/joshuawarren/src/mlx-omarchy-qual/.work/mlx/mlx/error.h:21:32: warning: 'std::shared_ptr<_Tp> std::atomic_load(const shared_ptr<_Tp>*) [with _Tp = __cxx11::basic_string<char>]' is deprecated: use 'std::atomic<std::shared_ptr<T>>' instead [-Wdeprecated-declarations]
   21 |     auto msg = std::atomic_load(&message_);
      |                ~~~~~~~~~~~~~~~~^~~~~~~~~~~
/usr/include/c++/16.1.1/bits/shared_ptr_atomic.h:142:5: note: declared here
  142 |     atomic_load(const shared_ptr<_Tp>* __p)
      |     ^~~~~~~~~~~
/home/joshuawarren/src/mlx-omarchy-qual/.work/mlx/mlx/error.h: In member function 'bool mlx::core::Error::store_if_valid(const mlx::core::Error*)':
/home/joshuawarren/src/mlx-omarchy-qual/.work/mlx/mlx/error.h:28:37: warning: 'std::shared_ptr<_Tp> std::atomic_load(const shared_ptr<_Tp>*) [with _Tp = __cxx11::basic_string<char>]' is deprecated: use 'std::atomic<std::shared_ptr<T>>' instead [-Wdeprecated-declarations]
   28 |       Message msg = std::atomic_load(&ptr->message_);
      |                     ~~~~~~~~~~~~~~~~^~~~~~~~~~~~~~~~
/usr/include/c++/16.1.1/bits/shared_ptr_atomic.h:142:5: note: declared here
  142 |     atomic_load(const shared_ptr<_Tp>* __p)
      |     ^~~~~~~~~~~
/home/joshuawarren/src/mlx-omarchy-qual/.work/mlx/mlx/error.h: In member function 'void mlx::core::Error::check()':
/home/joshuawarren/src/mlx-omarchy-qual/.work/mlx/mlx/error.h:39:36: warning: 'std::shared_ptr<_Tp> std::atomic_exchange(shared_ptr<_Tp>*, shared_ptr<_Tp>) [with _Tp = __cxx11::basic_string<char>]' is deprecated: use 'std::atomic<std::shared_ptr<T>>' instead [-Wdeprecated-declarations]
   39 |     auto msg = std::atomic_exchange(&message_, {});
      |                ~~~~~~~~~~~~~~~~~~~~^~~~~~~~~~~~~~~
/usr/include/c++/16.1.1/bits/shared_ptr_atomic.h:225:5: note: declared here
  225 |     atomic_exchange(shared_ptr<_Tp>* __p, shared_ptr<_Tp> __r)
      |     ^~~~~~~~~~~~~~~
[399/428] Building CXX object tests/omarchy/CMakeFiles/omarchy_primitive_tests.dir/test_primitives.cpp.o
In file included from /home/joshuawarren/src/mlx-omarchy-qual/.work/mlx/mlx/event.h:8,
                 from /home/joshuawarren/src/mlx-omarchy-qual/.work/mlx/mlx/array.h:13,
                 from /home/joshuawarren/src/mlx-omarchy-qual/.work/mlx/mlx/backend/common/utils.h:9,
                 from /home/joshuawarren/src/mlx-omarchy-qual/.work/mlx/mlx/backend/common/copy.h:5,
                 from /home/joshuawarren/src/mlx-omarchy-qual/.work/mlx/mlx/backend/gpu/copy.h:5,
                 from /home/joshuawarren/src/mlx-omarchy-qual/.work/mlx/tests/omarchy/test_primitives.cpp:16:
/home/joshuawarren/src/mlx-omarchy-qual/.work/mlx/mlx/error.h: In member function 'void mlx::core::Error::set_message(Message)':
/home/joshuawarren/src/mlx-omarchy-qual/.work/mlx/mlx/error.h:17:22: warning: 'void std::atomic_store(shared_ptr<_Tp>*, shared_ptr<_Tp>) [with _Tp = __cxx11::basic_string<char>]' is deprecated: use 'std::atomic<std::shared_ptr<T>>' instead [-Wdeprecated-declarations]
   17 |     std::atomic_store(&message_, std::move(msg));
      |     ~~~~~~~~~~~~~~~~~^~~~~~~~~~~~~~~~~~~~~~~~~~~
In file included from /usr/include/c++/16.1.1/memory:83,
                 from /home/joshuawarren/src/mlx-omarchy-qual/.work/mlx/mlx/array.h:7:
/usr/include/c++/16.1.1/bits/shared_ptr_atomic.h:183:5: note: declared here
  183 |     atomic_store(shared_ptr<_Tp>* __p, shared_ptr<_Tp> __r)
      |     ^~~~~~~~~~~~
/home/joshuawarren/src/mlx-omarchy-qual/.work/mlx/mlx/error.h: In member function 'bool mlx::core::Error::valid() const':
/home/joshuawarren/src/mlx-omarchy-qual/.work/mlx/mlx/error.h:21:32: warning: 'std::shared_ptr<_Tp> std::atomic_load(const shared_ptr<_Tp>*) [with _Tp = __cxx11::basic_string<char>]' is deprecated: use 'std::atomic<std::shared_ptr<T>>' instead [-Wdeprecated-declarations]
   21 |     auto msg = std::atomic_load(&message_);
      |                ~~~~~~~~~~~~~~~~^~~~~~~~~~~
/usr/include/c++/16.1.1/bits/shared_ptr_atomic.h:142:5: note: declared here
  142 |     atomic_load(const shared_ptr<_Tp>* __p)
      |     ^~~~~~~~~~~
/home/joshuawarren/src/mlx-omarchy-qual/.work/mlx/mlx/error.h: In member function 'bool mlx::core::Error::store_if_valid(const mlx::core::Error*)':
/home/joshuawarren/src/mlx-omarchy-qual/.work/mlx/mlx/error.h:28:37: warning: 'std::shared_ptr<_Tp> std::atomic_load(const shared_ptr<_Tp>*) [with _Tp = __cxx11::basic_string<char>]' is deprecated: use 'std::atomic<std::shared_ptr<T>>' instead [-Wdeprecated-declarations]
   28 |       Message msg = std::atomic_load(&ptr->message_);
      |                     ~~~~~~~~~~~~~~~~^~~~~~~~~~~~~~~~
/usr/include/c++/16.1.1/bits/shared_ptr_atomic.h:142:5: note: declared here
  142 |     atomic_load(const shared_ptr<_Tp>* __p)
      |     ^~~~~~~~~~~
/home/joshuawarren/src/mlx-omarchy-qual/.work/mlx/mlx/error.h: In member function 'void mlx::core::Error::check()':
/home/joshuawarren/src/mlx-omarchy-qual/.work/mlx/mlx/error.h:39:36: warning: 'std::shared_ptr<_Tp> std::atomic_exchange(shared_ptr<_Tp>*, shared_ptr<_Tp>) [with _Tp = __cxx11::basic_string<char>]' is deprecated: use 'std::atomic<std::shared_ptr<T>>' instead [-Wdeprecated-declarations]
   39 |     auto msg = std::atomic_exchange(&message_, {});
      |                ~~~~~~~~~~~~~~~~~~~~^~~~~~~~~~~~~~~
/usr/include/c++/16.1.1/bits/shared_ptr_atomic.h:225:5: note: declared here
  225 |     atomic_exchange(shared_ptr<_Tp>* __p, shared_ptr<_Tp> __r)
      |     ^~~~~~~~~~~~~~~
[400/428] Building CXX object tests/omarchy/CMakeFiles/omarchy_ane_bundle_tests.dir/ane/test_bundle.cpp.o
[401/428] Building CXX object tests/omarchy/CMakeFiles/omarchy_kv_ops_tests.dir/test_kv_ops.cpp.o
In file included from /home/joshuawarren/src/mlx-omarchy-qual/.work/mlx/mlx/event.h:8,
                 from /home/joshuawarren/src/mlx-omarchy-qual/.work/mlx/mlx/array.h:13,
                 from /home/joshuawarren/src/mlx-omarchy-qual/.work/mlx/mlx/backend/omarchy/encoder.h:14,
                 from /home/joshuawarren/src/mlx-omarchy-qual/.work/mlx/tests/omarchy/test_kv_ops.cpp:21:
/home/joshuawarren/src/mlx-omarchy-qual/.work/mlx/mlx/error.h: In member function 'void mlx::core::Error::set_message(Message)':
/home/joshuawarren/src/mlx-omarchy-qual/.work/mlx/mlx/error.h:17:22: warning: 'void std::atomic_store(shared_ptr<_Tp>*, shared_ptr<_Tp>) [with _Tp = __cxx11::basic_string<char>]' is deprecated: use 'std::atomic<std::shared_ptr<T>>' instead [-Wdeprecated-declarations]
   17 |     std::atomic_store(&message_, std::move(msg));
      |     ~~~~~~~~~~~~~~~~~^~~~~~~~~~~~~~~~~~~~~~~~~~~
In file included from /usr/include/c++/16.1.1/memory:83,
                 from /home/joshuawarren/src/mlx-omarchy-qual/.work/mlx/mlx/backend/omarchy/device.h:13,
                 from /home/joshuawarren/src/mlx-omarchy-qual/.work/mlx/tests/omarchy/test_kv_ops.cpp:20:
/usr/include/c++/16.1.1/bits/shared_ptr_atomic.h:183:5: note: declared here
  183 |     atomic_store(shared_ptr<_Tp>* __p, shared_ptr<_Tp> __r)
      |     ^~~~~~~~~~~~
/home/joshuawarren/src/mlx-omarchy-qual/.work/mlx/mlx/error.h: In member function 'bool mlx::core::Error::valid() const':
/home/joshuawarren/src/mlx-omarchy-qual/.work/mlx/mlx/error.h:21:32: warning: 'std::shared_ptr<_Tp> std::atomic_load(const shared_ptr<_Tp>*) [with _Tp = __cxx11::basic_string<char>]' is deprecated: use 'std::atomic<std::shared_ptr<T>>' instead [-Wdeprecated-declarations]
   21 |     auto msg = std::atomic_load(&message_);
      |                ~~~~~~~~~~~~~~~~^~~~~~~~~~~
/usr/include/c++/16.1.1/bits/shared_ptr_atomic.h:142:5: note: declared here
  142 |     atomic_load(const shared_ptr<_Tp>* __p)
      |     ^~~~~~~~~~~
/home/joshuawarren/src/mlx-omarchy-qual/.work/mlx/mlx/error.h: In member function 'bool mlx::core::Error::store_if_valid(const mlx::core::Error*)':
/home/joshuawarren/src/mlx-omarchy-qual/.work/mlx/mlx/error.h:28:37: warning: 'std::shared_ptr<_Tp> std::atomic_load(const shared_ptr<_Tp>*) [with _Tp = __cxx11::basic_string<char>]' is deprecated: use 'std::atomic<std::shared_ptr<T>>' instead [-Wdeprecated-declarations]
   28 |       Message msg = std::atomic_load(&ptr->message_);
      |                     ~~~~~~~~~~~~~~~~^~~~~~~~~~~~~~~~
/usr/include/c++/16.1.1/bits/shared_ptr_atomic.h:142:5: note: declared here
  142 |     atomic_load(const shared_ptr<_Tp>* __p)
      |     ^~~~~~~~~~~
/home/joshuawarren/src/mlx-omarchy-qual/.work/mlx/mlx/error.h: In member function 'void mlx::core::Error::check()':
/home/joshuawarren/src/mlx-omarchy-qual/.work/mlx/mlx/error.h:39:36: warning: 'std::shared_ptr<_Tp> std::atomic_exchange(shared_ptr<_Tp>*, shared_ptr<_Tp>) [with _Tp = __cxx11::basic_string<char>]' is deprecated: use 'std::atomic<std::shared_ptr<T>>' instead [-Wdeprecated-declarations]
   39 |     auto msg = std::atomic_exchange(&message_, {});
      |                ~~~~~~~~~~~~~~~~~~~~^~~~~~~~~~~~~~~
/usr/include/c++/16.1.1/bits/shared_ptr_atomic.h:225:5: note: declared here
  225 |     atomic_exchange(shared_ptr<_Tp>* __p, shared_ptr<_Tp> __r)
      |     ^~~~~~~~~~~~~~~
[402/428] Building CXX object tests/omarchy/CMakeFiles/omarchy_error_contract_tests.dir/test_error_contract.cpp.o
In file included from /home/joshuawarren/src/mlx-omarchy-qual/.work/mlx/mlx/event.h:8,
                 from /home/joshuawarren/src/mlx-omarchy-qual/.work/mlx/mlx/array.h:13,
                 from /home/joshuawarren/src/mlx-omarchy-qual/.work/mlx/mlx/transforms.h:8,
                 from /home/joshuawarren/src/mlx-omarchy-qual/.work/mlx/tests/omarchy/test_error_contract.cpp:22:
/home/joshuawarren/src/mlx-omarchy-qual/.work/mlx/mlx/error.h: In member function 'void mlx::core::Error::set_message(Message)':
/home/joshuawarren/src/mlx-omarchy-qual/.work/mlx/mlx/error.h:17:22: warning: 'void std::atomic_store(shared_ptr<_Tp>*, shared_ptr<_Tp>) [with _Tp = __cxx11::basic_string<char>]' is deprecated: use 'std::atomic<std::shared_ptr<T>>' instead [-Wdeprecated-declarations]
   17 |     std::atomic_store(&message_, std::move(msg));
      |     ~~~~~~~~~~~~~~~~~^~~~~~~~~~~~~~~~~~~~~~~~~~~
In file included from /usr/include/c++/16.1.1/memory:83,
                 from /home/joshuawarren/src/mlx-omarchy-qual/.work/mlx/mlx/array.h:7:
/usr/include/c++/16.1.1/bits/shared_ptr_atomic.h:183:5: note: declared here
  183 |     atomic_store(shared_ptr<_Tp>* __p, shared_ptr<_Tp> __r)
      |     ^~~~~~~~~~~~
/home/joshuawarren/src/mlx-omarchy-qual/.work/mlx/mlx/error.h: In member function 'bool mlx::core::Error::valid() const':
/home/joshuawarren/src/mlx-omarchy-qual/.work/mlx/mlx/error.h:21:32: warning: 'std::shared_ptr<_Tp> std::atomic_load(const shared_ptr<_Tp>*) [with _Tp = __cxx11::basic_string<char>]' is deprecated: use 'std::atomic<std::shared_ptr<T>>' instead [-Wdeprecated-declarations]
   21 |     auto msg = std::atomic_load(&message_);
      |                ~~~~~~~~~~~~~~~~^~~~~~~~~~~
/usr/include/c++/16.1.1/bits/shared_ptr_atomic.h:142:5: note: declared here
  142 |     atomic_load(const shared_ptr<_Tp>* __p)
      |     ^~~~~~~~~~~
/home/joshuawarren/src/mlx-omarchy-qual/.work/mlx/mlx/error.h: In member function 'bool mlx::core::Error::store_if_valid(const mlx::core::Error*)':
/home/joshuawarren/src/mlx-omarchy-qual/.work/mlx/mlx/error.h:28:37: warning: 'std::shared_ptr<_Tp> std::atomic_load(const shared_ptr<_Tp>*) [with _Tp = __cxx11::basic_string<char>]' is deprecated: use 'std::atomic<std::shared_ptr<T>>' instead [-Wdeprecated-declarations]
   28 |       Message msg = std::atomic_load(&ptr->message_);
      |                     ~~~~~~~~~~~~~~~~^~~~~~~~~~~~~~~~
/usr/include/c++/16.1.1/bits/shared_ptr_atomic.h:142:5: note: declared here
  142 |     atomic_load(const shared_ptr<_Tp>* __p)
      |     ^~~~~~~~~~~
/home/joshuawarren/src/mlx-omarchy-qual/.work/mlx/mlx/error.h: In member function 'void mlx::core::Error::check()':
/home/joshuawarren/src/mlx-omarchy-qual/.work/mlx/mlx/error.h:39:36: warning: 'std::shared_ptr<_Tp> std::atomic_exchange(shared_ptr<_Tp>*, shared_ptr<_Tp>) [with _Tp = __cxx11::basic_string<char>]' is deprecated: use 'std::atomic<std::shared_ptr<T>>' instead [-Wdeprecated-declarations]
   39 |     auto msg = std::atomic_exchange(&message_, {});
      |                ~~~~~~~~~~~~~~~~~~~~^~~~~~~~~~~~~~~
/usr/include/c++/16.1.1/bits/shared_ptr_atomic.h:225:5: note: declared here
  225 |     atomic_exchange(shared_ptr<_Tp>* __p, shared_ptr<_Tp> __r)
      |     ^~~~~~~~~~~~~~~
[403/428] Building CXX object tests/omarchy/CMakeFiles/omarchy_shape_ops_tests.dir/test_shape_ops.cpp.o
In file included from /home/joshuawarren/src/mlx-omarchy-qual/.work/mlx/mlx/event.h:8,
                 from /home/joshuawarren/src/mlx-omarchy-qual/.work/mlx/mlx/array.h:13,
                 from /home/joshuawarren/src/mlx-omarchy-qual/.work/mlx/mlx/primitives.h:8,
                 from /home/joshuawarren/src/mlx-omarchy-qual/.work/mlx/tests/omarchy/test_shape_ops.cpp:22:
/home/joshuawarren/src/mlx-omarchy-qual/.work/mlx/mlx/error.h: In member function 'void mlx::core::Error::set_message(Message)':
/home/joshuawarren/src/mlx-omarchy-qual/.work/mlx/mlx/error.h:17:22: warning: 'void std::atomic_store(shared_ptr<_Tp>*, shared_ptr<_Tp>) [with _Tp = __cxx11::basic_string<char>]' is deprecated: use 'std::atomic<std::shared_ptr<T>>' instead [-Wdeprecated-declarations]
   17 |     std::atomic_store(&message_, std::move(msg));
      |     ~~~~~~~~~~~~~~~~~^~~~~~~~~~~~~~~~~~~~~~~~~~~
In file included from /usr/include/c++/16.1.1/memory:83,
                 from /home/joshuawarren/src/mlx-omarchy-qual/.work/mlx/mlx/array.h:7:
/usr/include/c++/16.1.1/bits/shared_ptr_atomic.h:183:5: note: declared here
  183 |     atomic_store(shared_ptr<_Tp>* __p, shared_ptr<_Tp> __r)
      |     ^~~~~~~~~~~~
/home/joshuawarren/src/mlx-omarchy-qual/.work/mlx/mlx/error.h: In member function 'bool mlx::core::Error::valid() const':
/home/joshuawarren/src/mlx-omarchy-qual/.work/mlx/mlx/error.h:21:32: warning: 'std::shared_ptr<_Tp> std::atomic_load(const shared_ptr<_Tp>*) [with _Tp = __cxx11::basic_string<char>]' is deprecated: use 'std::atomic<std::shared_ptr<T>>' instead [-Wdeprecated-declarations]
   21 |     auto msg = std::atomic_load(&message_);
      |                ~~~~~~~~~~~~~~~~^~~~~~~~~~~
/usr/include/c++/16.1.1/bits/shared_ptr_atomic.h:142:5: note: declared here
  142 |     atomic_load(const shared_ptr<_Tp>* __p)
      |     ^~~~~~~~~~~
/home/joshuawarren/src/mlx-omarchy-qual/.work/mlx/mlx/error.h: In member function 'bool mlx::core::Error::store_if_valid(const mlx::core::Error*)':
/home/joshuawarren/src/mlx-omarchy-qual/.work/mlx/mlx/error.h:28:37: warning: 'std::shared_ptr<_Tp> std::atomic_load(const shared_ptr<_Tp>*) [with _Tp = __cxx11::basic_string<char>]' is deprecated: use 'std::atomic<std::shared_ptr<T>>' instead [-Wdeprecated-declarations]
   28 |       Message msg = std::atomic_load(&ptr->message_);
      |                     ~~~~~~~~~~~~~~~~^~~~~~~~~~~~~~~~
/usr/include/c++/16.1.1/bits/shared_ptr_atomic.h:142:5: note: declared here
  142 |     atomic_load(const shared_ptr<_Tp>* __p)
      |     ^~~~~~~~~~~
/home/joshuawarren/src/mlx-omarchy-qual/.work/mlx/mlx/error.h: In member function 'void mlx::core::Error::check()':
/home/joshuawarren/src/mlx-omarchy-qual/.work/mlx/mlx/error.h:39:36: warning: 'std::shared_ptr<_Tp> std::atomic_exchange(shared_ptr<_Tp>*, shared_ptr<_Tp>) [with _Tp = __cxx11::basic_string<char>]' is deprecated: use 'std::atomic<std::shared_ptr<T>>' instead [-Wdeprecated-declarations]
   39 |     auto msg = std::atomic_exchange(&message_, {});
      |                ~~~~~~~~~~~~~~~~~~~~^~~~~~~~~~~~~~~
/usr/include/c++/16.1.1/bits/shared_ptr_atomic.h:225:5: note: declared here
  225 |     atomic_exchange(shared_ptr<_Tp>* __p, shared_ptr<_Tp> __r)
      |     ^~~~~~~~~~~~~~~
/home/joshuawarren/src/mlx-omarchy-qual/.work/mlx/mlx/primitives.h: In member function 'std::pair<float, float> mlx::core::AddMM::state() const':
/home/joshuawarren/src/mlx-omarchy-qual/.work/mlx/mlx/primitives.h:204:41: note: parameter passing for argument of type 'std::pair<float, float>' when C++17 is enabled changed to match C++14 in GCC 10.1
  204 |   std::pair<float, float> state() const {
      |                                         ^
[404/428] Building CXX object tests/omarchy/CMakeFiles/omarchy_reduce_ops_tests.dir/test_reduce_ops.cpp.o
In file included from /home/joshuawarren/src/mlx-omarchy-qual/.work/mlx/mlx/event.h:8,
                 from /home/joshuawarren/src/mlx-omarchy-qual/.work/mlx/mlx/array.h:13,
                 from /home/joshuawarren/src/mlx-omarchy-qual/.work/mlx/mlx/backend/omarchy/encoder.h:14,
                 from /home/joshuawarren/src/mlx-omarchy-qual/.work/mlx/tests/omarchy/test_reduce_ops.cpp:22:
/home/joshuawarren/src/mlx-omarchy-qual/.work/mlx/mlx/error.h: In member function 'void mlx::core::Error::set_message(Message)':
/home/joshuawarren/src/mlx-omarchy-qual/.work/mlx/mlx/error.h:17:22: warning: 'void std::atomic_store(shared_ptr<_Tp>*, shared_ptr<_Tp>) [with _Tp = __cxx11::basic_string<char>]' is deprecated: use 'std::atomic<std::shared_ptr<T>>' instead [-Wdeprecated-declarations]
   17 |     std::atomic_store(&message_, std::move(msg));
      |     ~~~~~~~~~~~~~~~~~^~~~~~~~~~~~~~~~~~~~~~~~~~~
In file included from /usr/include/c++/16.1.1/memory:83,
                 from /home/joshuawarren/src/mlx-omarchy-qual/.work/mlx/mlx/backend/omarchy/device.h:13,
                 from /home/joshuawarren/src/mlx-omarchy-qual/.work/mlx/tests/omarchy/test_reduce_ops.cpp:21:
/usr/include/c++/16.1.1/bits/shared_ptr_atomic.h:183:5: note: declared here
  183 |     atomic_store(shared_ptr<_Tp>* __p, shared_ptr<_Tp> __r)
      |     ^~~~~~~~~~~~
/home/joshuawarren/src/mlx-omarchy-qual/.work/mlx/mlx/error.h: In member function 'bool mlx::core::Error::valid() const':
/home/joshuawarren/src/mlx-omarchy-qual/.work/mlx/mlx/error.h:21:32: warning: 'std::shared_ptr<_Tp> std::atomic_load(const shared_ptr<_Tp>*) [with _Tp = __cxx11::basic_string<char>]' is deprecated: use 'std::atomic<std::shared_ptr<T>>' instead [-Wdeprecated-declarations]
   21 |     auto msg = std::atomic_load(&message_);
      |                ~~~~~~~~~~~~~~~~^~~~~~~~~~~
/usr/include/c++/16.1.1/bits/shared_ptr_atomic.h:142:5: note: declared here
  142 |     atomic_load(const shared_ptr<_Tp>* __p)
      |     ^~~~~~~~~~~
/home/joshuawarren/src/mlx-omarchy-qual/.work/mlx/mlx/error.h: In member function 'bool mlx::core::Error::store_if_valid(const mlx::core::Error*)':
/home/joshuawarren/src/mlx-omarchy-qual/.work/mlx/mlx/error.h:28:37: warning: 'std::shared_ptr<_Tp> std::atomic_load(const shared_ptr<_Tp>*) [with _Tp = __cxx11::basic_string<char>]' is deprecated: use 'std::atomic<std::shared_ptr<T>>' instead [-Wdeprecated-declarations]
   28 |       Message msg = std::atomic_load(&ptr->message_);
      |                     ~~~~~~~~~~~~~~~~^~~~~~~~~~~~~~~~
/usr/include/c++/16.1.1/bits/shared_ptr_atomic.h:142:5: note: declared here
  142 |     atomic_load(const shared_ptr<_Tp>* __p)
      |     ^~~~~~~~~~~
/home/joshuawarren/src/mlx-omarchy-qual/.work/mlx/mlx/error.h: In member function 'void mlx::core::Error::check()':
/home/joshuawarren/src/mlx-omarchy-qual/.work/mlx/mlx/error.h:39:36: warning: 'std::shared_ptr<_Tp> std::atomic_exchange(shared_ptr<_Tp>*, shared_ptr<_Tp>) [with _Tp = __cxx11::basic_string<char>]' is deprecated: use 'std::atomic<std::shared_ptr<T>>' instead [-Wdeprecated-declarations]
   39 |     auto msg = std::atomic_exchange(&message_, {});
      |                ~~~~~~~~~~~~~~~~~~~~^~~~~~~~~~~~~~~
/usr/include/c++/16.1.1/bits/shared_ptr_atomic.h:225:5: note: declared here
  225 |     atomic_exchange(shared_ptr<_Tp>* __p, shared_ptr<_Tp> __r)
      |     ^~~~~~~~~~~~~~~
[405/428] Building CXX object tests/omarchy/CMakeFiles/omarchy_indexing_ops_tests.dir/test_indexing_ops.cpp.o
In file included from /home/joshuawarren/src/mlx-omarchy-qual/.work/mlx/mlx/event.h:8,
                 from /home/joshuawarren/src/mlx-omarchy-qual/.work/mlx/mlx/array.h:13,
                 from /home/joshuawarren/src/mlx-omarchy-qual/.work/mlx/mlx/backend/omarchy/encoder.h:14,
                 from /home/joshuawarren/src/mlx-omarchy-qual/.work/mlx/tests/omarchy/test_indexing_ops.cpp:32:
/home/joshuawarren/src/mlx-omarchy-qual/.work/mlx/mlx/error.h: In member function 'void mlx::core::Error::set_message(Message)':
/home/joshuawarren/src/mlx-omarchy-qual/.work/mlx/mlx/error.h:17:22: warning: 'void std::atomic_store(shared_ptr<_Tp>*, shared_ptr<_Tp>) [with _Tp = __cxx11::basic_string<char>]' is deprecated: use 'std::atomic<std::shared_ptr<T>>' instead [-Wdeprecated-declarations]
   17 |     std::atomic_store(&message_, std::move(msg));
      |     ~~~~~~~~~~~~~~~~~^~~~~~~~~~~~~~~~~~~~~~~~~~~
In file included from /usr/include/c++/16.1.1/memory:83,
                 from /home/joshuawarren/src/mlx-omarchy-qual/.work/mlx/mlx/backend/omarchy/device.h:13,
                 from /home/joshuawarren/src/mlx-omarchy-qual/.work/mlx/tests/omarchy/test_indexing_ops.cpp:31:
/usr/include/c++/16.1.1/bits/shared_ptr_atomic.h:183:5: note: declared here
  183 |     atomic_store(shared_ptr<_Tp>* __p, shared_ptr<_Tp> __r)
      |     ^~~~~~~~~~~~
/home/joshuawarren/src/mlx-omarchy-qual/.work/mlx/mlx/error.h: In member function 'bool mlx::core::Error::valid() const':
/home/joshuawarren/src/mlx-omarchy-qual/.work/mlx/mlx/error.h:21:32: warning: 'std::shared_ptr<_Tp> std::atomic_load(const shared_ptr<_Tp>*) [with _Tp = __cxx11::basic_string<char>]' is deprecated: use 'std::atomic<std::shared_ptr<T>>' instead [-Wdeprecated-declarations]
   21 |     auto msg = std::atomic_load(&message_);
      |                ~~~~~~~~~~~~~~~~^~~~~~~~~~~
/usr/include/c++/16.1.1/bits/shared_ptr_atomic.h:142:5: note: declared here
  142 |     atomic_load(const shared_ptr<_Tp>* __p)
      |     ^~~~~~~~~~~
/home/joshuawarren/src/mlx-omarchy-qual/.work/mlx/mlx/error.h: In member function 'bool mlx::core::Error::store_if_valid(const mlx::core::Error*)':
/home/joshuawarren/src/mlx-omarchy-qual/.work/mlx/mlx/error.h:28:37: warning: 'std::shared_ptr<_Tp> std::atomic_load(const shared_ptr<_Tp>*) [with _Tp = __cxx11::basic_string<char>]' is deprecated: use 'std::atomic<std::shared_ptr<T>>' instead [-Wdeprecated-declarations]
   28 |       Message msg = std::atomic_load(&ptr->message_);
      |                     ~~~~~~~~~~~~~~~~^~~~~~~~~~~~~~~~
/usr/include/c++/16.1.1/bits/shared_ptr_atomic.h:142:5: note: declared here
  142 |     atomic_load(const shared_ptr<_Tp>* __p)
      |     ^~~~~~~~~~~
/home/joshuawarren/src/mlx-omarchy-qual/.work/mlx/mlx/error.h: In member function 'void mlx::core::Error::check()':
/home/joshuawarren/src/mlx-omarchy-qual/.work/mlx/mlx/error.h:39:36: warning: 'std::shared_ptr<_Tp> std::atomic_exchange(shared_ptr<_Tp>*, shared_ptr<_Tp>) [with _Tp = __cxx11::basic_string<char>]' is deprecated: use 'std::atomic<std::shared_ptr<T>>' instead [-Wdeprecated-declarations]
   39 |     auto msg = std::atomic_exchange(&message_, {});
      |                ~~~~~~~~~~~~~~~~~~~~^~~~~~~~~~~~~~~
/usr/include/c++/16.1.1/bits/shared_ptr_atomic.h:225:5: note: declared here
  225 |     atomic_exchange(shared_ptr<_Tp>* __p, shared_ptr<_Tp> __r)
      |     ^~~~~~~~~~~~~~~
[406/428] Building CXX object tests/omarchy/CMakeFiles/omarchy_matmul_family_tests.dir/test_matmul_family.cpp.o
In file included from /home/joshuawarren/src/mlx-omarchy-qual/.work/mlx/mlx/event.h:8,
                 from /home/joshuawarren/src/mlx-omarchy-qual/.work/mlx/mlx/array.h:13,
                 from /home/joshuawarren/src/mlx-omarchy-qual/.work/mlx/mlx/backend/omarchy/encoder.h:14,
                 from /home/joshuawarren/src/mlx-omarchy-qual/.work/mlx/tests/omarchy/test_matmul_family.cpp:24:
/home/joshuawarren/src/mlx-omarchy-qual/.work/mlx/mlx/error.h: In member function 'void mlx::core::Error::set_message(Message)':
/home/joshuawarren/src/mlx-omarchy-qual/.work/mlx/mlx/error.h:17:22: warning: 'void std::atomic_store(shared_ptr<_Tp>*, shared_ptr<_Tp>) [with _Tp = __cxx11::basic_string<char>]' is deprecated: use 'std::atomic<std::shared_ptr<T>>' instead [-Wdeprecated-declarations]
   17 |     std::atomic_store(&message_, std::move(msg));
      |     ~~~~~~~~~~~~~~~~~^~~~~~~~~~~~~~~~~~~~~~~~~~~
In file included from /usr/include/c++/16.1.1/memory:83,
                 from /home/joshuawarren/src/mlx-omarchy-qual/.work/mlx/mlx/backend/omarchy/device.h:13,
                 from /home/joshuawarren/src/mlx-omarchy-qual/.work/mlx/tests/omarchy/test_matmul_family.cpp:23:
/usr/include/c++/16.1.1/bits/shared_ptr_atomic.h:183:5: note: declared here
  183 |     atomic_store(shared_ptr<_Tp>* __p, shared_ptr<_Tp> __r)
      |     ^~~~~~~~~~~~
/home/joshuawarren/src/mlx-omarchy-qual/.work/mlx/mlx/error.h: In member function 'bool mlx::core::Error::valid() const':
/home/joshuawarren/src/mlx-omarchy-qual/.work/mlx/mlx/error.h:21:32: warning: 'std::shared_ptr<_Tp> std::atomic_load(const shared_ptr<_Tp>*) [with _Tp = __cxx11::basic_string<char>]' is deprecated: use 'std::atomic<std::shared_ptr<T>>' instead [-Wdeprecated-declarations]
   21 |     auto msg = std::atomic_load(&message_);
      |                ~~~~~~~~~~~~~~~~^~~~~~~~~~~
/usr/include/c++/16.1.1/bits/shared_ptr_atomic.h:142:5: note: declared here
  142 |     atomic_load(const shared_ptr<_Tp>* __p)
      |     ^~~~~~~~~~~
/home/joshuawarren/src/mlx-omarchy-qual/.work/mlx/mlx/error.h: In member function 'bool mlx::core::Error::store_if_valid(const mlx::core::Error*)':
/home/joshuawarren/src/mlx-omarchy-qual/.work/mlx/mlx/error.h:28:37: warning: 'std::shared_ptr<_Tp> std::atomic_load(const shared_ptr<_Tp>*) [with _Tp = __cxx11::basic_string<char>]' is deprecated: use 'std::atomic<std::shared_ptr<T>>' instead [-Wdeprecated-declarations]
   28 |       Message msg = std::atomic_load(&ptr->message_);
      |                     ~~~~~~~~~~~~~~~~^~~~~~~~~~~~~~~~
/usr/include/c++/16.1.1/bits/shared_ptr_atomic.h:142:5: note: declared here
  142 |     atomic_load(const shared_ptr<_Tp>* __p)
      |     ^~~~~~~~~~~
/home/joshuawarren/src/mlx-omarchy-qual/.work/mlx/mlx/error.h: In member function 'void mlx::core::Error::check()':
/home/joshuawarren/src/mlx-omarchy-qual/.work/mlx/mlx/error.h:39:36: warning: 'std::shared_ptr<_Tp> std::atomic_exchange(shared_ptr<_Tp>*, shared_ptr<_Tp>) [with _Tp = __cxx11::basic_string<char>]' is deprecated: use 'std::atomic<std::shared_ptr<T>>' instead [-Wdeprecated-declarations]
   39 |     auto msg = std::atomic_exchange(&message_, {});
      |                ~~~~~~~~~~~~~~~~~~~~^~~~~~~~~~~~~~~
/usr/include/c++/16.1.1/bits/shared_ptr_atomic.h:225:5: note: declared here
  225 |     atomic_exchange(shared_ptr<_Tp>* __p, shared_ptr<_Tp> __r)
      |     ^~~~~~~~~~~~~~~
[407/428] Building CXX object tests/omarchy/CMakeFiles/omarchy_distributed_tests.dir/test_distributed_ops.cpp.o
In file included from /home/joshuawarren/src/mlx-omarchy-qual/.work/mlx/mlx/event.h:8,
                 from /home/joshuawarren/src/mlx-omarchy-qual/.work/mlx/mlx/array.h:13,
                 from /home/joshuawarren/src/mlx-omarchy-qual/.work/mlx/mlx/transforms.h:8,
                 from /home/joshuawarren/src/mlx-omarchy-qual/.work/mlx/tests/omarchy/test_distributed_ops.cpp:26:
/home/joshuawarren/src/mlx-omarchy-qual/.work/mlx/mlx/error.h: In member function 'void mlx::core::Error::set_message(Message)':
/home/joshuawarren/src/mlx-omarchy-qual/.work/mlx/mlx/error.h:17:22: warning: 'void std::atomic_store(shared_ptr<_Tp>*, shared_ptr<_Tp>) [with _Tp = __cxx11::basic_string<char>]' is deprecated: use 'std::atomic<std::shared_ptr<T>>' instead [-Wdeprecated-declarations]
   17 |     std::atomic_store(&message_, std::move(msg));
      |     ~~~~~~~~~~~~~~~~~^~~~~~~~~~~~~~~~~~~~~~~~~~~
In file included from /usr/include/c++/16.1.1/memory:83,
                 from /home/joshuawarren/src/mlx-omarchy-qual/.work/mlx/mlx/array.h:7:
/usr/include/c++/16.1.1/bits/shared_ptr_atomic.h:183:5: note: declared here
  183 |     atomic_store(shared_ptr<_Tp>* __p, shared_ptr<_Tp> __r)
      |     ^~~~~~~~~~~~
/home/joshuawarren/src/mlx-omarchy-qual/.work/mlx/mlx/error.h: In member function 'bool mlx::core::Error::valid() const':
/home/joshuawarren/src/mlx-omarchy-qual/.work/mlx/mlx/error.h:21:32: warning: 'std::shared_ptr<_Tp> std::atomic_load(const shared_ptr<_Tp>*) [with _Tp = __cxx11::basic_string<char>]' is deprecated: use 'std::atomic<std::shared_ptr<T>>' instead [-Wdeprecated-declarations]
   21 |     auto msg = std::atomic_load(&message_);
      |                ~~~~~~~~~~~~~~~~^~~~~~~~~~~
/usr/include/c++/16.1.1/bits/shared_ptr_atomic.h:142:5: note: declared here
  142 |     atomic_load(const shared_ptr<_Tp>* __p)
      |     ^~~~~~~~~~~
/home/joshuawarren/src/mlx-omarchy-qual/.work/mlx/mlx/error.h: In member function 'bool mlx::core::Error::store_if_valid(const mlx::core::Error*)':
/home/joshuawarren/src/mlx-omarchy-qual/.work/mlx/mlx/error.h:28:37: warning: 'std::shared_ptr<_Tp> std::atomic_load(const shared_ptr<_Tp>*) [with _Tp = __cxx11::basic_string<char>]' is deprecated: use 'std::atomic<std::shared_ptr<T>>' instead [-Wdeprecated-declarations]
   28 |       Message msg = std::atomic_load(&ptr->message_);
      |                     ~~~~~~~~~~~~~~~~^~~~~~~~~~~~~~~~
/usr/include/c++/16.1.1/bits/shared_ptr_atomic.h:142:5: note: declared here
  142 |     atomic_load(const shared_ptr<_Tp>* __p)
      |     ^~~~~~~~~~~
/home/joshuawarren/src/mlx-omarchy-qual/.work/mlx/mlx/error.h: In member function 'void mlx::core::Error::check()':
/home/joshuawarren/src/mlx-omarchy-qual/.work/mlx/mlx/error.h:39:36: warning: 'std::shared_ptr<_Tp> std::atomic_exchange(shared_ptr<_Tp>*, shared_ptr<_Tp>) [with _Tp = __cxx11::basic_string<char>]' is deprecated: use 'std::atomic<std::shared_ptr<T>>' instead [-Wdeprecated-declarations]
   39 |     auto msg = std::atomic_exchange(&message_, {});
      |                ~~~~~~~~~~~~~~~~~~~~^~~~~~~~~~~~~~~
/usr/include/c++/16.1.1/bits/shared_ptr_atomic.h:225:5: note: declared here
  225 |     atomic_exchange(shared_ptr<_Tp>* __p, shared_ptr<_Tp> __r)
      |     ^~~~~~~~~~~~~~~
[408/428] Building CXX object tests/omarchy/CMakeFiles/omarchy_compiled_tape_tests.dir/test_compiled_tape.cpp.o
In file included from /home/joshuawarren/src/mlx-omarchy-qual/.work/mlx/mlx/event.h:8,
                 from /home/joshuawarren/src/mlx-omarchy-qual/.work/mlx/mlx/array.h:13,
                 from /home/joshuawarren/src/mlx-omarchy-qual/.work/mlx/mlx/backend/omarchy/encoder.h:14,
                 from /home/joshuawarren/src/mlx-omarchy-qual/.work/mlx/tests/omarchy/test_compiled_tape.cpp:20:
/home/joshuawarren/src/mlx-omarchy-qual/.work/mlx/mlx/error.h: In member function 'void mlx::core::Error::set_message(Message)':
/home/joshuawarren/src/mlx-omarchy-qual/.work/mlx/mlx/error.h:17:22: warning: 'void std::atomic_store(shared_ptr<_Tp>*, shared_ptr<_Tp>) [with _Tp = __cxx11::basic_string<char>]' is deprecated: use 'std::atomic<std::shared_ptr<T>>' instead [-Wdeprecated-declarations]
   17 |     std::atomic_store(&message_, std::move(msg));
      |     ~~~~~~~~~~~~~~~~~^~~~~~~~~~~~~~~~~~~~~~~~~~~
In file included from /usr/include/c++/16.1.1/memory:83,
                 from /home/joshuawarren/src/mlx-omarchy-qual/.work/mlx/mlx/backend/omarchy/encoder.h:9:
/usr/include/c++/16.1.1/bits/shared_ptr_atomic.h:183:5: note: declared here
  183 |     atomic_store(shared_ptr<_Tp>* __p, shared_ptr<_Tp> __r)
      |     ^~~~~~~~~~~~
/home/joshuawarren/src/mlx-omarchy-qual/.work/mlx/mlx/error.h: In member function 'bool mlx::core::Error::valid() const':
/home/joshuawarren/src/mlx-omarchy-qual/.work/mlx/mlx/error.h:21:32: warning: 'std::shared_ptr<_Tp> std::atomic_load(const shared_ptr<_Tp>*) [with _Tp = __cxx11::basic_string<char>]' is deprecated: use 'std::atomic<std::shared_ptr<T>>' instead [-Wdeprecated-declarations]
   21 |     auto msg = std::atomic_load(&message_);
      |                ~~~~~~~~~~~~~~~~^~~~~~~~~~~
/usr/include/c++/16.1.1/bits/shared_ptr_atomic.h:142:5: note: declared here
  142 |     atomic_load(const shared_ptr<_Tp>* __p)
      |     ^~~~~~~~~~~
/home/joshuawarren/src/mlx-omarchy-qual/.work/mlx/mlx/error.h: In member function 'bool mlx::core::Error::store_if_valid(const mlx::core::Error*)':
/home/joshuawarren/src/mlx-omarchy-qual/.work/mlx/mlx/error.h:28:37: warning: 'std::shared_ptr<_Tp> std::atomic_load(const shared_ptr<_Tp>*) [with _Tp = __cxx11::basic_string<char>]' is deprecated: use 'std::atomic<std::shared_ptr<T>>' instead [-Wdeprecated-declarations]
   28 |       Message msg = std::atomic_load(&ptr->message_);
      |                     ~~~~~~~~~~~~~~~~^~~~~~~~~~~~~~~~
/usr/include/c++/16.1.1/bits/shared_ptr_atomic.h:142:5: note: declared here
  142 |     atomic_load(const shared_ptr<_Tp>* __p)
      |     ^~~~~~~~~~~
/home/joshuawarren/src/mlx-omarchy-qual/.work/mlx/mlx/error.h: In member function 'void mlx::core::Error::check()':
/home/joshuawarren/src/mlx-omarchy-qual/.work/mlx/mlx/error.h:39:36: warning: 'std::shared_ptr<_Tp> std::atomic_exchange(shared_ptr<_Tp>*, shared_ptr<_Tp>) [with _Tp = __cxx11::basic_string<char>]' is deprecated: use 'std::atomic<std::shared_ptr<T>>' instead [-Wdeprecated-declarations]
   39 |     auto msg = std::atomic_exchange(&message_, {});
      |                ~~~~~~~~~~~~~~~~~~~~^~~~~~~~~~~~~~~
/usr/include/c++/16.1.1/bits/shared_ptr_atomic.h:225:5: note: declared here
  225 |     atomic_exchange(shared_ptr<_Tp>* __p, shared_ptr<_Tp> __r)
      |     ^~~~~~~~~~~~~~~
[409/428] Building CXX object tests/omarchy/CMakeFiles/omarchy_fft_ops_tests.dir/test_fft_ops.cpp.o
In file included from /home/joshuawarren/src/mlx-omarchy-qual/.work/mlx/mlx/event.h:8,
                 from /home/joshuawarren/src/mlx-omarchy-qual/.work/mlx/mlx/array.h:13,
                 from /home/joshuawarren/src/mlx-omarchy-qual/.work/mlx/mlx/backend/omarchy/encoder.h:14,
                 from /home/joshuawarren/src/mlx-omarchy-qual/.work/mlx/tests/omarchy/test_fft_ops.cpp:36:
/home/joshuawarren/src/mlx-omarchy-qual/.work/mlx/mlx/error.h: In member function 'void mlx::core::Error::set_message(Message)':
/home/joshuawarren/src/mlx-omarchy-qual/.work/mlx/mlx/error.h:17:22: warning: 'void std::atomic_store(shared_ptr<_Tp>*, shared_ptr<_Tp>) [with _Tp = __cxx11::basic_string<char>]' is deprecated: use 'std::atomic<std::shared_ptr<T>>' instead [-Wdeprecated-declarations]
   17 |     std::atomic_store(&message_, std::move(msg));
      |     ~~~~~~~~~~~~~~~~~^~~~~~~~~~~~~~~~~~~~~~~~~~~
In file included from /usr/include/c++/16.1.1/memory:83,
                 from /home/joshuawarren/src/mlx-omarchy-qual/.work/mlx/mlx/backend/omarchy/device.h:13,
                 from /home/joshuawarren/src/mlx-omarchy-qual/.work/mlx/tests/omarchy/test_fft_ops.cpp:35:
/usr/include/c++/16.1.1/bits/shared_ptr_atomic.h:183:5: note: declared here
  183 |     atomic_store(shared_ptr<_Tp>* __p, shared_ptr<_Tp> __r)
      |     ^~~~~~~~~~~~
/home/joshuawarren/src/mlx-omarchy-qual/.work/mlx/mlx/error.h: In member function 'bool mlx::core::Error::valid() const':
/home/joshuawarren/src/mlx-omarchy-qual/.work/mlx/mlx/error.h:21:32: warning: 'std::shared_ptr<_Tp> std::atomic_load(const shared_ptr<_Tp>*) [with _Tp = __cxx11::basic_string<char>]' is deprecated: use 'std::atomic<std::shared_ptr<T>>' instead [-Wdeprecated-declarations]
   21 |     auto msg = std::atomic_load(&message_);
      |                ~~~~~~~~~~~~~~~~^~~~~~~~~~~
/usr/include/c++/16.1.1/bits/shared_ptr_atomic.h:142:5: note: declared here
  142 |     atomic_load(const shared_ptr<_Tp>* __p)
      |     ^~~~~~~~~~~
/home/joshuawarren/src/mlx-omarchy-qual/.work/mlx/mlx/error.h: In member function 'bool mlx::core::Error::store_if_valid(const mlx::core::Error*)':
/home/joshuawarren/src/mlx-omarchy-qual/.work/mlx/mlx/error.h:28:37: warning: 'std::shared_ptr<_Tp> std::atomic_load(const shared_ptr<_Tp>*) [with _Tp = __cxx11::basic_string<char>]' is deprecated: use 'std::atomic<std::shared_ptr<T>>' instead [-Wdeprecated-declarations]
   28 |       Message msg = std::atomic_load(&ptr->message_);
      |                     ~~~~~~~~~~~~~~~~^~~~~~~~~~~~~~~~
/usr/include/c++/16.1.1/bits/shared_ptr_atomic.h:142:5: note: declared here
  142 |     atomic_load(const shared_ptr<_Tp>* __p)
      |     ^~~~~~~~~~~
/home/joshuawarren/src/mlx-omarchy-qual/.work/mlx/mlx/error.h: In member function 'void mlx::core::Error::check()':
/home/joshuawarren/src/mlx-omarchy-qual/.work/mlx/mlx/error.h:39:36: warning: 'std::shared_ptr<_Tp> std::atomic_exchange(shared_ptr<_Tp>*, shared_ptr<_Tp>) [with _Tp = __cxx11::basic_string<char>]' is deprecated: use 'std::atomic<std::shared_ptr<T>>' instead [-Wdeprecated-declarations]
   39 |     auto msg = std::atomic_exchange(&message_, {});
      |                ~~~~~~~~~~~~~~~~~~~~^~~~~~~~~~~~~~~
/usr/include/c++/16.1.1/bits/shared_ptr_atomic.h:225:5: note: declared here
  225 |     atomic_exchange(shared_ptr<_Tp>* __p, shared_ptr<_Tp> __r)
      |     ^~~~~~~~~~~~~~~
[410/428] Building CXX object tests/omarchy/CMakeFiles/omarchy_fast_ops_tests.dir/test_fast_ops.cpp.o
In file included from /home/joshuawarren/src/mlx-omarchy-qual/.work/mlx/mlx/event.h:8,
                 from /home/joshuawarren/src/mlx-omarchy-qual/.work/mlx/mlx/array.h:13,
                 from /home/joshuawarren/src/mlx-omarchy-qual/.work/mlx/mlx/backend/omarchy/encoder.h:14,
                 from /home/joshuawarren/src/mlx-omarchy-qual/.work/mlx/tests/omarchy/test_fast_ops.cpp:27:
/home/joshuawarren/src/mlx-omarchy-qual/.work/mlx/mlx/error.h: In member function 'void mlx::core::Error::set_message(Message)':
/home/joshuawarren/src/mlx-omarchy-qual/.work/mlx/mlx/error.h:17:22: warning: 'void std::atomic_store(shared_ptr<_Tp>*, shared_ptr<_Tp>) [with _Tp = __cxx11::basic_string<char>]' is deprecated: use 'std::atomic<std::shared_ptr<T>>' instead [-Wdeprecated-declarations]
   17 |     std::atomic_store(&message_, std::move(msg));
      |     ~~~~~~~~~~~~~~~~~^~~~~~~~~~~~~~~~~~~~~~~~~~~
In file included from /usr/include/c++/16.1.1/memory:83,
                 from /home/joshuawarren/src/mlx-omarchy-qual/.work/mlx/mlx/backend/omarchy/encoder.h:9:
/usr/include/c++/16.1.1/bits/shared_ptr_atomic.h:183:5: note: declared here
  183 |     atomic_store(shared_ptr<_Tp>* __p, shared_ptr<_Tp> __r)
      |     ^~~~~~~~~~~~
/home/joshuawarren/src/mlx-omarchy-qual/.work/mlx/mlx/error.h: In member function 'bool mlx::core::Error::valid() const':
/home/joshuawarren/src/mlx-omarchy-qual/.work/mlx/mlx/error.h:21:32: warning: 'std::shared_ptr<_Tp> std::atomic_load(const shared_ptr<_Tp>*) [with _Tp = __cxx11::basic_string<char>]' is deprecated: use 'std::atomic<std::shared_ptr<T>>' instead [-Wdeprecated-declarations]
   21 |     auto msg = std::atomic_load(&message_);
      |                ~~~~~~~~~~~~~~~~^~~~~~~~~~~
/usr/include/c++/16.1.1/bits/shared_ptr_atomic.h:142:5: note: declared here
  142 |     atomic_load(const shared_ptr<_Tp>* __p)
      |     ^~~~~~~~~~~
/home/joshuawarren/src/mlx-omarchy-qual/.work/mlx/mlx/error.h: In member function 'bool mlx::core::Error::store_if_valid(const mlx::core::Error*)':
/home/joshuawarren/src/mlx-omarchy-qual/.work/mlx/mlx/error.h:28:37: warning: 'std::shared_ptr<_Tp> std::atomic_load(const shared_ptr<_Tp>*) [with _Tp = __cxx11::basic_string<char>]' is deprecated: use 'std::atomic<std::shared_ptr<T>>' instead [-Wdeprecated-declarations]
   28 |       Message msg = std::atomic_load(&ptr->message_);
      |                     ~~~~~~~~~~~~~~~~^~~~~~~~~~~~~~~~
/usr/include/c++/16.1.1/bits/shared_ptr_atomic.h:142:5: note: declared here
  142 |     atomic_load(const shared_ptr<_Tp>* __p)
      |     ^~~~~~~~~~~
/home/joshuawarren/src/mlx-omarchy-qual/.work/mlx/mlx/error.h: In member function 'void mlx::core::Error::check()':
/home/joshuawarren/src/mlx-omarchy-qual/.work/mlx/mlx/error.h:39:36: warning: 'std::shared_ptr<_Tp> std::atomic_exchange(shared_ptr<_Tp>*, shared_ptr<_Tp>) [with _Tp = __cxx11::basic_string<char>]' is deprecated: use 'std::atomic<std::shared_ptr<T>>' instead [-Wdeprecated-declarations]
   39 |     auto msg = std::atomic_exchange(&message_, {});
      |                ~~~~~~~~~~~~~~~~~~~~^~~~~~~~~~~~~~~
/usr/include/c++/16.1.1/bits/shared_ptr_atomic.h:225:5: note: declared here
  225 |     atomic_exchange(shared_ptr<_Tp>* __p, shared_ptr<_Tp> __r)
      |     ^~~~~~~~~~~~~~~
In file included from /home/joshuawarren/src/mlx-omarchy-qual/.work/mlx/mlx/fast_primitives.h:7,
                 from /home/joshuawarren/src/mlx-omarchy-qual/.work/mlx/tests/omarchy/test_fast_ops.cpp:29:
/home/joshuawarren/src/mlx-omarchy-qual/.work/mlx/mlx/primitives.h: In member function 'std::pair<float, float> mlx::core::AddMM::state() const':
/home/joshuawarren/src/mlx-omarchy-qual/.work/mlx/mlx/primitives.h:204:41: note: parameter passing for argument of type 'std::pair<float, float>' when C++17 is enabled changed to match C++14 in GCC 10.1
  204 |   std::pair<float, float> state() const {
      |                                         ^
[411/428] Building CXX object tests/omarchy/CMakeFiles/omarchy_linalg_ops_tests.dir/test_linalg_ops.cpp.o
In file included from /home/joshuawarren/src/mlx-omarchy-qual/.work/mlx/mlx/event.h:8,
                 from /home/joshuawarren/src/mlx-omarchy-qual/.work/mlx/mlx/array.h:13,
                 from /home/joshuawarren/src/mlx-omarchy-qual/.work/mlx/mlx/backend/omarchy/encoder.h:14,
                 from /home/joshuawarren/src/mlx-omarchy-qual/.work/mlx/tests/omarchy/test_linalg_ops.cpp:27:
/home/joshuawarren/src/mlx-omarchy-qual/.work/mlx/mlx/error.h: In member function 'void mlx::core::Error::set_message(Message)':
/home/joshuawarren/src/mlx-omarchy-qual/.work/mlx/mlx/error.h:17:22: warning: 'void std::atomic_store(shared_ptr<_Tp>*, shared_ptr<_Tp>) [with _Tp = __cxx11::basic_string<char>]' is deprecated: use 'std::atomic<std::shared_ptr<T>>' instead [-Wdeprecated-declarations]
   17 |     std::atomic_store(&message_, std::move(msg));
      |     ~~~~~~~~~~~~~~~~~^~~~~~~~~~~~~~~~~~~~~~~~~~~
In file included from /usr/include/c++/16.1.1/memory:83,
                 from /home/joshuawarren/src/mlx-omarchy-qual/.work/mlx/mlx/backend/omarchy/device.h:13,
                 from /home/joshuawarren/src/mlx-omarchy-qual/.work/mlx/tests/omarchy/test_linalg_ops.cpp:26:
/usr/include/c++/16.1.1/bits/shared_ptr_atomic.h:183:5: note: declared here
  183 |     atomic_store(shared_ptr<_Tp>* __p, shared_ptr<_Tp> __r)
      |     ^~~~~~~~~~~~
/home/joshuawarren/src/mlx-omarchy-qual/.work/mlx/mlx/error.h: In member function 'bool mlx::core::Error::valid() const':
/home/joshuawarren/src/mlx-omarchy-qual/.work/mlx/mlx/error.h:21:32: warning: 'std::shared_ptr<_Tp> std::atomic_load(const shared_ptr<_Tp>*) [with _Tp = __cxx11::basic_string<char>]' is deprecated: use 'std::atomic<std::shared_ptr<T>>' instead [-Wdeprecated-declarations]
   21 |     auto msg = std::atomic_load(&message_);
      |                ~~~~~~~~~~~~~~~~^~~~~~~~~~~
/usr/include/c++/16.1.1/bits/shared_ptr_atomic.h:142:5: note: declared here
  142 |     atomic_load(const shared_ptr<_Tp>* __p)
      |     ^~~~~~~~~~~
/home/joshuawarren/src/mlx-omarchy-qual/.work/mlx/mlx/error.h: In member function 'bool mlx::core::Error::store_if_valid(const mlx::core::Error*)':
/home/joshuawarren/src/mlx-omarchy-qual/.work/mlx/mlx/error.h:28:37: warning: 'std::shared_ptr<_Tp> std::atomic_load(const shared_ptr<_Tp>*) [with _Tp = __cxx11::basic_string<char>]' is deprecated: use 'std::atomic<std::shared_ptr<T>>' instead [-Wdeprecated-declarations]
   28 |       Message msg = std::atomic_load(&ptr->message_);
      |                     ~~~~~~~~~~~~~~~~^~~~~~~~~~~~~~~~
/usr/include/c++/16.1.1/bits/shared_ptr_atomic.h:142:5: note: declared here
  142 |     atomic_load(const shared_ptr<_Tp>* __p)
      |     ^~~~~~~~~~~
/home/joshuawarren/src/mlx-omarchy-qual/.work/mlx/mlx/error.h: In member function 'void mlx::core::Error::check()':
/home/joshuawarren/src/mlx-omarchy-qual/.work/mlx/mlx/error.h:39:36: warning: 'std::shared_ptr<_Tp> std::atomic_exchange(shared_ptr<_Tp>*, shared_ptr<_Tp>) [with _Tp = __cxx11::basic_string<char>]' is deprecated: use 'std::atomic<std::shared_ptr<T>>' instead [-Wdeprecated-declarations]
   39 |     auto msg = std::atomic_exchange(&message_, {});
      |                ~~~~~~~~~~~~~~~~~~~~^~~~~~~~~~~~~~~
/usr/include/c++/16.1.1/bits/shared_ptr_atomic.h:225:5: note: declared here
  225 |     atomic_exchange(shared_ptr<_Tp>* __p, shared_ptr<_Tp> __r)
      |     ^~~~~~~~~~~~~~~
[412/428] Building CXX object tools/mlx-omarchy-info/CMakeFiles/mlx-omarchy-info.dir/main.cpp.o
In file included from /home/joshuawarren/src/mlx-omarchy-qual/.work/mlx/mlx/event.h:8,
                 from /home/joshuawarren/src/mlx-omarchy-qual/.work/mlx/mlx/array.h:13,
                 from /home/joshuawarren/src/mlx-omarchy-qual/.work/mlx/mlx/backend/omarchy/encoder.h:14,
                 from /home/joshuawarren/src/mlx-omarchy-qual/.work/mlx/tools/mlx-omarchy-info/main.cpp:31:
/home/joshuawarren/src/mlx-omarchy-qual/.work/mlx/mlx/error.h: In member function 'void mlx::core::Error::set_message(Message)':
/home/joshuawarren/src/mlx-omarchy-qual/.work/mlx/mlx/error.h:17:22: warning: 'void std::atomic_store(shared_ptr<_Tp>*, shared_ptr<_Tp>) [with _Tp = __cxx11::basic_string<char>]' is deprecated: use 'std::atomic<std::shared_ptr<T>>' instead [-Wdeprecated-declarations]
   17 |     std::atomic_store(&message_, std::move(msg));
      |     ~~~~~~~~~~~~~~~~~^~~~~~~~~~~~~~~~~~~~~~~~~~~
In file included from /usr/include/c++/16.1.1/memory:83,
                 from /home/joshuawarren/src/mlx-omarchy-qual/.work/mlx/mlx/backend/omarchy/device.h:13,
                 from /home/joshuawarren/src/mlx-omarchy-qual/.work/mlx/tools/mlx-omarchy-info/main.cpp:30:
/usr/include/c++/16.1.1/bits/shared_ptr_atomic.h:183:5: note: declared here
  183 |     atomic_store(shared_ptr<_Tp>* __p, shared_ptr<_Tp> __r)
      |     ^~~~~~~~~~~~
/home/joshuawarren/src/mlx-omarchy-qual/.work/mlx/mlx/error.h: In member function 'bool mlx::core::Error::valid() const':
/home/joshuawarren/src/mlx-omarchy-qual/.work/mlx/mlx/error.h:21:32: warning: 'std::shared_ptr<_Tp> std::atomic_load(const shared_ptr<_Tp>*) [with _Tp = __cxx11::basic_string<char>]' is deprecated: use 'std::atomic<std::shared_ptr<T>>' instead [-Wdeprecated-declarations]
   21 |     auto msg = std::atomic_load(&message_);
      |                ~~~~~~~~~~~~~~~~^~~~~~~~~~~
/usr/include/c++/16.1.1/bits/shared_ptr_atomic.h:142:5: note: declared here
  142 |     atomic_load(const shared_ptr<_Tp>* __p)
      |     ^~~~~~~~~~~
/home/joshuawarren/src/mlx-omarchy-qual/.work/mlx/mlx/error.h: In member function 'bool mlx::core::Error::store_if_valid(const mlx::core::Error*)':
/home/joshuawarren/src/mlx-omarchy-qual/.work/mlx/mlx/error.h:28:37: warning: 'std::shared_ptr<_Tp> std::atomic_load(const shared_ptr<_Tp>*) [with _Tp = __cxx11::basic_string<char>]' is deprecated: use 'std::atomic<std::shared_ptr<T>>' instead [-Wdeprecated-declarations]
   28 |       Message msg = std::atomic_load(&ptr->message_);
      |                     ~~~~~~~~~~~~~~~~^~~~~~~~~~~~~~~~
/usr/include/c++/16.1.1/bits/shared_ptr_atomic.h:142:5: note: declared here
  142 |     atomic_load(const shared_ptr<_Tp>* __p)
      |     ^~~~~~~~~~~
/home/joshuawarren/src/mlx-omarchy-qual/.work/mlx/mlx/error.h: In member function 'void mlx::core::Error::check()':
/home/joshuawarren/src/mlx-omarchy-qual/.work/mlx/mlx/error.h:39:36: warning: 'std::shared_ptr<_Tp> std::atomic_exchange(shared_ptr<_Tp>*, shared_ptr<_Tp>) [with _Tp = __cxx11::basic_string<char>]' is deprecated: use 'std::atomic<std::shared_ptr<T>>' instead [-Wdeprecated-declarations]
   39 |     auto msg = std::atomic_exchange(&message_, {});
      |                ~~~~~~~~~~~~~~~~~~~~^~~~~~~~~~~~~~~
/usr/include/c++/16.1.1/bits/shared_ptr_atomic.h:225:5: note: declared here
  225 |     atomic_exchange(shared_ptr<_Tp>* __p, shared_ptr<_Tp> __r)
      |     ^~~~~~~~~~~~~~~
[413/428] Linking CXX executable tests/omarchy/omarchy_runtime_tests
[414/428] Linking CXX executable tests/omarchy/omarchy_copy_offset_tests
[415/428] Linking CXX executable tests/omarchy/omarchy_primitive_tests
[416/428] Linking CXX executable tests/omarchy/omarchy_ane_bundle_tests
[417/428] Linking CXX executable tests/omarchy/omarchy_kv_ops_tests
[418/428] Linking CXX executable tests/omarchy/omarchy_error_contract_tests
[419/428] Linking CXX executable tests/omarchy/omarchy_shape_ops_tests
[420/428] Linking CXX executable tests/omarchy/omarchy_reduce_ops_tests
[421/428] Linking CXX executable tests/omarchy/omarchy_indexing_ops_tests
[422/428] Linking CXX executable tests/omarchy/omarchy_matmul_family_tests
[423/428] Linking CXX executable tests/omarchy/omarchy_distributed_tests
[424/428] Linking CXX executable tests/omarchy/omarchy_compiled_tape_tests
[425/428] Linking CXX executable tests/omarchy/omarchy_fft_ops_tests
[426/428] Linking CXX executable tests/omarchy/omarchy_fast_ops_tests
[427/428] Linking CXX executable tests/omarchy/omarchy_linalg_ops_tests
[428/428] Linking CXX executable tools/mlx-omarchy-info/mlx-omarchy-info
++ date +%s
++ date
+ echo '[qual] END 1788361991 Wed Sep  2 10:13:11 CDT 2026'
[qual] END 1788361991 Wed Sep  2 10:13:11 CDT 2026
+ echo QUAL_BUILD_OK
QUAL_BUILD_OK
