== cand identity ==
aba82b49 sdpa: kv-head-major decode twin — one workgroup per kv head streams KV once
== cand wheel ==
  Created wheel for mlx-omarchy: filename=mlx_omarchy-0.32.2.dev202609161621+aba82b49-cp314-cp314-linux_aarch64.whl size=7782511 sha256=c6c99345f9c7c970600cde12e4c71d338bd509b4183ecb12f8d0242253fb852c
  Stored in directory: /tmp/pip-ephem-wheel-cache-kjj16gr7/wheels/b2/03/4e/df2c84c33e4fdd4624e6d8db5615bb7c1d8c9358caad34695d
Successfully built mlx-omarchy
[receipt] cand wheel: /var/tmp/SdpaKvMajorJw16/dist-cand/mlx_omarchy-0.32.2.dev202609161621+aba82b49-cp314-cp314-linux_aarch64.whl
c6c99345f9c7c970600cde12e4c71d338bd509b4183ecb12f8d0242253fb852c  /var/tmp/SdpaKvMajorJw16/dist-cand/mlx_omarchy-0.32.2.dev202609161621+aba82b49-cp314-cp314-linux_aarch64.whl
[receipt] cand stamp ok: +aba82b49
cand wheel: /var/tmp/SdpaKvMajorJw16/venv-cand/lib/python3.14/site-packages/mlx
ALL-DONE
ninja: Entering directory `/var/tmp/SdpaKvMajorJw16/build-tests'
[0/1] Re-running CMake...
-- Building MLX for aarch64 processor on Linux
-- Vulkan found: include /usr/include, libs /usr/lib/libvulkan.so
-- Accelerate not found, using default backend.
-- Lapack lib /usr/lib/libopenblas.so-lm-ldl
-- Lapack include /usr/include/openblas
-- Blas lib /usr/lib/libopenblas.so
-- Blas include /usr/include/openblas
-- Downloading json
-- Using the multi-header code from /var/tmp/qmm-tilem/.deps-seed/json-src/include/
-- Downloading gguflib
-- {fmt} version: 12.1.0
-- Build type: Release
CMake Warning (deprecated) at /var/tmp/SdpaKvMajorJw16/build-tests/_deps/doctest-src/CMakeLists.txt:1 (cmake_minimum_required):
  Compatibility with CMake < 3.10 will be removed from a future version of
  CMake.

  Update the VERSION argument <min> value.  Or, use the <min>...<max> syntax
  to tell CMake that the project requires at least <min> but has been updated
  to work with policies introduced by <max> or earlier.
This warning is for project developers.  Use -Wno-author or -Wno-deprecated
to suppress it.

-- Configuring done (0.3s)
-- Generating done (0.1s)
-- Build files have been written to: /var/tmp/SdpaKvMajorJw16/build-tests
[1/962] Generating shaders/arange_i32.spv
[2/962] Generating shaders/arange_f16.spv
[3/962] Generating shaders/arange_bf16.spv
[4/962] Generating shaders/anyall_f16.spv
[5/962] Generating shaders/anyall_u32.spv
[6/962] Generating shaders/anyall_bf16.spv
[7/962] Generating shaders/anyall_bool.spv
[8/962] Generating shaders/anyall_f32.spv
[9/962] Generating shaders/arange_f32.spv
[10/962] Generating shaders/anyall_i32.spv
[11/962] Generating shaders/argreduce_i32.spv
[12/962] Generating shaders/arange_i64.spv
[13/962] Generating shaders/argreduce_bf16.spv
[14/962] Generating shaders/argreduce_f32.spv
[15/962] Generating shaders/arange_u64.spv
[16/962] Generating shaders/argreduce_i16.spv
[17/962] Generating shaders/argreduce_i64.spv
[18/962] Generating shaders/argreduce_i8.spv
[19/962] Generating shaders/argreduce_f16.spv
[20/962] Generating shaders/arange_u32.spv
[21/962] Generating shaders/argreduce_u16.spv
[22/962] Generating shaders/argreduce_u8.spv
[23/962] Generating shaders/argsort_bf16.spv
[24/962] Generating shaders/argsort_c64.spv
[25/962] Generating shaders/argsort_f16.spv
[26/962] Generating shaders/argreduce_u32.spv
[27/962] Generating shaders/argreduce_u64.spv
[28/962] Generating shaders/argsort_f32.spv
[29/962] Generating shaders/argsort_i8.spv
[30/962] Generating shaders/argsort_merge_c64.spv
[31/962] Generating shaders/argsort_i16.spv
[32/962] Generating shaders/argsort_merge_bf16.spv
[33/962] Generating shaders/argsort_i32.spv
[34/962] Generating shaders/argsort_merge_u32.spv
[35/962] Generating shaders/argsort_merge_i32.spv
[36/962] Generating shaders/argsort_merge_f32.spv
[37/962] Generating shaders/argsort_merge_f16.spv
[38/962] Generating shaders/argsort_u16.spv
[39/962] Generating shaders/binary_vec_f16.spv
[40/962] Generating shaders/argsort_u8.spv
[41/962] Generating shaders/block_mask_f32.spv
[42/962] Generating shaders/binary_vec_bf16.spv
[43/962] Generating shaders/argsort_u32.spv
[44/962] Generating shaders/cast_bf16_f32.spv
[45/962] Generating shaders/cast_bf16_f16.spv
[46/962] Generating shaders/cast_bf16_i32.spv
[47/962] Generating shaders/cast_bf16_c64.spv
[48/962] Generating shaders/cast_bool_bf16.spv
[49/962] Generating shaders/cast_bool_c64.spv
[50/962] Generating shaders/cast_bool_f16.spv
[51/962] Generating shaders/cast_c64_f32.spv
[52/962] Generating shaders/cast_f16_bf16.spv
[53/962] Generating shaders/cast_bool_i32.spv
[54/962] Generating shaders/cast_f16_c64.spv
[55/962] Generating shaders/cast_bool_f32.spv
[56/962] Generating shaders/cast_f16_i32.spv
[57/962] Generating shaders/cast_f16_f32.spv
[58/962] Generating shaders/cast_f32_f16.spv
[59/962] Generating shaders/cast_f32_i32.spv
[60/962] Generating shaders/cast_f32_bf16.spv
[61/962] Generating shaders/cast_f32_c64.spv
[62/962] Generating shaders/cast_i32_f16.spv
[63/962] Generating shaders/cast_i32_f32.spv
[64/962] Generating shaders/cast_i32_bf16.spv
[65/962] Generating shaders/cast_int_w1_w1.spv
[66/962] Generating shaders/cast_i32_c64.spv
[67/962] Generating shaders/cast_int_w1_w4.spv
[68/962] Generating shaders/cast_int_w2_w1.spv
[69/962] Generating shaders/cast_int_w1_w2.spv
[70/962] Generating shaders/cast_int_w2_w2.spv
[71/962] Generating shaders/cast_int_w1_w8.spv
[72/962] Generating shaders/cast_int_w2_w4.spv
[73/962] Generating shaders/cast_int_w4_w2.spv
[74/962] Generating shaders/cast_int_w4_w4.spv
[75/962] Generating shaders/cast_int_w4_w8.spv
[76/962] Generating shaders/cast_int_w2_w8.spv
[77/962] Generating shaders/cast_int_w4_w1.spv
[78/962] Generating shaders/cast_int_w8_w4.spv
[79/962] Generating shaders/cast_int_w8_w8.spv
[80/962] Generating shaders/cast_u32_c64.spv
[81/962] Generating shaders/cast_int_w8_w2.spv
[82/962] Generating shaders/cast_int_w8_w1.spv
[83/962] Generating shaders/cast_u32_f32.spv
[84/962] Generating shaders/compare_bool.spv
[85/962] Generating shaders/compare_complex.spv
[86/962] Generating shaders/compare_bf16.spv
[87/962] Generating shaders/compare_f16.spv
[88/962] Generating shaders/compare_f32.spv
[89/962] Generating shaders/clear_u32.spv
[90/962] Generating shaders/compare_i16.spv
[91/962] Generating shaders/compare_i32.spv
[92/962] Generating shaders/compare_i64.spv
[93/962] Generating shaders/compare_i8.spv
[94/962] Generating shaders/compare_u32.spv
[95/962] Generating shaders/complex_abs.spv
[96/962] Generating shaders/compare_u64.spv
[97/962] Generating shaders/compare_u16.spv
[98/962] Generating shaders/complex_abs_as_complex.spv
[99/962] Generating shaders/compare_u8.spv
[100/962] Generating shaders/complex_imag.spv
[101/962] Generating shaders/conv_bf16.spv
[102/962] Generating shaders/copy_general_bf16.spv
[103/962] Generating shaders/copy_general_c64.spv
[104/962] Generating shaders/complex_real.spv
[105/962] Generating shaders/complex_elementwise.spv
[106/962] Generating shaders/conv_f16.spv
[107/962] Generating shaders/conv_f32.spv
[108/962] Generating shaders/copy_general_bool.spv
[109/962] Generating shaders/copy_general_f32.spv
[110/962] Generating shaders/copy_general_f16.spv
[111/962] Generating shaders/copy_general_u16.spv
[112/962] Generating shaders/copy_general_u32.spv
[113/962] Generating shaders/copy_general_u64.spv
[114/962] Generating shaders/dequant_f16.spv
[115/962] Generating shaders/dequant_f32.spv
[116/962] Generating shaders/copy_general_u8.spv
[117/962] Generating shaders/dequant_fp_f16.spv
[118/962] Generating shaders/dequant_fp_f32.spv
[119/962] Generating shaders/dequant_bf16.spv
[120/962] Generating shaders/dequant_fp_bf16.spv
[121/962] Generating shaders/elementwise_f16.spv
[122/962] Generating shaders/elementwise_f32.spv
[123/962] Generating shaders/elementwise_i32.spv
[124/962] Generating shaders/elementwise_i64.spv
[125/962] Generating shaders/elementwise_i16.spv
[126/962] Generating shaders/elementwise_bf16.spv
[127/962] Generating shaders/elementwise_u64.spv
[128/962] Generating shaders/elementwise_u32.spv
[129/962] Generating shaders/elementwise_i8.spv
[130/962] Generating shaders/elementwise_u16.spv
[131/962] Generating shaders/fast_cross_entropy_f16.spv
[132/962] Generating shaders/fast_cross_entropy_f32.spv
[133/962] Generating shaders/fast_cross_entropy_vjp_bf16.spv
[134/962] Generating shaders/fast_cross_entropy_vjp_f16.spv
[135/962] Generating shaders/fast_cross_entropy_bf16.spv
[136/962] Generating shaders/elementwise_u8.spv
[137/962] Generating shaders/fast_layer_norm_f16.spv
[138/962] Generating shaders/fast_layer_norm_f32.spv
[139/962] Generating shaders/fast_layer_norm_bf16.spv
[140/962] Generating shaders/fast_cross_entropy_vjp_f32.spv
[141/962] Generating shaders/fast_layer_norm_vjp_dw_f32.spv
[142/962] Generating shaders/fast_layer_norm_vjp_dx_bf16.spv
[143/962] Generating shaders/fast_layer_norm_vjp_dx_f16.spv
[144/962] Generating shaders/fast_layer_norm_vjp_dw_f16.spv
[145/962] Generating shaders/fast_layer_norm_vjp_dx_f32.spv
[146/962] Generating shaders/fast_layer_norm_vjp_dw_bf16.spv
[147/962] Generating shaders/fast_rms_norm_f16.spv
[148/962] Generating shaders/fast_rms_norm_f32.spv
[149/962] Generating shaders/fast_rms_norm_bf16.spv
[150/962] Generating shaders/fast_rms_norm_vjp_dw_bf16.spv
[151/962] Generating shaders/fast_rms_norm_vjp_dw_f32.spv
[152/962] Generating shaders/fast_rms_norm_vjp_dw_reduce_f16.spv
[153/962] Generating shaders/fast_rms_norm_vjp_dw_reduce_f32.spv
[154/962] Generating shaders/fast_rms_norm_vjp_dw_f16.spv
[155/962] Generating shaders/fast_rms_norm_vjp_dx_bf16.spv
[156/962] Generating shaders/fast_rms_norm_vjp_dw_reduce_bf16.spv
[157/962] Generating shaders/fast_rms_norm_vjp_dx_f16.spv
[158/962] Generating shaders/fast_rms_norm_vjp_dx_f32.spv
[159/962] Generating shaders/fast_rope_f16.spv
[160/962] Generating shaders/fast_rope_bf16.spv
[161/962] Generating shaders/fast_rope_freqs_bf16.spv
[162/962] Generating shaders/fast_rope_f32.spv
[163/962] Generating shaders/fast_trio_norm_f16.spv
[164/962] Generating shaders/fast_rope_freqs_f32.spv
[165/962] Generating shaders/fast_trio_swiglu_f16.spv
[166/962] Generating shaders/fast_rope_freqs_f16.spv
[167/962] Generating shaders/fast_trio_rope_pair_f16.spv
[168/962] Generating shaders/fft_f32.spv
[169/962] Generating shaders/fft_real_f32.spv
[170/962] Generating shaders/fft_stage_f32.spv
[171/962] Generating shaders/fill_c64.spv
[172/962] Generating shaders/fill_bf16.spv
[173/962] Generating shaders/fill_f32.spv
[174/962] Generating shaders/fill_u16.spv
[175/962] Generating shaders/fill_f16.spv
[176/962] Generating shaders/fill_u64.spv
[177/962] Generating shaders/fp8_from_bf16.spv
[178/962] Generating shaders/fp8_from_f32.spv
[179/962] Generating shaders/fp8_to_f16.spv
[180/962] Generating shaders/fp8_from_f16.spv
[181/962] Generating shaders/fp8_to_f32.spv
[182/962] Generating shaders/fused_chain_f16.spv
[183/962] Generating shaders/fused_chain_bf16.spv
[184/962] Generating shaders/fp8_to_bf16.spv
[185/962] Generating shaders/gather_axis_bf16.spv
[186/962] Generating shaders/fused_chain_f32.spv
[187/962] Generating shaders/gather_axis_f16.spv
[188/962] Generating shaders/gather_axis_i64.spv
[189/962] Generating shaders/gather_axis_c64.spv
[190/962] Generating shaders/gather_mm_bf16.spv
[191/962] Generating shaders/gather_mm_f32.spv
[192/962] Generating shaders/gather_qmm_bf16.spv
[193/962] Generating shaders/gather_axis_u32.spv
[194/962] Generating shaders/gather_qmm_f16.spv
[195/962] Generating shaders/gather_mm_f16.spv
[196/962] Generating shaders/gather_qmm_nb_bf16.spv
[197/962] Generating shaders/gather_qmm_nb_f16.spv
[198/962] Generating shaders/gather_qmm_f32.spv
[199/962] Generating shaders/gather_qmm_nb_f32.spv
[200/962] Generating shaders/gather_qmm_nb_fp_f16.spv
[201/962] Generating shaders/gather_qmm_nb_fp_hgs_bf16.spv
[202/962] Generating shaders/gather_qmm_nb_fp_hgs_f16.spv
[203/962] Generating shaders/gather_qmm_nb_fp_bf16.spv
[204/962] Generating shaders/gather_qmm_nb_fp_hgs_f32.spv
[205/962] Generating shaders/hadamard_f16.spv
[206/962] Generating shaders/gather_qmm_nb_fp_f32.spv
[207/962] Generating shaders/hadamard_f32.spv
[208/962] Generating shaders/hadamard_bf16.spv
[209/962] Generating shaders/linalg_eigh_f32.spv
[210/962] Generating shaders/linalg_cholesky_f32.spv
[211/962] Generating shaders/linalg_lu_f32.spv
[212/962] Generating shaders/linalg_inverse_f32.spv
[213/962] Generating shaders/linalg_qr_f32.spv
[214/962] Generating shaders/logical_or_bool.spv
[215/962] Generating shaders/linalg_svd_finalize_f32.spv
[216/962] Generating shaders/linalg_eig_f32.spv
[217/962] Generating shaders/linalg_svd_f32.spv
[218/962] Generating shaders/logsumexp_bf16.spv
[219/962] Generating shaders/logsumexp_f32.spv
[220/962] Generating shaders/masked_scatter_bf16.spv
[221/962] Generating shaders/logsumexp_f16.spv
[222/962] Generating shaders/masked_scatter_u32.spv
[223/962] Generating shaders/matmul_complex64.spv
[224/962] Generating shaders/masked_scatter_f16.spv
[225/962] Generating shaders/matmul_f32.spv
[226/962] Generating shaders/matmul_bf16.spv
[227/962] Generating shaders/matmul_f32_coopmat.spv
[228/962] Generating shaders/matmul_f16.spv
[229/962] Generating shaders/matmul_fma_bf16.spv
[230/962] Generating shaders/matmul_vec_bf16.spv
[231/962] Generating shaders/matmul_vec_f16.spv
[232/962] Generating shaders/matmul_vec_f32.spv
[233/962] Generating shaders/matmul_rb_f16.spv
[234/962] Generating shaders/matmul_f32_coopmat_bf16.spv
[235/962] Generating shaders/matmul_vec_multi_bf16.spv
[236/962] Generating shaders/qmm_coopmat_f16.spv
[237/962] Generating shaders/qmm_f16.spv
[238/962] Generating shaders/qmm_coopmat_m16_f16.spv
[239/962] Generating shaders/qmm_bf16.spv
[240/962] Generating shaders/qmm_f32.spv
[241/962] Generating shaders/qmm_fma_f16.spv
[242/962] Generating shaders/qmm_fp_bf16.spv
[243/962] Generating shaders/qmm_fp_f32.spv
[244/962] Generating shaders/qmm_fma_precise_f16.spv
[245/962] Generating shaders/qmm_tile_bf16.spv
[246/962] Generating shaders/qmm_fp_f16.spv
[247/962] Generating shaders/qmm_tile_fp_bf16.spv
[248/962] Generating shaders/qmm_tile_fp_f16.spv
[249/962] Generating shaders/qmm_tile_fp_f32.spv
[250/962] Generating shaders/qmm_tile_f16.spv
[251/962] Generating shaders/qmm_tile_f32.spv
[252/962] Generating shaders/qmm_tile_rb_precise_f16.spv
[253/962] Generating shaders/qmm_vec_bf16.spv
[254/962] Generating shaders/qmm_vec_f32.spv
[255/962] Generating shaders/qmm_tile_rb_f16.spv
[256/962] Generating shaders/qmm_vec_f16.spv
[257/962] Generating shaders/qmm_vec_fp_f32.spv
[258/962] Generating shaders/qmm_vec_fp_f16.spv
[259/962] Generating shaders/qmm_vec_fp_bf16.spv
[260/962] Generating shaders/qmm_vec_q4_multi_bf16.spv
[261/962] Generating shaders/qmm_vec_q4_multi_f32.spv
[262/962] Generating shaders/qmm_vec_q4_multi_subgroup_f16.spv
[263/962] Generating shaders/qmm_vec_q4_multi_subgroup_f32.spv
[264/962] Generating shaders/qmm_vec_q4_multi_f16.spv
[265/962] Generating shaders/qmm_vec_q4_word_bf16.spv
[266/962] Generating shaders/qmm_vec_q4_word_f16.spv
[267/962] Generating shaders/qmm_vec_q4_multi_subgroup_bf16.spv
[268/962] Generating shaders/qmm_vec_q4_word_f32.spv
[269/962] Generating shaders/qmm_vec_q4_word_subgroup_f16.spv
[270/962] Generating shaders/qmm_vec_q4_word_subgroup_bf16.spv
[271/962] Generating shaders/qmm_vec_q4_word_subgroup_f32.spv
[272/962] Generating shaders/qmm_vec_subgroup_f32.spv
[273/962] Generating shaders/qmm_vec_subgroup_bf16.spv
[274/962] Generating shaders/qmm_vec_subgroup_f16.spv
[275/962] Generating shaders/qmm_vec_subgroup_fp_f32.spv
[276/962] Generating shaders/qmm_vec_subgroup_fp_f16.spv
[277/962] Generating shaders/quantize_f16.spv
[278/962] Generating shaders/quantize_f32.spv
[279/962] Generating shaders/quantize_bf16.spv
[280/962] Generating shaders/qmm_vec_subgroup_fp_bf16.spv
[281/962] Generating shaders/quantize_fp_bf16.spv
[282/962] Generating shaders/quantize_fp_f16.spv
[283/962] Generating shaders/random_bits_u32.spv
[284/962] Generating shaders/reduce_f16.spv
[285/962] Generating shaders/reduce_f32.spv
[286/962] Generating shaders/reduce_general_bf16.spv
[287/962] Generating shaders/reduce_bf16.spv
[288/962] Generating shaders/quantize_fp_f32.spv
[289/962] Generating shaders/reduce_general_complex.spv
[290/962] Generating shaders/reduce_general_f16.spv
[291/962] Generating shaders/reduce_general_bool.spv
[292/962] Generating shaders/reduce_general_i32.spv
[293/962] Generating shaders/reduce_general_f32.spv
[294/962] Generating shaders/reduce_general_i16.spv
[295/962] Generating shaders/reduce_general_u16.spv
[296/962] Generating shaders/reduce_general_i64.spv
[297/962] Generating shaders/reduce_general_u64.spv
[298/962] Generating shaders/reduce_general_u32.spv
[299/962] Generating shaders/scan_bf16.spv
[300/962] Generating shaders/scan_f16.spv
[301/962] Generating shaders/reduce_general_i8.spv
[302/962] Generating shaders/scan_f32.spv
[303/962] Generating shaders/reduce_general_u8.spv
[304/962] Generating shaders/scan_general_bf16.spv
[305/962] Generating shaders/scan_general_f16.spv
[306/962] Generating shaders/scan_general_f32.spv
[307/962] Generating shaders/scan_general_bool.spv
[308/962] Generating shaders/scan_general_i64.spv
[309/962] Generating shaders/scan_general_i32.spv
[310/962] Generating shaders/scan_general_complex.spv
[311/962] Generating shaders/scan_general_u16.spv
[312/962] Generating shaders/scan_general_u32.spv
[313/962] Generating shaders/scan_general_i8.spv
[314/962] Generating shaders/scan_general_i16.spv
[315/962] Generating shaders/scan_general_u64.spv
[316/962] Generating shaders/scan_general_u8.spv
[317/962] Generating shaders/scatter_axis_f16.spv
[318/962] Generating shaders/scatter_axis_c64.spv
[319/962] Generating shaders/scatter_axis_fadd_bf16.spv
[320/962] Generating shaders/scatter_axis_bool.spv
[321/962] Generating shaders/scatter_axis_bf16.spv
[322/962] Generating shaders/scatter_axis_fadd_f16.spv
[323/962] Generating shaders/scatter_axis_fcas_bf16.spv
[324/962] Generating shaders/scatter_axis_fcas_f32.spv
[325/962] Generating shaders/scatter_axis_fadd_f32.spv
[326/962] Generating shaders/scatter_axis_u32.spv
[327/962] Generating shaders/scatter_axis_fcas_f16.spv
[328/962] Generating shaders/scatter_bf16.spv
[329/962] Generating shaders/scatter_bool.spv
[330/962] Generating shaders/scatter_bool_triple.spv
[331/962] Generating shaders/scatter_f16.spv
[332/962] Generating shaders/scatter_bool_multi.spv
[333/962] Generating shaders/scatter_c64.spv
[334/962] Generating shaders/scatter_fadd_f16.spv
[335/962] Generating shaders/scatter_fadd_multi_f32.spv
[336/962] Generating shaders/scatter_fadd_bf16.spv
[337/962] Generating shaders/scatter_fadd_general_f32.spv
[338/962] Generating shaders/scatter_fadd_f32.spv
[339/962] Generating shaders/scatter_fcas_f16.spv
[340/962] Generating shaders/scatter_fcas_f32.spv
[341/962] Generating shaders/scatter_fadd_triple_f32.spv
[342/962] Generating shaders/scatter_fcas_general_f32.spv
[343/962] Generating shaders/scatter_fcas_bf16.spv
[344/962] Generating shaders/scatter_fcas_multi_f32.spv
[345/962] Generating shaders/scatter_general_bool.spv
[346/962] Generating shaders/scatter_general_f16.spv
[347/962] Generating shaders/scatter_general_bf16.spv
[348/962] Generating shaders/scatter_fcas_triple_f32.spv
[349/962] Generating shaders/scatter_general_i8.spv
[350/962] Generating shaders/scatter_general_u16.spv
[351/962] Generating shaders/scatter_general_u8.spv
[352/962] Generating shaders/scatter_general_i16.spv
[353/962] Generating shaders/scatter_multi_bf16.spv
[354/962] Generating shaders/scatter_general_u32.spv
[355/962] Generating shaders/scatter_i8.spv
[356/962] Generating shaders/scatter_i16.spv
[357/962] Generating shaders/scatter_multi_i16.spv
[358/962] Generating shaders/scatter_multi_f16.spv
[359/962] Generating shaders/scatter_multi_u32.spv
[360/962] Generating shaders/scatter_multi_u8.spv
[361/962] Generating shaders/scatter_multi_i8.spv
[362/962] Generating shaders/scatter_triple_i16.spv
[363/962] Generating shaders/scatter_multi_u16.spv
[364/962] Generating shaders/scatter_triple_bf16.spv
[365/962] Generating shaders/scatter_triple_u32.spv
[366/962] Generating shaders/scatter_triple_u16.spv
[367/962] Generating shaders/scatter_triple_i8.spv
[368/962] Generating shaders/scatter_triple_f16.spv
[369/962] Generating shaders/scatter_u16.spv
[370/962] Generating shaders/scatter_triple_u8.spv
[371/962] Generating shaders/sdpa_decode_native_f16.spv
[372/962] Generating shaders/sdpa_decode_native_bf16.spv
[373/962] Generating shaders/scatter_u32.spv
[374/962] Generating shaders/scatter_u8.spv
[375/962] Generating shaders/searchsorted_bf16.spv
[376/962] Generating shaders/searchsorted_f32.spv
[377/962] Generating shaders/searchsorted_i32.spv
[378/962] Generating shaders/searchsorted_f16.spv
[379/962] Generating shaders/searchsorted_u32.spv
[380/962] Generating shaders/sdpa_decode_native_kv_f16.spv
[381/962] Generating shaders/segmented_mm_f32.spv
[382/962] Generating shaders/select_bf16.spv
[383/962] Generating shaders/select_bool.spv
[384/962] Generating shaders/segmented_mm_bf16.spv
[385/962] Generating shaders/segmented_mm_f16.spv
[386/962] Generating shaders/select_complex64.spv
[387/962] Generating shaders/select_f16.spv
[388/962] Generating shaders/select_f32.spv
[389/962] Generating shaders/slice_update_pair_f16.spv
[390/962] Generating shaders/select_i32.spv
[391/962] Generating shaders/slice_update_reduce_f32.spv
[392/962] Generating shaders/slice_update_reduce_u32.spv
[393/962] Generating shaders/slice_update_reduce_f16.spv
[394/962] Generating shaders/softmax_bf16.spv
[395/962] Generating shaders/slice_update_reduce_bf16.spv
[396/962] Generating shaders/softmax_f16.spv
[397/962] Generating shaders/sort_bf16.spv
[398/962] Generating shaders/sort_f16.spv
[399/962] Generating shaders/softmax_f32.spv
[400/962] Generating shaders/sort_c64.spv
[401/962] Generating shaders/sort_i16.spv
[402/962] Generating shaders/sort_i32.spv
[403/962] Generating shaders/sort_merge_bf16.spv
[404/962] Generating shaders/sort_f32.spv
[405/962] Generating shaders/sort_i8.spv
[406/962] Generating shaders/sort_merge_i32.spv
[407/962] Generating shaders/sort_merge_u32.spv
[408/962] Generating shaders/sort_merge_f16.spv
[409/962] Generating shaders/sort_merge_f32.spv
[410/962] Generating shaders/sort_u16.spv
[411/962] Generating shaders/sort_u8.spv
[412/962] Generating shaders/swiglu_f16.spv
[413/962] Generating shaders/sort_u32.spv
[414/962] Generating shaders/take_bf16.spv
[415/962] Generating shaders/swiglu_bf16.spv
[416/962] Generating shaders/take_f32.spv
[417/962] Generating shaders/take_i64.spv
[418/962] Generating shaders/take_f16.spv
[419/962] Generating shaders/take_multi_bf16.spv
[420/962] Generating shaders/take_c64.spv
[421/962] Generating shaders/anyall_bf16.h
[422/962] Generating shaders/take_multi_f32.spv
[423/962] Generating shaders/take_multi_i64.spv
[424/962] Generating shaders/anyall_bool.h
[425/962] Generating shaders/take_multi_c64.spv
[426/962] Generating shaders/take_multi_u16.spv
[427/962] Generating shaders/arange_bf16.h
[428/962] Generating shaders/take_multi_f16.spv
[429/962] Generating shaders/anyall_f32.h
[430/962] Generating shaders/arange_f16.h
[431/962] Generating shaders/anyall_u32.h
[432/962] Generating shaders/anyall_f16.h
[433/962] Generating shaders/arange_i32.h
[434/962] Generating shaders/arange_i64.h
[435/962] Generating shaders/arange_u64.h
[436/962] Generating shaders/anyall_i32.h
[437/962] Generating shaders/arange_u32.h
[438/962] Generating shaders/arange_f32.h
[439/962] Generating shaders/argreduce_f16.h
[440/962] Generating shaders/take_u32.spv
[441/962] Generating shaders/argreduce_f32.h
[442/962] Generating shaders/argreduce_i16.h
[443/962] Generating shaders/argreduce_i32.h
[444/962] Generating shaders/argreduce_bf16.h
[445/962] Generating shaders/argreduce_u16.h
[446/962] Generating compiled_preamble.cpp
[447/962] Generating shaders/argreduce_i8.h
[448/962] Generating shaders/argreduce_u8.h
[449/962] Generating shaders/argreduce_u32.h
[450/962] Generating shaders/argreduce_u64.h
[451/962] Generating shaders/argreduce_i64.h
[452/962] Generating shaders/argsort_f32.h
[453/962] Generating shaders/take_u16.spv
[454/962] Generating shaders/argsort_f16.h
[455/962] Generating shaders/argsort_c64.h
[456/962] Generating shaders/argsort_i16.h
[457/962] Generating shaders/argsort_i32.h
[458/962] Generating shaders/take_multi_u32.spv
[459/962] Generating shaders/argsort_i8.h
[460/962] Generating shaders/argsort_merge_f16.h
[461/962] Generating shaders/argsort_merge_u32.h
[462/962] Generating shaders/argsort_merge_c64.h
[463/962] Generating shaders/argsort_merge_i32.h
[464/962] Generating shaders/argsort_merge_f32.h
[465/962] Generating shaders/argsort_u8.h
[466/962] Generating shaders/argsort_bf16.h
[467/962] Generating shaders/argsort_u16.h
[468/962] Generating shaders/argsort_u32.h
[469/962] Generating shaders/binary_vec_f16.h
[470/962] Generating shaders/argsort_merge_bf16.h
[471/962] Generating shaders/cast_bf16_c64.h
[472/962] Generating shaders/cast_bf16_f16.h
[473/962] Generating shaders/binary_vec_bf16.h
[474/962] Generating shaders/block_mask_f32.h
[475/962] Generating shaders/cast_bf16_f32.h
[476/962] Generating shaders/cast_bool_c64.h
[477/962] Generating shaders/cast_bool_bf16.h
[478/962] Generating shaders/cast_bool_f32.h
[479/962] Generating shaders/cast_bool_i32.h
[480/962] Generating shaders/cast_c64_f32.h
[481/962] Generating shaders/cast_f16_bf16.h
[482/962] Generating shaders/cast_bf16_i32.h
[483/962] Generating shaders/cast_f16_c64.h
[484/962] Generating shaders/cast_f16_f32.h
[485/962] Generating shaders/cast_f16_i32.h
[486/962] Generating shaders/cast_bool_f16.h
[487/962] Generating shaders/cast_f32_bf16.h
[488/962] Generating shaders/cast_i32_bf16.h
[489/962] Generating shaders/cast_f32_c64.h
[490/962] Generating shaders/cast_f32_f16.h
[491/962] Generating shaders/cast_f32_i32.h
[492/962] Generating shaders/cast_i32_f32.h
[493/962] Generating shaders/cast_i32_f16.h
[494/962] Generating shaders/cast_i32_c64.h
[495/962] Generating shaders/cast_int_w1_w1.h
[496/962] Generating shaders/cast_int_w1_w4.h
[497/962] Generating shaders/cast_int_w1_w8.h
[498/962] Generating shaders/cast_int_w2_w4.h
[499/962] Generating shaders/cast_int_w2_w2.h
[500/962] Generating shaders/cast_int_w2_w8.h
[501/962] Generating shaders/cast_int_w2_w1.h
[502/962] Generating shaders/cast_int_w4_w1.h
[503/962] Generating shaders/cast_u32_f32.h
[504/962] Generating shaders/cast_u32_c64.h
[505/962] Generating shaders/cast_int_w4_w4.h
[506/962] Generating shaders/cast_int_w1_w2.h
[507/962] Generating shaders/cast_int_w4_w8.h
[508/962] Generating shaders/cast_int_w8_w1.h
[509/962] Generating shaders/cast_int_w8_w4.h
[510/962] Generating shaders/clear_u32.h
[511/962] Generating shaders/cast_int_w4_w2.h
[512/962] Generating shaders/cast_int_w8_w2.h
[513/962] Generating shaders/cast_int_w8_w8.h
[514/962] Generating shaders/compare_bf16.h
[515/962] Generating shaders/compare_f16.h
[516/962] Generating shaders/compare_bool.h
[517/962] Generating shaders/compare_f32.h
[518/962] Generating shaders/compare_i16.h
[519/962] Generating shaders/compare_i32.h
[520/962] Generating shaders/compare_u16.h
[521/962] Generating shaders/complex_abs_as_complex.h
[522/962] Generating shaders/complex_abs.h
[523/962] Generating shaders/compare_u32.h
[524/962] Generating shaders/compare_i64.h
[525/962] Generating shaders/compare_complex.h
[526/962] Generating shaders/complex_imag.h
[527/962] Generating shaders/compare_u64.h
[528/962] Generating shaders/copy_general_c64.h
[529/962] Generating shaders/copy_general_bool.h
[530/962] Generating shaders/complex_real.h
[531/962] Generating shaders/compare_i8.h
[532/962] Generating shaders/conv_f16.h
[533/962] Generating shaders/conv_bf16.h
[534/962] Generating shaders/conv_f32.h
[535/962] Generating shaders/copy_general_bf16.h
[536/962] Generating shaders/copy_general_f16.h
[537/962] Generating shaders/copy_general_f32.h
[538/962] Generating shaders/copy_general_u32.h
[539/962] Generating shaders/copy_general_u64.h
[540/962] Generating shaders/copy_general_u8.h
[541/962] Generating shaders/compare_u8.h
[542/962] Generating shaders/dequant_fp_bf16.h
[543/962] Generating shaders/dequant_f32.h
[544/962] Generating shaders/copy_general_u16.h
[545/962] Generating shaders/dequant_fp_f32.h
[546/962] Generating shaders/dequant_fp_f16.h
[547/962] Generating shaders/elementwise_i16.h
[548/962] Generating shaders/dequant_bf16.h
[549/962] Generating shaders/elementwise_f16.h
[550/962] Generating shaders/dequant_f16.h
[551/962] Generating shaders/elementwise_i64.h
[552/962] Generating shaders/elementwise_i8.h
[553/962] Generating shaders/elementwise_f32.h
[554/962] Generating shaders/elementwise_u16.h
[555/962] Generating shaders/complex_elementwise.h
[556/962] Generating shaders/elementwise_bf16.h
[557/962] Generating shaders/elementwise_i32.h
[558/962] Generating shaders/elementwise_u32.h
[559/962] Generating shaders/fast_cross_entropy_bf16.h
[560/962] Generating shaders/elementwise_u64.h
[561/962] Generating shaders/fast_cross_entropy_f16.h
[562/962] Generating shaders/fast_cross_entropy_f32.h
[563/962] Generating shaders/fast_cross_entropy_vjp_bf16.h
[564/962] Generating shaders/fast_cross_entropy_vjp_f32.h
[565/962] Generating shaders/fast_cross_entropy_vjp_f16.h
[566/962] Generating shaders/fast_layer_norm_bf16.h
[567/962] Generating shaders/fast_layer_norm_f32.h
[568/962] Generating shaders/fast_layer_norm_vjp_dw_bf16.h
[569/962] Generating shaders/fast_layer_norm_f16.h
[570/962] Generating shaders/fast_layer_norm_vjp_dw_f32.h
[571/962] Generating shaders/fast_layer_norm_vjp_dw_f16.h
[572/962] Generating shaders/elementwise_u8.h
[573/962] Generating shaders/fast_rms_norm_bf16.h
[574/962] Generating shaders/fast_rms_norm_f16.h
[575/962] Generating shaders/fast_layer_norm_vjp_dx_f16.h
[576/962] Generating shaders/fast_rms_norm_f32.h
[577/962] Generating shaders/fast_layer_norm_vjp_dx_bf16.h
[578/962] Generating shaders/fast_layer_norm_vjp_dx_f32.h
[579/962] Generating shaders/fast_rms_norm_vjp_dw_f32.h
[580/962] Generating shaders/fast_rms_norm_vjp_dw_reduce_f16.h
[581/962] Generating shaders/fast_rms_norm_vjp_dw_bf16.h
[582/962] Generating shaders/fast_rms_norm_vjp_dw_reduce_f32.h
[583/962] Generating shaders/fast_rms_norm_vjp_dw_f16.h
[584/962] Generating shaders/fast_rms_norm_vjp_dx_f16.h
[585/962] Generating shaders/fast_rms_norm_vjp_dx_bf16.h
[586/962] Generating shaders/fast_rms_norm_vjp_dw_reduce_bf16.h
[587/962] Generating shaders/fast_rms_norm_vjp_dx_f32.h
[588/962] Generating shaders/fast_rope_f32.h
[589/962] Generating shaders/fast_trio_norm_f16.h
[590/962] Generating shaders/fast_rope_f16.h
[591/962] Generating shaders/fast_rope_freqs_f16.h
[592/962] Generating shaders/fast_rope_bf16.h
[593/962] Generating shaders/fast_rope_freqs_bf16.h
[594/962] Generating shaders/fft_real_f32.h
[595/962] Generating shaders/fast_rope_freqs_f32.h
[596/962] Generating shaders/fft_f32.h
[597/962] Generating shaders/fill_c64.h
[598/962] Generating shaders/fill_bf16.h
[599/962] Generating shaders/fill_f16.h
[600/962] Generating shaders/fill_f32.h
[601/962] Generating shaders/fill_u16.h
[602/962] Generating shaders/fill_u64.h
[603/962] Generating shaders/fast_trio_swiglu_f16.h
[604/962] Generating shaders/fp8_from_bf16.h
[605/962] Generating shaders/fp8_from_f32.h
[606/962] Generating shaders/fp8_from_f16.h
[607/962] Generating shaders/fast_trio_rope_pair_f16.h
[608/962] Generating shaders/fp8_to_bf16.h
[609/962] Generating shaders/fp8_to_f32.h
[610/962] Generating shaders/fp8_to_f16.h
[611/962] Generating shaders/fft_stage_f32.h
[612/962] Generating shaders/gather_axis_c64.h
[613/962] Generating shaders/fused_chain_bf16.h
[614/962] Generating shaders/gather_axis_f16.h
[615/962] Generating shaders/fused_chain_f32.h
[616/962] Generating shaders/gather_axis_u32.h
[617/962] Generating shaders/gather_axis_i64.h
[618/962] Generating shaders/gather_mm_bf16.h
[619/962] Generating shaders/gather_mm_f16.h
[620/962] Generating shaders/gather_axis_bf16.h
[621/962] Generating shaders/gather_qmm_f16.h
[622/962] Generating shaders/gather_mm_f32.h
[623/962] Generating shaders/gather_qmm_f32.h
[624/962] Generating shaders/fused_chain_f16.h
[625/962] Generating shaders/gather_qmm_bf16.h
[626/962] Generating shaders/gather_qmm_nb_f16.h
[627/962] Generating shaders/gather_qmm_nb_f32.h
[628/962] Generating shaders/gather_qmm_nb_bf16.h
[629/962] Generating shaders/linalg_cholesky_f32.h
[630/962] Generating shaders/hadamard_f16.h
[631/962] Generating shaders/hadamard_f32.h
[632/962] Generating shaders/gather_qmm_nb_fp_bf16.h
[633/962] Generating shaders/gather_qmm_nb_fp_f16.h
[634/962] Generating shaders/gather_qmm_nb_fp_f32.h
[635/962] Generating shaders/gather_qmm_nb_fp_hgs_f32.h
[636/962] Generating shaders/gather_qmm_nb_fp_hgs_f16.h
[637/962] Generating shaders/gather_qmm_nb_fp_hgs_bf16.h
[638/962] Generating shaders/hadamard_bf16.h
[639/962] Generating shaders/linalg_lu_f32.h
[640/962] Generating shaders/linalg_eigh_f32.h
[641/962] Generating shaders/logical_or_bool.h
[642/962] Generating shaders/linalg_qr_f32.h
[643/962] Generating shaders/logsumexp_bf16.h
[644/962] Generating shaders/linalg_svd_f32.h
[645/962] Generating shaders/logsumexp_f32.h
[646/962] Generating shaders/linalg_svd_finalize_f32.h
[647/962] Generating shaders/logsumexp_f16.h
[648/962] Generating shaders/linalg_inverse_f32.h
[649/962] Generating shaders/masked_scatter_f16.h
[650/962] Generating shaders/masked_scatter_bf16.h
[651/962] Generating shaders/masked_scatter_u32.h
[652/962] Generating shaders/matmul_bf16.h
[653/962] Generating shaders/matmul_complex64.h
[654/962] Generating shaders/matmul_f16.h
[655/962] Generating shaders/matmul_fma_bf16.h
[656/962] Generating shaders/matmul_vec_f16.h
[657/962] Generating shaders/matmul_f32.h
[658/962] Generating shaders/matmul_f32_coopmat_bf16.h
[659/962] Generating shaders/matmul_vec_bf16.h
[660/962] Generating shaders/matmul_rb_f16.h
[661/962] Generating shaders/matmul_vec_f32.h
[662/962] Generating shaders/linalg_eig_f32.h
[663/962] Generating shaders/matmul_f32_coopmat.h
[664/962] Generating shaders/qmm_coopmat_f16.h
[665/962] Generating shaders/qmm_coopmat_m16_f16.h
[666/962] Generating shaders/qmm_fma_f16.h
[667/962] Generating shaders/qmm_bf16.h
[668/962] Generating shaders/qmm_fp_bf16.h
[669/962] Generating shaders/qmm_fma_precise_f16.h
[670/962] Generating shaders/matmul_vec_multi_bf16.h
[671/962] Generating shaders/qmm_fp_f32.h
[672/962] Generating shaders/qmm_f16.h
[673/962] Generating shaders/qmm_fp_f16.h
[674/962] Generating shaders/qmm_tile_fp_f16.h
[675/962] Generating shaders/qmm_f32.h
[676/962] Generating shaders/qmm_tile_fp_f32.h
[677/962] Generating shaders/qmm_tile_fp_bf16.h
[678/962] Generating shaders/qmm_tile_bf16.h
[679/962] Generating shaders/qmm_tile_rb_precise_f16.h
[680/962] Generating shaders/qmm_tile_rb_f16.h
[681/962] Generating shaders/qmm_tile_f16.h
[682/962] Generating shaders/qmm_tile_f32.h
[683/962] Generating shaders/qmm_vec_fp_f16.h
[684/962] Generating shaders/qmm_vec_fp_bf16.h
[685/962] Generating shaders/qmm_vec_fp_f32.h
[686/962] Generating shaders/qmm_vec_f32.h
[687/962] Generating shaders/qmm_vec_bf16.h
[688/962] Generating shaders/qmm_vec_q4_word_bf16.h
[689/962] Generating shaders/qmm_vec_f16.h
[690/962] Generating shaders/qmm_vec_q4_word_f16.h
[691/962] Generating shaders/qmm_vec_q4_word_subgroup_f16.h
[692/962] Generating shaders/qmm_vec_q4_multi_f16.h
[693/962] Generating shaders/qmm_vec_q4_word_subgroup_bf16.h
[694/962] Generating shaders/qmm_vec_q4_word_f32.h
[695/962] Generating shaders/qmm_vec_q4_word_subgroup_f32.h
[696/962] Generating shaders/qmm_vec_q4_multi_f32.h
[697/962] Generating shaders/qmm_vec_q4_multi_bf16.h
[698/962] Generating shaders/qmm_vec_q4_multi_subgroup_f16.h
[699/962] Generating shaders/qmm_vec_q4_multi_subgroup_bf16.h
[700/962] Generating shaders/qmm_vec_subgroup_fp_bf16.h
[701/962] Generating shaders/qmm_vec_subgroup_fp_f32.h
[702/962] Generating shaders/qmm_vec_subgroup_f16.h
[703/962] Generating shaders/qmm_vec_subgroup_f32.h
[704/962] Generating shaders/qmm_vec_q4_multi_subgroup_f32.h
[705/962] Generating shaders/quantize_bf16.h
[706/962] Generating shaders/quantize_fp_bf16.h
[707/962] Generating shaders/quantize_f16.h
[708/962] Generating shaders/quantize_f32.h
[709/962] Generating shaders/quantize_fp_f16.h
[710/962] Generating shaders/qmm_vec_subgroup_fp_f16.h
[711/962] Generating shaders/random_bits_u32.h
[712/962] Generating shaders/quantize_fp_f32.h
[713/962] Generating shaders/qmm_vec_subgroup_bf16.h
[714/962] Generating shaders/reduce_f16.h
[715/962] Generating shaders/reduce_bf16.h
[716/962] Generating shaders/reduce_f32.h
[717/962] Generating shaders/reduce_general_bool.h
[718/962] Generating shaders/reduce_general_bf16.h
[719/962] Generating shaders/reduce_general_f32.h
[720/962] Generating shaders/reduce_general_f16.h
[721/962] Generating shaders/reduce_general_complex.h
[722/962] Generating shaders/reduce_general_i32.h
[723/962] Generating shaders/reduce_general_i64.h
[724/962] Generating shaders/scan_bf16.h
[725/962] Generating shaders/reduce_general_i16.h
[726/962] Generating shaders/reduce_general_u32.h
[727/962] Generating shaders/reduce_general_u16.h
[728/962] Generating shaders/scan_f32.h
[729/962] Generating shaders/scan_f16.h
[730/962] Generating shaders/reduce_general_u64.h
[731/962] Generating shaders/reduce_general_u8.h
[732/962] Generating shaders/scan_general_f16.h
[733/962] Generating shaders/scan_general_i64.h
[734/962] Generating shaders/scan_general_i32.h
[735/962] Generating shaders/reduce_general_i8.h
[736/962] Generating shaders/scan_general_bool.h
[737/962] Generating shaders/scan_general_f32.h
[738/962] Generating shaders/scan_general_complex.h
[739/962] Generating shaders/scan_general_i16.h
[740/962] Generating shaders/scan_general_i8.h
[741/962] Generating shaders/scan_general_bf16.h
[742/962] Generating shaders/scan_general_u16.h
[743/962] Generating shaders/scan_general_u32.h
[744/962] Generating shaders/scan_general_u64.h
[745/962] Generating shaders/scatter_axis_bf16.h
[746/962] Generating shaders/scan_general_u8.h
[747/962] Generating shaders/scatter_axis_f16.h
[748/962] Generating shaders/scatter_axis_fadd_f16.h
[749/962] Generating shaders/scatter_axis_bool.h
[750/962] Generating shaders/scatter_axis_fadd_f32.h
[751/962] Generating shaders/scatter_axis_fcas_bf16.h
[752/962] Generating shaders/scatter_axis_c64.h
[753/962] Generating shaders/scatter_axis_u32.h
[754/962] Generating shaders/scatter_axis_fadd_bf16.h
[755/962] Generating shaders/scatter_axis_fcas_f32.h
[756/962] Generating shaders/scatter_axis_fcas_f16.h
[757/962] Generating shaders/scatter_bf16.h
[758/962] Generating shaders/scatter_bool.h
[759/962] Generating shaders/scatter_bool_multi.h
[760/962] Generating shaders/scatter_c64.h
[761/962] Generating shaders/scatter_fadd_f32.h
[762/962] Generating shaders/scatter_fadd_bf16.h
[763/962] Generating shaders/scatter_fadd_f16.h
[764/962] Generating shaders/scatter_fadd_general_f32.h
[765/962] Generating shaders/scatter_f16.h
[766/962] Generating shaders/scatter_fadd_multi_f32.h
[767/962] Generating shaders/scatter_fadd_triple_f32.h
[768/962] Generating shaders/scatter_fcas_bf16.h
[769/962] Generating shaders/scatter_fcas_f16.h
[770/962] Generating shaders/scatter_fcas_f32.h
[771/962] Generating shaders/scatter_fcas_general_f32.h
[772/962] Generating shaders/scatter_bool_triple.h
[773/962] Generating shaders/scatter_fcas_multi_f32.h
[774/962] Generating shaders/scatter_general_f16.h
[775/962] Generating shaders/scatter_fcas_triple_f32.h
[776/962] Generating shaders/scatter_general_bf16.h
[777/962] Generating shaders/scatter_general_i16.h
[778/962] Generating shaders/scatter_general_i8.h
[779/962] Generating shaders/scatter_general_bool.h
[780/962] Generating shaders/scatter_general_u16.h
[781/962] Generating shaders/scatter_general_u32.h
[782/962] Generating shaders/scatter_i16.h
[783/962] Generating shaders/scatter_i8.h
[784/962] Generating shaders/scatter_multi_i16.h
[785/962] Generating shaders/scatter_multi_f16.h
[786/962] Generating shaders/scatter_multi_u16.h
[787/962] Generating shaders/scatter_general_u8.h
[788/962] Generating shaders/scatter_multi_i8.h
[789/962] Generating shaders/scatter_multi_u32.h
[790/962] Generating shaders/scatter_multi_bf16.h
[791/962] Generating shaders/scatter_multi_u8.h
[792/962] Generating shaders/scatter_triple_bf16.h
[793/962] Generating shaders/scatter_triple_f16.h
[794/962] Generating shaders/scatter_triple_u16.h
[795/962] Generating shaders/scatter_u16.h
[796/962] Generating shaders/scatter_triple_i16.h
[797/962] Generating shaders/scatter_u32.h
[798/962] Generating shaders/scatter_triple_u32.h
[799/962] Generating shaders/scatter_triple_u8.h
[800/962] Generating shaders/sdpa_decode_native_bf16.h
[801/962] Generating shaders/searchsorted_bf16.h
[802/962] Generating shaders/scatter_u8.h
[803/962] Generating shaders/searchsorted_f16.h
[804/962] Generating shaders/sdpa_decode_native_f16.h
[805/962] Generating shaders/searchsorted_f32.h
[806/962] Generating shaders/searchsorted_u32.h
[807/962] Generating shaders/scatter_triple_i8.h
[808/962] Generating shaders/searchsorted_i32.h
[809/962] Generating shaders/select_bool.h
[810/962] Generating shaders/segmented_mm_bf16.h
[811/962] Generating shaders/segmented_mm_f16.h
[812/962] Generating shaders/segmented_mm_f32.h
[813/962] Generating shaders/select_bf16.h
[814/962] Generating shaders/select_f16.h
[815/962] Generating shaders/select_complex64.h
[816/962] Generating shaders/slice_update_pair_f16.h
[817/962] Generating shaders/slice_update_reduce_f16.h
[818/962] Generating shaders/slice_update_reduce_bf16.h
[819/962] Generating shaders/slice_update_reduce_f32.h
[820/962] Generating shaders/softmax_bf16.h
[821/962] Generating shaders/slice_update_reduce_u32.h
[822/962] Generating shaders/softmax_f16.h
[823/962] Generating shaders/sort_bf16.h
[824/962] Generating shaders/sdpa_decode_native_kv_f16.h
[825/962] Generating shaders/select_f32.h
[826/962] Generating shaders/softmax_f32.h
[827/962] Generating shaders/sort_f32.h
[828/962] Generating shaders/sort_i32.h
[829/962] Generating shaders/sort_c64.h
[830/962] Generating shaders/select_i32.h
[831/962] Generating shaders/sort_f16.h
[832/962] Generating shaders/sort_i16.h
[833/962] Generating shaders/sort_i8.h
[834/962] Generating shaders/sort_merge_bf16.h
[835/962] Generating shaders/sort_merge_f32.h
[836/962] Generating shaders/sort_merge_u32.h
[837/962] Generating shaders/sort_merge_i32.h
[838/962] Generating shaders/sort_u16.h
[839/962] Generating shaders/sort_u32.h
[840/962] Generating shaders/sort_merge_f16.h
[841/962] Generating shaders/swiglu_f16.h
[842/962] Generating shaders/take_f16.h
[843/962] Generating shaders/take_f32.h
[844/962] Generating shaders/take_c64.h
[845/962] Generating shaders/take_bf16.h
[846/962] Generating shaders/swiglu_bf16.h
[847/962] Generating shaders/sort_u8.h
[848/962] Generating shaders/take_i64.h
[849/962] Generating shaders/take_multi_f16.h
[850/962] Generating shaders/take_multi_bf16.h
[851/962] Generating shaders/take_multi_i64.h
[852/962] Generating shaders/take_multi_f32.h
[853/962] Generating shaders/take_multi_u16.h
[854/962] Generating shaders/take_multi_u32.h
[855/962] Generating shaders/take_multi_c64.h
[856/962] Building CXX object mlx/CMakeFiles/mlx_version.dir/version.cpp.o
[857/962] Generating shaders/take_u16.h
[858/962] Generating shaders/take_u32.h
[859/962] Building CXX object CMakeFiles/mlx.dir/mlx/device.cpp.o
[860/962] Building CXX object CMakeFiles/mlx.dir/mlx/dtype.cpp.o
[861/962] Building CXX object CMakeFiles/mlx.dir/mlx/dtype_utils.cpp.o
In file included from /var/tmp/SdpaKvMajorJw16/cand-tree/.work/mlx/mlx/event.h:8,
                 from /var/tmp/SdpaKvMajorJw16/cand-tree/.work/mlx/mlx/array.h:13,
                 from /var/tmp/SdpaKvMajorJw16/cand-tree/.work/mlx/mlx/utils.h:13,
                 from /var/tmp/SdpaKvMajorJw16/cand-tree/.work/mlx/mlx/dtype_utils.h:8,
                 from /var/tmp/SdpaKvMajorJw16/cand-tree/.work/mlx/mlx/dtype_utils.cpp:3:
/var/tmp/SdpaKvMajorJw16/cand-tree/.work/mlx/mlx/error.h: In member function 'void mlx::core::Error::set_message(Message)':
/var/tmp/SdpaKvMajorJw16/cand-tree/.work/mlx/mlx/error.h:17:22: warning: 'void std::atomic_store(shared_ptr<_Tp>*, shared_ptr<_Tp>) [with _Tp = __cxx11::basic_string<char>]' is deprecated: use 'std::atomic<std::shared_ptr<T>>' instead [-Wdeprecated-declarations]
   17 |     std::atomic_store(&message_, std::move(msg));
      |     ~~~~~~~~~~~~~~~~~^~~~~~~~~~~~~~~~~~~~~~~~~~~
In file included from /usr/include/c++/16.1.1/memory:83,
                 from /var/tmp/SdpaKvMajorJw16/cand-tree/.work/mlx/mlx/array.h:7:
/usr/include/c++/16.1.1/bits/shared_ptr_atomic.h:183:5: note: declared here
  183 |     atomic_store(shared_ptr<_Tp>* __p, shared_ptr<_Tp> __r)
      |     ^~~~~~~~~~~~
/var/tmp/SdpaKvMajorJw16/cand-tree/.work/mlx/mlx/error.h: In member function 'bool mlx::core::Error::valid() const':
/var/tmp/SdpaKvMajorJw16/cand-tree/.work/mlx/mlx/error.h:21:32: warning: 'std::shared_ptr<_Tp> std::atomic_load(const shared_ptr<_Tp>*) [with _Tp = __cxx11::basic_string<char>]' is deprecated: use 'std::atomic<std::shared_ptr<T>>' instead [-Wdeprecated-declarations]
   21 |     auto msg = std::atomic_load(&message_);
      |                ~~~~~~~~~~~~~~~~^~~~~~~~~~~
/usr/include/c++/16.1.1/bits/shared_ptr_atomic.h:142:5: note: declared here
  142 |     atomic_load(const shared_ptr<_Tp>* __p)
      |     ^~~~~~~~~~~
/var/tmp/SdpaKvMajorJw16/cand-tree/.work/mlx/mlx/error.h: In member function 'bool mlx::core::Error::store_if_valid(const mlx::core::Error*)':
/var/tmp/SdpaKvMajorJw16/cand-tree/.work/mlx/mlx/error.h:28:37: warning: 'std::shared_ptr<_Tp> std::atomic_load(const shared_ptr<_Tp>*) [with _Tp = __cxx11::basic_string<char>]' is deprecated: use 'std::atomic<std::shared_ptr<T>>' instead [-Wdeprecated-declarations]
   28 |       Message msg = std::atomic_load(&ptr->message_);
      |                     ~~~~~~~~~~~~~~~~^~~~~~~~~~~~~~~~
/usr/include/c++/16.1.1/bits/shared_ptr_atomic.h:142:5: note: declared here
  142 |     atomic_load(const shared_ptr<_Tp>* __p)
      |     ^~~~~~~~~~~
/var/tmp/SdpaKvMajorJw16/cand-tree/.work/mlx/mlx/error.h: In member function 'void mlx::core::Error::check()':
/var/tmp/SdpaKvMajorJw16/cand-tree/.work/mlx/mlx/error.h:39:36: warning: 'std::shared_ptr<_Tp> std::atomic_exchange(shared_ptr<_Tp>*, shared_ptr<_Tp>) [with _Tp = __cxx11::basic_string<char>]' is deprecated: use 'std::atomic<std::shared_ptr<T>>' instead [-Wdeprecated-declarations]
   39 |     auto msg = std::atomic_exchange(&message_, {});
      |                ~~~~~~~~~~~~~~~~~~~~^~~~~~~~~~~~~~~
/usr/include/c++/16.1.1/bits/shared_ptr_atomic.h:225:5: note: declared here
  225 |     atomic_exchange(shared_ptr<_Tp>* __p, shared_ptr<_Tp> __r)
      |     ^~~~~~~~~~~~~~~
[862/962] Building CXX object CMakeFiles/mlx.dir/mlx/fft.cpp.o
In file included from /var/tmp/SdpaKvMajorJw16/cand-tree/.work/mlx/mlx/event.h:8,
                 from /var/tmp/SdpaKvMajorJw16/cand-tree/.work/mlx/mlx/array.h:13,
                 from /var/tmp/SdpaKvMajorJw16/cand-tree/.work/mlx/mlx/fft.h:8,
                 from /var/tmp/SdpaKvMajorJw16/cand-tree/.work/mlx/mlx/fft.cpp:7:
/var/tmp/SdpaKvMajorJw16/cand-tree/.work/mlx/mlx/error.h: In member function 'void mlx::core::Error::set_message(Message)':
/var/tmp/SdpaKvMajorJw16/cand-tree/.work/mlx/mlx/error.h:17:22: warning: 'void std::atomic_store(shared_ptr<_Tp>*, shared_ptr<_Tp>) [with _Tp = __cxx11::basic_string<char>]' is deprecated: use 'std::atomic<std::shared_ptr<T>>' instead [-Wdeprecated-declarations]
   17 |     std::atomic_store(&message_, std::move(msg));
      |     ~~~~~~~~~~~~~~~~~^~~~~~~~~~~~~~~~~~~~~~~~~~~
In file included from /usr/include/c++/16.1.1/memory:83,
                 from /var/tmp/SdpaKvMajorJw16/cand-tree/.work/mlx/mlx/array.h:7:
/usr/include/c++/16.1.1/bits/shared_ptr_atomic.h:183:5: note: declared here
  183 |     atomic_store(shared_ptr<_Tp>* __p, shared_ptr<_Tp> __r)
      |     ^~~~~~~~~~~~
/var/tmp/SdpaKvMajorJw16/cand-tree/.work/mlx/mlx/error.h: In member function 'bool mlx::core::Error::valid() const':
/var/tmp/SdpaKvMajorJw16/cand-tree/.work/mlx/mlx/error.h:21:32: warning: 'std::shared_ptr<_Tp> std::atomic_load(const shared_ptr<_Tp>*) [with _Tp = __cxx11::basic_string<char>]' is deprecated: use 'std::atomic<std::shared_ptr<T>>' instead [-Wdeprecated-declarations]
   21 |     auto msg = std::atomic_load(&message_);
      |                ~~~~~~~~~~~~~~~~^~~~~~~~~~~
/usr/include/c++/16.1.1/bits/shared_ptr_atomic.h:142:5: note: declared here
  142 |     atomic_load(const shared_ptr<_Tp>* __p)
      |     ^~~~~~~~~~~
/var/tmp/SdpaKvMajorJw16/cand-tree/.work/mlx/mlx/error.h: In member function 'bool mlx::core::Error::store_if_valid(const mlx::core::Error*)':
/var/tmp/SdpaKvMajorJw16/cand-tree/.work/mlx/mlx/error.h:28:37: warning: 'std::shared_ptr<_Tp> std::atomic_load(const shared_ptr<_Tp>*) [with _Tp = __cxx11::basic_string<char>]' is deprecated: use 'std::atomic<std::shared_ptr<T>>' instead [-Wdeprecated-declarations]
   28 |       Message msg = std::atomic_load(&ptr->message_);
      |                     ~~~~~~~~~~~~~~~~^~~~~~~~~~~~~~~~
/usr/include/c++/16.1.1/bits/shared_ptr_atomic.h:142:5: note: declared here
  142 |     atomic_load(const shared_ptr<_Tp>* __p)
      |     ^~~~~~~~~~~
/var/tmp/SdpaKvMajorJw16/cand-tree/.work/mlx/mlx/error.h: In member function 'void mlx::core::Error::check()':
/var/tmp/SdpaKvMajorJw16/cand-tree/.work/mlx/mlx/error.h:39:36: warning: 'std::shared_ptr<_Tp> std::atomic_exchange(shared_ptr<_Tp>*, shared_ptr<_Tp>) [with _Tp = __cxx11::basic_string<char>]' is deprecated: use 'std::atomic<std::shared_ptr<T>>' instead [-Wdeprecated-declarations]
   39 |     auto msg = std::atomic_exchange(&message_, {});
      |                ~~~~~~~~~~~~~~~~~~~~^~~~~~~~~~~~~~~
/usr/include/c++/16.1.1/bits/shared_ptr_atomic.h:225:5: note: declared here
  225 |     atomic_exchange(shared_ptr<_Tp>* __p, shared_ptr<_Tp> __r)
      |     ^~~~~~~~~~~~~~~
[863/962] Building CXX object CMakeFiles/mlx.dir/mlx/graph_utils.cpp.o
In file included from /var/tmp/SdpaKvMajorJw16/cand-tree/.work/mlx/mlx/event.h:8,
                 from /var/tmp/SdpaKvMajorJw16/cand-tree/.work/mlx/mlx/array.h:13,
                 from /var/tmp/SdpaKvMajorJw16/cand-tree/.work/mlx/mlx/graph_utils.h:8,
                 from /var/tmp/SdpaKvMajorJw16/cand-tree/.work/mlx/mlx/graph_utils.cpp:9:
/var/tmp/SdpaKvMajorJw16/cand-tree/.work/mlx/mlx/error.h: In member function 'void mlx::core::Error::set_message(Message)':
/var/tmp/SdpaKvMajorJw16/cand-tree/.work/mlx/mlx/error.h:17:22: warning: 'void std::atomic_store(shared_ptr<_Tp>*, shared_ptr<_Tp>) [with _Tp = __cxx11::basic_string<char>]' is deprecated: use 'std::atomic<std::shared_ptr<T>>' instead [-Wdeprecated-declarations]
   17 |     std::atomic_store(&message_, std::move(msg));
      |     ~~~~~~~~~~~~~~~~~^~~~~~~~~~~~~~~~~~~~~~~~~~~
In file included from /usr/include/c++/16.1.1/memory:83,
                 from /var/tmp/SdpaKvMajorJw16/cand-tree/.work/mlx/mlx/array.h:7:
/usr/include/c++/16.1.1/bits/shared_ptr_atomic.h:183:5: note: declared here
  183 |     atomic_store(shared_ptr<_Tp>* __p, shared_ptr<_Tp> __r)
      |     ^~~~~~~~~~~~
/var/tmp/SdpaKvMajorJw16/cand-tree/.work/mlx/mlx/error.h: In member function 'bool mlx::core::Error::valid() const':
/var/tmp/SdpaKvMajorJw16/cand-tree/.work/mlx/mlx/error.h:21:32: warning: 'std::shared_ptr<_Tp> std::atomic_load(const shared_ptr<_Tp>*) [with _Tp = __cxx11::basic_string<char>]' is deprecated: use 'std::atomic<std::shared_ptr<T>>' instead [-Wdeprecated-declarations]
   21 |     auto msg = std::atomic_load(&message_);
      |                ~~~~~~~~~~~~~~~~^~~~~~~~~~~
/usr/include/c++/16.1.1/bits/shared_ptr_atomic.h:142:5: note: declared here
  142 |     atomic_load(const shared_ptr<_Tp>* __p)
      |     ^~~~~~~~~~~
/var/tmp/SdpaKvMajorJw16/cand-tree/.work/mlx/mlx/error.h: In member function 'bool mlx::core::Error::store_if_valid(const mlx::core::Error*)':
/var/tmp/SdpaKvMajorJw16/cand-tree/.work/mlx/mlx/error.h:28:37: warning: 'std::shared_ptr<_Tp> std::atomic_load(const shared_ptr<_Tp>*) [with _Tp = __cxx11::basic_string<char>]' is deprecated: use 'std::atomic<std::shared_ptr<T>>' instead [-Wdeprecated-declarations]
   28 |       Message msg = std::atomic_load(&ptr->message_);
      |                     ~~~~~~~~~~~~~~~~^~~~~~~~~~~~~~~~
/usr/include/c++/16.1.1/bits/shared_ptr_atomic.h:142:5: note: declared here
  142 |     atomic_load(const shared_ptr<_Tp>* __p)
      |     ^~~~~~~~~~~
/var/tmp/SdpaKvMajorJw16/cand-tree/.work/mlx/mlx/error.h: In member function 'void mlx::core::Error::check()':
/var/tmp/SdpaKvMajorJw16/cand-tree/.work/mlx/mlx/error.h:39:36: warning: 'std::shared_ptr<_Tp> std::atomic_exchange(shared_ptr<_Tp>*, shared_ptr<_Tp>) [with _Tp = __cxx11::basic_string<char>]' is deprecated: use 'std::atomic<std::shared_ptr<T>>' instead [-Wdeprecated-declarations]
   39 |     auto msg = std::atomic_exchange(&message_, {});
      |                ~~~~~~~~~~~~~~~~~~~~^~~~~~~~~~~~~~~
/usr/include/c++/16.1.1/bits/shared_ptr_atomic.h:225:5: note: declared here
  225 |     atomic_exchange(shared_ptr<_Tp>* __p, shared_ptr<_Tp> __r)
      |     ^~~~~~~~~~~~~~~
[864/962] Building CXX object CMakeFiles/mlx.dir/mlx/array.cpp.o
In file included from /var/tmp/SdpaKvMajorJw16/cand-tree/.work/mlx/mlx/event.h:8,
                 from /var/tmp/SdpaKvMajorJw16/cand-tree/.work/mlx/mlx/array.h:13,
                 from /var/tmp/SdpaKvMajorJw16/cand-tree/.work/mlx/mlx/array.cpp:5:
/var/tmp/SdpaKvMajorJw16/cand-tree/.work/mlx/mlx/error.h: In member function 'void mlx::core::Error::set_message(Message)':
/var/tmp/SdpaKvMajorJw16/cand-tree/.work/mlx/mlx/error.h:17:22: warning: 'void std::atomic_store(shared_ptr<_Tp>*, shared_ptr<_Tp>) [with _Tp = __cxx11::basic_string<char>]' is deprecated: use 'std::atomic<std::shared_ptr<T>>' instead [-Wdeprecated-declarations]
   17 |     std::atomic_store(&message_, std::move(msg));
      |     ~~~~~~~~~~~~~~~~~^~~~~~~~~~~~~~~~~~~~~~~~~~~
In file included from /usr/include/c++/16.1.1/memory:83,
                 from /var/tmp/SdpaKvMajorJw16/cand-tree/.work/mlx/mlx/array.h:7:
/usr/include/c++/16.1.1/bits/shared_ptr_atomic.h:183:5: note: declared here
  183 |     atomic_store(shared_ptr<_Tp>* __p, shared_ptr<_Tp> __r)
      |     ^~~~~~~~~~~~
/var/tmp/SdpaKvMajorJw16/cand-tree/.work/mlx/mlx/error.h: In member function 'bool mlx::core::Error::valid() const':
/var/tmp/SdpaKvMajorJw16/cand-tree/.work/mlx/mlx/error.h:21:32: warning: 'std::shared_ptr<_Tp> std::atomic_load(const shared_ptr<_Tp>*) [with _Tp = __cxx11::basic_string<char>]' is deprecated: use 'std::atomic<std::shared_ptr<T>>' instead [-Wdeprecated-declarations]
   21 |     auto msg = std::atomic_load(&message_);
      |                ~~~~~~~~~~~~~~~~^~~~~~~~~~~
/usr/include/c++/16.1.1/bits/shared_ptr_atomic.h:142:5: note: declared here
  142 |     atomic_load(const shared_ptr<_Tp>* __p)
      |     ^~~~~~~~~~~
/var/tmp/SdpaKvMajorJw16/cand-tree/.work/mlx/mlx/error.h: In member function 'bool mlx::core::Error::store_if_valid(const mlx::core::Error*)':
/var/tmp/SdpaKvMajorJw16/cand-tree/.work/mlx/mlx/error.h:28:37: warning: 'std::shared_ptr<_Tp> std::atomic_load(const shared_ptr<_Tp>*) [with _Tp = __cxx11::basic_string<char>]' is deprecated: use 'std::atomic<std::shared_ptr<T>>' instead [-Wdeprecated-declarations]
   28 |       Message msg = std::atomic_load(&ptr->message_);
      |                     ~~~~~~~~~~~~~~~~^~~~~~~~~~~~~~~~
/usr/include/c++/16.1.1/bits/shared_ptr_atomic.h:142:5: note: declared here
  142 |     atomic_load(const shared_ptr<_Tp>* __p)
      |     ^~~~~~~~~~~
/var/tmp/SdpaKvMajorJw16/cand-tree/.work/mlx/mlx/error.h: In member function 'void mlx::core::Error::check()':
/var/tmp/SdpaKvMajorJw16/cand-tree/.work/mlx/mlx/error.h:39:36: warning: 'std::shared_ptr<_Tp> std::atomic_exchange(shared_ptr<_Tp>*, shared_ptr<_Tp>) [with _Tp = __cxx11::basic_string<char>]' is deprecated: use 'std::atomic<std::shared_ptr<T>>' instead [-Wdeprecated-declarations]
   39 |     auto msg = std::atomic_exchange(&message_, {});
      |                ~~~~~~~~~~~~~~~~~~~~^~~~~~~~~~~~~~~
/usr/include/c++/16.1.1/bits/shared_ptr_atomic.h:225:5: note: declared here
  225 |     atomic_exchange(shared_ptr<_Tp>* __p, shared_ptr<_Tp> __r)
      |     ^~~~~~~~~~~~~~~
[865/962] Building CXX object CMakeFiles/mlx.dir/mlx/stream.cpp.o
In file included from /var/tmp/SdpaKvMajorJw16/cand-tree/.work/mlx/mlx/event.h:8,
                 from /var/tmp/SdpaKvMajorJw16/cand-tree/.work/mlx/mlx/array.h:13,
                 from /var/tmp/SdpaKvMajorJw16/cand-tree/.work/mlx/mlx/backend/cpu/eval.h:5,
                 from /var/tmp/SdpaKvMajorJw16/cand-tree/.work/mlx/mlx/stream.cpp:5:
/var/tmp/SdpaKvMajorJw16/cand-tree/.work/mlx/mlx/error.h: In member function 'void mlx::core::Error::set_message(Message)':
/var/tmp/SdpaKvMajorJw16/cand-tree/.work/mlx/mlx/error.h:17:22: warning: 'void std::atomic_store(shared_ptr<_Tp>*, shared_ptr<_Tp>) [with _Tp = __cxx11::basic_string<char>]' is deprecated: use 'std::atomic<std::shared_ptr<T>>' instead [-Wdeprecated-declarations]
   17 |     std::atomic_store(&message_, std::move(msg));
      |     ~~~~~~~~~~~~~~~~~^~~~~~~~~~~~~~~~~~~~~~~~~~~
In file included from /usr/include/c++/16.1.1/memory:83,
                 from /var/tmp/SdpaKvMajorJw16/cand-tree/.work/mlx/mlx/array.h:7:
/usr/include/c++/16.1.1/bits/shared_ptr_atomic.h:183:5: note: declared here
  183 |     atomic_store(shared_ptr<_Tp>* __p, shared_ptr<_Tp> __r)
      |     ^~~~~~~~~~~~
/var/tmp/SdpaKvMajorJw16/cand-tree/.work/mlx/mlx/error.h: In member function 'bool mlx::core::Error::valid() const':
/var/tmp/SdpaKvMajorJw16/cand-tree/.work/mlx/mlx/error.h:21:32: warning: 'std::shared_ptr<_Tp> std::atomic_load(const shared_ptr<_Tp>*) [with _Tp = __cxx11::basic_string<char>]' is deprecated: use 'std::atomic<std::shared_ptr<T>>' instead [-Wdeprecated-declarations]
   21 |     auto msg = std::atomic_load(&message_);
      |                ~~~~~~~~~~~~~~~~^~~~~~~~~~~
/usr/include/c++/16.1.1/bits/shared_ptr_atomic.h:142:5: note: declared here
  142 |     atomic_load(const shared_ptr<_Tp>* __p)
      |     ^~~~~~~~~~~
/var/tmp/SdpaKvMajorJw16/cand-tree/.work/mlx/mlx/error.h: In member function 'bool mlx::core::Error::store_if_valid(const mlx::core::Error*)':
/var/tmp/SdpaKvMajorJw16/cand-tree/.work/mlx/mlx/error.h:28:37: warning: 'std::shared_ptr<_Tp> std::atomic_load(const shared_ptr<_Tp>*) [with _Tp = __cxx11::basic_string<char>]' is deprecated: use 'std::atomic<std::shared_ptr<T>>' instead [-Wdeprecated-declarations]
   28 |       Message msg = std::atomic_load(&ptr->message_);
      |                     ~~~~~~~~~~~~~~~~^~~~~~~~~~~~~~~~
/usr/include/c++/16.1.1/bits/shared_ptr_atomic.h:142:5: note: declared here
  142 |     atomic_load(const shared_ptr<_Tp>* __p)
      |     ^~~~~~~~~~~
/var/tmp/SdpaKvMajorJw16/cand-tree/.work/mlx/mlx/error.h: In member function 'void mlx::core::Error::check()':
/var/tmp/SdpaKvMajorJw16/cand-tree/.work/mlx/mlx/error.h:39:36: warning: 'std::shared_ptr<_Tp> std::atomic_exchange(shared_ptr<_Tp>*, shared_ptr<_Tp>) [with _Tp = __cxx11::basic_string<char>]' is deprecated: use 'std::atomic<std::shared_ptr<T>>' instead [-Wdeprecated-declarations]
   39 |     auto msg = std::atomic_exchange(&message_, {});
      |                ~~~~~~~~~~~~~~~~~~~~^~~~~~~~~~~~~~~
/usr/include/c++/16.1.1/bits/shared_ptr_atomic.h:225:5: note: declared here
  225 |     atomic_exchange(shared_ptr<_Tp>* __p, shared_ptr<_Tp> __r)
      |     ^~~~~~~~~~~~~~~
[866/962] Building CXX object CMakeFiles/mlx.dir/mlx/scheduler.cpp.o
In file included from /var/tmp/SdpaKvMajorJw16/cand-tree/.work/mlx/mlx/event.h:8,
                 from /var/tmp/SdpaKvMajorJw16/cand-tree/.work/mlx/mlx/array.h:13,
                 from /var/tmp/SdpaKvMajorJw16/cand-tree/.work/mlx/mlx/backend/cpu/eval.h:5,
                 from /var/tmp/SdpaKvMajorJw16/cand-tree/.work/mlx/mlx/scheduler.cpp:6:
/var/tmp/SdpaKvMajorJw16/cand-tree/.work/mlx/mlx/error.h: In member function 'void mlx::core::Error::set_message(Message)':
/var/tmp/SdpaKvMajorJw16/cand-tree/.work/mlx/mlx/error.h:17:22: warning: 'void std::atomic_store(shared_ptr<_Tp>*, shared_ptr<_Tp>) [with _Tp = __cxx11::basic_string<char>]' is deprecated: use 'std::atomic<std::shared_ptr<T>>' instead [-Wdeprecated-declarations]
   17 |     std::atomic_store(&message_, std::move(msg));
      |     ~~~~~~~~~~~~~~~~~^~~~~~~~~~~~~~~~~~~~~~~~~~~
In file included from /usr/include/c++/16.1.1/memory:83,
                 from /var/tmp/SdpaKvMajorJw16/cand-tree/.work/mlx/mlx/array.h:7:
/usr/include/c++/16.1.1/bits/shared_ptr_atomic.h:183:5: note: declared here
  183 |     atomic_store(shared_ptr<_Tp>* __p, shared_ptr<_Tp> __r)
      |     ^~~~~~~~~~~~
/var/tmp/SdpaKvMajorJw16/cand-tree/.work/mlx/mlx/error.h: In member function 'bool mlx::core::Error::valid() const':
/var/tmp/SdpaKvMajorJw16/cand-tree/.work/mlx/mlx/error.h:21:32: warning: 'std::shared_ptr<_Tp> std::atomic_load(const shared_ptr<_Tp>*) [with _Tp = __cxx11::basic_string<char>]' is deprecated: use 'std::atomic<std::shared_ptr<T>>' instead [-Wdeprecated-declarations]
   21 |     auto msg = std::atomic_load(&message_);
      |                ~~~~~~~~~~~~~~~~^~~~~~~~~~~
/usr/include/c++/16.1.1/bits/shared_ptr_atomic.h:142:5: note: declared here
  142 |     atomic_load(const shared_ptr<_Tp>* __p)
      |     ^~~~~~~~~~~
/var/tmp/SdpaKvMajorJw16/cand-tree/.work/mlx/mlx/error.h: In member function 'bool mlx::core::Error::store_if_valid(const mlx::core::Error*)':
/var/tmp/SdpaKvMajorJw16/cand-tree/.work/mlx/mlx/error.h:28:37: warning: 'std::shared_ptr<_Tp> std::atomic_load(const shared_ptr<_Tp>*) [with _Tp = __cxx11::basic_string<char>]' is deprecated: use 'std::atomic<std::shared_ptr<T>>' instead [-Wdeprecated-declarations]
   28 |       Message msg = std::atomic_load(&ptr->message_);
      |                     ~~~~~~~~~~~~~~~~^~~~~~~~~~~~~~~~
/usr/include/c++/16.1.1/bits/shared_ptr_atomic.h:142:5: note: declared here
  142 |     atomic_load(const shared_ptr<_Tp>* __p)
      |     ^~~~~~~~~~~
/var/tmp/SdpaKvMajorJw16/cand-tree/.work/mlx/mlx/error.h: In member function 'void mlx::core::Error::check()':
/var/tmp/SdpaKvMajorJw16/cand-tree/.work/mlx/mlx/error.h:39:36: warning: 'std::shared_ptr<_Tp> std::atomic_exchange(shared_ptr<_Tp>*, shared_ptr<_Tp>) [with _Tp = __cxx11::basic_string<char>]' is deprecated: use 'std::atomic<std::shared_ptr<T>>' instead [-Wdeprecated-declarations]
   39 |     auto msg = std::atomic_exchange(&message_, {});
      |                ~~~~~~~~~~~~~~~~~~~~^~~~~~~~~~~~~~~
/usr/include/c++/16.1.1/bits/shared_ptr_atomic.h:225:5: note: declared here
  225 |     atomic_exchange(shared_ptr<_Tp>* __p, shared_ptr<_Tp> __r)
      |     ^~~~~~~~~~~~~~~
[867/962] Building CXX object CMakeFiles/mlx.dir/mlx/random.cpp.o
In file included from /var/tmp/SdpaKvMajorJw16/cand-tree/.work/mlx/mlx/event.h:8,
                 from /var/tmp/SdpaKvMajorJw16/cand-tree/.work/mlx/mlx/array.h:13,
                 from /var/tmp/SdpaKvMajorJw16/cand-tree/.work/mlx/mlx/linalg.h:8,
                 from /var/tmp/SdpaKvMajorJw16/cand-tree/.work/mlx/mlx/random.cpp:7:
/var/tmp/SdpaKvMajorJw16/cand-tree/.work/mlx/mlx/error.h: In member function 'void mlx::core::Error::set_message(Message)':
/var/tmp/SdpaKvMajorJw16/cand-tree/.work/mlx/mlx/error.h:17:22: warning: 'void std::atomic_store(shared_ptr<_Tp>*, shared_ptr<_Tp>) [with _Tp = __cxx11::basic_string<char>]' is deprecated: use 'std::atomic<std::shared_ptr<T>>' instead [-Wdeprecated-declarations]
   17 |     std::atomic_store(&message_, std::move(msg));
      |     ~~~~~~~~~~~~~~~~~^~~~~~~~~~~~~~~~~~~~~~~~~~~
In file included from /usr/include/c++/16.1.1/memory:83,
                 from /var/tmp/SdpaKvMajorJw16/cand-tree/.work/mlx/mlx/array.h:7:
/usr/include/c++/16.1.1/bits/shared_ptr_atomic.h:183:5: note: declared here
  183 |     atomic_store(shared_ptr<_Tp>* __p, shared_ptr<_Tp> __r)
      |     ^~~~~~~~~~~~
/var/tmp/SdpaKvMajorJw16/cand-tree/.work/mlx/mlx/error.h: In member function 'bool mlx::core::Error::valid() const':
/var/tmp/SdpaKvMajorJw16/cand-tree/.work/mlx/mlx/error.h:21:32: warning: 'std::shared_ptr<_Tp> std::atomic_load(const shared_ptr<_Tp>*) [with _Tp = __cxx11::basic_string<char>]' is deprecated: use 'std::atomic<std::shared_ptr<T>>' instead [-Wdeprecated-declarations]
   21 |     auto msg = std::atomic_load(&message_);
      |                ~~~~~~~~~~~~~~~~^~~~~~~~~~~
/usr/include/c++/16.1.1/bits/shared_ptr_atomic.h:142:5: note: declared here
  142 |     atomic_load(const shared_ptr<_Tp>* __p)
      |     ^~~~~~~~~~~
/var/tmp/SdpaKvMajorJw16/cand-tree/.work/mlx/mlx/error.h: In member function 'bool mlx::core::Error::store_if_valid(const mlx::core::Error*)':
/var/tmp/SdpaKvMajorJw16/cand-tree/.work/mlx/mlx/error.h:28:37: warning: 'std::shared_ptr<_Tp> std::atomic_load(const shared_ptr<_Tp>*) [with _Tp = __cxx11::basic_string<char>]' is deprecated: use 'std::atomic<std::shared_ptr<T>>' instead [-Wdeprecated-declarations]
   28 |       Message msg = std::atomic_load(&ptr->message_);
      |                     ~~~~~~~~~~~~~~~~^~~~~~~~~~~~~~~~
/usr/include/c++/16.1.1/bits/shared_ptr_atomic.h:142:5: note: declared here
  142 |     atomic_load(const shared_ptr<_Tp>* __p)
      |     ^~~~~~~~~~~
/var/tmp/SdpaKvMajorJw16/cand-tree/.work/mlx/mlx/error.h: In member function 'void mlx::core::Error::check()':
/var/tmp/SdpaKvMajorJw16/cand-tree/.work/mlx/mlx/error.h:39:36: warning: 'std::shared_ptr<_Tp> std::atomic_exchange(shared_ptr<_Tp>*, shared_ptr<_Tp>) [with _Tp = __cxx11::basic_string<char>]' is deprecated: use 'std::atomic<std::shared_ptr<T>>' instead [-Wdeprecated-declarations]
   39 |     auto msg = std::atomic_exchange(&message_, {});
      |                ~~~~~~~~~~~~~~~~~~~~^~~~~~~~~~~~~~~
/usr/include/c++/16.1.1/bits/shared_ptr_atomic.h:225:5: note: declared here
  225 |     atomic_exchange(shared_ptr<_Tp>* __p, shared_ptr<_Tp> __r)
      |     ^~~~~~~~~~~~~~~
[868/962] Building CXX object CMakeFiles/mlx.dir/mlx/fast.cpp.o
In file included from /var/tmp/SdpaKvMajorJw16/cand-tree/.work/mlx/mlx/event.h:8,
                 from /var/tmp/SdpaKvMajorJw16/cand-tree/.work/mlx/mlx/array.h:13,
                 from /var/tmp/SdpaKvMajorJw16/cand-tree/.work/mlx/mlx/utils.h:13,
                 from /var/tmp/SdpaKvMajorJw16/cand-tree/.work/mlx/mlx/fast.h:10,
                 from /var/tmp/SdpaKvMajorJw16/cand-tree/.work/mlx/mlx/fast.cpp:5:
/var/tmp/SdpaKvMajorJw16/cand-tree/.work/mlx/mlx/error.h: In member function 'void mlx::core::Error::set_message(Message)':
/var/tmp/SdpaKvMajorJw16/cand-tree/.work/mlx/mlx/error.h:17:22: warning: 'void std::atomic_store(shared_ptr<_Tp>*, shared_ptr<_Tp>) [with _Tp = __cxx11::basic_string<char>]' is deprecated: use 'std::atomic<std::shared_ptr<T>>' instead [-Wdeprecated-declarations]
   17 |     std::atomic_store(&message_, std::move(msg));
      |     ~~~~~~~~~~~~~~~~~^~~~~~~~~~~~~~~~~~~~~~~~~~~
In file included from /usr/include/c++/16.1.1/memory:83,
                 from /var/tmp/SdpaKvMajorJw16/cand-tree/.work/mlx/mlx/array.h:7:
/usr/include/c++/16.1.1/bits/shared_ptr_atomic.h:183:5: note: declared here
  183 |     atomic_store(shared_ptr<_Tp>* __p, shared_ptr<_Tp> __r)
      |     ^~~~~~~~~~~~
/var/tmp/SdpaKvMajorJw16/cand-tree/.work/mlx/mlx/error.h: In member function 'bool mlx::core::Error::valid() const':
/var/tmp/SdpaKvMajorJw16/cand-tree/.work/mlx/mlx/error.h:21:32: warning: 'std::shared_ptr<_Tp> std::atomic_load(const shared_ptr<_Tp>*) [with _Tp = __cxx11::basic_string<char>]' is deprecated: use 'std::atomic<std::shared_ptr<T>>' instead [-Wdeprecated-declarations]
   21 |     auto msg = std::atomic_load(&message_);
      |                ~~~~~~~~~~~~~~~~^~~~~~~~~~~
/usr/include/c++/16.1.1/bits/shared_ptr_atomic.h:142:5: note: declared here
  142 |     atomic_load(const shared_ptr<_Tp>* __p)
      |     ^~~~~~~~~~~
/var/tmp/SdpaKvMajorJw16/cand-tree/.work/mlx/mlx/error.h: In member function 'bool mlx::core::Error::store_if_valid(const mlx::core::Error*)':
/var/tmp/SdpaKvMajorJw16/cand-tree/.work/mlx/mlx/error.h:28:37: warning: 'std::shared_ptr<_Tp> std::atomic_load(const shared_ptr<_Tp>*) [with _Tp = __cxx11::basic_string<char>]' is deprecated: use 'std::atomic<std::shared_ptr<T>>' instead [-Wdeprecated-declarations]
   28 |       Message msg = std::atomic_load(&ptr->message_);
      |                     ~~~~~~~~~~~~~~~~^~~~~~~~~~~~~~~~
/usr/include/c++/16.1.1/bits/shared_ptr_atomic.h:142:5: note: declared here
  142 |     atomic_load(const shared_ptr<_Tp>* __p)
      |     ^~~~~~~~~~~
/var/tmp/SdpaKvMajorJw16/cand-tree/.work/mlx/mlx/error.h: In member function 'void mlx::core::Error::check()':
/var/tmp/SdpaKvMajorJw16/cand-tree/.work/mlx/mlx/error.h:39:36: warning: 'std::shared_ptr<_Tp> std::atomic_exchange(shared_ptr<_Tp>*, shared_ptr<_Tp>) [with _Tp = __cxx11::basic_string<char>]' is deprecated: use 'std::atomic<std::shared_ptr<T>>' instead [-Wdeprecated-declarations]
   39 |     auto msg = std::atomic_exchange(&message_, {});
      |                ~~~~~~~~~~~~~~~~~~~~^~~~~~~~~~~~~~~
/usr/include/c++/16.1.1/bits/shared_ptr_atomic.h:225:5: note: declared here
  225 |     atomic_exchange(shared_ptr<_Tp>* __p, shared_ptr<_Tp> __r)
      |     ^~~~~~~~~~~~~~~
[869/962] Building CXX object CMakeFiles/mlx.dir/mlx/backend/common/broadcasting.cpp.o
In file included from /var/tmp/SdpaKvMajorJw16/cand-tree/.work/mlx/mlx/event.h:8,
                 from /var/tmp/SdpaKvMajorJw16/cand-tree/.work/mlx/mlx/array.h:13,
                 from /var/tmp/SdpaKvMajorJw16/cand-tree/.work/mlx/mlx/backend/common/utils.h:9,
                 from /var/tmp/SdpaKvMajorJw16/cand-tree/.work/mlx/mlx/backend/common/broadcasting.cpp:3:
/var/tmp/SdpaKvMajorJw16/cand-tree/.work/mlx/mlx/error.h: In member function 'void mlx::core::Error::set_message(Message)':
/var/tmp/SdpaKvMajorJw16/cand-tree/.work/mlx/mlx/error.h:17:22: warning: 'void std::atomic_store(shared_ptr<_Tp>*, shared_ptr<_Tp>) [with _Tp = __cxx11::basic_string<char>]' is deprecated: use 'std::atomic<std::shared_ptr<T>>' instead [-Wdeprecated-declarations]
   17 |     std::atomic_store(&message_, std::move(msg));
      |     ~~~~~~~~~~~~~~~~~^~~~~~~~~~~~~~~~~~~~~~~~~~~
In file included from /usr/include/c++/16.1.1/memory:83,
                 from /var/tmp/SdpaKvMajorJw16/cand-tree/.work/mlx/mlx/array.h:7:
/usr/include/c++/16.1.1/bits/shared_ptr_atomic.h:183:5: note: declared here
  183 |     atomic_store(shared_ptr<_Tp>* __p, shared_ptr<_Tp> __r)
      |     ^~~~~~~~~~~~
/var/tmp/SdpaKvMajorJw16/cand-tree/.work/mlx/mlx/error.h: In member function 'bool mlx::core::Error::valid() const':
/var/tmp/SdpaKvMajorJw16/cand-tree/.work/mlx/mlx/error.h:21:32: warning: 'std::shared_ptr<_Tp> std::atomic_load(const shared_ptr<_Tp>*) [with _Tp = __cxx11::basic_string<char>]' is deprecated: use 'std::atomic<std::shared_ptr<T>>' instead [-Wdeprecated-declarations]
   21 |     auto msg = std::atomic_load(&message_);
      |                ~~~~~~~~~~~~~~~~^~~~~~~~~~~
/usr/include/c++/16.1.1/bits/shared_ptr_atomic.h:142:5: note: declared here
  142 |     atomic_load(const shared_ptr<_Tp>* __p)
      |     ^~~~~~~~~~~
/var/tmp/SdpaKvMajorJw16/cand-tree/.work/mlx/mlx/error.h: In member function 'bool mlx::core::Error::store_if_valid(const mlx::core::Error*)':
/var/tmp/SdpaKvMajorJw16/cand-tree/.work/mlx/mlx/error.h:28:37: warning: 'std::shared_ptr<_Tp> std::atomic_load(const shared_ptr<_Tp>*) [with _Tp = __cxx11::basic_string<char>]' is deprecated: use 'std::atomic<std::shared_ptr<T>>' instead [-Wdeprecated-declarations]
   28 |       Message msg = std::atomic_load(&ptr->message_);
      |                     ~~~~~~~~~~~~~~~~^~~~~~~~~~~~~~~~
/usr/include/c++/16.1.1/bits/shared_ptr_atomic.h:142:5: note: declared here
  142 |     atomic_load(const shared_ptr<_Tp>* __p)
      |     ^~~~~~~~~~~
/var/tmp/SdpaKvMajorJw16/cand-tree/.work/mlx/mlx/error.h: In member function 'void mlx::core::Error::check()':
/var/tmp/SdpaKvMajorJw16/cand-tree/.work/mlx/mlx/error.h:39:36: warning: 'std::shared_ptr<_Tp> std::atomic_exchange(shared_ptr<_Tp>*, shared_ptr<_Tp>) [with _Tp = __cxx11::basic_string<char>]' is deprecated: use 'std::atomic<std::shared_ptr<T>>' instead [-Wdeprecated-declarations]
   39 |     auto msg = std::atomic_exchange(&message_, {});
      |                ~~~~~~~~~~~~~~~~~~~~^~~~~~~~~~~~~~~
/usr/include/c++/16.1.1/bits/shared_ptr_atomic.h:225:5: note: declared here
  225 |     atomic_exchange(shared_ptr<_Tp>* __p, shared_ptr<_Tp> __r)
      |     ^~~~~~~~~~~~~~~
[870/962] Building CXX object CMakeFiles/mlx.dir/mlx/compile.cpp.o
In file included from /var/tmp/SdpaKvMajorJw16/cand-tree/.work/mlx/mlx/event.h:8,
                 from /var/tmp/SdpaKvMajorJw16/cand-tree/.work/mlx/mlx/array.h:13,
                 from /var/tmp/SdpaKvMajorJw16/cand-tree/.work/mlx/mlx/backend/common/compiled.h:8,
                 from /var/tmp/SdpaKvMajorJw16/cand-tree/.work/mlx/mlx/compile.cpp:12:
/var/tmp/SdpaKvMajorJw16/cand-tree/.work/mlx/mlx/error.h: In member function 'void mlx::core::Error::set_message(Message)':
/var/tmp/SdpaKvMajorJw16/cand-tree/.work/mlx/mlx/error.h:17:22: warning: 'void std::atomic_store(shared_ptr<_Tp>*, shared_ptr<_Tp>) [with _Tp = __cxx11::basic_string<char>]' is deprecated: use 'std::atomic<std::shared_ptr<T>>' instead [-Wdeprecated-declarations]
   17 |     std::atomic_store(&message_, std::move(msg));
      |     ~~~~~~~~~~~~~~~~~^~~~~~~~~~~~~~~~~~~~~~~~~~~
In file included from /usr/include/c++/16.1.1/memory:83,
                 from /var/tmp/SdpaKvMajorJw16/cand-tree/.work/mlx/mlx/array.h:7:
/usr/include/c++/16.1.1/bits/shared_ptr_atomic.h:183:5: note: declared here
  183 |     atomic_store(shared_ptr<_Tp>* __p, shared_ptr<_Tp> __r)
      |     ^~~~~~~~~~~~
/var/tmp/SdpaKvMajorJw16/cand-tree/.work/mlx/mlx/error.h: In member function 'bool mlx::core::Error::valid() const':
/var/tmp/SdpaKvMajorJw16/cand-tree/.work/mlx/mlx/error.h:21:32: warning: 'std::shared_ptr<_Tp> std::atomic_load(const shared_ptr<_Tp>*) [with _Tp = __cxx11::basic_string<char>]' is deprecated: use 'std::atomic<std::shared_ptr<T>>' instead [-Wdeprecated-declarations]
   21 |     auto msg = std::atomic_load(&message_);
      |                ~~~~~~~~~~~~~~~~^~~~~~~~~~~
/usr/include/c++/16.1.1/bits/shared_ptr_atomic.h:142:5: note: declared here
  142 |     atomic_load(const shared_ptr<_Tp>* __p)
      |     ^~~~~~~~~~~
/var/tmp/SdpaKvMajorJw16/cand-tree/.work/mlx/mlx/error.h: In member function 'bool mlx::core::Error::store_if_valid(const mlx::core::Error*)':
/var/tmp/SdpaKvMajorJw16/cand-tree/.work/mlx/mlx/error.h:28:37: warning: 'std::shared_ptr<_Tp> std::atomic_load(const shared_ptr<_Tp>*) [with _Tp = __cxx11::basic_string<char>]' is deprecated: use 'std::atomic<std::shared_ptr<T>>' instead [-Wdeprecated-declarations]
   28 |       Message msg = std::atomic_load(&ptr->message_);
      |                     ~~~~~~~~~~~~~~~~^~~~~~~~~~~~~~~~
/usr/include/c++/16.1.1/bits/shared_ptr_atomic.h:142:5: note: declared here
  142 |     atomic_load(const shared_ptr<_Tp>* __p)
      |     ^~~~~~~~~~~
/var/tmp/SdpaKvMajorJw16/cand-tree/.work/mlx/mlx/error.h: In member function 'void mlx::core::Error::check()':
/var/tmp/SdpaKvMajorJw16/cand-tree/.work/mlx/mlx/error.h:39:36: warning: 'std::shared_ptr<_Tp> std::atomic_exchange(shared_ptr<_Tp>*, shared_ptr<_Tp>) [with _Tp = __cxx11::basic_string<char>]' is deprecated: use 'std::atomic<std::shared_ptr<T>>' instead [-Wdeprecated-declarations]
   39 |     auto msg = std::atomic_exchange(&message_, {});
      |                ~~~~~~~~~~~~~~~~~~~~^~~~~~~~~~~~~~~
/usr/include/c++/16.1.1/bits/shared_ptr_atomic.h:225:5: note: declared here
  225 |     atomic_exchange(shared_ptr<_Tp>* __p, shared_ptr<_Tp> __r)
      |     ^~~~~~~~~~~~~~~
[871/962] Building CXX object CMakeFiles/mlx.dir/mlx/einsum.cpp.o
In file included from /var/tmp/SdpaKvMajorJw16/cand-tree/.work/mlx/mlx/event.h:8,
                 from /var/tmp/SdpaKvMajorJw16/cand-tree/.work/mlx/mlx/array.h:13,
                 from /var/tmp/SdpaKvMajorJw16/cand-tree/.work/mlx/mlx/einsum.h:9,
                 from /var/tmp/SdpaKvMajorJw16/cand-tree/.work/mlx/mlx/einsum.cpp:7:
/var/tmp/SdpaKvMajorJw16/cand-tree/.work/mlx/mlx/error.h: In member function 'void mlx::core::Error::set_message(Message)':
/var/tmp/SdpaKvMajorJw16/cand-tree/.work/mlx/mlx/error.h:17:22: warning: 'void std::atomic_store(shared_ptr<_Tp>*, shared_ptr<_Tp>) [with _Tp = __cxx11::basic_string<char>]' is deprecated: use 'std::atomic<std::shared_ptr<T>>' instead [-Wdeprecated-declarations]
   17 |     std::atomic_store(&message_, std::move(msg));
      |     ~~~~~~~~~~~~~~~~~^~~~~~~~~~~~~~~~~~~~~~~~~~~
In file included from /usr/include/c++/16.1.1/memory:83,
                 from /var/tmp/SdpaKvMajorJw16/cand-tree/.work/mlx/mlx/array.h:7:
/usr/include/c++/16.1.1/bits/shared_ptr_atomic.h:183:5: note: declared here
  183 |     atomic_store(shared_ptr<_Tp>* __p, shared_ptr<_Tp> __r)
      |     ^~~~~~~~~~~~
/var/tmp/SdpaKvMajorJw16/cand-tree/.work/mlx/mlx/error.h: In member function 'bool mlx::core::Error::valid() const':
/var/tmp/SdpaKvMajorJw16/cand-tree/.work/mlx/mlx/error.h:21:32: warning: 'std::shared_ptr<_Tp> std::atomic_load(const shared_ptr<_Tp>*) [with _Tp = __cxx11::basic_string<char>]' is deprecated: use 'std::atomic<std::shared_ptr<T>>' instead [-Wdeprecated-declarations]
   21 |     auto msg = std::atomic_load(&message_);
      |                ~~~~~~~~~~~~~~~~^~~~~~~~~~~
/usr/include/c++/16.1.1/bits/shared_ptr_atomic.h:142:5: note: declared here
  142 |     atomic_load(const shared_ptr<_Tp>* __p)
      |     ^~~~~~~~~~~
/var/tmp/SdpaKvMajorJw16/cand-tree/.work/mlx/mlx/error.h: In member function 'bool mlx::core::Error::store_if_valid(const mlx::core::Error*)':
/var/tmp/SdpaKvMajorJw16/cand-tree/.work/mlx/mlx/error.h:28:37: warning: 'std::shared_ptr<_Tp> std::atomic_load(const shared_ptr<_Tp>*) [with _Tp = __cxx11::basic_string<char>]' is deprecated: use 'std::atomic<std::shared_ptr<T>>' instead [-Wdeprecated-declarations]
   28 |       Message msg = std::atomic_load(&ptr->message_);
      |                     ~~~~~~~~~~~~~~~~^~~~~~~~~~~~~~~~
/usr/include/c++/16.1.1/bits/shared_ptr_atomic.h:142:5: note: declared here
  142 |     atomic_load(const shared_ptr<_Tp>* __p)
      |     ^~~~~~~~~~~
/var/tmp/SdpaKvMajorJw16/cand-tree/.work/mlx/mlx/error.h: In member function 'void mlx::core::Error::check()':
/var/tmp/SdpaKvMajorJw16/cand-tree/.work/mlx/mlx/error.h:39:36: warning: 'std::shared_ptr<_Tp> std::atomic_exchange(shared_ptr<_Tp>*, shared_ptr<_Tp>) [with _Tp = __cxx11::basic_string<char>]' is deprecated: use 'std::atomic<std::shared_ptr<T>>' instead [-Wdeprecated-declarations]
   39 |     auto msg = std::atomic_exchange(&message_, {});
      |                ~~~~~~~~~~~~~~~~~~~~^~~~~~~~~~~~~~~
/usr/include/c++/16.1.1/bits/shared_ptr_atomic.h:225:5: note: declared here
  225 |     atomic_exchange(shared_ptr<_Tp>* __p, shared_ptr<_Tp> __r)
      |     ^~~~~~~~~~~~~~~
[872/962] Building CXX object CMakeFiles/mlx.dir/mlx/backend/common/common.cpp.o
In file included from /var/tmp/SdpaKvMajorJw16/cand-tree/.work/mlx/mlx/event.h:8,
                 from /var/tmp/SdpaKvMajorJw16/cand-tree/.work/mlx/mlx/array.h:13,
                 from /var/tmp/SdpaKvMajorJw16/cand-tree/.work/mlx/mlx/backend/common/broadcasting.h:5,
                 from /var/tmp/SdpaKvMajorJw16/cand-tree/.work/mlx/mlx/backend/common/common.cpp:4:
/var/tmp/SdpaKvMajorJw16/cand-tree/.work/mlx/mlx/error.h: In member function 'void mlx::core::Error::set_message(Message)':
/var/tmp/SdpaKvMajorJw16/cand-tree/.work/mlx/mlx/error.h:17:22: warning: 'void std::atomic_store(shared_ptr<_Tp>*, shared_ptr<_Tp>) [with _Tp = __cxx11::basic_string<char>]' is deprecated: use 'std::atomic<std::shared_ptr<T>>' instead [-Wdeprecated-declarations]
   17 |     std::atomic_store(&message_, std::move(msg));
      |     ~~~~~~~~~~~~~~~~~^~~~~~~~~~~~~~~~~~~~~~~~~~~
In file included from /usr/include/c++/16.1.1/memory:83,
                 from /var/tmp/SdpaKvMajorJw16/cand-tree/.work/mlx/mlx/array.h:7:
/usr/include/c++/16.1.1/bits/shared_ptr_atomic.h:183:5: note: declared here
  183 |     atomic_store(shared_ptr<_Tp>* __p, shared_ptr<_Tp> __r)
      |     ^~~~~~~~~~~~
/var/tmp/SdpaKvMajorJw16/cand-tree/.work/mlx/mlx/error.h: In member function 'bool mlx::core::Error::valid() const':
/var/tmp/SdpaKvMajorJw16/cand-tree/.work/mlx/mlx/error.h:21:32: warning: 'std::shared_ptr<_Tp> std::atomic_load(const shared_ptr<_Tp>*) [with _Tp = __cxx11::basic_string<char>]' is deprecated: use 'std::atomic<std::shared_ptr<T>>' instead [-Wdeprecated-declarations]
   21 |     auto msg = std::atomic_load(&message_);
      |                ~~~~~~~~~~~~~~~~^~~~~~~~~~~
/usr/include/c++/16.1.1/bits/shared_ptr_atomic.h:142:5: note: declared here
  142 |     atomic_load(const shared_ptr<_Tp>* __p)
      |     ^~~~~~~~~~~
/var/tmp/SdpaKvMajorJw16/cand-tree/.work/mlx/mlx/error.h: In member function 'bool mlx::core::Error::store_if_valid(const mlx::core::Error*)':
/var/tmp/SdpaKvMajorJw16/cand-tree/.work/mlx/mlx/error.h:28:37: warning: 'std::shared_ptr<_Tp> std::atomic_load(const shared_ptr<_Tp>*) [with _Tp = __cxx11::basic_string<char>]' is deprecated: use 'std::atomic<std::shared_ptr<T>>' instead [-Wdeprecated-declarations]
   28 |       Message msg = std::atomic_load(&ptr->message_);
      |                     ~~~~~~~~~~~~~~~~^~~~~~~~~~~~~~~~
/usr/include/c++/16.1.1/bits/shared_ptr_atomic.h:142:5: note: declared here
  142 |     atomic_load(const shared_ptr<_Tp>* __p)
      |     ^~~~~~~~~~~
/var/tmp/SdpaKvMajorJw16/cand-tree/.work/mlx/mlx/error.h: In member function 'void mlx::core::Error::check()':
/var/tmp/SdpaKvMajorJw16/cand-tree/.work/mlx/mlx/error.h:39:36: warning: 'std::shared_ptr<_Tp> std::atomic_exchange(shared_ptr<_Tp>*, shared_ptr<_Tp>) [with _Tp = __cxx11::basic_string<char>]' is deprecated: use 'std::atomic<std::shared_ptr<T>>' instead [-Wdeprecated-declarations]
   39 |     auto msg = std::atomic_exchange(&message_, {});
      |                ~~~~~~~~~~~~~~~~~~~~^~~~~~~~~~~~~~~
/usr/include/c++/16.1.1/bits/shared_ptr_atomic.h:225:5: note: declared here
  225 |     atomic_exchange(shared_ptr<_Tp>* __p, shared_ptr<_Tp> __r)
      |     ^~~~~~~~~~~~~~~
[873/962] Building CXX object CMakeFiles/mlx.dir/mlx/backend/common/compiled.cpp.o
In file included from /var/tmp/SdpaKvMajorJw16/cand-tree/.work/mlx/mlx/event.h:8,
                 from /var/tmp/SdpaKvMajorJw16/cand-tree/.work/mlx/mlx/array.h:13,
                 from /var/tmp/SdpaKvMajorJw16/cand-tree/.work/mlx/mlx/backend/common/compiled.h:8,
                 from /var/tmp/SdpaKvMajorJw16/cand-tree/.work/mlx/mlx/backend/common/compiled.cpp:3:
/var/tmp/SdpaKvMajorJw16/cand-tree/.work/mlx/mlx/error.h: In member function 'void mlx::core::Error::set_message(Message)':
/var/tmp/SdpaKvMajorJw16/cand-tree/.work/mlx/mlx/error.h:17:22: warning: 'void std::atomic_store(shared_ptr<_Tp>*, shared_ptr<_Tp>) [with _Tp = __cxx11::basic_string<char>]' is deprecated: use 'std::atomic<std::shared_ptr<T>>' instead [-Wdeprecated-declarations]
   17 |     std::atomic_store(&message_, std::move(msg));
      |     ~~~~~~~~~~~~~~~~~^~~~~~~~~~~~~~~~~~~~~~~~~~~
In file included from /usr/include/c++/16.1.1/memory:83,
                 from /var/tmp/SdpaKvMajorJw16/cand-tree/.work/mlx/mlx/array.h:7:
/usr/include/c++/16.1.1/bits/shared_ptr_atomic.h:183:5: note: declared here
  183 |     atomic_store(shared_ptr<_Tp>* __p, shared_ptr<_Tp> __r)
      |     ^~~~~~~~~~~~
/var/tmp/SdpaKvMajorJw16/cand-tree/.work/mlx/mlx/error.h: In member function 'bool mlx::core::Error::valid() const':
/var/tmp/SdpaKvMajorJw16/cand-tree/.work/mlx/mlx/error.h:21:32: warning: 'std::shared_ptr<_Tp> std::atomic_load(const shared_ptr<_Tp>*) [with _Tp = __cxx11::basic_string<char>]' is deprecated: use 'std::atomic<std::shared_ptr<T>>' instead [-Wdeprecated-declarations]
   21 |     auto msg = std::atomic_load(&message_);
      |                ~~~~~~~~~~~~~~~~^~~~~~~~~~~
/usr/include/c++/16.1.1/bits/shared_ptr_atomic.h:142:5: note: declared here
  142 |     atomic_load(const shared_ptr<_Tp>* __p)
      |     ^~~~~~~~~~~
/var/tmp/SdpaKvMajorJw16/cand-tree/.work/mlx/mlx/error.h: In member function 'bool mlx::core::Error::store_if_valid(const mlx::core::Error*)':
/var/tmp/SdpaKvMajorJw16/cand-tree/.work/mlx/mlx/error.h:28:37: warning: 'std::shared_ptr<_Tp> std::atomic_load(const shared_ptr<_Tp>*) [with _Tp = __cxx11::basic_string<char>]' is deprecated: use 'std::atomic<std::shared_ptr<T>>' instead [-Wdeprecated-declarations]
   28 |       Message msg = std::atomic_load(&ptr->message_);
      |                     ~~~~~~~~~~~~~~~~^~~~~~~~~~~~~~~~
/usr/include/c++/16.1.1/bits/shared_ptr_atomic.h:142:5: note: declared here
  142 |     atomic_load(const shared_ptr<_Tp>* __p)
      |     ^~~~~~~~~~~
/var/tmp/SdpaKvMajorJw16/cand-tree/.work/mlx/mlx/error.h: In member function 'void mlx::core::Error::check()':
/var/tmp/SdpaKvMajorJw16/cand-tree/.work/mlx/mlx/error.h:39:36: warning: 'std::shared_ptr<_Tp> std::atomic_exchange(shared_ptr<_Tp>*, shared_ptr<_Tp>) [with _Tp = __cxx11::basic_string<char>]' is deprecated: use 'std::atomic<std::shared_ptr<T>>' instead [-Wdeprecated-declarations]
   39 |     auto msg = std::atomic_exchange(&message_, {});
      |                ~~~~~~~~~~~~~~~~~~~~^~~~~~~~~~~~~~~
/usr/include/c++/16.1.1/bits/shared_ptr_atomic.h:225:5: note: declared here
  225 |     atomic_exchange(shared_ptr<_Tp>* __p, shared_ptr<_Tp> __r)
      |     ^~~~~~~~~~~~~~~
[874/962] Building CXX object CMakeFiles/mlx.dir/mlx/utils.cpp.o
In file included from /var/tmp/SdpaKvMajorJw16/cand-tree/.work/mlx/mlx/event.h:8,
                 from /var/tmp/SdpaKvMajorJw16/cand-tree/.work/mlx/mlx/array.h:13,
                 from /var/tmp/SdpaKvMajorJw16/cand-tree/.work/mlx/mlx/utils.h:13,
                 from /var/tmp/SdpaKvMajorJw16/cand-tree/.work/mlx/mlx/dtype_utils.h:8,
                 from /var/tmp/SdpaKvMajorJw16/cand-tree/.work/mlx/mlx/utils.cpp:10:
/var/tmp/SdpaKvMajorJw16/cand-tree/.work/mlx/mlx/error.h: In member function 'void mlx::core::Error::set_message(Message)':
/var/tmp/SdpaKvMajorJw16/cand-tree/.work/mlx/mlx/error.h:17:22: warning: 'void std::atomic_store(shared_ptr<_Tp>*, shared_ptr<_Tp>) [with _Tp = __cxx11::basic_string<char>]' is deprecated: use 'std::atomic<std::shared_ptr<T>>' instead [-Wdeprecated-declarations]
   17 |     std::atomic_store(&message_, std::move(msg));
      |     ~~~~~~~~~~~~~~~~~^~~~~~~~~~~~~~~~~~~~~~~~~~~
In file included from /usr/include/c++/16.1.1/memory:83,
                 from /var/tmp/SdpaKvMajorJw16/cand-tree/.work/mlx/mlx/array.h:7:
/usr/include/c++/16.1.1/bits/shared_ptr_atomic.h:183:5: note: declared here
  183 |     atomic_store(shared_ptr<_Tp>* __p, shared_ptr<_Tp> __r)
      |     ^~~~~~~~~~~~
/var/tmp/SdpaKvMajorJw16/cand-tree/.work/mlx/mlx/error.h: In member function 'bool mlx::core::Error::valid() const':
/var/tmp/SdpaKvMajorJw16/cand-tree/.work/mlx/mlx/error.h:21:32: warning: 'std::shared_ptr<_Tp> std::atomic_load(const shared_ptr<_Tp>*) [with _Tp = __cxx11::basic_string<char>]' is deprecated: use 'std::atomic<std::shared_ptr<T>>' instead [-Wdeprecated-declarations]
   21 |     auto msg = std::atomic_load(&message_);
      |                ~~~~~~~~~~~~~~~~^~~~~~~~~~~
/usr/include/c++/16.1.1/bits/shared_ptr_atomic.h:142:5: note: declared here
  142 |     atomic_load(const shared_ptr<_Tp>* __p)
      |     ^~~~~~~~~~~
/var/tmp/SdpaKvMajorJw16/cand-tree/.work/mlx/mlx/error.h: In member function 'bool mlx::core::Error::store_if_valid(const mlx::core::Error*)':
/var/tmp/SdpaKvMajorJw16/cand-tree/.work/mlx/mlx/error.h:28:37: warning: 'std::shared_ptr<_Tp> std::atomic_load(const shared_ptr<_Tp>*) [with _Tp = __cxx11::basic_string<char>]' is deprecated: use 'std::atomic<std::shared_ptr<T>>' instead [-Wdeprecated-declarations]
   28 |       Message msg = std::atomic_load(&ptr->message_);
      |                     ~~~~~~~~~~~~~~~~^~~~~~~~~~~~~~~~
/usr/include/c++/16.1.1/bits/shared_ptr_atomic.h:142:5: note: declared here
  142 |     atomic_load(const shared_ptr<_Tp>* __p)
      |     ^~~~~~~~~~~
/var/tmp/SdpaKvMajorJw16/cand-tree/.work/mlx/mlx/error.h: In member function 'void mlx::core::Error::check()':
/var/tmp/SdpaKvMajorJw16/cand-tree/.work/mlx/mlx/error.h:39:36: warning: 'std::shared_ptr<_Tp> std::atomic_exchange(shared_ptr<_Tp>*, shared_ptr<_Tp>) [with _Tp = __cxx11::basic_string<char>]' is deprecated: use 'std::atomic<std::shared_ptr<T>>' instead [-Wdeprecated-declarations]
   39 |     auto msg = std::atomic_exchange(&message_, {});
      |                ~~~~~~~~~~~~~~~~~~~~^~~~~~~~~~~~~~~
/usr/include/c++/16.1.1/bits/shared_ptr_atomic.h:225:5: note: declared here
  225 |     atomic_exchange(shared_ptr<_Tp>* __p, shared_ptr<_Tp> __r)
      |     ^~~~~~~~~~~~~~~
[875/962] Building CXX object CMakeFiles/mlx.dir/mlx/backend/common/load.cpp.o
In file included from /var/tmp/SdpaKvMajorJw16/cand-tree/.work/mlx/mlx/event.h:8,
                 from /var/tmp/SdpaKvMajorJw16/cand-tree/.work/mlx/mlx/array.h:13,
                 from /var/tmp/SdpaKvMajorJw16/cand-tree/.work/mlx/mlx/primitives.h:8,
                 from /var/tmp/SdpaKvMajorJw16/cand-tree/.work/mlx/mlx/backend/common/load.cpp:6:
/var/tmp/SdpaKvMajorJw16/cand-tree/.work/mlx/mlx/error.h: In member function 'void mlx::core::Error::set_message(Message)':
/var/tmp/SdpaKvMajorJw16/cand-tree/.work/mlx/mlx/error.h:17:22: warning: 'void std::atomic_store(shared_ptr<_Tp>*, shared_ptr<_Tp>) [with _Tp = __cxx11::basic_string<char>]' is deprecated: use 'std::atomic<std::shared_ptr<T>>' instead [-Wdeprecated-declarations]
   17 |     std::atomic_store(&message_, std::move(msg));
      |     ~~~~~~~~~~~~~~~~~^~~~~~~~~~~~~~~~~~~~~~~~~~~
In file included from /usr/include/c++/16.1.1/memory:83,
                 from /var/tmp/SdpaKvMajorJw16/cand-tree/.work/mlx/mlx/array.h:7:
/usr/include/c++/16.1.1/bits/shared_ptr_atomic.h:183:5: note: declared here
  183 |     atomic_store(shared_ptr<_Tp>* __p, shared_ptr<_Tp> __r)
      |     ^~~~~~~~~~~~
/var/tmp/SdpaKvMajorJw16/cand-tree/.work/mlx/mlx/error.h: In member function 'bool mlx::core::Error::valid() const':
/var/tmp/SdpaKvMajorJw16/cand-tree/.work/mlx/mlx/error.h:21:32: warning: 'std::shared_ptr<_Tp> std::atomic_load(const shared_ptr<_Tp>*) [with _Tp = __cxx11::basic_string<char>]' is deprecated: use 'std::atomic<std::shared_ptr<T>>' instead [-Wdeprecated-declarations]
   21 |     auto msg = std::atomic_load(&message_);
      |                ~~~~~~~~~~~~~~~~^~~~~~~~~~~
/usr/include/c++/16.1.1/bits/shared_ptr_atomic.h:142:5: note: declared here
  142 |     atomic_load(const shared_ptr<_Tp>* __p)
      |     ^~~~~~~~~~~
/var/tmp/SdpaKvMajorJw16/cand-tree/.work/mlx/mlx/error.h: In member function 'bool mlx::core::Error::store_if_valid(const mlx::core::Error*)':
/var/tmp/SdpaKvMajorJw16/cand-tree/.work/mlx/mlx/error.h:28:37: warning: 'std::shared_ptr<_Tp> std::atomic_load(const shared_ptr<_Tp>*) [with _Tp = __cxx11::basic_string<char>]' is deprecated: use 'std::atomic<std::shared_ptr<T>>' instead [-Wdeprecated-declarations]
   28 |       Message msg = std::atomic_load(&ptr->message_);
      |                     ~~~~~~~~~~~~~~~~^~~~~~~~~~~~~~~~
/usr/include/c++/16.1.1/bits/shared_ptr_atomic.h:142:5: note: declared here
  142 |     atomic_load(const shared_ptr<_Tp>* __p)
      |     ^~~~~~~~~~~
/var/tmp/SdpaKvMajorJw16/cand-tree/.work/mlx/mlx/error.h: In member function 'void mlx::core::Error::check()':
/var/tmp/SdpaKvMajorJw16/cand-tree/.work/mlx/mlx/error.h:39:36: warning: 'std::shared_ptr<_Tp> std::atomic_exchange(shared_ptr<_Tp>*, shared_ptr<_Tp>) [with _Tp = __cxx11::basic_string<char>]' is deprecated: use 'std::atomic<std::shared_ptr<T>>' instead [-Wdeprecated-declarations]
   39 |     auto msg = std::atomic_exchange(&message_, {});
      |                ~~~~~~~~~~~~~~~~~~~~^~~~~~~~~~~~~~~
/usr/include/c++/16.1.1/bits/shared_ptr_atomic.h:225:5: note: declared here
  225 |     atomic_exchange(shared_ptr<_Tp>* __p, shared_ptr<_Tp> __r)
      |     ^~~~~~~~~~~~~~~
[876/962] Building CXX object CMakeFiles/mlx.dir/mlx/backend/common/slicing.cpp.o
In file included from /var/tmp/SdpaKvMajorJw16/cand-tree/.work/mlx/mlx/event.h:8,
                 from /var/tmp/SdpaKvMajorJw16/cand-tree/.work/mlx/mlx/array.h:13,
                 from /var/tmp/SdpaKvMajorJw16/cand-tree/.work/mlx/mlx/backend/common/utils.h:9,
                 from /var/tmp/SdpaKvMajorJw16/cand-tree/.work/mlx/mlx/backend/common/slicing.cpp:3:
/var/tmp/SdpaKvMajorJw16/cand-tree/.work/mlx/mlx/error.h: In member function 'void mlx::core::Error::set_message(Message)':
/var/tmp/SdpaKvMajorJw16/cand-tree/.work/mlx/mlx/error.h:17:22: warning: 'void std::atomic_store(shared_ptr<_Tp>*, shared_ptr<_Tp>) [with _Tp = __cxx11::basic_string<char>]' is deprecated: use 'std::atomic<std::shared_ptr<T>>' instead [-Wdeprecated-declarations]
   17 |     std::atomic_store(&message_, std::move(msg));
      |     ~~~~~~~~~~~~~~~~~^~~~~~~~~~~~~~~~~~~~~~~~~~~
In file included from /usr/include/c++/16.1.1/memory:83,
                 from /var/tmp/SdpaKvMajorJw16/cand-tree/.work/mlx/mlx/array.h:7:
/usr/include/c++/16.1.1/bits/shared_ptr_atomic.h:183:5: note: declared here
  183 |     atomic_store(shared_ptr<_Tp>* __p, shared_ptr<_Tp> __r)
      |     ^~~~~~~~~~~~
/var/tmp/SdpaKvMajorJw16/cand-tree/.work/mlx/mlx/error.h: In member function 'bool mlx::core::Error::valid() const':
/var/tmp/SdpaKvMajorJw16/cand-tree/.work/mlx/mlx/error.h:21:32: warning: 'std::shared_ptr<_Tp> std::atomic_load(const shared_ptr<_Tp>*) [with _Tp = __cxx11::basic_string<char>]' is deprecated: use 'std::atomic<std::shared_ptr<T>>' instead [-Wdeprecated-declarations]
   21 |     auto msg = std::atomic_load(&message_);
      |                ~~~~~~~~~~~~~~~~^~~~~~~~~~~
/usr/include/c++/16.1.1/bits/shared_ptr_atomic.h:142:5: note: declared here
  142 |     atomic_load(const shared_ptr<_Tp>* __p)
      |     ^~~~~~~~~~~
/var/tmp/SdpaKvMajorJw16/cand-tree/.work/mlx/mlx/error.h: In member function 'bool mlx::core::Error::store_if_valid(const mlx::core::Error*)':
/var/tmp/SdpaKvMajorJw16/cand-tree/.work/mlx/mlx/error.h:28:37: warning: 'std::shared_ptr<_Tp> std::atomic_load(const shared_ptr<_Tp>*) [with _Tp = __cxx11::basic_string<char>]' is deprecated: use 'std::atomic<std::shared_ptr<T>>' instead [-Wdeprecated-declarations]
   28 |       Message msg = std::atomic_load(&ptr->message_);
      |                     ~~~~~~~~~~~~~~~~^~~~~~~~~~~~~~~~
/usr/include/c++/16.1.1/bits/shared_ptr_atomic.h:142:5: note: declared here
  142 |     atomic_load(const shared_ptr<_Tp>* __p)
      |     ^~~~~~~~~~~
/var/tmp/SdpaKvMajorJw16/cand-tree/.work/mlx/mlx/error.h: In member function 'void mlx::core::Error::check()':
/var/tmp/SdpaKvMajorJw16/cand-tree/.work/mlx/mlx/error.h:39:36: warning: 'std::shared_ptr<_Tp> std::atomic_exchange(shared_ptr<_Tp>*, shared_ptr<_Tp>) [with _Tp = __cxx11::basic_string<char>]' is deprecated: use 'std::atomic<std::shared_ptr<T>>' instead [-Wdeprecated-declarations]
   39 |     auto msg = std::atomic_exchange(&message_, {});
      |                ~~~~~~~~~~~~~~~~~~~~^~~~~~~~~~~~~~~
/usr/include/c++/16.1.1/bits/shared_ptr_atomic.h:225:5: note: declared here
  225 |     atomic_exchange(shared_ptr<_Tp>* __p, shared_ptr<_Tp> __r)
      |     ^~~~~~~~~~~~~~~
[877/962] Building CXX object CMakeFiles/mlx.dir/mlx/backend/common/utils.cpp.o
In file included from /var/tmp/SdpaKvMajorJw16/cand-tree/.work/mlx/mlx/event.h:8,
                 from /var/tmp/SdpaKvMajorJw16/cand-tree/.work/mlx/mlx/array.h:13,
                 from /var/tmp/SdpaKvMajorJw16/cand-tree/.work/mlx/mlx/backend/common/utils.h:9,
                 from /var/tmp/SdpaKvMajorJw16/cand-tree/.work/mlx/mlx/backend/common/utils.cpp:5:
/var/tmp/SdpaKvMajorJw16/cand-tree/.work/mlx/mlx/error.h: In member function 'void mlx::core::Error::set_message(Message)':
/var/tmp/SdpaKvMajorJw16/cand-tree/.work/mlx/mlx/error.h:17:22: warning: 'void std::atomic_store(shared_ptr<_Tp>*, shared_ptr<_Tp>) [with _Tp = __cxx11::basic_string<char>]' is deprecated: use 'std::atomic<std::shared_ptr<T>>' instead [-Wdeprecated-declarations]
   17 |     std::atomic_store(&message_, std::move(msg));
      |     ~~~~~~~~~~~~~~~~~^~~~~~~~~~~~~~~~~~~~~~~~~~~
In file included from /usr/include/c++/16.1.1/memory:83,
                 from /var/tmp/SdpaKvMajorJw16/cand-tree/.work/mlx/mlx/array.h:7:
/usr/include/c++/16.1.1/bits/shared_ptr_atomic.h:183:5: note: declared here
  183 |     atomic_store(shared_ptr<_Tp>* __p, shared_ptr<_Tp> __r)
      |     ^~~~~~~~~~~~
/var/tmp/SdpaKvMajorJw16/cand-tree/.work/mlx/mlx/error.h: In member function 'bool mlx::core::Error::valid() const':
/var/tmp/SdpaKvMajorJw16/cand-tree/.work/mlx/mlx/error.h:21:32: warning: 'std::shared_ptr<_Tp> std::atomic_load(const shared_ptr<_Tp>*) [with _Tp = __cxx11::basic_string<char>]' is deprecated: use 'std::atomic<std::shared_ptr<T>>' instead [-Wdeprecated-declarations]
   21 |     auto msg = std::atomic_load(&message_);
      |                ~~~~~~~~~~~~~~~~^~~~~~~~~~~
/usr/include/c++/16.1.1/bits/shared_ptr_atomic.h:142:5: note: declared here
  142 |     atomic_load(const shared_ptr<_Tp>* __p)
      |     ^~~~~~~~~~~
/var/tmp/SdpaKvMajorJw16/cand-tree/.work/mlx/mlx/error.h: In member function 'bool mlx::core::Error::store_if_valid(const mlx::core::Error*)':
/var/tmp/SdpaKvMajorJw16/cand-tree/.work/mlx/mlx/error.h:28:37: warning: 'std::shared_ptr<_Tp> std::atomic_load(const shared_ptr<_Tp>*) [with _Tp = __cxx11::basic_string<char>]' is deprecated: use 'std::atomic<std::shared_ptr<T>>' instead [-Wdeprecated-declarations]
   28 |       Message msg = std::atomic_load(&ptr->message_);
      |                     ~~~~~~~~~~~~~~~~^~~~~~~~~~~~~~~~
/usr/include/c++/16.1.1/bits/shared_ptr_atomic.h:142:5: note: declared here
  142 |     atomic_load(const shared_ptr<_Tp>* __p)
      |     ^~~~~~~~~~~
/var/tmp/SdpaKvMajorJw16/cand-tree/.work/mlx/mlx/error.h: In member function 'void mlx::core::Error::check()':
/var/tmp/SdpaKvMajorJw16/cand-tree/.work/mlx/mlx/error.h:39:36: warning: 'std::shared_ptr<_Tp> std::atomic_exchange(shared_ptr<_Tp>*, shared_ptr<_Tp>) [with _Tp = __cxx11::basic_string<char>]' is deprecated: use 'std::atomic<std::shared_ptr<T>>' instead [-Wdeprecated-declarations]
   39 |     auto msg = std::atomic_exchange(&message_, {});
      |                ~~~~~~~~~~~~~~~~~~~~^~~~~~~~~~~~~~~
/usr/include/c++/16.1.1/bits/shared_ptr_atomic.h:225:5: note: declared here
  225 |     atomic_exchange(shared_ptr<_Tp>* __p, shared_ptr<_Tp> __r)
      |     ^~~~~~~~~~~~~~~
[878/962] Building CXX object CMakeFiles/mlx.dir/mlx/backend/common/reduce.cpp.o
In file included from /var/tmp/SdpaKvMajorJw16/cand-tree/.work/mlx/mlx/event.h:8,
                 from /var/tmp/SdpaKvMajorJw16/cand-tree/.work/mlx/mlx/array.h:13,
                 from /var/tmp/SdpaKvMajorJw16/cand-tree/.work/mlx/mlx/backend/common/utils.h:9,
                 from /var/tmp/SdpaKvMajorJw16/cand-tree/.work/mlx/mlx/backend/common/reduce.h:5,
                 from /var/tmp/SdpaKvMajorJw16/cand-tree/.work/mlx/mlx/backend/common/reduce.cpp:3:
/var/tmp/SdpaKvMajorJw16/cand-tree/.work/mlx/mlx/error.h: In member function 'void mlx::core::Error::set_message(Message)':
/var/tmp/SdpaKvMajorJw16/cand-tree/.work/mlx/mlx/error.h:17:22: warning: 'void std::atomic_store(shared_ptr<_Tp>*, shared_ptr<_Tp>) [with _Tp = __cxx11::basic_string<char>]' is deprecated: use 'std::atomic<std::shared_ptr<T>>' instead [-Wdeprecated-declarations]
   17 |     std::atomic_store(&message_, std::move(msg));
      |     ~~~~~~~~~~~~~~~~~^~~~~~~~~~~~~~~~~~~~~~~~~~~
In file included from /usr/include/c++/16.1.1/memory:83,
                 from /var/tmp/SdpaKvMajorJw16/cand-tree/.work/mlx/mlx/array.h:7:
/usr/include/c++/16.1.1/bits/shared_ptr_atomic.h:183:5: note: declared here
  183 |     atomic_store(shared_ptr<_Tp>* __p, shared_ptr<_Tp> __r)
      |     ^~~~~~~~~~~~
/var/tmp/SdpaKvMajorJw16/cand-tree/.work/mlx/mlx/error.h: In member function 'bool mlx::core::Error::valid() const':
/var/tmp/SdpaKvMajorJw16/cand-tree/.work/mlx/mlx/error.h:21:32: warning: 'std::shared_ptr<_Tp> std::atomic_load(const shared_ptr<_Tp>*) [with _Tp = __cxx11::basic_string<char>]' is deprecated: use 'std::atomic<std::shared_ptr<T>>' instead [-Wdeprecated-declarations]
   21 |     auto msg = std::atomic_load(&message_);
      |                ~~~~~~~~~~~~~~~~^~~~~~~~~~~
/usr/include/c++/16.1.1/bits/shared_ptr_atomic.h:142:5: note: declared here
  142 |     atomic_load(const shared_ptr<_Tp>* __p)
      |     ^~~~~~~~~~~
/var/tmp/SdpaKvMajorJw16/cand-tree/.work/mlx/mlx/error.h: In member function 'bool mlx::core::Error::store_if_valid(const mlx::core::Error*)':
/var/tmp/SdpaKvMajorJw16/cand-tree/.work/mlx/mlx/error.h:28:37: warning: 'std::shared_ptr<_Tp> std::atomic_load(const shared_ptr<_Tp>*) [with _Tp = __cxx11::basic_string<char>]' is deprecated: use 'std::atomic<std::shared_ptr<T>>' instead [-Wdeprecated-declarations]
   28 |       Message msg = std::atomic_load(&ptr->message_);
      |                     ~~~~~~~~~~~~~~~~^~~~~~~~~~~~~~~~
/usr/include/c++/16.1.1/bits/shared_ptr_atomic.h:142:5: note: declared here
  142 |     atomic_load(const shared_ptr<_Tp>* __p)
      |     ^~~~~~~~~~~
/var/tmp/SdpaKvMajorJw16/cand-tree/.work/mlx/mlx/error.h: In member function 'void mlx::core::Error::check()':
/var/tmp/SdpaKvMajorJw16/cand-tree/.work/mlx/mlx/error.h:39:36: warning: 'std::shared_ptr<_Tp> std::atomic_exchange(shared_ptr<_Tp>*, shared_ptr<_Tp>) [with _Tp = __cxx11::basic_string<char>]' is deprecated: use 'std::atomic<std::shared_ptr<T>>' instead [-Wdeprecated-declarations]
   39 |     auto msg = std::atomic_exchange(&message_, {});
      |                ~~~~~~~~~~~~~~~~~~~~^~~~~~~~~~~~~~~
/usr/include/c++/16.1.1/bits/shared_ptr_atomic.h:225:5: note: declared here
  225 |     atomic_exchange(shared_ptr<_Tp>* __p, shared_ptr<_Tp> __r)
      |     ^~~~~~~~~~~~~~~
[879/962] Building CXX object CMakeFiles/mlx.dir/mlx/backend/cpu/device_info.cpp.o
[880/962] Building CXX object CMakeFiles/mlx.dir/mlx/transforms.cpp.o
In file included from /var/tmp/SdpaKvMajorJw16/cand-tree/.work/mlx/mlx/event.h:8,
                 from /var/tmp/SdpaKvMajorJw16/cand-tree/.work/mlx/mlx/array.h:13,
                 from /var/tmp/SdpaKvMajorJw16/cand-tree/.work/mlx/mlx/backend/cpu/eval.h:5,
                 from /var/tmp/SdpaKvMajorJw16/cand-tree/.work/mlx/mlx/transforms.cpp:12:
/var/tmp/SdpaKvMajorJw16/cand-tree/.work/mlx/mlx/error.h: In member function 'void mlx::core::Error::set_message(Message)':
/var/tmp/SdpaKvMajorJw16/cand-tree/.work/mlx/mlx/error.h:17:22: warning: 'void std::atomic_store(shared_ptr<_Tp>*, shared_ptr<_Tp>) [with _Tp = __cxx11::basic_string<char>]' is deprecated: use 'std::atomic<std::shared_ptr<T>>' instead [-Wdeprecated-declarations]
   17 |     std::atomic_store(&message_, std::move(msg));
      |     ~~~~~~~~~~~~~~~~~^~~~~~~~~~~~~~~~~~~~~~~~~~~
In file included from /usr/include/c++/16.1.1/memory:83,
                 from /var/tmp/SdpaKvMajorJw16/cand-tree/.work/mlx/mlx/array.h:7:
/usr/include/c++/16.1.1/bits/shared_ptr_atomic.h:183:5: note: declared here
  183 |     atomic_store(shared_ptr<_Tp>* __p, shared_ptr<_Tp> __r)
      |     ^~~~~~~~~~~~
/var/tmp/SdpaKvMajorJw16/cand-tree/.work/mlx/mlx/error.h: In member function 'bool mlx::core::Error::valid() const':
/var/tmp/SdpaKvMajorJw16/cand-tree/.work/mlx/mlx/error.h:21:32: warning: 'std::shared_ptr<_Tp> std::atomic_load(const shared_ptr<_Tp>*) [with _Tp = __cxx11::basic_string<char>]' is deprecated: use 'std::atomic<std::shared_ptr<T>>' instead [-Wdeprecated-declarations]
   21 |     auto msg = std::atomic_load(&message_);
      |                ~~~~~~~~~~~~~~~~^~~~~~~~~~~
/usr/include/c++/16.1.1/bits/shared_ptr_atomic.h:142:5: note: declared here
  142 |     atomic_load(const shared_ptr<_Tp>* __p)
      |     ^~~~~~~~~~~
/var/tmp/SdpaKvMajorJw16/cand-tree/.work/mlx/mlx/error.h: In member function 'bool mlx::core::Error::store_if_valid(const mlx::core::Error*)':
/var/tmp/SdpaKvMajorJw16/cand-tree/.work/mlx/mlx/error.h:28:37: warning: 'std::shared_ptr<_Tp> std::atomic_load(const shared_ptr<_Tp>*) [with _Tp = __cxx11::basic_string<char>]' is deprecated: use 'std::atomic<std::shared_ptr<T>>' instead [-Wdeprecated-declarations]
   28 |       Message msg = std::atomic_load(&ptr->message_);
      |                     ~~~~~~~~~~~~~~~~^~~~~~~~~~~~~~~~
/usr/include/c++/16.1.1/bits/shared_ptr_atomic.h:142:5: note: declared here
  142 |     atomic_load(const shared_ptr<_Tp>* __p)
      |     ^~~~~~~~~~~
/var/tmp/SdpaKvMajorJw16/cand-tree/.work/mlx/mlx/error.h: In member function 'void mlx::core::Error::check()':
/var/tmp/SdpaKvMajorJw16/cand-tree/.work/mlx/mlx/error.h:39:36: warning: 'std::shared_ptr<_Tp> std::atomic_exchange(shared_ptr<_Tp>*, shared_ptr<_Tp>) [with _Tp = __cxx11::basic_string<char>]' is deprecated: use 'std::atomic<std::shared_ptr<T>>' instead [-Wdeprecated-declarations]
   39 |     auto msg = std::atomic_exchange(&message_, {});
      |                ~~~~~~~~~~~~~~~~~~~~^~~~~~~~~~~~~~~
/usr/include/c++/16.1.1/bits/shared_ptr_atomic.h:225:5: note: declared here
  225 |     atomic_exchange(shared_ptr<_Tp>* __p, shared_ptr<_Tp> __r)
      |     ^~~~~~~~~~~~~~~
[881/962] Building CXX object CMakeFiles/mlx.dir/mlx/backend/common/metal_kernel.cpp.o
In file included from /var/tmp/SdpaKvMajorJw16/cand-tree/.work/mlx/mlx/event.h:8,
                 from /var/tmp/SdpaKvMajorJw16/cand-tree/.work/mlx/mlx/array.h:13,
                 from /var/tmp/SdpaKvMajorJw16/cand-tree/.work/mlx/mlx/backend/common/compiled.h:8,
                 from /var/tmp/SdpaKvMajorJw16/cand-tree/.work/mlx/mlx/backend/common/metal_kernel.cpp:6:
/var/tmp/SdpaKvMajorJw16/cand-tree/.work/mlx/mlx/error.h: In member function 'void mlx::core::Error::set_message(Message)':
/var/tmp/SdpaKvMajorJw16/cand-tree/.work/mlx/mlx/error.h:17:22: warning: 'void std::atomic_store(shared_ptr<_Tp>*, shared_ptr<_Tp>) [with _Tp = __cxx11::basic_string<char>]' is deprecated: use 'std::atomic<std::shared_ptr<T>>' instead [-Wdeprecated-declarations]
   17 |     std::atomic_store(&message_, std::move(msg));
      |     ~~~~~~~~~~~~~~~~~^~~~~~~~~~~~~~~~~~~~~~~~~~~
In file included from /usr/include/c++/16.1.1/memory:83,
                 from /var/tmp/SdpaKvMajorJw16/cand-tree/.work/mlx/mlx/array.h:7:
/usr/include/c++/16.1.1/bits/shared_ptr_atomic.h:183:5: note: declared here
  183 |     atomic_store(shared_ptr<_Tp>* __p, shared_ptr<_Tp> __r)
      |     ^~~~~~~~~~~~
/var/tmp/SdpaKvMajorJw16/cand-tree/.work/mlx/mlx/error.h: In member function 'bool mlx::core::Error::valid() const':
/var/tmp/SdpaKvMajorJw16/cand-tree/.work/mlx/mlx/error.h:21:32: warning: 'std::shared_ptr<_Tp> std::atomic_load(const shared_ptr<_Tp>*) [with _Tp = __cxx11::basic_string<char>]' is deprecated: use 'std::atomic<std::shared_ptr<T>>' instead [-Wdeprecated-declarations]
   21 |     auto msg = std::atomic_load(&message_);
      |                ~~~~~~~~~~~~~~~~^~~~~~~~~~~
/usr/include/c++/16.1.1/bits/shared_ptr_atomic.h:142:5: note: declared here
  142 |     atomic_load(const shared_ptr<_Tp>* __p)
      |     ^~~~~~~~~~~
/var/tmp/SdpaKvMajorJw16/cand-tree/.work/mlx/mlx/error.h: In member function 'bool mlx::core::Error::store_if_valid(const mlx::core::Error*)':
/var/tmp/SdpaKvMajorJw16/cand-tree/.work/mlx/mlx/error.h:28:37: warning: 'std::shared_ptr<_Tp> std::atomic_load(const shared_ptr<_Tp>*) [with _Tp = __cxx11::basic_string<char>]' is deprecated: use 'std::atomic<std::shared_ptr<T>>' instead [-Wdeprecated-declarations]
   28 |       Message msg = std::atomic_load(&ptr->message_);
      |                     ~~~~~~~~~~~~~~~~^~~~~~~~~~~~~~~~
/usr/include/c++/16.1.1/bits/shared_ptr_atomic.h:142:5: note: declared here
  142 |     atomic_load(const shared_ptr<_Tp>* __p)
      |     ^~~~~~~~~~~
/var/tmp/SdpaKvMajorJw16/cand-tree/.work/mlx/mlx/error.h: In member function 'void mlx::core::Error::check()':
/var/tmp/SdpaKvMajorJw16/cand-tree/.work/mlx/mlx/error.h:39:36: warning: 'std::shared_ptr<_Tp> std::atomic_exchange(shared_ptr<_Tp>*, shared_ptr<_Tp>) [with _Tp = __cxx11::basic_string<char>]' is deprecated: use 'std::atomic<std::shared_ptr<T>>' instead [-Wdeprecated-declarations]
   39 |     auto msg = std::atomic_exchange(&message_, {});
      |                ~~~~~~~~~~~~~~~~~~~~^~~~~~~~~~~~~~~
/usr/include/c++/16.1.1/bits/shared_ptr_atomic.h:225:5: note: declared here
  225 |     atomic_exchange(shared_ptr<_Tp>* __p, shared_ptr<_Tp> __r)
      |     ^~~~~~~~~~~~~~~
[882/962] Building CXX object CMakeFiles/mlx.dir/mlx/backend/cpu/arg_reduce.cpp.o
In file included from /var/tmp/SdpaKvMajorJw16/cand-tree/.work/mlx/mlx/event.h:8,
                 from /var/tmp/SdpaKvMajorJw16/cand-tree/.work/mlx/mlx/array.h:13,
                 from /var/tmp/SdpaKvMajorJw16/cand-tree/.work/mlx/mlx/backend/common/utils.h:9,
                 from /var/tmp/SdpaKvMajorJw16/cand-tree/.work/mlx/mlx/backend/cpu/arg_reduce.cpp:5:
/var/tmp/SdpaKvMajorJw16/cand-tree/.work/mlx/mlx/error.h: In member function 'void mlx::core::Error::set_message(Message)':
/var/tmp/SdpaKvMajorJw16/cand-tree/.work/mlx/mlx/error.h:17:22: warning: 'void std::atomic_store(shared_ptr<_Tp>*, shared_ptr<_Tp>) [with _Tp = __cxx11::basic_string<char>]' is deprecated: use 'std::atomic<std::shared_ptr<T>>' instead [-Wdeprecated-declarations]
   17 |     std::atomic_store(&message_, std::move(msg));
      |     ~~~~~~~~~~~~~~~~~^~~~~~~~~~~~~~~~~~~~~~~~~~~
In file included from /usr/include/c++/16.1.1/memory:83,
                 from /var/tmp/SdpaKvMajorJw16/cand-tree/.work/mlx/mlx/array.h:7:
/usr/include/c++/16.1.1/bits/shared_ptr_atomic.h:183:5: note: declared here
  183 |     atomic_store(shared_ptr<_Tp>* __p, shared_ptr<_Tp> __r)
      |     ^~~~~~~~~~~~
/var/tmp/SdpaKvMajorJw16/cand-tree/.work/mlx/mlx/error.h: In member function 'bool mlx::core::Error::valid() const':
/var/tmp/SdpaKvMajorJw16/cand-tree/.work/mlx/mlx/error.h:21:32: warning: 'std::shared_ptr<_Tp> std::atomic_load(const shared_ptr<_Tp>*) [with _Tp = __cxx11::basic_string<char>]' is deprecated: use 'std::atomic<std::shared_ptr<T>>' instead [-Wdeprecated-declarations]
   21 |     auto msg = std::atomic_load(&message_);
      |                ~~~~~~~~~~~~~~~~^~~~~~~~~~~
/usr/include/c++/16.1.1/bits/shared_ptr_atomic.h:142:5: note: declared here
  142 |     atomic_load(const shared_ptr<_Tp>* __p)
      |     ^~~~~~~~~~~
/var/tmp/SdpaKvMajorJw16/cand-tree/.work/mlx/mlx/error.h: In member function 'bool mlx::core::Error::store_if_valid(const mlx::core::Error*)':
/var/tmp/SdpaKvMajorJw16/cand-tree/.work/mlx/mlx/error.h:28:37: warning: 'std::shared_ptr<_Tp> std::atomic_load(const shared_ptr<_Tp>*) [with _Tp = __cxx11::basic_string<char>]' is deprecated: use 'std::atomic<std::shared_ptr<T>>' instead [-Wdeprecated-declarations]
   28 |       Message msg = std::atomic_load(&ptr->message_);
      |                     ~~~~~~~~~~~~~~~~^~~~~~~~~~~~~~~~
/usr/include/c++/16.1.1/bits/shared_ptr_atomic.h:142:5: note: declared here
  142 |     atomic_load(const shared_ptr<_Tp>* __p)
      |     ^~~~~~~~~~~
/var/tmp/SdpaKvMajorJw16/cand-tree/.work/mlx/mlx/error.h: In member function 'void mlx::core::Error::check()':
/var/tmp/SdpaKvMajorJw16/cand-tree/.work/mlx/mlx/error.h:39:36: warning: 'std::shared_ptr<_Tp> std::atomic_exchange(shared_ptr<_Tp>*, shared_ptr<_Tp>) [with _Tp = __cxx11::basic_string<char>]' is deprecated: use 'std::atomic<std::shared_ptr<T>>' instead [-Wdeprecated-declarations]
   39 |     auto msg = std::atomic_exchange(&message_, {});
      |                ~~~~~~~~~~~~~~~~~~~~^~~~~~~~~~~~~~~
/usr/include/c++/16.1.1/bits/shared_ptr_atomic.h:225:5: note: declared here
  225 |     atomic_exchange(shared_ptr<_Tp>* __p, shared_ptr<_Tp> __r)
      |     ^~~~~~~~~~~~~~~
[883/962] Building CXX object CMakeFiles/mlx.dir/mlx/backend/cpu/distributed.cpp.o
In file included from /var/tmp/SdpaKvMajorJw16/cand-tree/.work/mlx/mlx/event.h:8,
                 from /var/tmp/SdpaKvMajorJw16/cand-tree/.work/mlx/mlx/array.h:13,
                 from /var/tmp/SdpaKvMajorJw16/cand-tree/.work/mlx/mlx/backend/cpu/copy.h:7,
                 from /var/tmp/SdpaKvMajorJw16/cand-tree/.work/mlx/mlx/backend/cpu/distributed.cpp:6:
/var/tmp/SdpaKvMajorJw16/cand-tree/.work/mlx/mlx/error.h: In member function 'void mlx::core::Error::set_message(Message)':
/var/tmp/SdpaKvMajorJw16/cand-tree/.work/mlx/mlx/error.h:17:22: warning: 'void std::atomic_store(shared_ptr<_Tp>*, shared_ptr<_Tp>) [with _Tp = __cxx11::basic_string<char>]' is deprecated: use 'std::atomic<std::shared_ptr<T>>' instead [-Wdeprecated-declarations]
   17 |     std::atomic_store(&message_, std::move(msg));
      |     ~~~~~~~~~~~~~~~~~^~~~~~~~~~~~~~~~~~~~~~~~~~~
In file included from /usr/include/c++/16.1.1/memory:83,
                 from /var/tmp/SdpaKvMajorJw16/cand-tree/.work/mlx/mlx/array.h:7:
/usr/include/c++/16.1.1/bits/shared_ptr_atomic.h:183:5: note: declared here
  183 |     atomic_store(shared_ptr<_Tp>* __p, shared_ptr<_Tp> __r)
      |     ^~~~~~~~~~~~
/var/tmp/SdpaKvMajorJw16/cand-tree/.work/mlx/mlx/error.h: In member function 'bool mlx::core::Error::valid() const':
/var/tmp/SdpaKvMajorJw16/cand-tree/.work/mlx/mlx/error.h:21:32: warning: 'std::shared_ptr<_Tp> std::atomic_load(const shared_ptr<_Tp>*) [with _Tp = __cxx11::basic_string<char>]' is deprecated: use 'std::atomic<std::shared_ptr<T>>' instead [-Wdeprecated-declarations]
   21 |     auto msg = std::atomic_load(&message_);
      |                ~~~~~~~~~~~~~~~~^~~~~~~~~~~
/usr/include/c++/16.1.1/bits/shared_ptr_atomic.h:142:5: note: declared here
  142 |     atomic_load(const shared_ptr<_Tp>* __p)
      |     ^~~~~~~~~~~
/var/tmp/SdpaKvMajorJw16/cand-tree/.work/mlx/mlx/error.h: In member function 'bool mlx::core::Error::store_if_valid(const mlx::core::Error*)':
/var/tmp/SdpaKvMajorJw16/cand-tree/.work/mlx/mlx/error.h:28:37: warning: 'std::shared_ptr<_Tp> std::atomic_load(const shared_ptr<_Tp>*) [with _Tp = __cxx11::basic_string<char>]' is deprecated: use 'std::atomic<std::shared_ptr<T>>' instead [-Wdeprecated-declarations]
   28 |       Message msg = std::atomic_load(&ptr->message_);
      |                     ~~~~~~~~~~~~~~~~^~~~~~~~~~~~~~~~
/usr/include/c++/16.1.1/bits/shared_ptr_atomic.h:142:5: note: declared here
  142 |     atomic_load(const shared_ptr<_Tp>* __p)
      |     ^~~~~~~~~~~
/var/tmp/SdpaKvMajorJw16/cand-tree/.work/mlx/mlx/error.h: In member function 'void mlx::core::Error::check()':
/var/tmp/SdpaKvMajorJw16/cand-tree/.work/mlx/mlx/error.h:39:36: warning: 'std::shared_ptr<_Tp> std::atomic_exchange(shared_ptr<_Tp>*, shared_ptr<_Tp>) [with _Tp = __cxx11::basic_string<char>]' is deprecated: use 'std::atomic<std::shared_ptr<T>>' instead [-Wdeprecated-declarations]
   39 |     auto msg = std::atomic_exchange(&message_, {});
      |                ~~~~~~~~~~~~~~~~~~~~^~~~~~~~~~~~~~~
/usr/include/c++/16.1.1/bits/shared_ptr_atomic.h:225:5: note: declared here
  225 |     atomic_exchange(shared_ptr<_Tp>* __p, shared_ptr<_Tp> __r)
      |     ^~~~~~~~~~~~~~~
[884/962] Building CXX object CMakeFiles/mlx.dir/mlx/linalg.cpp.o
In file included from /var/tmp/SdpaKvMajorJw16/cand-tree/.work/mlx/mlx/event.h:8,
                 from /var/tmp/SdpaKvMajorJw16/cand-tree/.work/mlx/mlx/array.h:13,
                 from /var/tmp/SdpaKvMajorJw16/cand-tree/.work/mlx/mlx/linalg.h:8,
                 from /var/tmp/SdpaKvMajorJw16/cand-tree/.work/mlx/mlx/linalg.cpp:7:
/var/tmp/SdpaKvMajorJw16/cand-tree/.work/mlx/mlx/error.h: In member function 'void mlx::core::Error::set_message(Message)':
/var/tmp/SdpaKvMajorJw16/cand-tree/.work/mlx/mlx/error.h:17:22: warning: 'void std::atomic_store(shared_ptr<_Tp>*, shared_ptr<_Tp>) [with _Tp = __cxx11::basic_string<char>]' is deprecated: use 'std::atomic<std::shared_ptr<T>>' instead [-Wdeprecated-declarations]
   17 |     std::atomic_store(&message_, std::move(msg));
      |     ~~~~~~~~~~~~~~~~~^~~~~~~~~~~~~~~~~~~~~~~~~~~
In file included from /usr/include/c++/16.1.1/memory:83,
                 from /var/tmp/SdpaKvMajorJw16/cand-tree/.work/mlx/mlx/array.h:7:
/usr/include/c++/16.1.1/bits/shared_ptr_atomic.h:183:5: note: declared here
  183 |     atomic_store(shared_ptr<_Tp>* __p, shared_ptr<_Tp> __r)
      |     ^~~~~~~~~~~~
/var/tmp/SdpaKvMajorJw16/cand-tree/.work/mlx/mlx/error.h: In member function 'bool mlx::core::Error::valid() const':
/var/tmp/SdpaKvMajorJw16/cand-tree/.work/mlx/mlx/error.h:21:32: warning: 'std::shared_ptr<_Tp> std::atomic_load(const shared_ptr<_Tp>*) [with _Tp = __cxx11::basic_string<char>]' is deprecated: use 'std::atomic<std::shared_ptr<T>>' instead [-Wdeprecated-declarations]
   21 |     auto msg = std::atomic_load(&message_);
      |                ~~~~~~~~~~~~~~~~^~~~~~~~~~~
/usr/include/c++/16.1.1/bits/shared_ptr_atomic.h:142:5: note: declared here
  142 |     atomic_load(const shared_ptr<_Tp>* __p)
      |     ^~~~~~~~~~~
/var/tmp/SdpaKvMajorJw16/cand-tree/.work/mlx/mlx/error.h: In member function 'bool mlx::core::Error::store_if_valid(const mlx::core::Error*)':
/var/tmp/SdpaKvMajorJw16/cand-tree/.work/mlx/mlx/error.h:28:37: warning: 'std::shared_ptr<_Tp> std::atomic_load(const shared_ptr<_Tp>*) [with _Tp = __cxx11::basic_string<char>]' is deprecated: use 'std::atomic<std::shared_ptr<T>>' instead [-Wdeprecated-declarations]
   28 |       Message msg = std::atomic_load(&ptr->message_);
      |                     ~~~~~~~~~~~~~~~~^~~~~~~~~~~~~~~~
/usr/include/c++/16.1.1/bits/shared_ptr_atomic.h:142:5: note: declared here
  142 |     atomic_load(const shared_ptr<_Tp>* __p)
      |     ^~~~~~~~~~~
/var/tmp/SdpaKvMajorJw16/cand-tree/.work/mlx/mlx/error.h: In member function 'void mlx::core::Error::check()':
/var/tmp/SdpaKvMajorJw16/cand-tree/.work/mlx/mlx/error.h:39:36: warning: 'std::shared_ptr<_Tp> std::atomic_exchange(shared_ptr<_Tp>*, shared_ptr<_Tp>) [with _Tp = __cxx11::basic_string<char>]' is deprecated: use 'std::atomic<std::shared_ptr<T>>' instead [-Wdeprecated-declarations]
   39 |     auto msg = std::atomic_exchange(&message_, {});
      |                ~~~~~~~~~~~~~~~~~~~~^~~~~~~~~~~~~~~
/usr/include/c++/16.1.1/bits/shared_ptr_atomic.h:225:5: note: declared here
  225 |     atomic_exchange(shared_ptr<_Tp>* __p, shared_ptr<_Tp> __r)
      |     ^~~~~~~~~~~~~~~
[885/962] Building CXX object CMakeFiles/mlx.dir/mlx/backend/cpu/eigh.cpp.o
In file included from /var/tmp/SdpaKvMajorJw16/cand-tree/.work/mlx/mlx/event.h:8,
                 from /var/tmp/SdpaKvMajorJw16/cand-tree/.work/mlx/mlx/array.h:13,
                 from /var/tmp/SdpaKvMajorJw16/cand-tree/.work/mlx/mlx/backend/cpu/eigh.cpp:4:
/var/tmp/SdpaKvMajorJw16/cand-tree/.work/mlx/mlx/error.h: In member function 'void mlx::core::Error::set_message(Message)':
/var/tmp/SdpaKvMajorJw16/cand-tree/.work/mlx/mlx/error.h:17:22: warning: 'void std::atomic_store(shared_ptr<_Tp>*, shared_ptr<_Tp>) [with _Tp = __cxx11::basic_string<char>]' is deprecated: use 'std::atomic<std::shared_ptr<T>>' instead [-Wdeprecated-declarations]
   17 |     std::atomic_store(&message_, std::move(msg));
      |     ~~~~~~~~~~~~~~~~~^~~~~~~~~~~~~~~~~~~~~~~~~~~
In file included from /usr/include/c++/16.1.1/memory:83,
                 from /var/tmp/SdpaKvMajorJw16/cand-tree/.work/mlx/mlx/array.h:7:
/usr/include/c++/16.1.1/bits/shared_ptr_atomic.h:183:5: note: declared here
  183 |     atomic_store(shared_ptr<_Tp>* __p, shared_ptr<_Tp> __r)
      |     ^~~~~~~~~~~~
/var/tmp/SdpaKvMajorJw16/cand-tree/.work/mlx/mlx/error.h: In member function 'bool mlx::core::Error::valid() const':
/var/tmp/SdpaKvMajorJw16/cand-tree/.work/mlx/mlx/error.h:21:32: warning: 'std::shared_ptr<_Tp> std::atomic_load(const shared_ptr<_Tp>*) [with _Tp = __cxx11::basic_string<char>]' is deprecated: use 'std::atomic<std::shared_ptr<T>>' instead [-Wdeprecated-declarations]
   21 |     auto msg = std::atomic_load(&message_);
      |                ~~~~~~~~~~~~~~~~^~~~~~~~~~~
/usr/include/c++/16.1.1/bits/shared_ptr_atomic.h:142:5: note: declared here
  142 |     atomic_load(const shared_ptr<_Tp>* __p)
      |     ^~~~~~~~~~~
/var/tmp/SdpaKvMajorJw16/cand-tree/.work/mlx/mlx/error.h: In member function 'bool mlx::core::Error::store_if_valid(const mlx::core::Error*)':
/var/tmp/SdpaKvMajorJw16/cand-tree/.work/mlx/mlx/error.h:28:37: warning: 'std::shared_ptr<_Tp> std::atomic_load(const shared_ptr<_Tp>*) [with _Tp = __cxx11::basic_string<char>]' is deprecated: use 'std::atomic<std::shared_ptr<T>>' instead [-Wdeprecated-declarations]
   28 |       Message msg = std::atomic_load(&ptr->message_);
      |                     ~~~~~~~~~~~~~~~~^~~~~~~~~~~~~~~~
/usr/include/c++/16.1.1/bits/shared_ptr_atomic.h:142:5: note: declared here
  142 |     atomic_load(const shared_ptr<_Tp>* __p)
      |     ^~~~~~~~~~~
/var/tmp/SdpaKvMajorJw16/cand-tree/.work/mlx/mlx/error.h: In member function 'void mlx::core::Error::check()':
/var/tmp/SdpaKvMajorJw16/cand-tree/.work/mlx/mlx/error.h:39:36: warning: 'std::shared_ptr<_Tp> std::atomic_exchange(shared_ptr<_Tp>*, shared_ptr<_Tp>) [with _Tp = __cxx11::basic_string<char>]' is deprecated: use 'std::atomic<std::shared_ptr<T>>' instead [-Wdeprecated-declarations]
   39 |     auto msg = std::atomic_exchange(&message_, {});
      |                ~~~~~~~~~~~~~~~~~~~~^~~~~~~~~~~~~~~
/usr/include/c++/16.1.1/bits/shared_ptr_atomic.h:225:5: note: declared here
  225 |     atomic_exchange(shared_ptr<_Tp>* __p, shared_ptr<_Tp> __r)
      |     ^~~~~~~~~~~~~~~
[886/962] Building CXX object CMakeFiles/mlx.dir/mlx/backend/cpu/eig.cpp.o
In file included from /var/tmp/SdpaKvMajorJw16/cand-tree/.work/mlx/mlx/event.h:8,
                 from /var/tmp/SdpaKvMajorJw16/cand-tree/.work/mlx/mlx/array.h:13,
                 from /var/tmp/SdpaKvMajorJw16/cand-tree/.work/mlx/mlx/backend/cpu/eig.cpp:4:
/var/tmp/SdpaKvMajorJw16/cand-tree/.work/mlx/mlx/error.h: In member function 'void mlx::core::Error::set_message(Message)':
/var/tmp/SdpaKvMajorJw16/cand-tree/.work/mlx/mlx/error.h:17:22: warning: 'void std::atomic_store(shared_ptr<_Tp>*, shared_ptr<_Tp>) [with _Tp = __cxx11::basic_string<char>]' is deprecated: use 'std::atomic<std::shared_ptr<T>>' instead [-Wdeprecated-declarations]
   17 |     std::atomic_store(&message_, std::move(msg));
      |     ~~~~~~~~~~~~~~~~~^~~~~~~~~~~~~~~~~~~~~~~~~~~
In file included from /usr/include/c++/16.1.1/memory:83,
                 from /var/tmp/SdpaKvMajorJw16/cand-tree/.work/mlx/mlx/array.h:7:
/usr/include/c++/16.1.1/bits/shared_ptr_atomic.h:183:5: note: declared here
  183 |     atomic_store(shared_ptr<_Tp>* __p, shared_ptr<_Tp> __r)
      |     ^~~~~~~~~~~~
/var/tmp/SdpaKvMajorJw16/cand-tree/.work/mlx/mlx/error.h: In member function 'bool mlx::core::Error::valid() const':
/var/tmp/SdpaKvMajorJw16/cand-tree/.work/mlx/mlx/error.h:21:32: warning: 'std::shared_ptr<_Tp> std::atomic_load(const shared_ptr<_Tp>*) [with _Tp = __cxx11::basic_string<char>]' is deprecated: use 'std::atomic<std::shared_ptr<T>>' instead [-Wdeprecated-declarations]
   21 |     auto msg = std::atomic_load(&message_);
      |                ~~~~~~~~~~~~~~~~^~~~~~~~~~~
/usr/include/c++/16.1.1/bits/shared_ptr_atomic.h:142:5: note: declared here
  142 |     atomic_load(const shared_ptr<_Tp>* __p)
      |     ^~~~~~~~~~~
/var/tmp/SdpaKvMajorJw16/cand-tree/.work/mlx/mlx/error.h: In member function 'bool mlx::core::Error::store_if_valid(const mlx::core::Error*)':
/var/tmp/SdpaKvMajorJw16/cand-tree/.work/mlx/mlx/error.h:28:37: warning: 'std::shared_ptr<_Tp> std::atomic_load(const shared_ptr<_Tp>*) [with _Tp = __cxx11::basic_string<char>]' is deprecated: use 'std::atomic<std::shared_ptr<T>>' instead [-Wdeprecated-declarations]
   28 |       Message msg = std::atomic_load(&ptr->message_);
      |                     ~~~~~~~~~~~~~~~~^~~~~~~~~~~~~~~~
/usr/include/c++/16.1.1/bits/shared_ptr_atomic.h:142:5: note: declared here
  142 |     atomic_load(const shared_ptr<_Tp>* __p)
      |     ^~~~~~~~~~~
/var/tmp/SdpaKvMajorJw16/cand-tree/.work/mlx/mlx/error.h: In member function 'void mlx::core::Error::check()':
/var/tmp/SdpaKvMajorJw16/cand-tree/.work/mlx/mlx/error.h:39:36: warning: 'std::shared_ptr<_Tp> std::atomic_exchange(shared_ptr<_Tp>*, shared_ptr<_Tp>) [with _Tp = __cxx11::basic_string<char>]' is deprecated: use 'std::atomic<std::shared_ptr<T>>' instead [-Wdeprecated-declarations]
   39 |     auto msg = std::atomic_exchange(&message_, {});
      |                ~~~~~~~~~~~~~~~~~~~~^~~~~~~~~~~~~~~
/usr/include/c++/16.1.1/bits/shared_ptr_atomic.h:225:5: note: declared here
  225 |     atomic_exchange(shared_ptr<_Tp>* __p, shared_ptr<_Tp> __r)
      |     ^~~~~~~~~~~~~~~
[887/962] Building CXX object CMakeFiles/mlx.dir/mlx/backend/cpu/hadamard.cpp.o
In file included from /var/tmp/SdpaKvMajorJw16/cand-tree/.work/mlx/mlx/event.h:8,
                 from /var/tmp/SdpaKvMajorJw16/cand-tree/.work/mlx/mlx/array.h:13,
                 from /var/tmp/SdpaKvMajorJw16/cand-tree/.work/mlx/mlx/utils.h:13,
                 from /var/tmp/SdpaKvMajorJw16/cand-tree/.work/mlx/mlx/backend/common/hadamard.h:7,
                 from /var/tmp/SdpaKvMajorJw16/cand-tree/.work/mlx/mlx/backend/cpu/hadamard.cpp:5:
/var/tmp/SdpaKvMajorJw16/cand-tree/.work/mlx/mlx/error.h: In member function 'void mlx::core::Error::set_message(Message)':
/var/tmp/SdpaKvMajorJw16/cand-tree/.work/mlx/mlx/error.h:17:22: warning: 'void std::atomic_store(shared_ptr<_Tp>*, shared_ptr<_Tp>) [with _Tp = __cxx11::basic_string<char>]' is deprecated: use 'std::atomic<std::shared_ptr<T>>' instead [-Wdeprecated-declarations]
   17 |     std::atomic_store(&message_, std::move(msg));
      |     ~~~~~~~~~~~~~~~~~^~~~~~~~~~~~~~~~~~~~~~~~~~~
In file included from /usr/include/c++/16.1.1/memory:83,
                 from /var/tmp/SdpaKvMajorJw16/cand-tree/.work/mlx/mlx/array.h:7:
/usr/include/c++/16.1.1/bits/shared_ptr_atomic.h:183:5: note: declared here
  183 |     atomic_store(shared_ptr<_Tp>* __p, shared_ptr<_Tp> __r)
      |     ^~~~~~~~~~~~
/var/tmp/SdpaKvMajorJw16/cand-tree/.work/mlx/mlx/error.h: In member function 'bool mlx::core::Error::valid() const':
/var/tmp/SdpaKvMajorJw16/cand-tree/.work/mlx/mlx/error.h:21:32: warning: 'std::shared_ptr<_Tp> std::atomic_load(const shared_ptr<_Tp>*) [with _Tp = __cxx11::basic_string<char>]' is deprecated: use 'std::atomic<std::shared_ptr<T>>' instead [-Wdeprecated-declarations]
   21 |     auto msg = std::atomic_load(&message_);
      |                ~~~~~~~~~~~~~~~~^~~~~~~~~~~
/usr/include/c++/16.1.1/bits/shared_ptr_atomic.h:142:5: note: declared here
  142 |     atomic_load(const shared_ptr<_Tp>* __p)
      |     ^~~~~~~~~~~
/var/tmp/SdpaKvMajorJw16/cand-tree/.work/mlx/mlx/error.h: In member function 'bool mlx::core::Error::store_if_valid(const mlx::core::Error*)':
/var/tmp/SdpaKvMajorJw16/cand-tree/.work/mlx/mlx/error.h:28:37: warning: 'std::shared_ptr<_Tp> std::atomic_load(const shared_ptr<_Tp>*) [with _Tp = __cxx11::basic_string<char>]' is deprecated: use 'std::atomic<std::shared_ptr<T>>' instead [-Wdeprecated-declarations]
   28 |       Message msg = std::atomic_load(&ptr->message_);
      |                     ~~~~~~~~~~~~~~~~^~~~~~~~~~~~~~~~
/usr/include/c++/16.1.1/bits/shared_ptr_atomic.h:142:5: note: declared here
  142 |     atomic_load(const shared_ptr<_Tp>* __p)
      |     ^~~~~~~~~~~
/var/tmp/SdpaKvMajorJw16/cand-tree/.work/mlx/mlx/error.h: In member function 'void mlx::core::Error::check()':
/var/tmp/SdpaKvMajorJw16/cand-tree/.work/mlx/mlx/error.h:39:36: warning: 'std::shared_ptr<_Tp> std::atomic_exchange(shared_ptr<_Tp>*, shared_ptr<_Tp>) [with _Tp = __cxx11::basic_string<char>]' is deprecated: use 'std::atomic<std::shared_ptr<T>>' instead [-Wdeprecated-declarations]
   39 |     auto msg = std::atomic_exchange(&message_, {});
      |                ~~~~~~~~~~~~~~~~~~~~^~~~~~~~~~~~~~~
/usr/include/c++/16.1.1/bits/shared_ptr_atomic.h:225:5: note: declared here
  225 |     atomic_exchange(shared_ptr<_Tp>* __p, shared_ptr<_Tp> __r)
      |     ^~~~~~~~~~~~~~~
[888/962] Building CXX object CMakeFiles/mlx.dir/mlx/backend/cpu/gemms/cblas.cpp.o
In file included from /var/tmp/SdpaKvMajorJw16/cand-tree/.work/mlx/mlx/event.h:8,
                 from /var/tmp/SdpaKvMajorJw16/cand-tree/.work/mlx/mlx/array.h:13,
                 from /var/tmp/SdpaKvMajorJw16/cand-tree/.work/mlx/mlx/backend/common/utils.h:9,
                 from /var/tmp/SdpaKvMajorJw16/cand-tree/.work/mlx/mlx/backend/cpu/gemms/cblas.cpp:3:
/var/tmp/SdpaKvMajorJw16/cand-tree/.work/mlx/mlx/error.h: In member function 'void mlx::core::Error::set_message(Message)':
/var/tmp/SdpaKvMajorJw16/cand-tree/.work/mlx/mlx/error.h:17:22: warning: 'void std::atomic_store(shared_ptr<_Tp>*, shared_ptr<_Tp>) [with _Tp = __cxx11::basic_string<char>]' is deprecated: use 'std::atomic<std::shared_ptr<T>>' instead [-Wdeprecated-declarations]
   17 |     std::atomic_store(&message_, std::move(msg));
      |     ~~~~~~~~~~~~~~~~~^~~~~~~~~~~~~~~~~~~~~~~~~~~
In file included from /usr/include/c++/16.1.1/memory:83,
                 from /var/tmp/SdpaKvMajorJw16/cand-tree/.work/mlx/mlx/array.h:7:
/usr/include/c++/16.1.1/bits/shared_ptr_atomic.h:183:5: note: declared here
  183 |     atomic_store(shared_ptr<_Tp>* __p, shared_ptr<_Tp> __r)
      |     ^~~~~~~~~~~~
/var/tmp/SdpaKvMajorJw16/cand-tree/.work/mlx/mlx/error.h: In member function 'bool mlx::core::Error::valid() const':
/var/tmp/SdpaKvMajorJw16/cand-tree/.work/mlx/mlx/error.h:21:32: warning: 'std::shared_ptr<_Tp> std::atomic_load(const shared_ptr<_Tp>*) [with _Tp = __cxx11::basic_string<char>]' is deprecated: use 'std::atomic<std::shared_ptr<T>>' instead [-Wdeprecated-declarations]
   21 |     auto msg = std::atomic_load(&message_);
      |                ~~~~~~~~~~~~~~~~^~~~~~~~~~~
/usr/include/c++/16.1.1/bits/shared_ptr_atomic.h:142:5: note: declared here
  142 |     atomic_load(const shared_ptr<_Tp>* __p)
      |     ^~~~~~~~~~~
/var/tmp/SdpaKvMajorJw16/cand-tree/.work/mlx/mlx/error.h: In member function 'bool mlx::core::Error::store_if_valid(const mlx::core::Error*)':
/var/tmp/SdpaKvMajorJw16/cand-tree/.work/mlx/mlx/error.h:28:37: warning: 'std::shared_ptr<_Tp> std::atomic_load(const shared_ptr<_Tp>*) [with _Tp = __cxx11::basic_string<char>]' is deprecated: use 'std::atomic<std::shared_ptr<T>>' instead [-Wdeprecated-declarations]
   28 |       Message msg = std::atomic_load(&ptr->message_);
      |                     ~~~~~~~~~~~~~~~~^~~~~~~~~~~~~~~~
/usr/include/c++/16.1.1/bits/shared_ptr_atomic.h:142:5: note: declared here
  142 |     atomic_load(const shared_ptr<_Tp>* __p)
      |     ^~~~~~~~~~~
/var/tmp/SdpaKvMajorJw16/cand-tree/.work/mlx/mlx/error.h: In member function 'void mlx::core::Error::check()':
/var/tmp/SdpaKvMajorJw16/cand-tree/.work/mlx/mlx/error.h:39:36: warning: 'std::shared_ptr<_Tp> std::atomic_exchange(shared_ptr<_Tp>*, shared_ptr<_Tp>) [with _Tp = __cxx11::basic_string<char>]' is deprecated: use 'std::atomic<std::shared_ptr<T>>' instead [-Wdeprecated-declarations]
   39 |     auto msg = std::atomic_exchange(&message_, {});
      |                ~~~~~~~~~~~~~~~~~~~~^~~~~~~~~~~~~~~
/usr/include/c++/16.1.1/bits/shared_ptr_atomic.h:225:5: note: declared here
  225 |     atomic_exchange(shared_ptr<_Tp>* __p, shared_ptr<_Tp> __r)
      |     ^~~~~~~~~~~~~~~
[889/962] Building CXX object CMakeFiles/mlx.dir/mlx/export.cpp.o
In file included from /var/tmp/SdpaKvMajorJw16/cand-tree/.work/mlx/mlx/event.h:8,
                 from /var/tmp/SdpaKvMajorJw16/cand-tree/.work/mlx/mlx/array.h:13,
                 from /var/tmp/SdpaKvMajorJw16/cand-tree/.work/mlx/mlx/export.h:10,
                 from /var/tmp/SdpaKvMajorJw16/cand-tree/.work/mlx/mlx/export.cpp:2:
/var/tmp/SdpaKvMajorJw16/cand-tree/.work/mlx/mlx/error.h: In member function 'void mlx::core::Error::set_message(Message)':
/var/tmp/SdpaKvMajorJw16/cand-tree/.work/mlx/mlx/error.h:17:22: warning: 'void std::atomic_store(shared_ptr<_Tp>*, shared_ptr<_Tp>) [with _Tp = __cxx11::basic_string<char>]' is deprecated: use 'std::atomic<std::shared_ptr<T>>' instead [-Wdeprecated-declarations]
   17 |     std::atomic_store(&message_, std::move(msg));
      |     ~~~~~~~~~~~~~~~~~^~~~~~~~~~~~~~~~~~~~~~~~~~~
In file included from /usr/include/c++/16.1.1/memory:83,
                 from /var/tmp/SdpaKvMajorJw16/cand-tree/.work/mlx/mlx/array.h:7:
/usr/include/c++/16.1.1/bits/shared_ptr_atomic.h:183:5: note: declared here
  183 |     atomic_store(shared_ptr<_Tp>* __p, shared_ptr<_Tp> __r)
      |     ^~~~~~~~~~~~
/var/tmp/SdpaKvMajorJw16/cand-tree/.work/mlx/mlx/error.h: In member function 'bool mlx::core::Error::valid() const':
/var/tmp/SdpaKvMajorJw16/cand-tree/.work/mlx/mlx/error.h:21:32: warning: 'std::shared_ptr<_Tp> std::atomic_load(const shared_ptr<_Tp>*) [with _Tp = __cxx11::basic_string<char>]' is deprecated: use 'std::atomic<std::shared_ptr<T>>' instead [-Wdeprecated-declarations]
   21 |     auto msg = std::atomic_load(&message_);
      |                ~~~~~~~~~~~~~~~~^~~~~~~~~~~
/usr/include/c++/16.1.1/bits/shared_ptr_atomic.h:142:5: note: declared here
  142 |     atomic_load(const shared_ptr<_Tp>* __p)
      |     ^~~~~~~~~~~
/var/tmp/SdpaKvMajorJw16/cand-tree/.work/mlx/mlx/error.h: In member function 'bool mlx::core::Error::store_if_valid(const mlx::core::Error*)':
/var/tmp/SdpaKvMajorJw16/cand-tree/.work/mlx/mlx/error.h:28:37: warning: 'std::shared_ptr<_Tp> std::atomic_load(const shared_ptr<_Tp>*) [with _Tp = __cxx11::basic_string<char>]' is deprecated: use 'std::atomic<std::shared_ptr<T>>' instead [-Wdeprecated-declarations]
   28 |       Message msg = std::atomic_load(&ptr->message_);
      |                     ~~~~~~~~~~~~~~~~^~~~~~~~~~~~~~~~
/usr/include/c++/16.1.1/bits/shared_ptr_atomic.h:142:5: note: declared here
  142 |     atomic_load(const shared_ptr<_Tp>* __p)
      |     ^~~~~~~~~~~
/var/tmp/SdpaKvMajorJw16/cand-tree/.work/mlx/mlx/error.h: In member function 'void mlx::core::Error::check()':
/var/tmp/SdpaKvMajorJw16/cand-tree/.work/mlx/mlx/error.h:39:36: warning: 'std::shared_ptr<_Tp> std::atomic_exchange(shared_ptr<_Tp>*, shared_ptr<_Tp>) [with _Tp = __cxx11::basic_string<char>]' is deprecated: use 'std::atomic<std::shared_ptr<T>>' instead [-Wdeprecated-declarations]
   39 |     auto msg = std::atomic_exchange(&message_, {});
      |                ~~~~~~~~~~~~~~~~~~~~^~~~~~~~~~~~~~~
/usr/include/c++/16.1.1/bits/shared_ptr_atomic.h:225:5: note: declared here
  225 |     atomic_exchange(shared_ptr<_Tp>* __p, shared_ptr<_Tp> __r)
      |     ^~~~~~~~~~~~~~~
[890/962] Building CXX object CMakeFiles/mlx.dir/mlx/backend/cpu/conv.cpp.o
In file included from /var/tmp/SdpaKvMajorJw16/cand-tree/.work/mlx/mlx/event.h:8,
                 from /var/tmp/SdpaKvMajorJw16/cand-tree/.work/mlx/mlx/array.h:13,
                 from /var/tmp/SdpaKvMajorJw16/cand-tree/.work/mlx/mlx/backend/cpu/copy.h:7,
                 from /var/tmp/SdpaKvMajorJw16/cand-tree/.work/mlx/mlx/backend/cpu/conv.cpp:6:
/var/tmp/SdpaKvMajorJw16/cand-tree/.work/mlx/mlx/error.h: In member function 'void mlx::core::Error::set_message(Message)':
/var/tmp/SdpaKvMajorJw16/cand-tree/.work/mlx/mlx/error.h:17:22: warning: 'void std::atomic_store(shared_ptr<_Tp>*, shared_ptr<_Tp>) [with _Tp = __cxx11::basic_string<char>]' is deprecated: use 'std::atomic<std::shared_ptr<T>>' instead [-Wdeprecated-declarations]
   17 |     std::atomic_store(&message_, std::move(msg));
      |     ~~~~~~~~~~~~~~~~~^~~~~~~~~~~~~~~~~~~~~~~~~~~
In file included from /usr/include/c++/16.1.1/memory:83,
                 from /var/tmp/SdpaKvMajorJw16/cand-tree/.work/mlx/mlx/array.h:7:
/usr/include/c++/16.1.1/bits/shared_ptr_atomic.h:183:5: note: declared here
  183 |     atomic_store(shared_ptr<_Tp>* __p, shared_ptr<_Tp> __r)
      |     ^~~~~~~~~~~~
/var/tmp/SdpaKvMajorJw16/cand-tree/.work/mlx/mlx/error.h: In member function 'bool mlx::core::Error::valid() const':
/var/tmp/SdpaKvMajorJw16/cand-tree/.work/mlx/mlx/error.h:21:32: warning: 'std::shared_ptr<_Tp> std::atomic_load(const shared_ptr<_Tp>*) [with _Tp = __cxx11::basic_string<char>]' is deprecated: use 'std::atomic<std::shared_ptr<T>>' instead [-Wdeprecated-declarations]
   21 |     auto msg = std::atomic_load(&message_);
      |                ~~~~~~~~~~~~~~~~^~~~~~~~~~~
/usr/include/c++/16.1.1/bits/shared_ptr_atomic.h:142:5: note: declared here
  142 |     atomic_load(const shared_ptr<_Tp>* __p)
      |     ^~~~~~~~~~~
/var/tmp/SdpaKvMajorJw16/cand-tree/.work/mlx/mlx/error.h: In member function 'bool mlx::core::Error::store_if_valid(const mlx::core::Error*)':
/var/tmp/SdpaKvMajorJw16/cand-tree/.work/mlx/mlx/error.h:28:37: warning: 'std::shared_ptr<_Tp> std::atomic_load(const shared_ptr<_Tp>*) [with _Tp = __cxx11::basic_string<char>]' is deprecated: use 'std::atomic<std::shared_ptr<T>>' instead [-Wdeprecated-declarations]
   28 |       Message msg = std::atomic_load(&ptr->message_);
      |                     ~~~~~~~~~~~~~~~~^~~~~~~~~~~~~~~~
/usr/include/c++/16.1.1/bits/shared_ptr_atomic.h:142:5: note: declared here
  142 |     atomic_load(const shared_ptr<_Tp>* __p)
      |     ^~~~~~~~~~~
/var/tmp/SdpaKvMajorJw16/cand-tree/.work/mlx/mlx/error.h: In member function 'void mlx::core::Error::check()':
/var/tmp/SdpaKvMajorJw16/cand-tree/.work/mlx/mlx/error.h:39:36: warning: 'std::shared_ptr<_Tp> std::atomic_exchange(shared_ptr<_Tp>*, shared_ptr<_Tp>) [with _Tp = __cxx11::basic_string<char>]' is deprecated: use 'std::atomic<std::shared_ptr<T>>' instead [-Wdeprecated-declarations]
   39 |     auto msg = std::atomic_exchange(&message_, {});
      |                ~~~~~~~~~~~~~~~~~~~~^~~~~~~~~~~~~~~
/usr/include/c++/16.1.1/bits/shared_ptr_atomic.h:225:5: note: declared here
  225 |     atomic_exchange(shared_ptr<_Tp>* __p, shared_ptr<_Tp> __r)
      |     ^~~~~~~~~~~~~~~
[891/962] Building CXX object CMakeFiles/mlx.dir/mlx/primitives.cpp.o
In file included from /var/tmp/SdpaKvMajorJw16/cand-tree/.work/mlx/mlx/event.h:8,
                 from /var/tmp/SdpaKvMajorJw16/cand-tree/.work/mlx/mlx/array.h:13,
                 from /var/tmp/SdpaKvMajorJw16/cand-tree/.work/mlx/mlx/backend/common/utils.h:9,
                 from /var/tmp/SdpaKvMajorJw16/cand-tree/.work/mlx/mlx/primitives.cpp:13:
/var/tmp/SdpaKvMajorJw16/cand-tree/.work/mlx/mlx/error.h: In member function 'void mlx::core::Error::set_message(Message)':
/var/tmp/SdpaKvMajorJw16/cand-tree/.work/mlx/mlx/error.h:17:22: warning: 'void std::atomic_store(shared_ptr<_Tp>*, shared_ptr<_Tp>) [with _Tp = __cxx11::basic_string<char>]' is deprecated: use 'std::atomic<std::shared_ptr<T>>' instead [-Wdeprecated-declarations]
   17 |     std::atomic_store(&message_, std::move(msg));
      |     ~~~~~~~~~~~~~~~~~^~~~~~~~~~~~~~~~~~~~~~~~~~~
In file included from /usr/include/c++/16.1.1/memory:83,
                 from /var/tmp/SdpaKvMajorJw16/cand-tree/.work/mlx/mlx/array.h:7:
/usr/include/c++/16.1.1/bits/shared_ptr_atomic.h:183:5: note: declared here
  183 |     atomic_store(shared_ptr<_Tp>* __p, shared_ptr<_Tp> __r)
      |     ^~~~~~~~~~~~
/var/tmp/SdpaKvMajorJw16/cand-tree/.work/mlx/mlx/error.h: In member function 'bool mlx::core::Error::valid() const':
/var/tmp/SdpaKvMajorJw16/cand-tree/.work/mlx/mlx/error.h:21:32: warning: 'std::shared_ptr<_Tp> std::atomic_load(const shared_ptr<_Tp>*) [with _Tp = __cxx11::basic_string<char>]' is deprecated: use 'std::atomic<std::shared_ptr<T>>' instead [-Wdeprecated-declarations]
   21 |     auto msg = std::atomic_load(&message_);
      |                ~~~~~~~~~~~~~~~~^~~~~~~~~~~
/usr/include/c++/16.1.1/bits/shared_ptr_atomic.h:142:5: note: declared here
  142 |     atomic_load(const shared_ptr<_Tp>* __p)
      |     ^~~~~~~~~~~
/var/tmp/SdpaKvMajorJw16/cand-tree/.work/mlx/mlx/error.h: In member function 'bool mlx::core::Error::store_if_valid(const mlx::core::Error*)':
/var/tmp/SdpaKvMajorJw16/cand-tree/.work/mlx/mlx/error.h:28:37: warning: 'std::shared_ptr<_Tp> std::atomic_load(const shared_ptr<_Tp>*) [with _Tp = __cxx11::basic_string<char>]' is deprecated: use 'std::atomic<std::shared_ptr<T>>' instead [-Wdeprecated-declarations]
   28 |       Message msg = std::atomic_load(&ptr->message_);
      |                     ~~~~~~~~~~~~~~~~^~~~~~~~~~~~~~~~
/usr/include/c++/16.1.1/bits/shared_ptr_atomic.h:142:5: note: declared here
  142 |     atomic_load(const shared_ptr<_Tp>* __p)
      |     ^~~~~~~~~~~
/var/tmp/SdpaKvMajorJw16/cand-tree/.work/mlx/mlx/error.h: In member function 'void mlx::core::Error::check()':
/var/tmp/SdpaKvMajorJw16/cand-tree/.work/mlx/mlx/error.h:39:36: warning: 'std::shared_ptr<_Tp> std::atomic_exchange(shared_ptr<_Tp>*, shared_ptr<_Tp>) [with _Tp = __cxx11::basic_string<char>]' is deprecated: use 'std::atomic<std::shared_ptr<T>>' instead [-Wdeprecated-declarations]
   39 |     auto msg = std::atomic_exchange(&message_, {});
      |                ~~~~~~~~~~~~~~~~~~~~^~~~~~~~~~~~~~~
/usr/include/c++/16.1.1/bits/shared_ptr_atomic.h:225:5: note: declared here
  225 |     atomic_exchange(shared_ptr<_Tp>* __p, shared_ptr<_Tp> __r)
      |     ^~~~~~~~~~~~~~~
[892/962] Building CXX object CMakeFiles/mlx.dir/mlx/backend/cpu/masked_mm.cpp.o
In file included from /var/tmp/SdpaKvMajorJw16/cand-tree/.work/mlx/mlx/event.h:8,
                 from /var/tmp/SdpaKvMajorJw16/cand-tree/.work/mlx/mlx/array.h:13,
                 from /var/tmp/SdpaKvMajorJw16/cand-tree/.work/mlx/mlx/backend/cpu/masked_mm.cpp:5:
/var/tmp/SdpaKvMajorJw16/cand-tree/.work/mlx/mlx/error.h: In member function 'void mlx::core::Error::set_message(Message)':
/var/tmp/SdpaKvMajorJw16/cand-tree/.work/mlx/mlx/error.h:17:22: warning: 'void std::atomic_store(shared_ptr<_Tp>*, shared_ptr<_Tp>) [with _Tp = __cxx11::basic_string<char>]' is deprecated: use 'std::atomic<std::shared_ptr<T>>' instead [-Wdeprecated-declarations]
   17 |     std::atomic_store(&message_, std::move(msg));
      |     ~~~~~~~~~~~~~~~~~^~~~~~~~~~~~~~~~~~~~~~~~~~~
In file included from /usr/include/c++/16.1.1/memory:83,
                 from /var/tmp/SdpaKvMajorJw16/cand-tree/.work/mlx/mlx/array.h:7:
/usr/include/c++/16.1.1/bits/shared_ptr_atomic.h:183:5: note: declared here
  183 |     atomic_store(shared_ptr<_Tp>* __p, shared_ptr<_Tp> __r)
      |     ^~~~~~~~~~~~
/var/tmp/SdpaKvMajorJw16/cand-tree/.work/mlx/mlx/error.h: In member function 'bool mlx::core::Error::valid() const':
/var/tmp/SdpaKvMajorJw16/cand-tree/.work/mlx/mlx/error.h:21:32: warning: 'std::shared_ptr<_Tp> std::atomic_load(const shared_ptr<_Tp>*) [with _Tp = __cxx11::basic_string<char>]' is deprecated: use 'std::atomic<std::shared_ptr<T>>' instead [-Wdeprecated-declarations]
   21 |     auto msg = std::atomic_load(&message_);
      |                ~~~~~~~~~~~~~~~~^~~~~~~~~~~
/usr/include/c++/16.1.1/bits/shared_ptr_atomic.h:142:5: note: declared here
  142 |     atomic_load(const shared_ptr<_Tp>* __p)
      |     ^~~~~~~~~~~
/var/tmp/SdpaKvMajorJw16/cand-tree/.work/mlx/mlx/error.h: In member function 'bool mlx::core::Error::store_if_valid(const mlx::core::Error*)':
/var/tmp/SdpaKvMajorJw16/cand-tree/.work/mlx/mlx/error.h:28:37: warning: 'std::shared_ptr<_Tp> std::atomic_load(const shared_ptr<_Tp>*) [with _Tp = __cxx11::basic_string<char>]' is deprecated: use 'std::atomic<std::shared_ptr<T>>' instead [-Wdeprecated-declarations]
   28 |       Message msg = std::atomic_load(&ptr->message_);
      |                     ~~~~~~~~~~~~~~~~^~~~~~~~~~~~~~~~
/usr/include/c++/16.1.1/bits/shared_ptr_atomic.h:142:5: note: declared here
  142 |     atomic_load(const shared_ptr<_Tp>* __p)
      |     ^~~~~~~~~~~
/var/tmp/SdpaKvMajorJw16/cand-tree/.work/mlx/mlx/error.h: In member function 'void mlx::core::Error::check()':
/var/tmp/SdpaKvMajorJw16/cand-tree/.work/mlx/mlx/error.h:39:36: warning: 'std::shared_ptr<_Tp> std::atomic_exchange(shared_ptr<_Tp>*, shared_ptr<_Tp>) [with _Tp = __cxx11::basic_string<char>]' is deprecated: use 'std::atomic<std::shared_ptr<T>>' instead [-Wdeprecated-declarations]
   39 |     auto msg = std::atomic_exchange(&message_, {});
      |                ~~~~~~~~~~~~~~~~~~~~^~~~~~~~~~~~~~~
/usr/include/c++/16.1.1/bits/shared_ptr_atomic.h:225:5: note: declared here
  225 |     atomic_exchange(shared_ptr<_Tp>* __p, shared_ptr<_Tp> __r)
      |     ^~~~~~~~~~~~~~~
[893/962] Building CXX object CMakeFiles/mlx.dir/mlx/ops.cpp.o
In file included from /var/tmp/SdpaKvMajorJw16/cand-tree/.work/mlx/mlx/event.h:8,
                 from /var/tmp/SdpaKvMajorJw16/cand-tree/.work/mlx/mlx/array.h:13,
                 from /var/tmp/SdpaKvMajorJw16/cand-tree/.work/mlx/mlx/backend/omarchy/unsupported.h:10,
                 from /var/tmp/SdpaKvMajorJw16/cand-tree/.work/mlx/mlx/ops.cpp:15:
/var/tmp/SdpaKvMajorJw16/cand-tree/.work/mlx/mlx/error.h: In member function 'void mlx::core::Error::set_message(Message)':
/var/tmp/SdpaKvMajorJw16/cand-tree/.work/mlx/mlx/error.h:17:22: warning: 'void std::atomic_store(shared_ptr<_Tp>*, shared_ptr<_Tp>) [with _Tp = __cxx11::basic_string<char>]' is deprecated: use 'std::atomic<std::shared_ptr<T>>' instead [-Wdeprecated-declarations]
   17 |     std::atomic_store(&message_, std::move(msg));
      |     ~~~~~~~~~~~~~~~~~^~~~~~~~~~~~~~~~~~~~~~~~~~~
In file included from /usr/include/c++/16.1.1/memory:83,
                 from /var/tmp/SdpaKvMajorJw16/cand-tree/.work/mlx/mlx/array.h:7:
/usr/include/c++/16.1.1/bits/shared_ptr_atomic.h:183:5: note: declared here
  183 |     atomic_store(shared_ptr<_Tp>* __p, shared_ptr<_Tp> __r)
      |     ^~~~~~~~~~~~
/var/tmp/SdpaKvMajorJw16/cand-tree/.work/mlx/mlx/error.h: In member function 'bool mlx::core::Error::valid() const':
/var/tmp/SdpaKvMajorJw16/cand-tree/.work/mlx/mlx/error.h:21:32: warning: 'std::shared_ptr<_Tp> std::atomic_load(const shared_ptr<_Tp>*) [with _Tp = __cxx11::basic_string<char>]' is deprecated: use 'std::atomic<std::shared_ptr<T>>' instead [-Wdeprecated-declarations]
   21 |     auto msg = std::atomic_load(&message_);
      |                ~~~~~~~~~~~~~~~~^~~~~~~~~~~
/usr/include/c++/16.1.1/bits/shared_ptr_atomic.h:142:5: note: declared here
  142 |     atomic_load(const shared_ptr<_Tp>* __p)
      |     ^~~~~~~~~~~
/var/tmp/SdpaKvMajorJw16/cand-tree/.work/mlx/mlx/error.h: In member function 'bool mlx::core::Error::store_if_valid(const mlx::core::Error*)':
/var/tmp/SdpaKvMajorJw16/cand-tree/.work/mlx/mlx/error.h:28:37: warning: 'std::shared_ptr<_Tp> std::atomic_load(const shared_ptr<_Tp>*) [with _Tp = __cxx11::basic_string<char>]' is deprecated: use 'std::atomic<std::shared_ptr<T>>' instead [-Wdeprecated-declarations]
   28 |       Message msg = std::atomic_load(&ptr->message_);
      |                     ~~~~~~~~~~~~~~~~^~~~~~~~~~~~~~~~
/usr/include/c++/16.1.1/bits/shared_ptr_atomic.h:142:5: note: declared here
  142 |     atomic_load(const shared_ptr<_Tp>* __p)
      |     ^~~~~~~~~~~
/var/tmp/SdpaKvMajorJw16/cand-tree/.work/mlx/mlx/error.h: In member function 'void mlx::core::Error::check()':
/var/tmp/SdpaKvMajorJw16/cand-tree/.work/mlx/mlx/error.h:39:36: warning: 'std::shared_ptr<_Tp> std::atomic_exchange(shared_ptr<_Tp>*, shared_ptr<_Tp>) [with _Tp = __cxx11::basic_string<char>]' is deprecated: use 'std::atomic<std::shared_ptr<T>>' instead [-Wdeprecated-declarations]
   39 |     auto msg = std::atomic_exchange(&message_, {});
      |                ~~~~~~~~~~~~~~~~~~~~^~~~~~~~~~~~~~~
/usr/include/c++/16.1.1/bits/shared_ptr_atomic.h:225:5: note: declared here
  225 |     atomic_exchange(shared_ptr<_Tp>* __p, shared_ptr<_Tp> __r)
      |     ^~~~~~~~~~~~~~~
[894/962] Building CXX object CMakeFiles/mlx.dir/mlx/backend/cpu/primitives.cpp.o
In file included from /var/tmp/SdpaKvMajorJw16/cand-tree/.work/mlx/mlx/event.h:8,
                 from /var/tmp/SdpaKvMajorJw16/cand-tree/.work/mlx/mlx/array.h:13,
                 from /var/tmp/SdpaKvMajorJw16/cand-tree/.work/mlx/mlx/backend/common/slicing.h:5,
                 from /var/tmp/SdpaKvMajorJw16/cand-tree/.work/mlx/mlx/backend/cpu/primitives.cpp:11:
/var/tmp/SdpaKvMajorJw16/cand-tree/.work/mlx/mlx/error.h: In member function 'void mlx::core::Error::set_message(Message)':
/var/tmp/SdpaKvMajorJw16/cand-tree/.work/mlx/mlx/error.h:17:22: warning: 'void std::atomic_store(shared_ptr<_Tp>*, shared_ptr<_Tp>) [with _Tp = __cxx11::basic_string<char>]' is deprecated: use 'std::atomic<std::shared_ptr<T>>' instead [-Wdeprecated-declarations]
   17 |     std::atomic_store(&message_, std::move(msg));
      |     ~~~~~~~~~~~~~~~~~^~~~~~~~~~~~~~~~~~~~~~~~~~~
In file included from /usr/include/c++/16.1.1/memory:83,
                 from /var/tmp/SdpaKvMajorJw16/cand-tree/.work/mlx/mlx/array.h:7:
/usr/include/c++/16.1.1/bits/shared_ptr_atomic.h:183:5: note: declared here
  183 |     atomic_store(shared_ptr<_Tp>* __p, shared_ptr<_Tp> __r)
      |     ^~~~~~~~~~~~
/var/tmp/SdpaKvMajorJw16/cand-tree/.work/mlx/mlx/error.h: In member function 'bool mlx::core::Error::valid() const':
/var/tmp/SdpaKvMajorJw16/cand-tree/.work/mlx/mlx/error.h:21:32: warning: 'std::shared_ptr<_Tp> std::atomic_load(const shared_ptr<_Tp>*) [with _Tp = __cxx11::basic_string<char>]' is deprecated: use 'std::atomic<std::shared_ptr<T>>' instead [-Wdeprecated-declarations]
   21 |     auto msg = std::atomic_load(&message_);
      |                ~~~~~~~~~~~~~~~~^~~~~~~~~~~
/usr/include/c++/16.1.1/bits/shared_ptr_atomic.h:142:5: note: declared here
  142 |     atomic_load(const shared_ptr<_Tp>* __p)
      |     ^~~~~~~~~~~
/var/tmp/SdpaKvMajorJw16/cand-tree/.work/mlx/mlx/error.h: In member function 'bool mlx::core::Error::store_if_valid(const mlx::core::Error*)':
/var/tmp/SdpaKvMajorJw16/cand-tree/.work/mlx/mlx/error.h:28:37: warning: 'std::shared_ptr<_Tp> std::atomic_load(const shared_ptr<_Tp>*) [with _Tp = __cxx11::basic_string<char>]' is deprecated: use 'std::atomic<std::shared_ptr<T>>' instead [-Wdeprecated-declarations]
   28 |       Message msg = std::atomic_load(&ptr->message_);
      |                     ~~~~~~~~~~~~~~~~^~~~~~~~~~~~~~~~
/usr/include/c++/16.1.1/bits/shared_ptr_atomic.h:142:5: note: declared here
  142 |     atomic_load(const shared_ptr<_Tp>* __p)
      |     ^~~~~~~~~~~
/var/tmp/SdpaKvMajorJw16/cand-tree/.work/mlx/mlx/error.h: In member function 'void mlx::core::Error::check()':
/var/tmp/SdpaKvMajorJw16/cand-tree/.work/mlx/mlx/error.h:39:36: warning: 'std::shared_ptr<_Tp> std::atomic_exchange(shared_ptr<_Tp>*, shared_ptr<_Tp>) [with _Tp = __cxx11::basic_string<char>]' is deprecated: use 'std::atomic<std::shared_ptr<T>>' instead [-Wdeprecated-declarations]
   39 |     auto msg = std::atomic_exchange(&message_, {});
      |                ~~~~~~~~~~~~~~~~~~~~^~~~~~~~~~~~~~~
/usr/include/c++/16.1.1/bits/shared_ptr_atomic.h:225:5: note: declared here
  225 |     atomic_exchange(shared_ptr<_Tp>* __p, shared_ptr<_Tp> __r)
      |     ^~~~~~~~~~~~~~~
[895/962] Building CXX object CMakeFiles/mlx.dir/mlx/backend/cpu/encoder.cpp.o
In file included from /var/tmp/SdpaKvMajorJw16/cand-tree/.work/mlx/mlx/event.h:8,
                 from /var/tmp/SdpaKvMajorJw16/cand-tree/.work/mlx/mlx/array.h:13,
                 from /var/tmp/SdpaKvMajorJw16/cand-tree/.work/mlx/mlx/backend/cpu/encoder.h:7,
                 from /var/tmp/SdpaKvMajorJw16/cand-tree/.work/mlx/mlx/backend/cpu/encoder.cpp:3:
/var/tmp/SdpaKvMajorJw16/cand-tree/.work/mlx/mlx/error.h: In member function 'void mlx::core::Error::set_message(Message)':
/var/tmp/SdpaKvMajorJw16/cand-tree/.work/mlx/mlx/error.h:17:22: warning: 'void std::atomic_store(shared_ptr<_Tp>*, shared_ptr<_Tp>) [with _Tp = __cxx11::basic_string<char>]' is deprecated: use 'std::atomic<std::shared_ptr<T>>' instead [-Wdeprecated-declarations]
   17 |     std::atomic_store(&message_, std::move(msg));
      |     ~~~~~~~~~~~~~~~~~^~~~~~~~~~~~~~~~~~~~~~~~~~~
In file included from /usr/include/c++/16.1.1/memory:83,
                 from /var/tmp/SdpaKvMajorJw16/cand-tree/.work/mlx/mlx/array.h:7:
/usr/include/c++/16.1.1/bits/shared_ptr_atomic.h:183:5: note: declared here
  183 |     atomic_store(shared_ptr<_Tp>* __p, shared_ptr<_Tp> __r)
      |     ^~~~~~~~~~~~
/var/tmp/SdpaKvMajorJw16/cand-tree/.work/mlx/mlx/error.h: In member function 'bool mlx::core::Error::valid() const':
/var/tmp/SdpaKvMajorJw16/cand-tree/.work/mlx/mlx/error.h:21:32: warning: 'std::shared_ptr<_Tp> std::atomic_load(const shared_ptr<_Tp>*) [with _Tp = __cxx11::basic_string<char>]' is deprecated: use 'std::atomic<std::shared_ptr<T>>' instead [-Wdeprecated-declarations]
   21 |     auto msg = std::atomic_load(&message_);
      |                ~~~~~~~~~~~~~~~~^~~~~~~~~~~
/usr/include/c++/16.1.1/bits/shared_ptr_atomic.h:142:5: note: declared here
  142 |     atomic_load(const shared_ptr<_Tp>* __p)
      |     ^~~~~~~~~~~
/var/tmp/SdpaKvMajorJw16/cand-tree/.work/mlx/mlx/error.h: In member function 'bool mlx::core::Error::store_if_valid(const mlx::core::Error*)':
/var/tmp/SdpaKvMajorJw16/cand-tree/.work/mlx/mlx/error.h:28:37: warning: 'std::shared_ptr<_Tp> std::atomic_load(const shared_ptr<_Tp>*) [with _Tp = __cxx11::basic_string<char>]' is deprecated: use 'std::atomic<std::shared_ptr<T>>' instead [-Wdeprecated-declarations]
   28 |       Message msg = std::atomic_load(&ptr->message_);
      |                     ~~~~~~~~~~~~~~~~^~~~~~~~~~~~~~~~
/usr/include/c++/16.1.1/bits/shared_ptr_atomic.h:142:5: note: declared here
  142 |     atomic_load(const shared_ptr<_Tp>* __p)
      |     ^~~~~~~~~~~
/var/tmp/SdpaKvMajorJw16/cand-tree/.work/mlx/mlx/error.h: In member function 'void mlx::core::Error::check()':
/var/tmp/SdpaKvMajorJw16/cand-tree/.work/mlx/mlx/error.h:39:36: warning: 'std::shared_ptr<_Tp> std::atomic_exchange(shared_ptr<_Tp>*, shared_ptr<_Tp>) [with _Tp = __cxx11::basic_string<char>]' is deprecated: use 'std::atomic<std::shared_ptr<T>>' instead [-Wdeprecated-declarations]
   39 |     auto msg = std::atomic_exchange(&message_, {});
      |                ~~~~~~~~~~~~~~~~~~~~^~~~~~~~~~~~~~~
/usr/include/c++/16.1.1/bits/shared_ptr_atomic.h:225:5: note: declared here
  225 |     atomic_exchange(shared_ptr<_Tp>* __p, shared_ptr<_Tp> __r)
      |     ^~~~~~~~~~~~~~~
[896/962] Building CXX object CMakeFiles/mlx.dir/mlx/backend/cpu/matmul.cpp.o
In file included from /var/tmp/SdpaKvMajorJw16/cand-tree/.work/mlx/mlx/event.h:8,
                 from /var/tmp/SdpaKvMajorJw16/cand-tree/.work/mlx/mlx/array.h:13,
                 from /var/tmp/SdpaKvMajorJw16/cand-tree/.work/mlx/mlx/backend/cpu/matmul.cpp:4:
/var/tmp/SdpaKvMajorJw16/cand-tree/.work/mlx/mlx/error.h: In member function 'void mlx::core::Error::set_message(Message)':
/var/tmp/SdpaKvMajorJw16/cand-tree/.work/mlx/mlx/error.h:17:22: warning: 'void std::atomic_store(shared_ptr<_Tp>*, shared_ptr<_Tp>) [with _Tp = __cxx11::basic_string<char>]' is deprecated: use 'std::atomic<std::shared_ptr<T>>' instead [-Wdeprecated-declarations]
   17 |     std::atomic_store(&message_, std::move(msg));
      |     ~~~~~~~~~~~~~~~~~^~~~~~~~~~~~~~~~~~~~~~~~~~~
In file included from /usr/include/c++/16.1.1/memory:83,
                 from /var/tmp/SdpaKvMajorJw16/cand-tree/.work/mlx/mlx/array.h:7:
/usr/include/c++/16.1.1/bits/shared_ptr_atomic.h:183:5: note: declared here
  183 |     atomic_store(shared_ptr<_Tp>* __p, shared_ptr<_Tp> __r)
      |     ^~~~~~~~~~~~
/var/tmp/SdpaKvMajorJw16/cand-tree/.work/mlx/mlx/error.h: In member function 'bool mlx::core::Error::valid() const':
/var/tmp/SdpaKvMajorJw16/cand-tree/.work/mlx/mlx/error.h:21:32: warning: 'std::shared_ptr<_Tp> std::atomic_load(const shared_ptr<_Tp>*) [with _Tp = __cxx11::basic_string<char>]' is deprecated: use 'std::atomic<std::shared_ptr<T>>' instead [-Wdeprecated-declarations]
   21 |     auto msg = std::atomic_load(&message_);
      |                ~~~~~~~~~~~~~~~~^~~~~~~~~~~
/usr/include/c++/16.1.1/bits/shared_ptr_atomic.h:142:5: note: declared here
  142 |     atomic_load(const shared_ptr<_Tp>* __p)
      |     ^~~~~~~~~~~
/var/tmp/SdpaKvMajorJw16/cand-tree/.work/mlx/mlx/error.h: In member function 'bool mlx::core::Error::store_if_valid(const mlx::core::Error*)':
/var/tmp/SdpaKvMajorJw16/cand-tree/.work/mlx/mlx/error.h:28:37: warning: 'std::shared_ptr<_Tp> std::atomic_load(const shared_ptr<_Tp>*) [with _Tp = __cxx11::basic_string<char>]' is deprecated: use 'std::atomic<std::shared_ptr<T>>' instead [-Wdeprecated-declarations]
   28 |       Message msg = std::atomic_load(&ptr->message_);
      |                     ~~~~~~~~~~~~~~~~^~~~~~~~~~~~~~~~
/usr/include/c++/16.1.1/bits/shared_ptr_atomic.h:142:5: note: declared here
  142 |     atomic_load(const shared_ptr<_Tp>* __p)
      |     ^~~~~~~~~~~
/var/tmp/SdpaKvMajorJw16/cand-tree/.work/mlx/mlx/error.h: In member function 'void mlx::core::Error::check()':
/var/tmp/SdpaKvMajorJw16/cand-tree/.work/mlx/mlx/error.h:39:36: warning: 'std::shared_ptr<_Tp> std::atomic_exchange(shared_ptr<_Tp>*, shared_ptr<_Tp>) [with _Tp = __cxx11::basic_string<char>]' is deprecated: use 'std::atomic<std::shared_ptr<T>>' instead [-Wdeprecated-declarations]
   39 |     auto msg = std::atomic_exchange(&message_, {});
      |                ~~~~~~~~~~~~~~~~~~~~^~~~~~~~~~~~~~~
/usr/include/c++/16.1.1/bits/shared_ptr_atomic.h:225:5: note: declared here
  225 |     atomic_exchange(shared_ptr<_Tp>* __p, shared_ptr<_Tp> __r)
      |     ^~~~~~~~~~~~~~~
[897/962] Building CXX object CMakeFiles/mlx.dir/mlx/backend/cpu/logsumexp.cpp.o
In file included from /var/tmp/SdpaKvMajorJw16/cand-tree/.work/mlx/mlx/event.h:8,
                 from /var/tmp/SdpaKvMajorJw16/cand-tree/.work/mlx/mlx/array.h:13,
                 from /var/tmp/SdpaKvMajorJw16/cand-tree/.work/mlx/mlx/backend/cpu/copy.h:7,
                 from /var/tmp/SdpaKvMajorJw16/cand-tree/.work/mlx/mlx/backend/cpu/logsumexp.cpp:6:
/var/tmp/SdpaKvMajorJw16/cand-tree/.work/mlx/mlx/error.h: In member function 'void mlx::core::Error::set_message(Message)':
/var/tmp/SdpaKvMajorJw16/cand-tree/.work/mlx/mlx/error.h:17:22: warning: 'void std::atomic_store(shared_ptr<_Tp>*, shared_ptr<_Tp>) [with _Tp = __cxx11::basic_string<char>]' is deprecated: use 'std::atomic<std::shared_ptr<T>>' instead [-Wdeprecated-declarations]
   17 |     std::atomic_store(&message_, std::move(msg));
      |     ~~~~~~~~~~~~~~~~~^~~~~~~~~~~~~~~~~~~~~~~~~~~
In file included from /usr/include/c++/16.1.1/memory:83,
                 from /var/tmp/SdpaKvMajorJw16/cand-tree/.work/mlx/mlx/array.h:7:
/usr/include/c++/16.1.1/bits/shared_ptr_atomic.h:183:5: note: declared here
  183 |     atomic_store(shared_ptr<_Tp>* __p, shared_ptr<_Tp> __r)
      |     ^~~~~~~~~~~~
/var/tmp/SdpaKvMajorJw16/cand-tree/.work/mlx/mlx/error.h: In member function 'bool mlx::core::Error::valid() const':
/var/tmp/SdpaKvMajorJw16/cand-tree/.work/mlx/mlx/error.h:21:32: warning: 'std::shared_ptr<_Tp> std::atomic_load(const shared_ptr<_Tp>*) [with _Tp = __cxx11::basic_string<char>]' is deprecated: use 'std::atomic<std::shared_ptr<T>>' instead [-Wdeprecated-declarations]
   21 |     auto msg = std::atomic_load(&message_);
      |                ~~~~~~~~~~~~~~~~^~~~~~~~~~~
/usr/include/c++/16.1.1/bits/shared_ptr_atomic.h:142:5: note: declared here
  142 |     atomic_load(const shared_ptr<_Tp>* __p)
      |     ^~~~~~~~~~~
/var/tmp/SdpaKvMajorJw16/cand-tree/.work/mlx/mlx/error.h: In member function 'bool mlx::core::Error::store_if_valid(const mlx::core::Error*)':
/var/tmp/SdpaKvMajorJw16/cand-tree/.work/mlx/mlx/error.h:28:37: warning: 'std::shared_ptr<_Tp> std::atomic_load(const shared_ptr<_Tp>*) [with _Tp = __cxx11::basic_string<char>]' is deprecated: use 'std::atomic<std::shared_ptr<T>>' instead [-Wdeprecated-declarations]
   28 |       Message msg = std::atomic_load(&ptr->message_);
      |                     ~~~~~~~~~~~~~~~~^~~~~~~~~~~~~~~~
/usr/include/c++/16.1.1/bits/shared_ptr_atomic.h:142:5: note: declared here
  142 |     atomic_load(const shared_ptr<_Tp>* __p)
      |     ^~~~~~~~~~~
/var/tmp/SdpaKvMajorJw16/cand-tree/.work/mlx/mlx/error.h: In member function 'void mlx::core::Error::check()':
/var/tmp/SdpaKvMajorJw16/cand-tree/.work/mlx/mlx/error.h:39:36: warning: 'std::shared_ptr<_Tp> std::atomic_exchange(shared_ptr<_Tp>*, shared_ptr<_Tp>) [with _Tp = __cxx11::basic_string<char>]' is deprecated: use 'std::atomic<std::shared_ptr<T>>' instead [-Wdeprecated-declarations]
   39 |     auto msg = std::atomic_exchange(&message_, {});
      |                ~~~~~~~~~~~~~~~~~~~~^~~~~~~~~~~~~~~
/usr/include/c++/16.1.1/bits/shared_ptr_atomic.h:225:5: note: declared here
  225 |     atomic_exchange(shared_ptr<_Tp>* __p, shared_ptr<_Tp> __r)
      |     ^~~~~~~~~~~~~~~
[898/962] Building CXX object CMakeFiles/mlx.dir/mlx/backend/cpu/threefry.cpp.o
[899/962] Building CXX object CMakeFiles/mlx.dir/mlx/backend/cpu/fft.cpp.o
In file included from /var/tmp/SdpaKvMajorJw16/cand-tree/.work/mlx/mlx/event.h:8,
                 from /var/tmp/SdpaKvMajorJw16/cand-tree/.work/mlx/mlx/array.h:13,
                 from /var/tmp/SdpaKvMajorJw16/cand-tree/.work/mlx/mlx/backend/cpu/encoder.h:7,
                 from /var/tmp/SdpaKvMajorJw16/cand-tree/.work/mlx/mlx/backend/cpu/fft.cpp:7:
/var/tmp/SdpaKvMajorJw16/cand-tree/.work/mlx/mlx/error.h: In member function 'void mlx::core::Error::set_message(Message)':
/var/tmp/SdpaKvMajorJw16/cand-tree/.work/mlx/mlx/error.h:17:22: warning: 'void std::atomic_store(shared_ptr<_Tp>*, shared_ptr<_Tp>) [with _Tp = __cxx11::basic_string<char>]' is deprecated: use 'std::atomic<std::shared_ptr<T>>' instead [-Wdeprecated-declarations]
   17 |     std::atomic_store(&message_, std::move(msg));
      |     ~~~~~~~~~~~~~~~~~^~~~~~~~~~~~~~~~~~~~~~~~~~~
In file included from /usr/include/c++/16.1.1/memory:83,
                 from /var/tmp/SdpaKvMajorJw16/cand-tree/.work/mlx/mlx/3rdparty/pocketfft.h:57,
                 from /var/tmp/SdpaKvMajorJw16/cand-tree/.work/mlx/mlx/backend/cpu/fft.cpp:5:
/usr/include/c++/16.1.1/bits/shared_ptr_atomic.h:183:5: note: declared here
  183 |     atomic_store(shared_ptr<_Tp>* __p, shared_ptr<_Tp> __r)
      |     ^~~~~~~~~~~~
/var/tmp/SdpaKvMajorJw16/cand-tree/.work/mlx/mlx/error.h: In member function 'bool mlx::core::Error::valid() const':
/var/tmp/SdpaKvMajorJw16/cand-tree/.work/mlx/mlx/error.h:21:32: warning: 'std::shared_ptr<_Tp> std::atomic_load(const shared_ptr<_Tp>*) [with _Tp = __cxx11::basic_string<char>]' is deprecated: use 'std::atomic<std::shared_ptr<T>>' instead [-Wdeprecated-declarations]
   21 |     auto msg = std::atomic_load(&message_);
      |                ~~~~~~~~~~~~~~~~^~~~~~~~~~~
/usr/include/c++/16.1.1/bits/shared_ptr_atomic.h:142:5: note: declared here
  142 |     atomic_load(const shared_ptr<_Tp>* __p)
      |     ^~~~~~~~~~~
/var/tmp/SdpaKvMajorJw16/cand-tree/.work/mlx/mlx/error.h: In member function 'bool mlx::core::Error::store_if_valid(const mlx::core::Error*)':
/var/tmp/SdpaKvMajorJw16/cand-tree/.work/mlx/mlx/error.h:28:37: warning: 'std::shared_ptr<_Tp> std::atomic_load(const shared_ptr<_Tp>*) [with _Tp = __cxx11::basic_string<char>]' is deprecated: use 'std::atomic<std::shared_ptr<T>>' instead [-Wdeprecated-declarations]
   28 |       Message msg = std::atomic_load(&ptr->message_);
      |                     ~~~~~~~~~~~~~~~~^~~~~~~~~~~~~~~~
/usr/include/c++/16.1.1/bits/shared_ptr_atomic.h:142:5: note: declared here
  142 |     atomic_load(const shared_ptr<_Tp>* __p)
      |     ^~~~~~~~~~~
/var/tmp/SdpaKvMajorJw16/cand-tree/.work/mlx/mlx/error.h: In member function 'void mlx::core::Error::check()':
/var/tmp/SdpaKvMajorJw16/cand-tree/.work/mlx/mlx/error.h:39:36: warning: 'std::shared_ptr<_Tp> std::atomic_exchange(shared_ptr<_Tp>*, shared_ptr<_Tp>) [with _Tp = __cxx11::basic_string<char>]' is deprecated: use 'std::atomic<std::shared_ptr<T>>' instead [-Wdeprecated-declarations]
   39 |     auto msg = std::atomic_exchange(&message_, {});
      |                ~~~~~~~~~~~~~~~~~~~~^~~~~~~~~~~~~~~
/usr/include/c++/16.1.1/bits/shared_ptr_atomic.h:225:5: note: declared here
  225 |     atomic_exchange(shared_ptr<_Tp>* __p, shared_ptr<_Tp> __r)
      |     ^~~~~~~~~~~~~~~
[900/962] Building CXX object CMakeFiles/mlx.dir/mlx/backend/cpu/softmax.cpp.o
In file included from /var/tmp/SdpaKvMajorJw16/cand-tree/.work/mlx/mlx/event.h:8,
                 from /var/tmp/SdpaKvMajorJw16/cand-tree/.work/mlx/mlx/array.h:13,
                 from /var/tmp/SdpaKvMajorJw16/cand-tree/.work/mlx/mlx/backend/cpu/copy.h:7,
                 from /var/tmp/SdpaKvMajorJw16/cand-tree/.work/mlx/mlx/backend/cpu/softmax.cpp:6:
/var/tmp/SdpaKvMajorJw16/cand-tree/.work/mlx/mlx/error.h: In member function 'void mlx::core::Error::set_message(Message)':
/var/tmp/SdpaKvMajorJw16/cand-tree/.work/mlx/mlx/error.h:17:22: warning: 'void std::atomic_store(shared_ptr<_Tp>*, shared_ptr<_Tp>) [with _Tp = __cxx11::basic_string<char>]' is deprecated: use 'std::atomic<std::shared_ptr<T>>' instead [-Wdeprecated-declarations]
   17 |     std::atomic_store(&message_, std::move(msg));
      |     ~~~~~~~~~~~~~~~~~^~~~~~~~~~~~~~~~~~~~~~~~~~~
In file included from /usr/include/c++/16.1.1/memory:83,
                 from /var/tmp/SdpaKvMajorJw16/cand-tree/.work/mlx/mlx/array.h:7:
/usr/include/c++/16.1.1/bits/shared_ptr_atomic.h:183:5: note: declared here
  183 |     atomic_store(shared_ptr<_Tp>* __p, shared_ptr<_Tp> __r)
      |     ^~~~~~~~~~~~
/var/tmp/SdpaKvMajorJw16/cand-tree/.work/mlx/mlx/error.h: In member function 'bool mlx::core::Error::valid() const':
/var/tmp/SdpaKvMajorJw16/cand-tree/.work/mlx/mlx/error.h:21:32: warning: 'std::shared_ptr<_Tp> std::atomic_load(const shared_ptr<_Tp>*) [with _Tp = __cxx11::basic_string<char>]' is deprecated: use 'std::atomic<std::shared_ptr<T>>' instead [-Wdeprecated-declarations]
   21 |     auto msg = std::atomic_load(&message_);
      |                ~~~~~~~~~~~~~~~~^~~~~~~~~~~
/usr/include/c++/16.1.1/bits/shared_ptr_atomic.h:142:5: note: declared here
  142 |     atomic_load(const shared_ptr<_Tp>* __p)
      |     ^~~~~~~~~~~
/var/tmp/SdpaKvMajorJw16/cand-tree/.work/mlx/mlx/error.h: In member function 'bool mlx::core::Error::store_if_valid(const mlx::core::Error*)':
/var/tmp/SdpaKvMajorJw16/cand-tree/.work/mlx/mlx/error.h:28:37: warning: 'std::shared_ptr<_Tp> std::atomic_load(const shared_ptr<_Tp>*) [with _Tp = __cxx11::basic_string<char>]' is deprecated: use 'std::atomic<std::shared_ptr<T>>' instead [-Wdeprecated-declarations]
   28 |       Message msg = std::atomic_load(&ptr->message_);
      |                     ~~~~~~~~~~~~~~~~^~~~~~~~~~~~~~~~
/usr/include/c++/16.1.1/bits/shared_ptr_atomic.h:142:5: note: declared here
  142 |     atomic_load(const shared_ptr<_Tp>* __p)
      |     ^~~~~~~~~~~
/var/tmp/SdpaKvMajorJw16/cand-tree/.work/mlx/mlx/error.h: In member function 'void mlx::core::Error::check()':
/var/tmp/SdpaKvMajorJw16/cand-tree/.work/mlx/mlx/error.h:39:36: warning: 'std::shared_ptr<_Tp> std::atomic_exchange(shared_ptr<_Tp>*, shared_ptr<_Tp>) [with _Tp = __cxx11::basic_string<char>]' is deprecated: use 'std::atomic<std::shared_ptr<T>>' instead [-Wdeprecated-declarations]
   39 |     auto msg = std::atomic_exchange(&message_, {});
      |                ~~~~~~~~~~~~~~~~~~~~^~~~~~~~~~~~~~~
/usr/include/c++/16.1.1/bits/shared_ptr_atomic.h:225:5: note: declared here
  225 |     atomic_exchange(shared_ptr<_Tp>* __p, shared_ptr<_Tp> __r)
      |     ^~~~~~~~~~~~~~~
[901/962] Building CXX object CMakeFiles/mlx.dir/mlx/backend/cpu/select.cpp.o
In file included from /var/tmp/SdpaKvMajorJw16/cand-tree/.work/mlx/mlx/event.h:8,
                 from /var/tmp/SdpaKvMajorJw16/cand-tree/.work/mlx/mlx/array.h:13,
                 from /var/tmp/SdpaKvMajorJw16/cand-tree/.work/mlx/mlx/backend/cpu/ternary.h:4,
                 from /var/tmp/SdpaKvMajorJw16/cand-tree/.work/mlx/mlx/backend/cpu/select.cpp:6:
/var/tmp/SdpaKvMajorJw16/cand-tree/.work/mlx/mlx/error.h: In member function 'void mlx::core::Error::set_message(Message)':
/var/tmp/SdpaKvMajorJw16/cand-tree/.work/mlx/mlx/error.h:17:22: warning: 'void std::atomic_store(shared_ptr<_Tp>*, shared_ptr<_Tp>) [with _Tp = __cxx11::basic_string<char>]' is deprecated: use 'std::atomic<std::shared_ptr<T>>' instead [-Wdeprecated-declarations]
   17 |     std::atomic_store(&message_, std::move(msg));
      |     ~~~~~~~~~~~~~~~~~^~~~~~~~~~~~~~~~~~~~~~~~~~~
In file included from /usr/include/c++/16.1.1/memory:83,
                 from /var/tmp/SdpaKvMajorJw16/cand-tree/.work/mlx/mlx/array.h:7:
/usr/include/c++/16.1.1/bits/shared_ptr_atomic.h:183:5: note: declared here
  183 |     atomic_store(shared_ptr<_Tp>* __p, shared_ptr<_Tp> __r)
      |     ^~~~~~~~~~~~
/var/tmp/SdpaKvMajorJw16/cand-tree/.work/mlx/mlx/error.h: In member function 'bool mlx::core::Error::valid() const':
/var/tmp/SdpaKvMajorJw16/cand-tree/.work/mlx/mlx/error.h:21:32: warning: 'std::shared_ptr<_Tp> std::atomic_load(const shared_ptr<_Tp>*) [with _Tp = __cxx11::basic_string<char>]' is deprecated: use 'std::atomic<std::shared_ptr<T>>' instead [-Wdeprecated-declarations]
   21 |     auto msg = std::atomic_load(&message_);
      |                ~~~~~~~~~~~~~~~~^~~~~~~~~~~
/usr/include/c++/16.1.1/bits/shared_ptr_atomic.h:142:5: note: declared here
  142 |     atomic_load(const shared_ptr<_Tp>* __p)
      |     ^~~~~~~~~~~
/var/tmp/SdpaKvMajorJw16/cand-tree/.work/mlx/mlx/error.h: In member function 'bool mlx::core::Error::store_if_valid(const mlx::core::Error*)':
/var/tmp/SdpaKvMajorJw16/cand-tree/.work/mlx/mlx/error.h:28:37: warning: 'std::shared_ptr<_Tp> std::atomic_load(const shared_ptr<_Tp>*) [with _Tp = __cxx11::basic_string<char>]' is deprecated: use 'std::atomic<std::shared_ptr<T>>' instead [-Wdeprecated-declarations]
   28 |       Message msg = std::atomic_load(&ptr->message_);
      |                     ~~~~~~~~~~~~~~~~^~~~~~~~~~~~~~~~
/usr/include/c++/16.1.1/bits/shared_ptr_atomic.h:142:5: note: declared here
  142 |     atomic_load(const shared_ptr<_Tp>* __p)
      |     ^~~~~~~~~~~
/var/tmp/SdpaKvMajorJw16/cand-tree/.work/mlx/mlx/error.h: In member function 'void mlx::core::Error::check()':
/var/tmp/SdpaKvMajorJw16/cand-tree/.work/mlx/mlx/error.h:39:36: warning: 'std::shared_ptr<_Tp> std::atomic_exchange(shared_ptr<_Tp>*, shared_ptr<_Tp>) [with _Tp = __cxx11::basic_string<char>]' is deprecated: use 'std::atomic<std::shared_ptr<T>>' instead [-Wdeprecated-declarations]
   39 |     auto msg = std::atomic_exchange(&message_, {});
      |                ~~~~~~~~~~~~~~~~~~~~^~~~~~~~~~~~~~~
/usr/include/c++/16.1.1/bits/shared_ptr_atomic.h:225:5: note: declared here
  225 |     atomic_exchange(shared_ptr<_Tp>* __p, shared_ptr<_Tp> __r)
      |     ^~~~~~~~~~~~~~~
[902/962] Building CXX object CMakeFiles/mlx.dir/mlx/backend/cpu/luf.cpp.o
In file included from /var/tmp/SdpaKvMajorJw16/cand-tree/.work/mlx/mlx/event.h:8,
                 from /var/tmp/SdpaKvMajorJw16/cand-tree/.work/mlx/mlx/array.h:13,
                 from /var/tmp/SdpaKvMajorJw16/cand-tree/.work/mlx/mlx/backend/cpu/copy.h:7,
                 from /var/tmp/SdpaKvMajorJw16/cand-tree/.work/mlx/mlx/backend/cpu/luf.cpp:6:
/var/tmp/SdpaKvMajorJw16/cand-tree/.work/mlx/mlx/error.h: In member function 'void mlx::core::Error::set_message(Message)':
/var/tmp/SdpaKvMajorJw16/cand-tree/.work/mlx/mlx/error.h:17:22: warning: 'void std::atomic_store(shared_ptr<_Tp>*, shared_ptr<_Tp>) [with _Tp = __cxx11::basic_string<char>]' is deprecated: use 'std::atomic<std::shared_ptr<T>>' instead [-Wdeprecated-declarations]
   17 |     std::atomic_store(&message_, std::move(msg));
      |     ~~~~~~~~~~~~~~~~~^~~~~~~~~~~~~~~~~~~~~~~~~~~
In file included from /usr/include/c++/16.1.1/memory:83,
                 from /var/tmp/SdpaKvMajorJw16/cand-tree/.work/mlx/mlx/array.h:7:
/usr/include/c++/16.1.1/bits/shared_ptr_atomic.h:183:5: note: declared here
  183 |     atomic_store(shared_ptr<_Tp>* __p, shared_ptr<_Tp> __r)
      |     ^~~~~~~~~~~~
/var/tmp/SdpaKvMajorJw16/cand-tree/.work/mlx/mlx/error.h: In member function 'bool mlx::core::Error::valid() const':
/var/tmp/SdpaKvMajorJw16/cand-tree/.work/mlx/mlx/error.h:21:32: warning: 'std::shared_ptr<_Tp> std::atomic_load(const shared_ptr<_Tp>*) [with _Tp = __cxx11::basic_string<char>]' is deprecated: use 'std::atomic<std::shared_ptr<T>>' instead [-Wdeprecated-declarations]
   21 |     auto msg = std::atomic_load(&message_);
      |                ~~~~~~~~~~~~~~~~^~~~~~~~~~~
/usr/include/c++/16.1.1/bits/shared_ptr_atomic.h:142:5: note: declared here
  142 |     atomic_load(const shared_ptr<_Tp>* __p)
      |     ^~~~~~~~~~~
/var/tmp/SdpaKvMajorJw16/cand-tree/.work/mlx/mlx/error.h: In member function 'bool mlx::core::Error::store_if_valid(const mlx::core::Error*)':
/var/tmp/SdpaKvMajorJw16/cand-tree/.work/mlx/mlx/error.h:28:37: warning: 'std::shared_ptr<_Tp> std::atomic_load(const shared_ptr<_Tp>*) [with _Tp = __cxx11::basic_string<char>]' is deprecated: use 'std::atomic<std::shared_ptr<T>>' instead [-Wdeprecated-declarations]
   28 |       Message msg = std::atomic_load(&ptr->message_);
      |                     ~~~~~~~~~~~~~~~~^~~~~~~~~~~~~~~~
/usr/include/c++/16.1.1/bits/shared_ptr_atomic.h:142:5: note: declared here
  142 |     atomic_load(const shared_ptr<_Tp>* __p)
      |     ^~~~~~~~~~~
/var/tmp/SdpaKvMajorJw16/cand-tree/.work/mlx/mlx/error.h: In member function 'void mlx::core::Error::check()':
/var/tmp/SdpaKvMajorJw16/cand-tree/.work/mlx/mlx/error.h:39:36: warning: 'std::shared_ptr<_Tp> std::atomic_exchange(shared_ptr<_Tp>*, shared_ptr<_Tp>) [with _Tp = __cxx11::basic_string<char>]' is deprecated: use 'std::atomic<std::shared_ptr<T>>' instead [-Wdeprecated-declarations]
   39 |     auto msg = std::atomic_exchange(&message_, {});
      |                ~~~~~~~~~~~~~~~~~~~~^~~~~~~~~~~~~~~
/usr/include/c++/16.1.1/bits/shared_ptr_atomic.h:225:5: note: declared here
  225 |     atomic_exchange(shared_ptr<_Tp>* __p, shared_ptr<_Tp> __r)
      |     ^~~~~~~~~~~~~~~
[903/962] Building CXX object CMakeFiles/mlx.dir/mlx/backend/cpu/inverse.cpp.o
In file included from /var/tmp/SdpaKvMajorJw16/cand-tree/.work/mlx/mlx/event.h:8,
                 from /var/tmp/SdpaKvMajorJw16/cand-tree/.work/mlx/mlx/array.h:13,
                 from /var/tmp/SdpaKvMajorJw16/cand-tree/.work/mlx/mlx/backend/cpu/copy.h:7,
                 from /var/tmp/SdpaKvMajorJw16/cand-tree/.work/mlx/mlx/backend/cpu/inverse.cpp:4:
/var/tmp/SdpaKvMajorJw16/cand-tree/.work/mlx/mlx/error.h: In member function 'void mlx::core::Error::set_message(Message)':
/var/tmp/SdpaKvMajorJw16/cand-tree/.work/mlx/mlx/error.h:17:22: warning: 'void std::atomic_store(shared_ptr<_Tp>*, shared_ptr<_Tp>) [with _Tp = __cxx11::basic_string<char>]' is deprecated: use 'std::atomic<std::shared_ptr<T>>' instead [-Wdeprecated-declarations]
   17 |     std::atomic_store(&message_, std::move(msg));
      |     ~~~~~~~~~~~~~~~~~^~~~~~~~~~~~~~~~~~~~~~~~~~~
In file included from /usr/include/c++/16.1.1/memory:83,
                 from /var/tmp/SdpaKvMajorJw16/cand-tree/.work/mlx/mlx/array.h:7:
/usr/include/c++/16.1.1/bits/shared_ptr_atomic.h:183:5: note: declared here
  183 |     atomic_store(shared_ptr<_Tp>* __p, shared_ptr<_Tp> __r)
      |     ^~~~~~~~~~~~
/var/tmp/SdpaKvMajorJw16/cand-tree/.work/mlx/mlx/error.h: In member function 'bool mlx::core::Error::valid() const':
/var/tmp/SdpaKvMajorJw16/cand-tree/.work/mlx/mlx/error.h:21:32: warning: 'std::shared_ptr<_Tp> std::atomic_load(const shared_ptr<_Tp>*) [with _Tp = __cxx11::basic_string<char>]' is deprecated: use 'std::atomic<std::shared_ptr<T>>' instead [-Wdeprecated-declarations]
   21 |     auto msg = std::atomic_load(&message_);
      |                ~~~~~~~~~~~~~~~~^~~~~~~~~~~
/usr/include/c++/16.1.1/bits/shared_ptr_atomic.h:142:5: note: declared here
  142 |     atomic_load(const shared_ptr<_Tp>* __p)
      |     ^~~~~~~~~~~
/var/tmp/SdpaKvMajorJw16/cand-tree/.work/mlx/mlx/error.h: In member function 'bool mlx::core::Error::store_if_valid(const mlx::core::Error*)':
/var/tmp/SdpaKvMajorJw16/cand-tree/.work/mlx/mlx/error.h:28:37: warning: 'std::shared_ptr<_Tp> std::atomic_load(const shared_ptr<_Tp>*) [with _Tp = __cxx11::basic_string<char>]' is deprecated: use 'std::atomic<std::shared_ptr<T>>' instead [-Wdeprecated-declarations]
   28 |       Message msg = std::atomic_load(&ptr->message_);
      |                     ~~~~~~~~~~~~~~~~^~~~~~~~~~~~~~~~
/usr/include/c++/16.1.1/bits/shared_ptr_atomic.h:142:5: note: declared here
  142 |     atomic_load(const shared_ptr<_Tp>* __p)
      |     ^~~~~~~~~~~
/var/tmp/SdpaKvMajorJw16/cand-tree/.work/mlx/mlx/error.h: In member function 'void mlx::core::Error::check()':
/var/tmp/SdpaKvMajorJw16/cand-tree/.work/mlx/mlx/error.h:39:36: warning: 'std::shared_ptr<_Tp> std::atomic_exchange(shared_ptr<_Tp>*, shared_ptr<_Tp>) [with _Tp = __cxx11::basic_string<char>]' is deprecated: use 'std::atomic<std::shared_ptr<T>>' instead [-Wdeprecated-declarations]
   39 |     auto msg = std::atomic_exchange(&message_, {});
      |                ~~~~~~~~~~~~~~~~~~~~^~~~~~~~~~~~~~~
/usr/include/c++/16.1.1/bits/shared_ptr_atomic.h:225:5: note: declared here
  225 |     atomic_exchange(shared_ptr<_Tp>* __p, shared_ptr<_Tp> __r)
      |     ^~~~~~~~~~~~~~~
[904/962] Building CXX object CMakeFiles/mlx.dir/mlx/backend/cpu/cholesky.cpp.o
In file included from /var/tmp/SdpaKvMajorJw16/cand-tree/.work/mlx/mlx/event.h:8,
                 from /var/tmp/SdpaKvMajorJw16/cand-tree/.work/mlx/mlx/array.h:13,
                 from /var/tmp/SdpaKvMajorJw16/cand-tree/.work/mlx/mlx/backend/cpu/copy.h:7,
                 from /var/tmp/SdpaKvMajorJw16/cand-tree/.work/mlx/mlx/backend/cpu/cholesky.cpp:4:
/var/tmp/SdpaKvMajorJw16/cand-tree/.work/mlx/mlx/error.h: In member function 'void mlx::core::Error::set_message(Message)':
/var/tmp/SdpaKvMajorJw16/cand-tree/.work/mlx/mlx/error.h:17:22: warning: 'void std::atomic_store(shared_ptr<_Tp>*, shared_ptr<_Tp>) [with _Tp = __cxx11::basic_string<char>]' is deprecated: use 'std::atomic<std::shared_ptr<T>>' instead [-Wdeprecated-declarations]
   17 |     std::atomic_store(&message_, std::move(msg));
      |     ~~~~~~~~~~~~~~~~~^~~~~~~~~~~~~~~~~~~~~~~~~~~
In file included from /usr/include/c++/16.1.1/memory:83,
                 from /var/tmp/SdpaKvMajorJw16/cand-tree/.work/mlx/mlx/array.h:7:
/usr/include/c++/16.1.1/bits/shared_ptr_atomic.h:183:5: note: declared here
  183 |     atomic_store(shared_ptr<_Tp>* __p, shared_ptr<_Tp> __r)
      |     ^~~~~~~~~~~~
/var/tmp/SdpaKvMajorJw16/cand-tree/.work/mlx/mlx/error.h: In member function 'bool mlx::core::Error::valid() const':
/var/tmp/SdpaKvMajorJw16/cand-tree/.work/mlx/mlx/error.h:21:32: warning: 'std::shared_ptr<_Tp> std::atomic_load(const shared_ptr<_Tp>*) [with _Tp = __cxx11::basic_string<char>]' is deprecated: use 'std::atomic<std::shared_ptr<T>>' instead [-Wdeprecated-declarations]
   21 |     auto msg = std::atomic_load(&message_);
      |                ~~~~~~~~~~~~~~~~^~~~~~~~~~~
/usr/include/c++/16.1.1/bits/shared_ptr_atomic.h:142:5: note: declared here
  142 |     atomic_load(const shared_ptr<_Tp>* __p)
      |     ^~~~~~~~~~~
/var/tmp/SdpaKvMajorJw16/cand-tree/.work/mlx/mlx/error.h: In member function 'bool mlx::core::Error::store_if_valid(const mlx::core::Error*)':
/var/tmp/SdpaKvMajorJw16/cand-tree/.work/mlx/mlx/error.h:28:37: warning: 'std::shared_ptr<_Tp> std::atomic_load(const shared_ptr<_Tp>*) [with _Tp = __cxx11::basic_string<char>]' is deprecated: use 'std::atomic<std::shared_ptr<T>>' instead [-Wdeprecated-declarations]
   28 |       Message msg = std::atomic_load(&ptr->message_);
      |                     ~~~~~~~~~~~~~~~~^~~~~~~~~~~~~~~~
/usr/include/c++/16.1.1/bits/shared_ptr_atomic.h:142:5: note: declared here
  142 |     atomic_load(const shared_ptr<_Tp>* __p)
      |     ^~~~~~~~~~~
/var/tmp/SdpaKvMajorJw16/cand-tree/.work/mlx/mlx/error.h: In member function 'void mlx::core::Error::check()':
/var/tmp/SdpaKvMajorJw16/cand-tree/.work/mlx/mlx/error.h:39:36: warning: 'std::shared_ptr<_Tp> std::atomic_exchange(shared_ptr<_Tp>*, shared_ptr<_Tp>) [with _Tp = __cxx11::basic_string<char>]' is deprecated: use 'std::atomic<std::shared_ptr<T>>' instead [-Wdeprecated-declarations]
   39 |     auto msg = std::atomic_exchange(&message_, {});
      |                ~~~~~~~~~~~~~~~~~~~~^~~~~~~~~~~~~~~
/usr/include/c++/16.1.1/bits/shared_ptr_atomic.h:225:5: note: declared here
  225 |     atomic_exchange(shared_ptr<_Tp>* __p, shared_ptr<_Tp> __r)
      |     ^~~~~~~~~~~~~~~
[905/962] Building CXX object CMakeFiles/mlx.dir/mlx/backend/cpu/qrf.cpp.o
In file included from /var/tmp/SdpaKvMajorJw16/cand-tree/.work/mlx/mlx/event.h:8,
                 from /var/tmp/SdpaKvMajorJw16/cand-tree/.work/mlx/mlx/array.h:13,
                 from /var/tmp/SdpaKvMajorJw16/cand-tree/.work/mlx/mlx/backend/cpu/copy.h:7,
                 from /var/tmp/SdpaKvMajorJw16/cand-tree/.work/mlx/mlx/backend/cpu/qrf.cpp:4:
/var/tmp/SdpaKvMajorJw16/cand-tree/.work/mlx/mlx/error.h: In member function 'void mlx::core::Error::set_message(Message)':
/var/tmp/SdpaKvMajorJw16/cand-tree/.work/mlx/mlx/error.h:17:22: warning: 'void std::atomic_store(shared_ptr<_Tp>*, shared_ptr<_Tp>) [with _Tp = __cxx11::basic_string<char>]' is deprecated: use 'std::atomic<std::shared_ptr<T>>' instead [-Wdeprecated-declarations]
   17 |     std::atomic_store(&message_, std::move(msg));
      |     ~~~~~~~~~~~~~~~~~^~~~~~~~~~~~~~~~~~~~~~~~~~~
In file included from /usr/include/c++/16.1.1/memory:83,
                 from /var/tmp/SdpaKvMajorJw16/cand-tree/.work/mlx/mlx/array.h:7:
/usr/include/c++/16.1.1/bits/shared_ptr_atomic.h:183:5: note: declared here
  183 |     atomic_store(shared_ptr<_Tp>* __p, shared_ptr<_Tp> __r)
      |     ^~~~~~~~~~~~
/var/tmp/SdpaKvMajorJw16/cand-tree/.work/mlx/mlx/error.h: In member function 'bool mlx::core::Error::valid() const':
/var/tmp/SdpaKvMajorJw16/cand-tree/.work/mlx/mlx/error.h:21:32: warning: 'std::shared_ptr<_Tp> std::atomic_load(const shared_ptr<_Tp>*) [with _Tp = __cxx11::basic_string<char>]' is deprecated: use 'std::atomic<std::shared_ptr<T>>' instead [-Wdeprecated-declarations]
   21 |     auto msg = std::atomic_load(&message_);
      |                ~~~~~~~~~~~~~~~~^~~~~~~~~~~
/usr/include/c++/16.1.1/bits/shared_ptr_atomic.h:142:5: note: declared here
  142 |     atomic_load(const shared_ptr<_Tp>* __p)
      |     ^~~~~~~~~~~
/var/tmp/SdpaKvMajorJw16/cand-tree/.work/mlx/mlx/error.h: In member function 'bool mlx::core::Error::store_if_valid(const mlx::core::Error*)':
/var/tmp/SdpaKvMajorJw16/cand-tree/.work/mlx/mlx/error.h:28:37: warning: 'std::shared_ptr<_Tp> std::atomic_load(const shared_ptr<_Tp>*) [with _Tp = __cxx11::basic_string<char>]' is deprecated: use 'std::atomic<std::shared_ptr<T>>' instead [-Wdeprecated-declarations]
   28 |       Message msg = std::atomic_load(&ptr->message_);
      |                     ~~~~~~~~~~~~~~~~^~~~~~~~~~~~~~~~
/usr/include/c++/16.1.1/bits/shared_ptr_atomic.h:142:5: note: declared here
  142 |     atomic_load(const shared_ptr<_Tp>* __p)
      |     ^~~~~~~~~~~
/var/tmp/SdpaKvMajorJw16/cand-tree/.work/mlx/mlx/error.h: In member function 'void mlx::core::Error::check()':
/var/tmp/SdpaKvMajorJw16/cand-tree/.work/mlx/mlx/error.h:39:36: warning: 'std::shared_ptr<_Tp> std::atomic_exchange(shared_ptr<_Tp>*, shared_ptr<_Tp>) [with _Tp = __cxx11::basic_string<char>]' is deprecated: use 'std::atomic<std::shared_ptr<T>>' instead [-Wdeprecated-declarations]
   39 |     auto msg = std::atomic_exchange(&message_, {});
      |                ~~~~~~~~~~~~~~~~~~~~^~~~~~~~~~~~~~~
/usr/include/c++/16.1.1/bits/shared_ptr_atomic.h:225:5: note: declared here
  225 |     atomic_exchange(shared_ptr<_Tp>* __p, shared_ptr<_Tp> __r)
      |     ^~~~~~~~~~~~~~~
[906/962] Building CXX object CMakeFiles/mlx.dir/mlx/backend/cpu/svd.cpp.o
In file included from /var/tmp/SdpaKvMajorJw16/cand-tree/.work/mlx/mlx/event.h:8,
                 from /var/tmp/SdpaKvMajorJw16/cand-tree/.work/mlx/mlx/array.h:13,
                 from /var/tmp/SdpaKvMajorJw16/cand-tree/.work/mlx/mlx/backend/cpu/copy.h:7,
                 from /var/tmp/SdpaKvMajorJw16/cand-tree/.work/mlx/mlx/backend/cpu/svd.cpp:6:
/var/tmp/SdpaKvMajorJw16/cand-tree/.work/mlx/mlx/error.h: In member function 'void mlx::core::Error::set_message(Message)':
/var/tmp/SdpaKvMajorJw16/cand-tree/.work/mlx/mlx/error.h:17:22: warning: 'void std::atomic_store(shared_ptr<_Tp>*, shared_ptr<_Tp>) [with _Tp = __cxx11::basic_string<char>]' is deprecated: use 'std::atomic<std::shared_ptr<T>>' instead [-Wdeprecated-declarations]
   17 |     std::atomic_store(&message_, std::move(msg));
      |     ~~~~~~~~~~~~~~~~~^~~~~~~~~~~~~~~~~~~~~~~~~~~
In file included from /usr/include/c++/16.1.1/memory:83,
                 from /var/tmp/SdpaKvMajorJw16/cand-tree/.work/mlx/mlx/array.h:7:
/usr/include/c++/16.1.1/bits/shared_ptr_atomic.h:183:5: note: declared here
  183 |     atomic_store(shared_ptr<_Tp>* __p, shared_ptr<_Tp> __r)
      |     ^~~~~~~~~~~~
/var/tmp/SdpaKvMajorJw16/cand-tree/.work/mlx/mlx/error.h: In member function 'bool mlx::core::Error::valid() const':
/var/tmp/SdpaKvMajorJw16/cand-tree/.work/mlx/mlx/error.h:21:32: warning: 'std::shared_ptr<_Tp> std::atomic_load(const shared_ptr<_Tp>*) [with _Tp = __cxx11::basic_string<char>]' is deprecated: use 'std::atomic<std::shared_ptr<T>>' instead [-Wdeprecated-declarations]
   21 |     auto msg = std::atomic_load(&message_);
      |                ~~~~~~~~~~~~~~~~^~~~~~~~~~~
/usr/include/c++/16.1.1/bits/shared_ptr_atomic.h:142:5: note: declared here
  142 |     atomic_load(const shared_ptr<_Tp>* __p)
      |     ^~~~~~~~~~~
/var/tmp/SdpaKvMajorJw16/cand-tree/.work/mlx/mlx/error.h: In member function 'bool mlx::core::Error::store_if_valid(const mlx::core::Error*)':
/var/tmp/SdpaKvMajorJw16/cand-tree/.work/mlx/mlx/error.h:28:37: warning: 'std::shared_ptr<_Tp> std::atomic_load(const shared_ptr<_Tp>*) [with _Tp = __cxx11::basic_string<char>]' is deprecated: use 'std::atomic<std::shared_ptr<T>>' instead [-Wdeprecated-declarations]
   28 |       Message msg = std::atomic_load(&ptr->message_);
      |                     ~~~~~~~~~~~~~~~~^~~~~~~~~~~~~~~~
/usr/include/c++/16.1.1/bits/shared_ptr_atomic.h:142:5: note: declared here
  142 |     atomic_load(const shared_ptr<_Tp>* __p)
      |     ^~~~~~~~~~~
/var/tmp/SdpaKvMajorJw16/cand-tree/.work/mlx/mlx/error.h: In member function 'void mlx::core::Error::check()':
/var/tmp/SdpaKvMajorJw16/cand-tree/.work/mlx/mlx/error.h:39:36: warning: 'std::shared_ptr<_Tp> std::atomic_exchange(shared_ptr<_Tp>*, shared_ptr<_Tp>) [with _Tp = __cxx11::basic_string<char>]' is deprecated: use 'std::atomic<std::shared_ptr<T>>' instead [-Wdeprecated-declarations]
   39 |     auto msg = std::atomic_exchange(&message_, {});
      |                ~~~~~~~~~~~~~~~~~~~~^~~~~~~~~~~~~~~
/usr/include/c++/16.1.1/bits/shared_ptr_atomic.h:225:5: note: declared here
  225 |     atomic_exchange(shared_ptr<_Tp>* __p, shared_ptr<_Tp> __r)
      |     ^~~~~~~~~~~~~~~
[907/962] Building CXX object CMakeFiles/mlx.dir/mlx/backend/cpu/compiled_preamble.cpp.o
[908/962] Building CXX object CMakeFiles/mlx.dir/mlx/backend/cpu/quantized.cpp.o
In file included from /var/tmp/SdpaKvMajorJw16/cand-tree/.work/mlx/mlx/event.h:8,
                 from /var/tmp/SdpaKvMajorJw16/cand-tree/.work/mlx/mlx/array.h:13,
                 from /var/tmp/SdpaKvMajorJw16/cand-tree/.work/mlx/mlx/backend/common/utils.h:9,
                 from /var/tmp/SdpaKvMajorJw16/cand-tree/.work/mlx/mlx/backend/common/unary.h:6,
                 from /var/tmp/SdpaKvMajorJw16/cand-tree/.work/mlx/mlx/backend/cpu/quantized.cpp:4:
/var/tmp/SdpaKvMajorJw16/cand-tree/.work/mlx/mlx/error.h: In member function 'void mlx::core::Error::set_message(Message)':
/var/tmp/SdpaKvMajorJw16/cand-tree/.work/mlx/mlx/error.h:17:22: warning: 'void std::atomic_store(shared_ptr<_Tp>*, shared_ptr<_Tp>) [with _Tp = __cxx11::basic_string<char>]' is deprecated: use 'std::atomic<std::shared_ptr<T>>' instead [-Wdeprecated-declarations]
   17 |     std::atomic_store(&message_, std::move(msg));
      |     ~~~~~~~~~~~~~~~~~^~~~~~~~~~~~~~~~~~~~~~~~~~~
In file included from /usr/include/c++/16.1.1/memory:83,
                 from /var/tmp/SdpaKvMajorJw16/cand-tree/.work/mlx/mlx/array.h:7:
/usr/include/c++/16.1.1/bits/shared_ptr_atomic.h:183:5: note: declared here
  183 |     atomic_store(shared_ptr<_Tp>* __p, shared_ptr<_Tp> __r)
      |     ^~~~~~~~~~~~
/var/tmp/SdpaKvMajorJw16/cand-tree/.work/mlx/mlx/error.h: In member function 'bool mlx::core::Error::valid() const':
/var/tmp/SdpaKvMajorJw16/cand-tree/.work/mlx/mlx/error.h:21:32: warning: 'std::shared_ptr<_Tp> std::atomic_load(const shared_ptr<_Tp>*) [with _Tp = __cxx11::basic_string<char>]' is deprecated: use 'std::atomic<std::shared_ptr<T>>' instead [-Wdeprecated-declarations]
   21 |     auto msg = std::atomic_load(&message_);
      |                ~~~~~~~~~~~~~~~~^~~~~~~~~~~
/usr/include/c++/16.1.1/bits/shared_ptr_atomic.h:142:5: note: declared here
  142 |     atomic_load(const shared_ptr<_Tp>* __p)
      |     ^~~~~~~~~~~
/var/tmp/SdpaKvMajorJw16/cand-tree/.work/mlx/mlx/error.h: In member function 'bool mlx::core::Error::store_if_valid(const mlx::core::Error*)':
/var/tmp/SdpaKvMajorJw16/cand-tree/.work/mlx/mlx/error.h:28:37: warning: 'std::shared_ptr<_Tp> std::atomic_load(const shared_ptr<_Tp>*) [with _Tp = __cxx11::basic_string<char>]' is deprecated: use 'std::atomic<std::shared_ptr<T>>' instead [-Wdeprecated-declarations]
   28 |       Message msg = std::atomic_load(&ptr->message_);
      |                     ~~~~~~~~~~~~~~~~^~~~~~~~~~~~~~~~
/usr/include/c++/16.1.1/bits/shared_ptr_atomic.h:142:5: note: declared here
  142 |     atomic_load(const shared_ptr<_Tp>* __p)
      |     ^~~~~~~~~~~
/var/tmp/SdpaKvMajorJw16/cand-tree/.work/mlx/mlx/error.h: In member function 'void mlx::core::Error::check()':
/var/tmp/SdpaKvMajorJw16/cand-tree/.work/mlx/mlx/error.h:39:36: warning: 'std::shared_ptr<_Tp> std::atomic_exchange(shared_ptr<_Tp>*, shared_ptr<_Tp>) [with _Tp = __cxx11::basic_string<char>]' is deprecated: use 'std::atomic<std::shared_ptr<T>>' instead [-Wdeprecated-declarations]
   39 |     auto msg = std::atomic_exchange(&message_, {});
      |                ~~~~~~~~~~~~~~~~~~~~^~~~~~~~~~~~~~~
/usr/include/c++/16.1.1/bits/shared_ptr_atomic.h:225:5: note: declared here
  225 |     atomic_exchange(shared_ptr<_Tp>* __p, shared_ptr<_Tp> __r)
      |     ^~~~~~~~~~~~~~~
[909/962] Building CXX object CMakeFiles/mlx.dir/mlx/backend/cpu/eval.cpp.o
In file included from /var/tmp/SdpaKvMajorJw16/cand-tree/.work/mlx/mlx/event.h:8,
                 from /var/tmp/SdpaKvMajorJw16/cand-tree/.work/mlx/mlx/array.h:13,
                 from /var/tmp/SdpaKvMajorJw16/cand-tree/.work/mlx/mlx/backend/cpu/eval.h:5,
                 from /var/tmp/SdpaKvMajorJw16/cand-tree/.work/mlx/mlx/backend/cpu/eval.cpp:2:
/var/tmp/SdpaKvMajorJw16/cand-tree/.work/mlx/mlx/error.h: In member function 'void mlx::core::Error::set_message(Message)':
/var/tmp/SdpaKvMajorJw16/cand-tree/.work/mlx/mlx/error.h:17:22: warning: 'void std::atomic_store(shared_ptr<_Tp>*, shared_ptr<_Tp>) [with _Tp = __cxx11::basic_string<char>]' is deprecated: use 'std::atomic<std::shared_ptr<T>>' instead [-Wdeprecated-declarations]
   17 |     std::atomic_store(&message_, std::move(msg));
      |     ~~~~~~~~~~~~~~~~~^~~~~~~~~~~~~~~~~~~~~~~~~~~
In file included from /usr/include/c++/16.1.1/memory:83,
                 from /var/tmp/SdpaKvMajorJw16/cand-tree/.work/mlx/mlx/array.h:7:
/usr/include/c++/16.1.1/bits/shared_ptr_atomic.h:183:5: note: declared here
  183 |     atomic_store(shared_ptr<_Tp>* __p, shared_ptr<_Tp> __r)
      |     ^~~~~~~~~~~~
/var/tmp/SdpaKvMajorJw16/cand-tree/.work/mlx/mlx/error.h: In member function 'bool mlx::core::Error::valid() const':
/var/tmp/SdpaKvMajorJw16/cand-tree/.work/mlx/mlx/error.h:21:32: warning: 'std::shared_ptr<_Tp> std::atomic_load(const shared_ptr<_Tp>*) [with _Tp = __cxx11::basic_string<char>]' is deprecated: use 'std::atomic<std::shared_ptr<T>>' instead [-Wdeprecated-declarations]
   21 |     auto msg = std::atomic_load(&message_);
      |                ~~~~~~~~~~~~~~~~^~~~~~~~~~~
/usr/include/c++/16.1.1/bits/shared_ptr_atomic.h:142:5: note: declared here
  142 |     atomic_load(const shared_ptr<_Tp>* __p)
      |     ^~~~~~~~~~~
/var/tmp/SdpaKvMajorJw16/cand-tree/.work/mlx/mlx/error.h: In member function 'bool mlx::core::Error::store_if_valid(const mlx::core::Error*)':
/var/tmp/SdpaKvMajorJw16/cand-tree/.work/mlx/mlx/error.h:28:37: warning: 'std::shared_ptr<_Tp> std::atomic_load(const shared_ptr<_Tp>*) [with _Tp = __cxx11::basic_string<char>]' is deprecated: use 'std::atomic<std::shared_ptr<T>>' instead [-Wdeprecated-declarations]
   28 |       Message msg = std::atomic_load(&ptr->message_);
      |                     ~~~~~~~~~~~~~~~~^~~~~~~~~~~~~~~~
/usr/include/c++/16.1.1/bits/shared_ptr_atomic.h:142:5: note: declared here
  142 |     atomic_load(const shared_ptr<_Tp>* __p)
      |     ^~~~~~~~~~~
/var/tmp/SdpaKvMajorJw16/cand-tree/.work/mlx/mlx/error.h: In member function 'void mlx::core::Error::check()':
/var/tmp/SdpaKvMajorJw16/cand-tree/.work/mlx/mlx/error.h:39:36: warning: 'std::shared_ptr<_Tp> std::atomic_exchange(shared_ptr<_Tp>*, shared_ptr<_Tp>) [with _Tp = __cxx11::basic_string<char>]' is deprecated: use 'std::atomic<std::shared_ptr<T>>' instead [-Wdeprecated-declarations]
   39 |     auto msg = std::atomic_exchange(&message_, {});
      |                ~~~~~~~~~~~~~~~~~~~~^~~~~~~~~~~~~~~
/usr/include/c++/16.1.1/bits/shared_ptr_atomic.h:225:5: note: declared here
  225 |     atomic_exchange(shared_ptr<_Tp>* __p, shared_ptr<_Tp> __r)
      |     ^~~~~~~~~~~~~~~
[910/962] Building CXX object CMakeFiles/mlx.dir/mlx/backend/cpu/gemms/simd_fp16.cpp.o
In file included from /var/tmp/SdpaKvMajorJw16/cand-tree/.work/mlx/mlx/event.h:8,
                 from /var/tmp/SdpaKvMajorJw16/cand-tree/.work/mlx/mlx/array.h:13,
                 from /var/tmp/SdpaKvMajorJw16/cand-tree/.work/mlx/mlx/backend/common/utils.h:9,
                 from /var/tmp/SdpaKvMajorJw16/cand-tree/.work/mlx/mlx/backend/cpu/gemms/simd_fp16.cpp:3:
/var/tmp/SdpaKvMajorJw16/cand-tree/.work/mlx/mlx/error.h: In member function 'void mlx::core::Error::set_message(Message)':
/var/tmp/SdpaKvMajorJw16/cand-tree/.work/mlx/mlx/error.h:17:22: warning: 'void std::atomic_store(shared_ptr<_Tp>*, shared_ptr<_Tp>) [with _Tp = __cxx11::basic_string<char>]' is deprecated: use 'std::atomic<std::shared_ptr<T>>' instead [-Wdeprecated-declarations]
   17 |     std::atomic_store(&message_, std::move(msg));
      |     ~~~~~~~~~~~~~~~~~^~~~~~~~~~~~~~~~~~~~~~~~~~~
In file included from /usr/include/c++/16.1.1/memory:83,
                 from /var/tmp/SdpaKvMajorJw16/cand-tree/.work/mlx/mlx/array.h:7:
/usr/include/c++/16.1.1/bits/shared_ptr_atomic.h:183:5: note: declared here
  183 |     atomic_store(shared_ptr<_Tp>* __p, shared_ptr<_Tp> __r)
      |     ^~~~~~~~~~~~
/var/tmp/SdpaKvMajorJw16/cand-tree/.work/mlx/mlx/error.h: In member function 'bool mlx::core::Error::valid() const':
/var/tmp/SdpaKvMajorJw16/cand-tree/.work/mlx/mlx/error.h:21:32: warning: 'std::shared_ptr<_Tp> std::atomic_load(const shared_ptr<_Tp>*) [with _Tp = __cxx11::basic_string<char>]' is deprecated: use 'std::atomic<std::shared_ptr<T>>' instead [-Wdeprecated-declarations]
   21 |     auto msg = std::atomic_load(&message_);
      |                ~~~~~~~~~~~~~~~~^~~~~~~~~~~
/usr/include/c++/16.1.1/bits/shared_ptr_atomic.h:142:5: note: declared here
  142 |     atomic_load(const shared_ptr<_Tp>* __p)
      |     ^~~~~~~~~~~
/var/tmp/SdpaKvMajorJw16/cand-tree/.work/mlx/mlx/error.h: In member function 'bool mlx::core::Error::store_if_valid(const mlx::core::Error*)':
/var/tmp/SdpaKvMajorJw16/cand-tree/.work/mlx/mlx/error.h:28:37: warning: 'std::shared_ptr<_Tp> std::atomic_load(const shared_ptr<_Tp>*) [with _Tp = __cxx11::basic_string<char>]' is deprecated: use 'std::atomic<std::shared_ptr<T>>' instead [-Wdeprecated-declarations]
   28 |       Message msg = std::atomic_load(&ptr->message_);
      |                     ~~~~~~~~~~~~~~~~^~~~~~~~~~~~~~~~
/usr/include/c++/16.1.1/bits/shared_ptr_atomic.h:142:5: note: declared here
  142 |     atomic_load(const shared_ptr<_Tp>* __p)
      |     ^~~~~~~~~~~
/var/tmp/SdpaKvMajorJw16/cand-tree/.work/mlx/mlx/error.h: In member function 'void mlx::core::Error::check()':
/var/tmp/SdpaKvMajorJw16/cand-tree/.work/mlx/mlx/error.h:39:36: warning: 'std::shared_ptr<_Tp> std::atomic_exchange(shared_ptr<_Tp>*, shared_ptr<_Tp>) [with _Tp = __cxx11::basic_string<char>]' is deprecated: use 'std::atomic<std::shared_ptr<T>>' instead [-Wdeprecated-declarations]
   39 |     auto msg = std::atomic_exchange(&message_, {});
      |                ~~~~~~~~~~~~~~~~~~~~^~~~~~~~~~~~~~~
/usr/include/c++/16.1.1/bits/shared_ptr_atomic.h:225:5: note: declared here
  225 |     atomic_exchange(shared_ptr<_Tp>* __p, shared_ptr<_Tp> __r)
      |     ^~~~~~~~~~~~~~~
[911/962] Building CXX object CMakeFiles/mlx.dir/mlx/backend/cpu/gemms/simd_bf16.cpp.o
In file included from /var/tmp/SdpaKvMajorJw16/cand-tree/.work/mlx/mlx/event.h:8,
                 from /var/tmp/SdpaKvMajorJw16/cand-tree/.work/mlx/mlx/array.h:13,
                 from /var/tmp/SdpaKvMajorJw16/cand-tree/.work/mlx/mlx/backend/common/utils.h:9,
                 from /var/tmp/SdpaKvMajorJw16/cand-tree/.work/mlx/mlx/backend/cpu/gemms/simd_bf16.cpp:3:
/var/tmp/SdpaKvMajorJw16/cand-tree/.work/mlx/mlx/error.h: In member function 'void mlx::core::Error::set_message(Message)':
/var/tmp/SdpaKvMajorJw16/cand-tree/.work/mlx/mlx/error.h:17:22: warning: 'void std::atomic_store(shared_ptr<_Tp>*, shared_ptr<_Tp>) [with _Tp = __cxx11::basic_string<char>]' is deprecated: use 'std::atomic<std::shared_ptr<T>>' instead [-Wdeprecated-declarations]
   17 |     std::atomic_store(&message_, std::move(msg));
      |     ~~~~~~~~~~~~~~~~~^~~~~~~~~~~~~~~~~~~~~~~~~~~
In file included from /usr/include/c++/16.1.1/memory:83,
                 from /var/tmp/SdpaKvMajorJw16/cand-tree/.work/mlx/mlx/array.h:7:
/usr/include/c++/16.1.1/bits/shared_ptr_atomic.h:183:5: note: declared here
  183 |     atomic_store(shared_ptr<_Tp>* __p, shared_ptr<_Tp> __r)
      |     ^~~~~~~~~~~~
/var/tmp/SdpaKvMajorJw16/cand-tree/.work/mlx/mlx/error.h: In member function 'bool mlx::core::Error::valid() const':
/var/tmp/SdpaKvMajorJw16/cand-tree/.work/mlx/mlx/error.h:21:32: warning: 'std::shared_ptr<_Tp> std::atomic_load(const shared_ptr<_Tp>*) [with _Tp = __cxx11::basic_string<char>]' is deprecated: use 'std::atomic<std::shared_ptr<T>>' instead [-Wdeprecated-declarations]
   21 |     auto msg = std::atomic_load(&message_);
      |                ~~~~~~~~~~~~~~~~^~~~~~~~~~~
/usr/include/c++/16.1.1/bits/shared_ptr_atomic.h:142:5: note: declared here
  142 |     atomic_load(const shared_ptr<_Tp>* __p)
      |     ^~~~~~~~~~~
/var/tmp/SdpaKvMajorJw16/cand-tree/.work/mlx/mlx/error.h: In member function 'bool mlx::core::Error::store_if_valid(const mlx::core::Error*)':
/var/tmp/SdpaKvMajorJw16/cand-tree/.work/mlx/mlx/error.h:28:37: warning: 'std::shared_ptr<_Tp> std::atomic_load(const shared_ptr<_Tp>*) [with _Tp = __cxx11::basic_string<char>]' is deprecated: use 'std::atomic<std::shared_ptr<T>>' instead [-Wdeprecated-declarations]
   28 |       Message msg = std::atomic_load(&ptr->message_);
      |                     ~~~~~~~~~~~~~~~~^~~~~~~~~~~~~~~~
/usr/include/c++/16.1.1/bits/shared_ptr_atomic.h:142:5: note: declared here
  142 |     atomic_load(const shared_ptr<_Tp>* __p)
      |     ^~~~~~~~~~~
/var/tmp/SdpaKvMajorJw16/cand-tree/.work/mlx/mlx/error.h: In member function 'void mlx::core::Error::check()':
/var/tmp/SdpaKvMajorJw16/cand-tree/.work/mlx/mlx/error.h:39:36: warning: 'std::shared_ptr<_Tp> std::atomic_exchange(shared_ptr<_Tp>*, shared_ptr<_Tp>) [with _Tp = __cxx11::basic_string<char>]' is deprecated: use 'std::atomic<std::shared_ptr<T>>' instead [-Wdeprecated-declarations]
   39 |     auto msg = std::atomic_exchange(&message_, {});
      |                ~~~~~~~~~~~~~~~~~~~~^~~~~~~~~~~~~~~
/usr/include/c++/16.1.1/bits/shared_ptr_atomic.h:225:5: note: declared here
  225 |     atomic_exchange(shared_ptr<_Tp>* __p, shared_ptr<_Tp> __r)
      |     ^~~~~~~~~~~~~~~
[912/962] Building CXX object CMakeFiles/mlx.dir/mlx/backend/cpu/scan.cpp.o
In file included from /var/tmp/SdpaKvMajorJw16/cand-tree/.work/mlx/mlx/event.h:8,
                 from /var/tmp/SdpaKvMajorJw16/cand-tree/.work/mlx/mlx/array.h:13,
                 from /var/tmp/SdpaKvMajorJw16/cand-tree/.work/mlx/mlx/backend/common/utils.h:9,
                 from /var/tmp/SdpaKvMajorJw16/cand-tree/.work/mlx/mlx/backend/cpu/scan.cpp:5:
/var/tmp/SdpaKvMajorJw16/cand-tree/.work/mlx/mlx/error.h: In member function 'void mlx::core::Error::set_message(Message)':
/var/tmp/SdpaKvMajorJw16/cand-tree/.work/mlx/mlx/error.h:17:22: warning: 'void std::atomic_store(shared_ptr<_Tp>*, shared_ptr<_Tp>) [with _Tp = __cxx11::basic_string<char>]' is deprecated: use 'std::atomic<std::shared_ptr<T>>' instead [-Wdeprecated-declarations]
   17 |     std::atomic_store(&message_, std::move(msg));
      |     ~~~~~~~~~~~~~~~~~^~~~~~~~~~~~~~~~~~~~~~~~~~~
In file included from /usr/include/c++/16.1.1/memory:83,
                 from /var/tmp/SdpaKvMajorJw16/cand-tree/.work/mlx/mlx/array.h:7:
/usr/include/c++/16.1.1/bits/shared_ptr_atomic.h:183:5: note: declared here
  183 |     atomic_store(shared_ptr<_Tp>* __p, shared_ptr<_Tp> __r)
      |     ^~~~~~~~~~~~
/var/tmp/SdpaKvMajorJw16/cand-tree/.work/mlx/mlx/error.h: In member function 'bool mlx::core::Error::valid() const':
/var/tmp/SdpaKvMajorJw16/cand-tree/.work/mlx/mlx/error.h:21:32: warning: 'std::shared_ptr<_Tp> std::atomic_load(const shared_ptr<_Tp>*) [with _Tp = __cxx11::basic_string<char>]' is deprecated: use 'std::atomic<std::shared_ptr<T>>' instead [-Wdeprecated-declarations]
   21 |     auto msg = std::atomic_load(&message_);
      |                ~~~~~~~~~~~~~~~~^~~~~~~~~~~
/usr/include/c++/16.1.1/bits/shared_ptr_atomic.h:142:5: note: declared here
  142 |     atomic_load(const shared_ptr<_Tp>* __p)
      |     ^~~~~~~~~~~
/var/tmp/SdpaKvMajorJw16/cand-tree/.work/mlx/mlx/error.h: In member function 'bool mlx::core::Error::store_if_valid(const mlx::core::Error*)':
/var/tmp/SdpaKvMajorJw16/cand-tree/.work/mlx/mlx/error.h:28:37: warning: 'std::shared_ptr<_Tp> std::atomic_load(const shared_ptr<_Tp>*) [with _Tp = __cxx11::basic_string<char>]' is deprecated: use 'std::atomic<std::shared_ptr<T>>' instead [-Wdeprecated-declarations]
   28 |       Message msg = std::atomic_load(&ptr->message_);
      |                     ~~~~~~~~~~~~~~~~^~~~~~~~~~~~~~~~
/usr/include/c++/16.1.1/bits/shared_ptr_atomic.h:142:5: note: declared here
  142 |     atomic_load(const shared_ptr<_Tp>* __p)
      |     ^~~~~~~~~~~
/var/tmp/SdpaKvMajorJw16/cand-tree/.work/mlx/mlx/error.h: In member function 'void mlx::core::Error::check()':
/var/tmp/SdpaKvMajorJw16/cand-tree/.work/mlx/mlx/error.h:39:36: warning: 'std::shared_ptr<_Tp> std::atomic_exchange(shared_ptr<_Tp>*, shared_ptr<_Tp>) [with _Tp = __cxx11::basic_string<char>]' is deprecated: use 'std::atomic<std::shared_ptr<T>>' instead [-Wdeprecated-declarations]
   39 |     auto msg = std::atomic_exchange(&message_, {});
      |                ~~~~~~~~~~~~~~~~~~~~^~~~~~~~~~~~~~~
/usr/include/c++/16.1.1/bits/shared_ptr_atomic.h:225:5: note: declared here
  225 |     atomic_exchange(shared_ptr<_Tp>* __p, shared_ptr<_Tp> __r)
      |     ^~~~~~~~~~~~~~~
[913/962] Building CXX object CMakeFiles/mlx.dir/mlx/distributed/primitives.cpp.o
In file included from /var/tmp/SdpaKvMajorJw16/cand-tree/.work/mlx/mlx/event.h:8,
                 from /var/tmp/SdpaKvMajorJw16/cand-tree/.work/mlx/mlx/array.h:13,
                 from /var/tmp/SdpaKvMajorJw16/cand-tree/.work/mlx/mlx/distributed/distributed.h:10,
                 from /var/tmp/SdpaKvMajorJw16/cand-tree/.work/mlx/mlx/distributed/ops.h:8,
                 from /var/tmp/SdpaKvMajorJw16/cand-tree/.work/mlx/mlx/distributed/primitives.cpp:6:
/var/tmp/SdpaKvMajorJw16/cand-tree/.work/mlx/mlx/error.h: In member function 'void mlx::core::Error::set_message(Message)':
/var/tmp/SdpaKvMajorJw16/cand-tree/.work/mlx/mlx/error.h:17:22: warning: 'void std::atomic_store(shared_ptr<_Tp>*, shared_ptr<_Tp>) [with _Tp = __cxx11::basic_string<char>]' is deprecated: use 'std::atomic<std::shared_ptr<T>>' instead [-Wdeprecated-declarations]
   17 |     std::atomic_store(&message_, std::move(msg));
      |     ~~~~~~~~~~~~~~~~~^~~~~~~~~~~~~~~~~~~~~~~~~~~
In file included from /usr/include/c++/16.1.1/memory:83,
                 from /var/tmp/SdpaKvMajorJw16/cand-tree/.work/mlx/mlx/distributed/distributed.h:7:
/usr/include/c++/16.1.1/bits/shared_ptr_atomic.h:183:5: note: declared here
  183 |     atomic_store(shared_ptr<_Tp>* __p, shared_ptr<_Tp> __r)
      |     ^~~~~~~~~~~~
/var/tmp/SdpaKvMajorJw16/cand-tree/.work/mlx/mlx/error.h: In member function 'bool mlx::core::Error::valid() const':
/var/tmp/SdpaKvMajorJw16/cand-tree/.work/mlx/mlx/error.h:21:32: warning: 'std::shared_ptr<_Tp> std::atomic_load(const shared_ptr<_Tp>*) [with _Tp = __cxx11::basic_string<char>]' is deprecated: use 'std::atomic<std::shared_ptr<T>>' instead [-Wdeprecated-declarations]
   21 |     auto msg = std::atomic_load(&message_);
      |                ~~~~~~~~~~~~~~~~^~~~~~~~~~~
/usr/include/c++/16.1.1/bits/shared_ptr_atomic.h:142:5: note: declared here
  142 |     atomic_load(const shared_ptr<_Tp>* __p)
      |     ^~~~~~~~~~~
/var/tmp/SdpaKvMajorJw16/cand-tree/.work/mlx/mlx/error.h: In member function 'bool mlx::core::Error::store_if_valid(const mlx::core::Error*)':
/var/tmp/SdpaKvMajorJw16/cand-tree/.work/mlx/mlx/error.h:28:37: warning: 'std::shared_ptr<_Tp> std::atomic_load(const shared_ptr<_Tp>*) [with _Tp = __cxx11::basic_string<char>]' is deprecated: use 'std::atomic<std::shared_ptr<T>>' instead [-Wdeprecated-declarations]
   28 |       Message msg = std::atomic_load(&ptr->message_);
      |                     ~~~~~~~~~~~~~~~~^~~~~~~~~~~~~~~~
/usr/include/c++/16.1.1/bits/shared_ptr_atomic.h:142:5: note: declared here
  142 |     atomic_load(const shared_ptr<_Tp>* __p)
      |     ^~~~~~~~~~~
/var/tmp/SdpaKvMajorJw16/cand-tree/.work/mlx/mlx/error.h: In member function 'void mlx::core::Error::check()':
/var/tmp/SdpaKvMajorJw16/cand-tree/.work/mlx/mlx/error.h:39:36: warning: 'std::shared_ptr<_Tp> std::atomic_exchange(shared_ptr<_Tp>*, shared_ptr<_Tp>) [with _Tp = __cxx11::basic_string<char>]' is deprecated: use 'std::atomic<std::shared_ptr<T>>' instead [-Wdeprecated-declarations]
   39 |     auto msg = std::atomic_exchange(&message_, {});
      |                ~~~~~~~~~~~~~~~~~~~~^~~~~~~~~~~~~~~
/usr/include/c++/16.1.1/bits/shared_ptr_atomic.h:225:5: note: declared here
  225 |     atomic_exchange(shared_ptr<_Tp>* __p, shared_ptr<_Tp> __r)
      |     ^~~~~~~~~~~~~~~
[914/962] Building CXX object CMakeFiles/mlx.dir/mlx/backend/cpu/reduce.cpp.o
In file included from /var/tmp/SdpaKvMajorJw16/cand-tree/.work/mlx/mlx/event.h:8,
                 from /var/tmp/SdpaKvMajorJw16/cand-tree/.work/mlx/mlx/array.h:13,
                 from /var/tmp/SdpaKvMajorJw16/cand-tree/.work/mlx/mlx/backend/common/utils.h:9,
                 from /var/tmp/SdpaKvMajorJw16/cand-tree/.work/mlx/mlx/backend/common/reduce.h:5,
                 from /var/tmp/SdpaKvMajorJw16/cand-tree/.work/mlx/mlx/backend/cpu/reduce.cpp:7:
/var/tmp/SdpaKvMajorJw16/cand-tree/.work/mlx/mlx/error.h: In member function 'void mlx::core::Error::set_message(Message)':
/var/tmp/SdpaKvMajorJw16/cand-tree/.work/mlx/mlx/error.h:17:22: warning: 'void std::atomic_store(shared_ptr<_Tp>*, shared_ptr<_Tp>) [with _Tp = __cxx11::basic_string<char>]' is deprecated: use 'std::atomic<std::shared_ptr<T>>' instead [-Wdeprecated-declarations]
   17 |     std::atomic_store(&message_, std::move(msg));
      |     ~~~~~~~~~~~~~~~~~^~~~~~~~~~~~~~~~~~~~~~~~~~~
In file included from /usr/include/c++/16.1.1/memory:83,
                 from /var/tmp/SdpaKvMajorJw16/cand-tree/.work/mlx/mlx/array.h:7:
/usr/include/c++/16.1.1/bits/shared_ptr_atomic.h:183:5: note: declared here
  183 |     atomic_store(shared_ptr<_Tp>* __p, shared_ptr<_Tp> __r)
      |     ^~~~~~~~~~~~
/var/tmp/SdpaKvMajorJw16/cand-tree/.work/mlx/mlx/error.h: In member function 'bool mlx::core::Error::valid() const':
/var/tmp/SdpaKvMajorJw16/cand-tree/.work/mlx/mlx/error.h:21:32: warning: 'std::shared_ptr<_Tp> std::atomic_load(const shared_ptr<_Tp>*) [with _Tp = __cxx11::basic_string<char>]' is deprecated: use 'std::atomic<std::shared_ptr<T>>' instead [-Wdeprecated-declarations]
   21 |     auto msg = std::atomic_load(&message_);
      |                ~~~~~~~~~~~~~~~~^~~~~~~~~~~
/usr/include/c++/16.1.1/bits/shared_ptr_atomic.h:142:5: note: declared here
  142 |     atomic_load(const shared_ptr<_Tp>* __p)
      |     ^~~~~~~~~~~
/var/tmp/SdpaKvMajorJw16/cand-tree/.work/mlx/mlx/error.h: In member function 'bool mlx::core::Error::store_if_valid(const mlx::core::Error*)':
/var/tmp/SdpaKvMajorJw16/cand-tree/.work/mlx/mlx/error.h:28:37: warning: 'std::shared_ptr<_Tp> std::atomic_load(const shared_ptr<_Tp>*) [with _Tp = __cxx11::basic_string<char>]' is deprecated: use 'std::atomic<std::shared_ptr<T>>' instead [-Wdeprecated-declarations]
   28 |       Message msg = std::atomic_load(&ptr->message_);
      |                     ~~~~~~~~~~~~~~~~^~~~~~~~~~~~~~~~
/usr/include/c++/16.1.1/bits/shared_ptr_atomic.h:142:5: note: declared here
  142 |     atomic_load(const shared_ptr<_Tp>* __p)
      |     ^~~~~~~~~~~
/var/tmp/SdpaKvMajorJw16/cand-tree/.work/mlx/mlx/error.h: In member function 'void mlx::core::Error::check()':
/var/tmp/SdpaKvMajorJw16/cand-tree/.work/mlx/mlx/error.h:39:36: warning: 'std::shared_ptr<_Tp> std::atomic_exchange(shared_ptr<_Tp>*, shared_ptr<_Tp>) [with _Tp = __cxx11::basic_string<char>]' is deprecated: use 'std::atomic<std::shared_ptr<T>>' instead [-Wdeprecated-declarations]
   39 |     auto msg = std::atomic_exchange(&message_, {});
      |                ~~~~~~~~~~~~~~~~~~~~^~~~~~~~~~~~~~~
/usr/include/c++/16.1.1/bits/shared_ptr_atomic.h:225:5: note: declared here
  225 |     atomic_exchange(shared_ptr<_Tp>* __p, shared_ptr<_Tp> __r)
      |     ^~~~~~~~~~~~~~~
[915/962] Building CXX object CMakeFiles/mlx.dir/mlx/distributed/ops.cpp.o
In file included from /var/tmp/SdpaKvMajorJw16/cand-tree/.work/mlx/mlx/event.h:8,
                 from /var/tmp/SdpaKvMajorJw16/cand-tree/.work/mlx/mlx/array.h:13,
                 from /var/tmp/SdpaKvMajorJw16/cand-tree/.work/mlx/mlx/distributed/distributed.h:10,
                 from /var/tmp/SdpaKvMajorJw16/cand-tree/.work/mlx/mlx/distributed/distributed_impl.h:5,
                 from /var/tmp/SdpaKvMajorJw16/cand-tree/.work/mlx/mlx/distributed/ops.cpp:7:
/var/tmp/SdpaKvMajorJw16/cand-tree/.work/mlx/mlx/error.h: In member function 'void mlx::core::Error::set_message(Message)':
/var/tmp/SdpaKvMajorJw16/cand-tree/.work/mlx/mlx/error.h:17:22: warning: 'void std::atomic_store(shared_ptr<_Tp>*, shared_ptr<_Tp>) [with _Tp = __cxx11::basic_string<char>]' is deprecated: use 'std::atomic<std::shared_ptr<T>>' instead [-Wdeprecated-declarations]
   17 |     std::atomic_store(&message_, std::move(msg));
      |     ~~~~~~~~~~~~~~~~~^~~~~~~~~~~~~~~~~~~~~~~~~~~
In file included from /usr/include/c++/16.1.1/memory:83,
                 from /var/tmp/SdpaKvMajorJw16/cand-tree/.work/mlx/mlx/distributed/distributed.h:7:
/usr/include/c++/16.1.1/bits/shared_ptr_atomic.h:183:5: note: declared here
  183 |     atomic_store(shared_ptr<_Tp>* __p, shared_ptr<_Tp> __r)
      |     ^~~~~~~~~~~~
/var/tmp/SdpaKvMajorJw16/cand-tree/.work/mlx/mlx/error.h: In member function 'bool mlx::core::Error::valid() const':
/var/tmp/SdpaKvMajorJw16/cand-tree/.work/mlx/mlx/error.h:21:32: warning: 'std::shared_ptr<_Tp> std::atomic_load(const shared_ptr<_Tp>*) [with _Tp = __cxx11::basic_string<char>]' is deprecated: use 'std::atomic<std::shared_ptr<T>>' instead [-Wdeprecated-declarations]
   21 |     auto msg = std::atomic_load(&message_);
      |                ~~~~~~~~~~~~~~~~^~~~~~~~~~~
/usr/include/c++/16.1.1/bits/shared_ptr_atomic.h:142:5: note: declared here
  142 |     atomic_load(const shared_ptr<_Tp>* __p)
      |     ^~~~~~~~~~~
/var/tmp/SdpaKvMajorJw16/cand-tree/.work/mlx/mlx/error.h: In member function 'bool mlx::core::Error::store_if_valid(const mlx::core::Error*)':
/var/tmp/SdpaKvMajorJw16/cand-tree/.work/mlx/mlx/error.h:28:37: warning: 'std::shared_ptr<_Tp> std::atomic_load(const shared_ptr<_Tp>*) [with _Tp = __cxx11::basic_string<char>]' is deprecated: use 'std::atomic<std::shared_ptr<T>>' instead [-Wdeprecated-declarations]
   28 |       Message msg = std::atomic_load(&ptr->message_);
      |                     ~~~~~~~~~~~~~~~~^~~~~~~~~~~~~~~~
/usr/include/c++/16.1.1/bits/shared_ptr_atomic.h:142:5: note: declared here
  142 |     atomic_load(const shared_ptr<_Tp>* __p)
      |     ^~~~~~~~~~~
/var/tmp/SdpaKvMajorJw16/cand-tree/.work/mlx/mlx/error.h: In member function 'void mlx::core::Error::check()':
/var/tmp/SdpaKvMajorJw16/cand-tree/.work/mlx/mlx/error.h:39:36: warning: 'std::shared_ptr<_Tp> std::atomic_exchange(shared_ptr<_Tp>*, shared_ptr<_Tp>) [with _Tp = __cxx11::basic_string<char>]' is deprecated: use 'std::atomic<std::shared_ptr<T>>' instead [-Wdeprecated-declarations]
   39 |     auto msg = std::atomic_exchange(&message_, {});
      |                ~~~~~~~~~~~~~~~~~~~~^~~~~~~~~~~~~~~
/usr/include/c++/16.1.1/bits/shared_ptr_atomic.h:225:5: note: declared here
  225 |     atomic_exchange(shared_ptr<_Tp>* __p, shared_ptr<_Tp> __r)
      |     ^~~~~~~~~~~~~~~
[916/962] Building CXX object CMakeFiles/mlx.dir/mlx/distributed/distributed.cpp.o
In file included from /var/tmp/SdpaKvMajorJw16/cand-tree/.work/mlx/mlx/event.h:8,
                 from /var/tmp/SdpaKvMajorJw16/cand-tree/.work/mlx/mlx/array.h:13,
                 from /var/tmp/SdpaKvMajorJw16/cand-tree/.work/mlx/mlx/distributed/distributed.h:10,
                 from /var/tmp/SdpaKvMajorJw16/cand-tree/.work/mlx/mlx/distributed/distributed.cpp:6:
/var/tmp/SdpaKvMajorJw16/cand-tree/.work/mlx/mlx/error.h: In member function 'void mlx::core::Error::set_message(Message)':
/var/tmp/SdpaKvMajorJw16/cand-tree/.work/mlx/mlx/error.h:17:22: warning: 'void std::atomic_store(shared_ptr<_Tp>*, shared_ptr<_Tp>) [with _Tp = __cxx11::basic_string<char>]' is deprecated: use 'std::atomic<std::shared_ptr<T>>' instead [-Wdeprecated-declarations]
   17 |     std::atomic_store(&message_, std::move(msg));
      |     ~~~~~~~~~~~~~~~~~^~~~~~~~~~~~~~~~~~~~~~~~~~~
In file included from /usr/include/c++/16.1.1/memory:83,
                 from /var/tmp/SdpaKvMajorJw16/cand-tree/.work/mlx/mlx/distributed/distributed.h:7:
/usr/include/c++/16.1.1/bits/shared_ptr_atomic.h:183:5: note: declared here
  183 |     atomic_store(shared_ptr<_Tp>* __p, shared_ptr<_Tp> __r)
      |     ^~~~~~~~~~~~
/var/tmp/SdpaKvMajorJw16/cand-tree/.work/mlx/mlx/error.h: In member function 'bool mlx::core::Error::valid() const':
/var/tmp/SdpaKvMajorJw16/cand-tree/.work/mlx/mlx/error.h:21:32: warning: 'std::shared_ptr<_Tp> std::atomic_load(const shared_ptr<_Tp>*) [with _Tp = __cxx11::basic_string<char>]' is deprecated: use 'std::atomic<std::shared_ptr<T>>' instead [-Wdeprecated-declarations]
   21 |     auto msg = std::atomic_load(&message_);
      |                ~~~~~~~~~~~~~~~~^~~~~~~~~~~
/usr/include/c++/16.1.1/bits/shared_ptr_atomic.h:142:5: note: declared here
  142 |     atomic_load(const shared_ptr<_Tp>* __p)
      |     ^~~~~~~~~~~
/var/tmp/SdpaKvMajorJw16/cand-tree/.work/mlx/mlx/error.h: In member function 'bool mlx::core::Error::store_if_valid(const mlx::core::Error*)':
/var/tmp/SdpaKvMajorJw16/cand-tree/.work/mlx/mlx/error.h:28:37: warning: 'std::shared_ptr<_Tp> std::atomic_load(const shared_ptr<_Tp>*) [with _Tp = __cxx11::basic_string<char>]' is deprecated: use 'std::atomic<std::shared_ptr<T>>' instead [-Wdeprecated-declarations]
   28 |       Message msg = std::atomic_load(&ptr->message_);
      |                     ~~~~~~~~~~~~~~~~^~~~~~~~~~~~~~~~
/usr/include/c++/16.1.1/bits/shared_ptr_atomic.h:142:5: note: declared here
  142 |     atomic_load(const shared_ptr<_Tp>* __p)
      |     ^~~~~~~~~~~
/var/tmp/SdpaKvMajorJw16/cand-tree/.work/mlx/mlx/error.h: In member function 'void mlx::core::Error::check()':
/var/tmp/SdpaKvMajorJw16/cand-tree/.work/mlx/mlx/error.h:39:36: warning: 'std::shared_ptr<_Tp> std::atomic_exchange(shared_ptr<_Tp>*, shared_ptr<_Tp>) [with _Tp = __cxx11::basic_string<char>]' is deprecated: use 'std::atomic<std::shared_ptr<T>>' instead [-Wdeprecated-declarations]
   39 |     auto msg = std::atomic_exchange(&message_, {});
      |                ~~~~~~~~~~~~~~~~~~~~^~~~~~~~~~~~~~~
/usr/include/c++/16.1.1/bits/shared_ptr_atomic.h:225:5: note: declared here
  225 |     atomic_exchange(shared_ptr<_Tp>* __p, shared_ptr<_Tp> __r)
      |     ^~~~~~~~~~~~~~~
[917/962] Building CXX object CMakeFiles/mlx.dir/mlx/distributed/utils.cpp.o
[918/962] Building CXX object CMakeFiles/mlx.dir/mlx/distributed/mpi/mpi.cpp.o
In file included from /var/tmp/SdpaKvMajorJw16/cand-tree/.work/mlx/mlx/event.h:8,
                 from /var/tmp/SdpaKvMajorJw16/cand-tree/.work/mlx/mlx/array.h:13,
                 from /var/tmp/SdpaKvMajorJw16/cand-tree/.work/mlx/mlx/backend/cpu/encoder.h:7,
                 from /var/tmp/SdpaKvMajorJw16/cand-tree/.work/mlx/mlx/distributed/mpi/mpi.cpp:7:
/var/tmp/SdpaKvMajorJw16/cand-tree/.work/mlx/mlx/error.h: In member function 'void mlx::core::Error::set_message(Message)':
/var/tmp/SdpaKvMajorJw16/cand-tree/.work/mlx/mlx/error.h:17:22: warning: 'void std::atomic_store(shared_ptr<_Tp>*, shared_ptr<_Tp>) [with _Tp = __cxx11::basic_string<char>]' is deprecated: use 'std::atomic<std::shared_ptr<T>>' instead [-Wdeprecated-declarations]
   17 |     std::atomic_store(&message_, std::move(msg));
      |     ~~~~~~~~~~~~~~~~~^~~~~~~~~~~~~~~~~~~~~~~~~~~
In file included from /usr/include/c++/16.1.1/memory:83,
                 from /var/tmp/SdpaKvMajorJw16/cand-tree/.work/mlx/mlx/array.h:7:
/usr/include/c++/16.1.1/bits/shared_ptr_atomic.h:183:5: note: declared here
  183 |     atomic_store(shared_ptr<_Tp>* __p, shared_ptr<_Tp> __r)
      |     ^~~~~~~~~~~~
/var/tmp/SdpaKvMajorJw16/cand-tree/.work/mlx/mlx/error.h: In member function 'bool mlx::core::Error::valid() const':
/var/tmp/SdpaKvMajorJw16/cand-tree/.work/mlx/mlx/error.h:21:32: warning: 'std::shared_ptr<_Tp> std::atomic_load(const shared_ptr<_Tp>*) [with _Tp = __cxx11::basic_string<char>]' is deprecated: use 'std::atomic<std::shared_ptr<T>>' instead [-Wdeprecated-declarations]
   21 |     auto msg = std::atomic_load(&message_);
      |                ~~~~~~~~~~~~~~~~^~~~~~~~~~~
/usr/include/c++/16.1.1/bits/shared_ptr_atomic.h:142:5: note: declared here
  142 |     atomic_load(const shared_ptr<_Tp>* __p)
      |     ^~~~~~~~~~~
/var/tmp/SdpaKvMajorJw16/cand-tree/.work/mlx/mlx/error.h: In member function 'bool mlx::core::Error::store_if_valid(const mlx::core::Error*)':
/var/tmp/SdpaKvMajorJw16/cand-tree/.work/mlx/mlx/error.h:28:37: warning: 'std::shared_ptr<_Tp> std::atomic_load(const shared_ptr<_Tp>*) [with _Tp = __cxx11::basic_string<char>]' is deprecated: use 'std::atomic<std::shared_ptr<T>>' instead [-Wdeprecated-declarations]
   28 |       Message msg = std::atomic_load(&ptr->message_);
      |                     ~~~~~~~~~~~~~~~~^~~~~~~~~~~~~~~~
/usr/include/c++/16.1.1/bits/shared_ptr_atomic.h:142:5: note: declared here
  142 |     atomic_load(const shared_ptr<_Tp>* __p)
      |     ^~~~~~~~~~~
/var/tmp/SdpaKvMajorJw16/cand-tree/.work/mlx/mlx/error.h: In member function 'void mlx::core::Error::check()':
/var/tmp/SdpaKvMajorJw16/cand-tree/.work/mlx/mlx/error.h:39:36: warning: 'std::shared_ptr<_Tp> std::atomic_exchange(shared_ptr<_Tp>*, shared_ptr<_Tp>) [with _Tp = __cxx11::basic_string<char>]' is deprecated: use 'std::atomic<std::shared_ptr<T>>' instead [-Wdeprecated-declarations]
   39 |     auto msg = std::atomic_exchange(&message_, {});
      |                ~~~~~~~~~~~~~~~~~~~~^~~~~~~~~~~~~~~
/usr/include/c++/16.1.1/bits/shared_ptr_atomic.h:225:5: note: declared here
  225 |     atomic_exchange(shared_ptr<_Tp>* __p, shared_ptr<_Tp> __r)
      |     ^~~~~~~~~~~~~~~
[919/962] Building CXX object CMakeFiles/mlx.dir/mlx/distributed/nccl/no_nccl.cpp.o
In file included from /var/tmp/SdpaKvMajorJw16/cand-tree/.work/mlx/mlx/event.h:8,
                 from /var/tmp/SdpaKvMajorJw16/cand-tree/.work/mlx/mlx/array.h:13,
                 from /var/tmp/SdpaKvMajorJw16/cand-tree/.work/mlx/mlx/distributed/distributed.h:10,
                 from /var/tmp/SdpaKvMajorJw16/cand-tree/.work/mlx/mlx/distributed/nccl/nccl.h:3,
                 from /var/tmp/SdpaKvMajorJw16/cand-tree/.work/mlx/mlx/distributed/nccl/no_nccl.cpp:3:
/var/tmp/SdpaKvMajorJw16/cand-tree/.work/mlx/mlx/error.h: In member function 'void mlx::core::Error::set_message(Message)':
/var/tmp/SdpaKvMajorJw16/cand-tree/.work/mlx/mlx/error.h:17:22: warning: 'void std::atomic_store(shared_ptr<_Tp>*, shared_ptr<_Tp>) [with _Tp = __cxx11::basic_string<char>]' is deprecated: use 'std::atomic<std::shared_ptr<T>>' instead [-Wdeprecated-declarations]
   17 |     std::atomic_store(&message_, std::move(msg));
      |     ~~~~~~~~~~~~~~~~~^~~~~~~~~~~~~~~~~~~~~~~~~~~
In file included from /usr/include/c++/16.1.1/memory:83,
                 from /var/tmp/SdpaKvMajorJw16/cand-tree/.work/mlx/mlx/distributed/distributed.h:7:
/usr/include/c++/16.1.1/bits/shared_ptr_atomic.h:183:5: note: declared here
  183 |     atomic_store(shared_ptr<_Tp>* __p, shared_ptr<_Tp> __r)
      |     ^~~~~~~~~~~~
/var/tmp/SdpaKvMajorJw16/cand-tree/.work/mlx/mlx/error.h: In member function 'bool mlx::core::Error::valid() const':
/var/tmp/SdpaKvMajorJw16/cand-tree/.work/mlx/mlx/error.h:21:32: warning: 'std::shared_ptr<_Tp> std::atomic_load(const shared_ptr<_Tp>*) [with _Tp = __cxx11::basic_string<char>]' is deprecated: use 'std::atomic<std::shared_ptr<T>>' instead [-Wdeprecated-declarations]
   21 |     auto msg = std::atomic_load(&message_);
      |                ~~~~~~~~~~~~~~~~^~~~~~~~~~~
/usr/include/c++/16.1.1/bits/shared_ptr_atomic.h:142:5: note: declared here
  142 |     atomic_load(const shared_ptr<_Tp>* __p)
      |     ^~~~~~~~~~~
/var/tmp/SdpaKvMajorJw16/cand-tree/.work/mlx/mlx/error.h: In member function 'bool mlx::core::Error::store_if_valid(const mlx::core::Error*)':
/var/tmp/SdpaKvMajorJw16/cand-tree/.work/mlx/mlx/error.h:28:37: warning: 'std::shared_ptr<_Tp> std::atomic_load(const shared_ptr<_Tp>*) [with _Tp = __cxx11::basic_string<char>]' is deprecated: use 'std::atomic<std::shared_ptr<T>>' instead [-Wdeprecated-declarations]
   28 |       Message msg = std::atomic_load(&ptr->message_);
      |                     ~~~~~~~~~~~~~~~~^~~~~~~~~~~~~~~~
/usr/include/c++/16.1.1/bits/shared_ptr_atomic.h:142:5: note: declared here
  142 |     atomic_load(const shared_ptr<_Tp>* __p)
      |     ^~~~~~~~~~~
/var/tmp/SdpaKvMajorJw16/cand-tree/.work/mlx/mlx/error.h: In member function 'void mlx::core::Error::check()':
/var/tmp/SdpaKvMajorJw16/cand-tree/.work/mlx/mlx/error.h:39:36: warning: 'std::shared_ptr<_Tp> std::atomic_exchange(shared_ptr<_Tp>*, shared_ptr<_Tp>) [with _Tp = __cxx11::basic_string<char>]' is deprecated: use 'std::atomic<std::shared_ptr<T>>' instead [-Wdeprecated-declarations]
   39 |     auto msg = std::atomic_exchange(&message_, {});
      |                ~~~~~~~~~~~~~~~~~~~~^~~~~~~~~~~~~~~
/usr/include/c++/16.1.1/bits/shared_ptr_atomic.h:225:5: note: declared here
  225 |     atomic_exchange(shared_ptr<_Tp>* __p, shared_ptr<_Tp> __r)
      |     ^~~~~~~~~~~~~~~
[920/962] Building CXX object CMakeFiles/mlx.dir/mlx/distributed/jaccl/no_jaccl.cpp.o
In file included from /var/tmp/SdpaKvMajorJw16/cand-tree/.work/mlx/mlx/event.h:8,
                 from /var/tmp/SdpaKvMajorJw16/cand-tree/.work/mlx/mlx/array.h:13,
                 from /var/tmp/SdpaKvMajorJw16/cand-tree/.work/mlx/mlx/distributed/distributed.h:10,
                 from /var/tmp/SdpaKvMajorJw16/cand-tree/.work/mlx/mlx/distributed/jaccl/jaccl.h:7,
                 from /var/tmp/SdpaKvMajorJw16/cand-tree/.work/mlx/mlx/distributed/jaccl/no_jaccl.cpp:3:
/var/tmp/SdpaKvMajorJw16/cand-tree/.work/mlx/mlx/error.h: In member function 'void mlx::core::Error::set_message(Message)':
/var/tmp/SdpaKvMajorJw16/cand-tree/.work/mlx/mlx/error.h:17:22: warning: 'void std::atomic_store(shared_ptr<_Tp>*, shared_ptr<_Tp>) [with _Tp = __cxx11::basic_string<char>]' is deprecated: use 'std::atomic<std::shared_ptr<T>>' instead [-Wdeprecated-declarations]
   17 |     std::atomic_store(&message_, std::move(msg));
      |     ~~~~~~~~~~~~~~~~~^~~~~~~~~~~~~~~~~~~~~~~~~~~
In file included from /usr/include/c++/16.1.1/memory:83,
                 from /var/tmp/SdpaKvMajorJw16/cand-tree/.work/mlx/mlx/distributed/jaccl/jaccl.h:5:
/usr/include/c++/16.1.1/bits/shared_ptr_atomic.h:183:5: note: declared here
  183 |     atomic_store(shared_ptr<_Tp>* __p, shared_ptr<_Tp> __r)
      |     ^~~~~~~~~~~~
/var/tmp/SdpaKvMajorJw16/cand-tree/.work/mlx/mlx/error.h: In member function 'bool mlx::core::Error::valid() const':
/var/tmp/SdpaKvMajorJw16/cand-tree/.work/mlx/mlx/error.h:21:32: warning: 'std::shared_ptr<_Tp> std::atomic_load(const shared_ptr<_Tp>*) [with _Tp = __cxx11::basic_string<char>]' is deprecated: use 'std::atomic<std::shared_ptr<T>>' instead [-Wdeprecated-declarations]
   21 |     auto msg = std::atomic_load(&message_);
      |                ~~~~~~~~~~~~~~~~^~~~~~~~~~~
/usr/include/c++/16.1.1/bits/shared_ptr_atomic.h:142:5: note: declared here
  142 |     atomic_load(const shared_ptr<_Tp>* __p)
      |     ^~~~~~~~~~~
/var/tmp/SdpaKvMajorJw16/cand-tree/.work/mlx/mlx/error.h: In member function 'bool mlx::core::Error::store_if_valid(const mlx::core::Error*)':
/var/tmp/SdpaKvMajorJw16/cand-tree/.work/mlx/mlx/error.h:28:37: warning: 'std::shared_ptr<_Tp> std::atomic_load(const shared_ptr<_Tp>*) [with _Tp = __cxx11::basic_string<char>]' is deprecated: use 'std::atomic<std::shared_ptr<T>>' instead [-Wdeprecated-declarations]
   28 |       Message msg = std::atomic_load(&ptr->message_);
      |                     ~~~~~~~~~~~~~~~~^~~~~~~~~~~~~~~~
/usr/include/c++/16.1.1/bits/shared_ptr_atomic.h:142:5: note: declared here
  142 |     atomic_load(const shared_ptr<_Tp>* __p)
      |     ^~~~~~~~~~~
/var/tmp/SdpaKvMajorJw16/cand-tree/.work/mlx/mlx/error.h: In member function 'void mlx::core::Error::check()':
/var/tmp/SdpaKvMajorJw16/cand-tree/.work/mlx/mlx/error.h:39:36: warning: 'std::shared_ptr<_Tp> std::atomic_exchange(shared_ptr<_Tp>*, shared_ptr<_Tp>) [with _Tp = __cxx11::basic_string<char>]' is deprecated: use 'std::atomic<std::shared_ptr<T>>' instead [-Wdeprecated-declarations]
   39 |     auto msg = std::atomic_exchange(&message_, {});
      |                ~~~~~~~~~~~~~~~~~~~~^~~~~~~~~~~~~~~
/usr/include/c++/16.1.1/bits/shared_ptr_atomic.h:225:5: note: declared here
  225 |     atomic_exchange(shared_ptr<_Tp>* __p, shared_ptr<_Tp> __r)
      |     ^~~~~~~~~~~~~~~
[921/962] Building CXX object CMakeFiles/mlx.dir/mlx/backend/cpu/compiled.cpp.o
In file included from /var/tmp/SdpaKvMajorJw16/cand-tree/.work/mlx/mlx/event.h:8,
                 from /var/tmp/SdpaKvMajorJw16/cand-tree/.work/mlx/mlx/array.h:13,
                 from /var/tmp/SdpaKvMajorJw16/cand-tree/.work/mlx/mlx/backend/common/compiled.h:8,
                 from /var/tmp/SdpaKvMajorJw16/cand-tree/.work/mlx/mlx/backend/cpu/compiled.cpp:12:
/var/tmp/SdpaKvMajorJw16/cand-tree/.work/mlx/mlx/error.h: In member function 'void mlx::core::Error::set_message(Message)':
/var/tmp/SdpaKvMajorJw16/cand-tree/.work/mlx/mlx/error.h:17:22: warning: 'void std::atomic_store(shared_ptr<_Tp>*, shared_ptr<_Tp>) [with _Tp = __cxx11::basic_string<char>]' is deprecated: use 'std::atomic<std::shared_ptr<T>>' instead [-Wdeprecated-declarations]
   17 |     std::atomic_store(&message_, std::move(msg));
      |     ~~~~~~~~~~~~~~~~~^~~~~~~~~~~~~~~~~~~~~~~~~~~
In file included from /usr/include/c++/16.1.1/memory:83,
                 from /var/tmp/SdpaKvMajorJw16/cand-tree/.work/mlx/mlx/array.h:7:
/usr/include/c++/16.1.1/bits/shared_ptr_atomic.h:183:5: note: declared here
  183 |     atomic_store(shared_ptr<_Tp>* __p, shared_ptr<_Tp> __r)
      |     ^~~~~~~~~~~~
/var/tmp/SdpaKvMajorJw16/cand-tree/.work/mlx/mlx/error.h: In member function 'bool mlx::core::Error::valid() const':
/var/tmp/SdpaKvMajorJw16/cand-tree/.work/mlx/mlx/error.h:21:32: warning: 'std::shared_ptr<_Tp> std::atomic_load(const shared_ptr<_Tp>*) [with _Tp = __cxx11::basic_string<char>]' is deprecated: use 'std::atomic<std::shared_ptr<T>>' instead [-Wdeprecated-declarations]
   21 |     auto msg = std::atomic_load(&message_);
      |                ~~~~~~~~~~~~~~~~^~~~~~~~~~~
/usr/include/c++/16.1.1/bits/shared_ptr_atomic.h:142:5: note: declared here
  142 |     atomic_load(const shared_ptr<_Tp>* __p)
      |     ^~~~~~~~~~~
/var/tmp/SdpaKvMajorJw16/cand-tree/.work/mlx/mlx/error.h: In member function 'bool mlx::core::Error::store_if_valid(const mlx::core::Error*)':
/var/tmp/SdpaKvMajorJw16/cand-tree/.work/mlx/mlx/error.h:28:37: warning: 'std::shared_ptr<_Tp> std::atomic_load(const shared_ptr<_Tp>*) [with _Tp = __cxx11::basic_string<char>]' is deprecated: use 'std::atomic<std::shared_ptr<T>>' instead [-Wdeprecated-declarations]
   28 |       Message msg = std::atomic_load(&ptr->message_);
      |                     ~~~~~~~~~~~~~~~~^~~~~~~~~~~~~~~~
/usr/include/c++/16.1.1/bits/shared_ptr_atomic.h:142:5: note: declared here
  142 |     atomic_load(const shared_ptr<_Tp>* __p)
      |     ^~~~~~~~~~~
/var/tmp/SdpaKvMajorJw16/cand-tree/.work/mlx/mlx/error.h: In member function 'void mlx::core::Error::check()':
/var/tmp/SdpaKvMajorJw16/cand-tree/.work/mlx/mlx/error.h:39:36: warning: 'std::shared_ptr<_Tp> std::atomic_exchange(shared_ptr<_Tp>*, shared_ptr<_Tp>) [with _Tp = __cxx11::basic_string<char>]' is deprecated: use 'std::atomic<std::shared_ptr<T>>' instead [-Wdeprecated-declarations]
   39 |     auto msg = std::atomic_exchange(&message_, {});
      |                ~~~~~~~~~~~~~~~~~~~~^~~~~~~~~~~~~~~
/usr/include/c++/16.1.1/bits/shared_ptr_atomic.h:225:5: note: declared here
  225 |     atomic_exchange(shared_ptr<_Tp>* __p, shared_ptr<_Tp> __r)
      |     ^~~~~~~~~~~~~~~
[922/962] Building CXX object CMakeFiles/mlx.dir/mlx/backend/cpu/jit_compiler.cpp.o
In file included from /var/tmp/SdpaKvMajorJw16/cand-tree/.work/mlx/mlx/event.h:8,
                 from /var/tmp/SdpaKvMajorJw16/cand-tree/.work/mlx/mlx/array.h:13,
                 from /var/tmp/SdpaKvMajorJw16/cand-tree/.work/mlx/mlx/backend/common/utils.h:9,
                 from /var/tmp/SdpaKvMajorJw16/cand-tree/.work/mlx/mlx/backend/cpu/jit_compiler.cpp:4:
/var/tmp/SdpaKvMajorJw16/cand-tree/.work/mlx/mlx/error.h: In member function 'void mlx::core::Error::set_message(Message)':
/var/tmp/SdpaKvMajorJw16/cand-tree/.work/mlx/mlx/error.h:17:22: warning: 'void std::atomic_store(shared_ptr<_Tp>*, shared_ptr<_Tp>) [with _Tp = __cxx11::basic_string<char>]' is deprecated: use 'std::atomic<std::shared_ptr<T>>' instead [-Wdeprecated-declarations]
   17 |     std::atomic_store(&message_, std::move(msg));
      |     ~~~~~~~~~~~~~~~~~^~~~~~~~~~~~~~~~~~~~~~~~~~~
In file included from /usr/include/c++/16.1.1/memory:83,
                 from /var/tmp/SdpaKvMajorJw16/cand-tree/.work/mlx/mlx/array.h:7:
/usr/include/c++/16.1.1/bits/shared_ptr_atomic.h:183:5: note: declared here
  183 |     atomic_store(shared_ptr<_Tp>* __p, shared_ptr<_Tp> __r)
      |     ^~~~~~~~~~~~
/var/tmp/SdpaKvMajorJw16/cand-tree/.work/mlx/mlx/error.h: In member function 'bool mlx::core::Error::valid() const':
/var/tmp/SdpaKvMajorJw16/cand-tree/.work/mlx/mlx/error.h:21:32: warning: 'std::shared_ptr<_Tp> std::atomic_load(const shared_ptr<_Tp>*) [with _Tp = __cxx11::basic_string<char>]' is deprecated: use 'std::atomic<std::shared_ptr<T>>' instead [-Wdeprecated-declarations]
   21 |     auto msg = std::atomic_load(&message_);
      |                ~~~~~~~~~~~~~~~~^~~~~~~~~~~
/usr/include/c++/16.1.1/bits/shared_ptr_atomic.h:142:5: note: declared here
  142 |     atomic_load(const shared_ptr<_Tp>* __p)
      |     ^~~~~~~~~~~
/var/tmp/SdpaKvMajorJw16/cand-tree/.work/mlx/mlx/error.h: In member function 'bool mlx::core::Error::store_if_valid(const mlx::core::Error*)':
/var/tmp/SdpaKvMajorJw16/cand-tree/.work/mlx/mlx/error.h:28:37: warning: 'std::shared_ptr<_Tp> std::atomic_load(const shared_ptr<_Tp>*) [with _Tp = __cxx11::basic_string<char>]' is deprecated: use 'std::atomic<std::shared_ptr<T>>' instead [-Wdeprecated-declarations]
   28 |       Message msg = std::atomic_load(&ptr->message_);
      |                     ~~~~~~~~~~~~~~~~^~~~~~~~~~~~~~~~
/usr/include/c++/16.1.1/bits/shared_ptr_atomic.h:142:5: note: declared here
  142 |     atomic_load(const shared_ptr<_Tp>* __p)
      |     ^~~~~~~~~~~
/var/tmp/SdpaKvMajorJw16/cand-tree/.work/mlx/mlx/error.h: In member function 'void mlx::core::Error::check()':
/var/tmp/SdpaKvMajorJw16/cand-tree/.work/mlx/mlx/error.h:39:36: warning: 'std::shared_ptr<_Tp> std::atomic_exchange(shared_ptr<_Tp>*, shared_ptr<_Tp>) [with _Tp = __cxx11::basic_string<char>]' is deprecated: use 'std::atomic<std::shared_ptr<T>>' instead [-Wdeprecated-declarations]
   39 |     auto msg = std::atomic_exchange(&message_, {});
      |                ~~~~~~~~~~~~~~~~~~~~^~~~~~~~~~~~~~~
/usr/include/c++/16.1.1/bits/shared_ptr_atomic.h:225:5: note: declared here
  225 |     atomic_exchange(shared_ptr<_Tp>* __p, shared_ptr<_Tp> __r)
      |     ^~~~~~~~~~~~~~~
[923/962] Building CXX object CMakeFiles/mlx.dir/mlx/io/load.cpp.o
In file included from /var/tmp/SdpaKvMajorJw16/cand-tree/.work/mlx/mlx/event.h:8,
                 from /var/tmp/SdpaKvMajorJw16/cand-tree/.work/mlx/mlx/array.h:13,
                 from /var/tmp/SdpaKvMajorJw16/cand-tree/.work/mlx/mlx/io.h:9,
                 from /var/tmp/SdpaKvMajorJw16/cand-tree/.work/mlx/mlx/io/load.cpp:16:
/var/tmp/SdpaKvMajorJw16/cand-tree/.work/mlx/mlx/error.h: In member function 'void mlx::core::Error::set_message(Message)':
/var/tmp/SdpaKvMajorJw16/cand-tree/.work/mlx/mlx/error.h:17:22: warning: 'void std::atomic_store(shared_ptr<_Tp>*, shared_ptr<_Tp>) [with _Tp = __cxx11::basic_string<char>]' is deprecated: use 'std::atomic<std::shared_ptr<T>>' instead [-Wdeprecated-declarations]
   17 |     std::atomic_store(&message_, std::move(msg));
      |     ~~~~~~~~~~~~~~~~~^~~~~~~~~~~~~~~~~~~~~~~~~~~
In file included from /usr/include/c++/16.1.1/memory:83,
                 from /var/tmp/SdpaKvMajorJw16/cand-tree/.work/mlx/mlx/array.h:7:
/usr/include/c++/16.1.1/bits/shared_ptr_atomic.h:183:5: note: declared here
  183 |     atomic_store(shared_ptr<_Tp>* __p, shared_ptr<_Tp> __r)
      |     ^~~~~~~~~~~~
/var/tmp/SdpaKvMajorJw16/cand-tree/.work/mlx/mlx/error.h: In member function 'bool mlx::core::Error::valid() const':
/var/tmp/SdpaKvMajorJw16/cand-tree/.work/mlx/mlx/error.h:21:32: warning: 'std::shared_ptr<_Tp> std::atomic_load(const shared_ptr<_Tp>*) [with _Tp = __cxx11::basic_string<char>]' is deprecated: use 'std::atomic<std::shared_ptr<T>>' instead [-Wdeprecated-declarations]
   21 |     auto msg = std::atomic_load(&message_);
      |                ~~~~~~~~~~~~~~~~^~~~~~~~~~~
/usr/include/c++/16.1.1/bits/shared_ptr_atomic.h:142:5: note: declared here
  142 |     atomic_load(const shared_ptr<_Tp>* __p)
      |     ^~~~~~~~~~~
/var/tmp/SdpaKvMajorJw16/cand-tree/.work/mlx/mlx/error.h: In member function 'bool mlx::core::Error::store_if_valid(const mlx::core::Error*)':
/var/tmp/SdpaKvMajorJw16/cand-tree/.work/mlx/mlx/error.h:28:37: warning: 'std::shared_ptr<_Tp> std::atomic_load(const shared_ptr<_Tp>*) [with _Tp = __cxx11::basic_string<char>]' is deprecated: use 'std::atomic<std::shared_ptr<T>>' instead [-Wdeprecated-declarations]
   28 |       Message msg = std::atomic_load(&ptr->message_);
      |                     ~~~~~~~~~~~~~~~~^~~~~~~~~~~~~~~~
/usr/include/c++/16.1.1/bits/shared_ptr_atomic.h:142:5: note: declared here
  142 |     atomic_load(const shared_ptr<_Tp>* __p)
      |     ^~~~~~~~~~~
/var/tmp/SdpaKvMajorJw16/cand-tree/.work/mlx/mlx/error.h: In member function 'void mlx::core::Error::check()':
/var/tmp/SdpaKvMajorJw16/cand-tree/.work/mlx/mlx/error.h:39:36: warning: 'std::shared_ptr<_Tp> std::atomic_exchange(shared_ptr<_Tp>*, shared_ptr<_Tp>) [with _Tp = __cxx11::basic_string<char>]' is deprecated: use 'std::atomic<std::shared_ptr<T>>' instead [-Wdeprecated-declarations]
   39 |     auto msg = std::atomic_exchange(&message_, {});
      |                ~~~~~~~~~~~~~~~~~~~~^~~~~~~~~~~~~~~
/usr/include/c++/16.1.1/bits/shared_ptr_atomic.h:225:5: note: declared here
  225 |     atomic_exchange(shared_ptr<_Tp>* __p, shared_ptr<_Tp> __r)
      |     ^~~~~~~~~~~~~~~
[924/962] Building CXX object CMakeFiles/mlx.dir/mlx/backend/metal/no_metal.cpp.o
[925/962] Building CXX object CMakeFiles/mlx.dir/mlx/io/gguf_quants.cpp.o
In file included from /var/tmp/SdpaKvMajorJw16/cand-tree/.work/mlx/mlx/event.h:8,
                 from /var/tmp/SdpaKvMajorJw16/cand-tree/.work/mlx/mlx/array.h:13,
                 from /var/tmp/SdpaKvMajorJw16/cand-tree/.work/mlx/mlx/io.h:9,
                 from /var/tmp/SdpaKvMajorJw16/cand-tree/.work/mlx/mlx/io/gguf.h:4,
                 from /var/tmp/SdpaKvMajorJw16/cand-tree/.work/mlx/mlx/io/gguf_quants.cpp:7:
/var/tmp/SdpaKvMajorJw16/cand-tree/.work/mlx/mlx/error.h: In member function 'void mlx::core::Error::set_message(Message)':
/var/tmp/SdpaKvMajorJw16/cand-tree/.work/mlx/mlx/error.h:17:22: warning: 'void std::atomic_store(shared_ptr<_Tp>*, shared_ptr<_Tp>) [with _Tp = __cxx11::basic_string<char>]' is deprecated: use 'std::atomic<std::shared_ptr<T>>' instead [-Wdeprecated-declarations]
   17 |     std::atomic_store(&message_, std::move(msg));
      |     ~~~~~~~~~~~~~~~~~^~~~~~~~~~~~~~~~~~~~~~~~~~~
In file included from /usr/include/c++/16.1.1/memory:83,
                 from /var/tmp/SdpaKvMajorJw16/cand-tree/.work/mlx/mlx/array.h:7:
/usr/include/c++/16.1.1/bits/shared_ptr_atomic.h:183:5: note: declared here
  183 |     atomic_store(shared_ptr<_Tp>* __p, shared_ptr<_Tp> __r)
      |     ^~~~~~~~~~~~
/var/tmp/SdpaKvMajorJw16/cand-tree/.work/mlx/mlx/error.h: In member function 'bool mlx::core::Error::valid() const':
/var/tmp/SdpaKvMajorJw16/cand-tree/.work/mlx/mlx/error.h:21:32: warning: 'std::shared_ptr<_Tp> std::atomic_load(const shared_ptr<_Tp>*) [with _Tp = __cxx11::basic_string<char>]' is deprecated: use 'std::atomic<std::shared_ptr<T>>' instead [-Wdeprecated-declarations]
   21 |     auto msg = std::atomic_load(&message_);
      |                ~~~~~~~~~~~~~~~~^~~~~~~~~~~
/usr/include/c++/16.1.1/bits/shared_ptr_atomic.h:142:5: note: declared here
  142 |     atomic_load(const shared_ptr<_Tp>* __p)
      |     ^~~~~~~~~~~
/var/tmp/SdpaKvMajorJw16/cand-tree/.work/mlx/mlx/error.h: In member function 'bool mlx::core::Error::store_if_valid(const mlx::core::Error*)':
/var/tmp/SdpaKvMajorJw16/cand-tree/.work/mlx/mlx/error.h:28:37: warning: 'std::shared_ptr<_Tp> std::atomic_load(const shared_ptr<_Tp>*) [with _Tp = __cxx11::basic_string<char>]' is deprecated: use 'std::atomic<std::shared_ptr<T>>' instead [-Wdeprecated-declarations]
   28 |       Message msg = std::atomic_load(&ptr->message_);
      |                     ~~~~~~~~~~~~~~~~^~~~~~~~~~~~~~~~
/usr/include/c++/16.1.1/bits/shared_ptr_atomic.h:142:5: note: declared here
  142 |     atomic_load(const shared_ptr<_Tp>* __p)
      |     ^~~~~~~~~~~
/var/tmp/SdpaKvMajorJw16/cand-tree/.work/mlx/mlx/error.h: In member function 'void mlx::core::Error::check()':
/var/tmp/SdpaKvMajorJw16/cand-tree/.work/mlx/mlx/error.h:39:36: warning: 'std::shared_ptr<_Tp> std::atomic_exchange(shared_ptr<_Tp>*, shared_ptr<_Tp>) [with _Tp = __cxx11::basic_string<char>]' is deprecated: use 'std::atomic<std::shared_ptr<T>>' instead [-Wdeprecated-declarations]
   39 |     auto msg = std::atomic_exchange(&message_, {});
      |                ~~~~~~~~~~~~~~~~~~~~^~~~~~~~~~~~~~~
/usr/include/c++/16.1.1/bits/shared_ptr_atomic.h:225:5: note: declared here
  225 |     atomic_exchange(shared_ptr<_Tp>* __p, shared_ptr<_Tp> __r)
      |     ^~~~~~~~~~~~~~~
[926/962] Building CXX object CMakeFiles/mlx.dir/mlx/backend/cuda/no_cuda.cpp.o
In file included from /var/tmp/SdpaKvMajorJw16/cand-tree/.work/mlx/mlx/event.h:8,
                 from /var/tmp/SdpaKvMajorJw16/cand-tree/.work/mlx/mlx/array.h:13,
                 from /var/tmp/SdpaKvMajorJw16/cand-tree/.work/mlx/mlx/utils.h:13,
                 from /var/tmp/SdpaKvMajorJw16/cand-tree/.work/mlx/mlx/fast.h:10,
                 from /var/tmp/SdpaKvMajorJw16/cand-tree/.work/mlx/mlx/backend/cuda/no_cuda.cpp:4:
/var/tmp/SdpaKvMajorJw16/cand-tree/.work/mlx/mlx/error.h: In member function 'void mlx::core::Error::set_message(Message)':
/var/tmp/SdpaKvMajorJw16/cand-tree/.work/mlx/mlx/error.h:17:22: warning: 'void std::atomic_store(shared_ptr<_Tp>*, shared_ptr<_Tp>) [with _Tp = __cxx11::basic_string<char>]' is deprecated: use 'std::atomic<std::shared_ptr<T>>' instead [-Wdeprecated-declarations]
   17 |     std::atomic_store(&message_, std::move(msg));
      |     ~~~~~~~~~~~~~~~~~^~~~~~~~~~~~~~~~~~~~~~~~~~~
In file included from /usr/include/c++/16.1.1/memory:83,
                 from /var/tmp/SdpaKvMajorJw16/cand-tree/.work/mlx/mlx/array.h:7:
/usr/include/c++/16.1.1/bits/shared_ptr_atomic.h:183:5: note: declared here
  183 |     atomic_store(shared_ptr<_Tp>* __p, shared_ptr<_Tp> __r)
      |     ^~~~~~~~~~~~
/var/tmp/SdpaKvMajorJw16/cand-tree/.work/mlx/mlx/error.h: In member function 'bool mlx::core::Error::valid() const':
/var/tmp/SdpaKvMajorJw16/cand-tree/.work/mlx/mlx/error.h:21:32: warning: 'std::shared_ptr<_Tp> std::atomic_load(const shared_ptr<_Tp>*) [with _Tp = __cxx11::basic_string<char>]' is deprecated: use 'std::atomic<std::shared_ptr<T>>' instead [-Wdeprecated-declarations]
   21 |     auto msg = std::atomic_load(&message_);
      |                ~~~~~~~~~~~~~~~~^~~~~~~~~~~
/usr/include/c++/16.1.1/bits/shared_ptr_atomic.h:142:5: note: declared here
  142 |     atomic_load(const shared_ptr<_Tp>* __p)
      |     ^~~~~~~~~~~
/var/tmp/SdpaKvMajorJw16/cand-tree/.work/mlx/mlx/error.h: In member function 'bool mlx::core::Error::store_if_valid(const mlx::core::Error*)':
/var/tmp/SdpaKvMajorJw16/cand-tree/.work/mlx/mlx/error.h:28:37: warning: 'std::shared_ptr<_Tp> std::atomic_load(const shared_ptr<_Tp>*) [with _Tp = __cxx11::basic_string<char>]' is deprecated: use 'std::atomic<std::shared_ptr<T>>' instead [-Wdeprecated-declarations]
   28 |       Message msg = std::atomic_load(&ptr->message_);
      |                     ~~~~~~~~~~~~~~~~^~~~~~~~~~~~~~~~
/usr/include/c++/16.1.1/bits/shared_ptr_atomic.h:142:5: note: declared here
  142 |     atomic_load(const shared_ptr<_Tp>* __p)
      |     ^~~~~~~~~~~
/var/tmp/SdpaKvMajorJw16/cand-tree/.work/mlx/mlx/error.h: In member function 'void mlx::core::Error::check()':
/var/tmp/SdpaKvMajorJw16/cand-tree/.work/mlx/mlx/error.h:39:36: warning: 'std::shared_ptr<_Tp> std::atomic_exchange(shared_ptr<_Tp>*, shared_ptr<_Tp>) [with _Tp = __cxx11::basic_string<char>]' is deprecated: use 'std::atomic<std::shared_ptr<T>>' instead [-Wdeprecated-declarations]
   39 |     auto msg = std::atomic_exchange(&message_, {});
      |                ~~~~~~~~~~~~~~~~~~~~^~~~~~~~~~~~~~~
/usr/include/c++/16.1.1/bits/shared_ptr_atomic.h:225:5: note: declared here
  225 |     atomic_exchange(shared_ptr<_Tp>* __p, shared_ptr<_Tp> __r)
      |     ^~~~~~~~~~~~~~~
[927/962] Building CXX object CMakeFiles/mlx.dir/mlx/backend/omarchy/allocator.cpp.o
[928/962] Building CXX object CMakeFiles/mlx.dir/mlx/backend/cpu/sort.cpp.o
In file included from /var/tmp/SdpaKvMajorJw16/cand-tree/.work/mlx/mlx/event.h:8,
                 from /var/tmp/SdpaKvMajorJw16/cand-tree/.work/mlx/mlx/array.h:13,
                 from /var/tmp/SdpaKvMajorJw16/cand-tree/.work/mlx/mlx/backend/common/utils.h:9,
                 from /var/tmp/SdpaKvMajorJw16/cand-tree/.work/mlx/mlx/backend/cpu/sort.cpp:8:
/var/tmp/SdpaKvMajorJw16/cand-tree/.work/mlx/mlx/error.h: In member function 'void mlx::core::Error::set_message(Message)':
/var/tmp/SdpaKvMajorJw16/cand-tree/.work/mlx/mlx/error.h:17:22: warning: 'void std::atomic_store(shared_ptr<_Tp>*, shared_ptr<_Tp>) [with _Tp = __cxx11::basic_string<char>]' is deprecated: use 'std::atomic<std::shared_ptr<T>>' instead [-Wdeprecated-declarations]
   17 |     std::atomic_store(&message_, std::move(msg));
      |     ~~~~~~~~~~~~~~~~~^~~~~~~~~~~~~~~~~~~~~~~~~~~
In file included from /usr/include/c++/16.1.1/memory:83,
                 from /var/tmp/SdpaKvMajorJw16/cand-tree/.work/mlx/mlx/array.h:7:
/usr/include/c++/16.1.1/bits/shared_ptr_atomic.h:183:5: note: declared here
  183 |     atomic_store(shared_ptr<_Tp>* __p, shared_ptr<_Tp> __r)
      |     ^~~~~~~~~~~~
/var/tmp/SdpaKvMajorJw16/cand-tree/.work/mlx/mlx/error.h: In member function 'bool mlx::core::Error::valid() const':
/var/tmp/SdpaKvMajorJw16/cand-tree/.work/mlx/mlx/error.h:21:32: warning: 'std::shared_ptr<_Tp> std::atomic_load(const shared_ptr<_Tp>*) [with _Tp = __cxx11::basic_string<char>]' is deprecated: use 'std::atomic<std::shared_ptr<T>>' instead [-Wdeprecated-declarations]
   21 |     auto msg = std::atomic_load(&message_);
      |                ~~~~~~~~~~~~~~~~^~~~~~~~~~~
/usr/include/c++/16.1.1/bits/shared_ptr_atomic.h:142:5: note: declared here
  142 |     atomic_load(const shared_ptr<_Tp>* __p)
      |     ^~~~~~~~~~~
/var/tmp/SdpaKvMajorJw16/cand-tree/.work/mlx/mlx/error.h: In member function 'bool mlx::core::Error::store_if_valid(const mlx::core::Error*)':
/var/tmp/SdpaKvMajorJw16/cand-tree/.work/mlx/mlx/error.h:28:37: warning: 'std::shared_ptr<_Tp> std::atomic_load(const shared_ptr<_Tp>*) [with _Tp = __cxx11::basic_string<char>]' is deprecated: use 'std::atomic<std::shared_ptr<T>>' instead [-Wdeprecated-declarations]
   28 |       Message msg = std::atomic_load(&ptr->message_);
      |                     ~~~~~~~~~~~~~~~~^~~~~~~~~~~~~~~~
/usr/include/c++/16.1.1/bits/shared_ptr_atomic.h:142:5: note: declared here
  142 |     atomic_load(const shared_ptr<_Tp>* __p)
      |     ^~~~~~~~~~~
/var/tmp/SdpaKvMajorJw16/cand-tree/.work/mlx/mlx/error.h: In member function 'void mlx::core::Error::check()':
/var/tmp/SdpaKvMajorJw16/cand-tree/.work/mlx/mlx/error.h:39:36: warning: 'std::shared_ptr<_Tp> std::atomic_exchange(shared_ptr<_Tp>*, shared_ptr<_Tp>) [with _Tp = __cxx11::basic_string<char>]' is deprecated: use 'std::atomic<std::shared_ptr<T>>' instead [-Wdeprecated-declarations]
   39 |     auto msg = std::atomic_exchange(&message_, {});
      |                ~~~~~~~~~~~~~~~~~~~~^~~~~~~~~~~~~~~
/usr/include/c++/16.1.1/bits/shared_ptr_atomic.h:225:5: note: declared here
  225 |     atomic_exchange(shared_ptr<_Tp>* __p, shared_ptr<_Tp> __r)
      |     ^~~~~~~~~~~~~~~
[929/962] Building CXX object CMakeFiles/mlx.dir/mlx/io/gguf.cpp.o
In file included from /var/tmp/SdpaKvMajorJw16/cand-tree/.work/mlx/mlx/event.h:8,
                 from /var/tmp/SdpaKvMajorJw16/cand-tree/.work/mlx/mlx/array.h:13,
                 from /var/tmp/SdpaKvMajorJw16/cand-tree/.work/mlx/mlx/io.h:9,
                 from /var/tmp/SdpaKvMajorJw16/cand-tree/.work/mlx/mlx/io/gguf.h:4,
                 from /var/tmp/SdpaKvMajorJw16/cand-tree/.work/mlx/mlx/io/gguf.cpp:8:
/var/tmp/SdpaKvMajorJw16/cand-tree/.work/mlx/mlx/error.h: In member function 'void mlx::core::Error::set_message(Message)':
/var/tmp/SdpaKvMajorJw16/cand-tree/.work/mlx/mlx/error.h:17:22: warning: 'void std::atomic_store(shared_ptr<_Tp>*, shared_ptr<_Tp>) [with _Tp = __cxx11::basic_string<char>]' is deprecated: use 'std::atomic<std::shared_ptr<T>>' instead [-Wdeprecated-declarations]
   17 |     std::atomic_store(&message_, std::move(msg));
      |     ~~~~~~~~~~~~~~~~~^~~~~~~~~~~~~~~~~~~~~~~~~~~
In file included from /usr/include/c++/16.1.1/memory:83,
                 from /var/tmp/SdpaKvMajorJw16/cand-tree/.work/mlx/mlx/array.h:7:
/usr/include/c++/16.1.1/bits/shared_ptr_atomic.h:183:5: note: declared here
  183 |     atomic_store(shared_ptr<_Tp>* __p, shared_ptr<_Tp> __r)
      |     ^~~~~~~~~~~~
/var/tmp/SdpaKvMajorJw16/cand-tree/.work/mlx/mlx/error.h: In member function 'bool mlx::core::Error::valid() const':
/var/tmp/SdpaKvMajorJw16/cand-tree/.work/mlx/mlx/error.h:21:32: warning: 'std::shared_ptr<_Tp> std::atomic_load(const shared_ptr<_Tp>*) [with _Tp = __cxx11::basic_string<char>]' is deprecated: use 'std::atomic<std::shared_ptr<T>>' instead [-Wdeprecated-declarations]
   21 |     auto msg = std::atomic_load(&message_);
      |                ~~~~~~~~~~~~~~~~^~~~~~~~~~~
/usr/include/c++/16.1.1/bits/shared_ptr_atomic.h:142:5: note: declared here
  142 |     atomic_load(const shared_ptr<_Tp>* __p)
      |     ^~~~~~~~~~~
/var/tmp/SdpaKvMajorJw16/cand-tree/.work/mlx/mlx/error.h: In member function 'bool mlx::core::Error::store_if_valid(const mlx::core::Error*)':
/var/tmp/SdpaKvMajorJw16/cand-tree/.work/mlx/mlx/error.h:28:37: warning: 'std::shared_ptr<_Tp> std::atomic_load(const shared_ptr<_Tp>*) [with _Tp = __cxx11::basic_string<char>]' is deprecated: use 'std::atomic<std::shared_ptr<T>>' instead [-Wdeprecated-declarations]
   28 |       Message msg = std::atomic_load(&ptr->message_);
      |                     ~~~~~~~~~~~~~~~~^~~~~~~~~~~~~~~~
/usr/include/c++/16.1.1/bits/shared_ptr_atomic.h:142:5: note: declared here
  142 |     atomic_load(const shared_ptr<_Tp>* __p)
      |     ^~~~~~~~~~~
/var/tmp/SdpaKvMajorJw16/cand-tree/.work/mlx/mlx/error.h: In member function 'void mlx::core::Error::check()':
/var/tmp/SdpaKvMajorJw16/cand-tree/.work/mlx/mlx/error.h:39:36: warning: 'std::shared_ptr<_Tp> std::atomic_exchange(shared_ptr<_Tp>*, shared_ptr<_Tp>) [with _Tp = __cxx11::basic_string<char>]' is deprecated: use 'std::atomic<std::shared_ptr<T>>' instead [-Wdeprecated-declarations]
   39 |     auto msg = std::atomic_exchange(&message_, {});
      |                ~~~~~~~~~~~~~~~~~~~~^~~~~~~~~~~~~~~
/usr/include/c++/16.1.1/bits/shared_ptr_atomic.h:225:5: note: declared here
  225 |     atomic_exchange(shared_ptr<_Tp>* __p, shared_ptr<_Tp> __r)
      |     ^~~~~~~~~~~~~~~
[930/962] Building CXX object CMakeFiles/mlx.dir/mlx/backend/omarchy/compute.cpp.o
[931/962] Building CXX object CMakeFiles/mlx.dir/mlx/backend/cpu/unary.cpp.o
In file included from /var/tmp/SdpaKvMajorJw16/cand-tree/.work/mlx/mlx/event.h:8,
                 from /var/tmp/SdpaKvMajorJw16/cand-tree/.work/mlx/mlx/array.h:13,
                 from /var/tmp/SdpaKvMajorJw16/cand-tree/.work/mlx/mlx/backend/common/utils.h:9,
                 from /var/tmp/SdpaKvMajorJw16/cand-tree/.work/mlx/mlx/backend/common/unary.h:6,
                 from /var/tmp/SdpaKvMajorJw16/cand-tree/.work/mlx/mlx/backend/cpu/unary.h:5,
                 from /var/tmp/SdpaKvMajorJw16/cand-tree/.work/mlx/mlx/backend/cpu/unary.cpp:8:
/var/tmp/SdpaKvMajorJw16/cand-tree/.work/mlx/mlx/error.h: In member function 'void mlx::core::Error::set_message(Message)':
/var/tmp/SdpaKvMajorJw16/cand-tree/.work/mlx/mlx/error.h:17:22: warning: 'void std::atomic_store(shared_ptr<_Tp>*, shared_ptr<_Tp>) [with _Tp = __cxx11::basic_string<char>]' is deprecated: use 'std::atomic<std::shared_ptr<T>>' instead [-Wdeprecated-declarations]
   17 |     std::atomic_store(&message_, std::move(msg));
      |     ~~~~~~~~~~~~~~~~~^~~~~~~~~~~~~~~~~~~~~~~~~~~
In file included from /usr/include/c++/16.1.1/memory:83,
                 from /var/tmp/SdpaKvMajorJw16/cand-tree/.work/mlx/mlx/array.h:7:
/usr/include/c++/16.1.1/bits/shared_ptr_atomic.h:183:5: note: declared here
  183 |     atomic_store(shared_ptr<_Tp>* __p, shared_ptr<_Tp> __r)
      |     ^~~~~~~~~~~~
/var/tmp/SdpaKvMajorJw16/cand-tree/.work/mlx/mlx/error.h: In member function 'bool mlx::core::Error::valid() const':
/var/tmp/SdpaKvMajorJw16/cand-tree/.work/mlx/mlx/error.h:21:32: warning: 'std::shared_ptr<_Tp> std::atomic_load(const shared_ptr<_Tp>*) [with _Tp = __cxx11::basic_string<char>]' is deprecated: use 'std::atomic<std::shared_ptr<T>>' instead [-Wdeprecated-declarations]
   21 |     auto msg = std::atomic_load(&message_);
      |                ~~~~~~~~~~~~~~~~^~~~~~~~~~~
/usr/include/c++/16.1.1/bits/shared_ptr_atomic.h:142:5: note: declared here
  142 |     atomic_load(const shared_ptr<_Tp>* __p)
      |     ^~~~~~~~~~~
/var/tmp/SdpaKvMajorJw16/cand-tree/.work/mlx/mlx/error.h: In member function 'bool mlx::core::Error::store_if_valid(const mlx::core::Error*)':
/var/tmp/SdpaKvMajorJw16/cand-tree/.work/mlx/mlx/error.h:28:37: warning: 'std::shared_ptr<_Tp> std::atomic_load(const shared_ptr<_Tp>*) [with _Tp = __cxx11::basic_string<char>]' is deprecated: use 'std::atomic<std::shared_ptr<T>>' instead [-Wdeprecated-declarations]
   28 |       Message msg = std::atomic_load(&ptr->message_);
      |                     ~~~~~~~~~~~~~~~~^~~~~~~~~~~~~~~~
/usr/include/c++/16.1.1/bits/shared_ptr_atomic.h:142:5: note: declared here
  142 |     atomic_load(const shared_ptr<_Tp>* __p)
      |     ^~~~~~~~~~~
/var/tmp/SdpaKvMajorJw16/cand-tree/.work/mlx/mlx/error.h: In member function 'void mlx::core::Error::check()':
/var/tmp/SdpaKvMajorJw16/cand-tree/.work/mlx/mlx/error.h:39:36: warning: 'std::shared_ptr<_Tp> std::atomic_exchange(shared_ptr<_Tp>*, shared_ptr<_Tp>) [with _Tp = __cxx11::basic_string<char>]' is deprecated: use 'std::atomic<std::shared_ptr<T>>' instead [-Wdeprecated-declarations]
   39 |     auto msg = std::atomic_exchange(&message_, {});
      |                ~~~~~~~~~~~~~~~~~~~~^~~~~~~~~~~~~~~
/usr/include/c++/16.1.1/bits/shared_ptr_atomic.h:225:5: note: declared here
  225 |     atomic_exchange(shared_ptr<_Tp>* __p, shared_ptr<_Tp> __r)
      |     ^~~~~~~~~~~~~~~
[932/962] Building CXX object CMakeFiles/mlx.dir/mlx/backend/omarchy/compiled.cpp.o
In file included from /var/tmp/SdpaKvMajorJw16/cand-tree/.work/mlx/mlx/event.h:8,
                 from /var/tmp/SdpaKvMajorJw16/cand-tree/.work/mlx/mlx/array.h:13,
                 from /var/tmp/SdpaKvMajorJw16/cand-tree/.work/mlx/mlx/backend/omarchy/compiled.h:8,
                 from /var/tmp/SdpaKvMajorJw16/cand-tree/.work/mlx/mlx/backend/omarchy/compiled.cpp:4:
/var/tmp/SdpaKvMajorJw16/cand-tree/.work/mlx/mlx/error.h: In member function 'void mlx::core::Error::set_message(Message)':
/var/tmp/SdpaKvMajorJw16/cand-tree/.work/mlx/mlx/error.h:17:22: warning: 'void std::atomic_store(shared_ptr<_Tp>*, shared_ptr<_Tp>) [with _Tp = __cxx11::basic_string<char>]' is deprecated: use 'std::atomic<std::shared_ptr<T>>' instead [-Wdeprecated-declarations]
   17 |     std::atomic_store(&message_, std::move(msg));
      |     ~~~~~~~~~~~~~~~~~^~~~~~~~~~~~~~~~~~~~~~~~~~~
In file included from /usr/include/c++/16.1.1/memory:83,
                 from /var/tmp/SdpaKvMajorJw16/cand-tree/.work/mlx/mlx/array.h:7:
/usr/include/c++/16.1.1/bits/shared_ptr_atomic.h:183:5: note: declared here
  183 |     atomic_store(shared_ptr<_Tp>* __p, shared_ptr<_Tp> __r)
      |     ^~~~~~~~~~~~
/var/tmp/SdpaKvMajorJw16/cand-tree/.work/mlx/mlx/error.h: In member function 'bool mlx::core::Error::valid() const':
/var/tmp/SdpaKvMajorJw16/cand-tree/.work/mlx/mlx/error.h:21:32: warning: 'std::shared_ptr<_Tp> std::atomic_load(const shared_ptr<_Tp>*) [with _Tp = __cxx11::basic_string<char>]' is deprecated: use 'std::atomic<std::shared_ptr<T>>' instead [-Wdeprecated-declarations]
   21 |     auto msg = std::atomic_load(&message_);
      |                ~~~~~~~~~~~~~~~~^~~~~~~~~~~
/usr/include/c++/16.1.1/bits/shared_ptr_atomic.h:142:5: note: declared here
  142 |     atomic_load(const shared_ptr<_Tp>* __p)
      |     ^~~~~~~~~~~
/var/tmp/SdpaKvMajorJw16/cand-tree/.work/mlx/mlx/error.h: In member function 'bool mlx::core::Error::store_if_valid(const mlx::core::Error*)':
/var/tmp/SdpaKvMajorJw16/cand-tree/.work/mlx/mlx/error.h:28:37: warning: 'std::shared_ptr<_Tp> std::atomic_load(const shared_ptr<_Tp>*) [with _Tp = __cxx11::basic_string<char>]' is deprecated: use 'std::atomic<std::shared_ptr<T>>' instead [-Wdeprecated-declarations]
   28 |       Message msg = std::atomic_load(&ptr->message_);
      |                     ~~~~~~~~~~~~~~~~^~~~~~~~~~~~~~~~
/usr/include/c++/16.1.1/bits/shared_ptr_atomic.h:142:5: note: declared here
  142 |     atomic_load(const shared_ptr<_Tp>* __p)
      |     ^~~~~~~~~~~
/var/tmp/SdpaKvMajorJw16/cand-tree/.work/mlx/mlx/error.h: In member function 'void mlx::core::Error::check()':
/var/tmp/SdpaKvMajorJw16/cand-tree/.work/mlx/mlx/error.h:39:36: warning: 'std::shared_ptr<_Tp> std::atomic_exchange(shared_ptr<_Tp>*, shared_ptr<_Tp>) [with _Tp = __cxx11::basic_string<char>]' is deprecated: use 'std::atomic<std::shared_ptr<T>>' instead [-Wdeprecated-declarations]
   39 |     auto msg = std::atomic_exchange(&message_, {});
      |                ~~~~~~~~~~~~~~~~~~~~^~~~~~~~~~~~~~~
/usr/include/c++/16.1.1/bits/shared_ptr_atomic.h:225:5: note: declared here
  225 |     atomic_exchange(shared_ptr<_Tp>* __p, shared_ptr<_Tp> __r)
      |     ^~~~~~~~~~~~~~~
[933/962] Building CXX object CMakeFiles/mlx.dir/mlx/backend/omarchy/capability_sim.cpp.o
[934/962] Building CXX object CMakeFiles/mlx.dir/mlx/backend/omarchy/device_info.cpp.o
[935/962] Building CXX object CMakeFiles/mlx.dir/mlx/io/safetensors.cpp.o
In file included from /var/tmp/SdpaKvMajorJw16/cand-tree/.work/mlx/mlx/event.h:8,
                 from /var/tmp/SdpaKvMajorJw16/cand-tree/.work/mlx/mlx/array.h:13,
                 from /var/tmp/SdpaKvMajorJw16/cand-tree/.work/mlx/mlx/io.h:9,
                 from /var/tmp/SdpaKvMajorJw16/cand-tree/.work/mlx/mlx/io/safetensors.cpp:11:
/var/tmp/SdpaKvMajorJw16/cand-tree/.work/mlx/mlx/error.h: In member function 'void mlx::core::Error::set_message(Message)':
/var/tmp/SdpaKvMajorJw16/cand-tree/.work/mlx/mlx/error.h:17:22: warning: 'void std::atomic_store(shared_ptr<_Tp>*, shared_ptr<_Tp>) [with _Tp = __cxx11::basic_string<char>]' is deprecated: use 'std::atomic<std::shared_ptr<T>>' instead [-Wdeprecated-declarations]
   17 |     std::atomic_store(&message_, std::move(msg));
      |     ~~~~~~~~~~~~~~~~~^~~~~~~~~~~~~~~~~~~~~~~~~~~
In file included from /usr/include/c++/16.1.1/memory:83,
                 from /var/tmp/qmm-tilem/.deps-seed/json-src/single_include/nlohmann/json.hpp:29,
                 from /var/tmp/SdpaKvMajorJw16/cand-tree/.work/mlx/mlx/io/safetensors.cpp:3:
/usr/include/c++/16.1.1/bits/shared_ptr_atomic.h:183:5: note: declared here
  183 |     atomic_store(shared_ptr<_Tp>* __p, shared_ptr<_Tp> __r)
      |     ^~~~~~~~~~~~
/var/tmp/SdpaKvMajorJw16/cand-tree/.work/mlx/mlx/error.h: In member function 'bool mlx::core::Error::valid() const':
/var/tmp/SdpaKvMajorJw16/cand-tree/.work/mlx/mlx/error.h:21:32: warning: 'std::shared_ptr<_Tp> std::atomic_load(const shared_ptr<_Tp>*) [with _Tp = __cxx11::basic_string<char>]' is deprecated: use 'std::atomic<std::shared_ptr<T>>' instead [-Wdeprecated-declarations]
   21 |     auto msg = std::atomic_load(&message_);
      |                ~~~~~~~~~~~~~~~~^~~~~~~~~~~
/usr/include/c++/16.1.1/bits/shared_ptr_atomic.h:142:5: note: declared here
  142 |     atomic_load(const shared_ptr<_Tp>* __p)
      |     ^~~~~~~~~~~
/var/tmp/SdpaKvMajorJw16/cand-tree/.work/mlx/mlx/error.h: In member function 'bool mlx::core::Error::store_if_valid(const mlx::core::Error*)':
/var/tmp/SdpaKvMajorJw16/cand-tree/.work/mlx/mlx/error.h:28:37: warning: 'std::shared_ptr<_Tp> std::atomic_load(const shared_ptr<_Tp>*) [with _Tp = __cxx11::basic_string<char>]' is deprecated: use 'std::atomic<std::shared_ptr<T>>' instead [-Wdeprecated-declarations]
   28 |       Message msg = std::atomic_load(&ptr->message_);
      |                     ~~~~~~~~~~~~~~~~^~~~~~~~~~~~~~~~
/usr/include/c++/16.1.1/bits/shared_ptr_atomic.h:142:5: note: declared here
  142 |     atomic_load(const shared_ptr<_Tp>* __p)
      |     ^~~~~~~~~~~
/var/tmp/SdpaKvMajorJw16/cand-tree/.work/mlx/mlx/error.h: In member function 'void mlx::core::Error::check()':
/var/tmp/SdpaKvMajorJw16/cand-tree/.work/mlx/mlx/error.h:39:36: warning: 'std::shared_ptr<_Tp> std::atomic_exchange(shared_ptr<_Tp>*, shared_ptr<_Tp>) [with _Tp = __cxx11::basic_string<char>]' is deprecated: use 'std::atomic<std::shared_ptr<T>>' instead [-Wdeprecated-declarations]
   39 |     auto msg = std::atomic_exchange(&message_, {});
      |                ~~~~~~~~~~~~~~~~~~~~^~~~~~~~~~~~~~~
/usr/include/c++/16.1.1/bits/shared_ptr_atomic.h:225:5: note: declared here
  225 |     atomic_exchange(shared_ptr<_Tp>* __p, shared_ptr<_Tp> __r)
      |     ^~~~~~~~~~~~~~~
[936/962] Building CXX object CMakeFiles/mlx.dir/mlx/backend/omarchy/encoder.cpp.o
In file included from /var/tmp/SdpaKvMajorJw16/cand-tree/.work/mlx/mlx/event.h:8,
                 from /var/tmp/SdpaKvMajorJw16/cand-tree/.work/mlx/mlx/array.h:13,
                 from /var/tmp/SdpaKvMajorJw16/cand-tree/.work/mlx/mlx/backend/omarchy/encoder.h:17,
                 from /var/tmp/SdpaKvMajorJw16/cand-tree/.work/mlx/mlx/backend/omarchy/encoder.cpp:4:
/var/tmp/SdpaKvMajorJw16/cand-tree/.work/mlx/mlx/error.h: In member function 'void mlx::core::Error::set_message(Message)':
/var/tmp/SdpaKvMajorJw16/cand-tree/.work/mlx/mlx/error.h:17:22: warning: 'void std::atomic_store(shared_ptr<_Tp>*, shared_ptr<_Tp>) [with _Tp = __cxx11::basic_string<char>]' is deprecated: use 'std::atomic<std::shared_ptr<T>>' instead [-Wdeprecated-declarations]
   17 |     std::atomic_store(&message_, std::move(msg));
      |     ~~~~~~~~~~~~~~~~~^~~~~~~~~~~~~~~~~~~~~~~~~~~
In file included from /usr/include/c++/16.1.1/memory:83,
                 from /var/tmp/SdpaKvMajorJw16/cand-tree/.work/mlx/mlx/backend/omarchy/encoder.h:11:
/usr/include/c++/16.1.1/bits/shared_ptr_atomic.h:183:5: note: declared here
  183 |     atomic_store(shared_ptr<_Tp>* __p, shared_ptr<_Tp> __r)
      |     ^~~~~~~~~~~~
/var/tmp/SdpaKvMajorJw16/cand-tree/.work/mlx/mlx/error.h: In member function 'bool mlx::core::Error::valid() const':
/var/tmp/SdpaKvMajorJw16/cand-tree/.work/mlx/mlx/error.h:21:32: warning: 'std::shared_ptr<_Tp> std::atomic_load(const shared_ptr<_Tp>*) [with _Tp = __cxx11::basic_string<char>]' is deprecated: use 'std::atomic<std::shared_ptr<T>>' instead [-Wdeprecated-declarations]
   21 |     auto msg = std::atomic_load(&message_);
      |                ~~~~~~~~~~~~~~~~^~~~~~~~~~~
/usr/include/c++/16.1.1/bits/shared_ptr_atomic.h:142:5: note: declared here
  142 |     atomic_load(const shared_ptr<_Tp>* __p)
      |     ^~~~~~~~~~~
/var/tmp/SdpaKvMajorJw16/cand-tree/.work/mlx/mlx/error.h: In member function 'bool mlx::core::Error::store_if_valid(const mlx::core::Error*)':
/var/tmp/SdpaKvMajorJw16/cand-tree/.work/mlx/mlx/error.h:28:37: warning: 'std::shared_ptr<_Tp> std::atomic_load(const shared_ptr<_Tp>*) [with _Tp = __cxx11::basic_string<char>]' is deprecated: use 'std::atomic<std::shared_ptr<T>>' instead [-Wdeprecated-declarations]
   28 |       Message msg = std::atomic_load(&ptr->message_);
      |                     ~~~~~~~~~~~~~~~~^~~~~~~~~~~~~~~~
/usr/include/c++/16.1.1/bits/shared_ptr_atomic.h:142:5: note: declared here
  142 |     atomic_load(const shared_ptr<_Tp>* __p)
      |     ^~~~~~~~~~~
/var/tmp/SdpaKvMajorJw16/cand-tree/.work/mlx/mlx/error.h: In member function 'void mlx::core::Error::check()':
/var/tmp/SdpaKvMajorJw16/cand-tree/.work/mlx/mlx/error.h:39:36: warning: 'std::shared_ptr<_Tp> std::atomic_exchange(shared_ptr<_Tp>*, shared_ptr<_Tp>) [with _Tp = __cxx11::basic_string<char>]' is deprecated: use 'std::atomic<std::shared_ptr<T>>' instead [-Wdeprecated-declarations]
   39 |     auto msg = std::atomic_exchange(&message_, {});
      |                ~~~~~~~~~~~~~~~~~~~~^~~~~~~~~~~~~~~
/usr/include/c++/16.1.1/bits/shared_ptr_atomic.h:225:5: note: declared here
  225 |     atomic_exchange(shared_ptr<_Tp>* __p, shared_ptr<_Tp> __r)
      |     ^~~~~~~~~~~~~~~
[937/962] Building CXX object CMakeFiles/mlx.dir/mlx/backend/omarchy/eval.cpp.o
In file included from /var/tmp/SdpaKvMajorJw16/cand-tree/.work/mlx/mlx/event.h:8,
                 from /var/tmp/SdpaKvMajorJw16/cand-tree/.work/mlx/mlx/array.h:13,
                 from /var/tmp/SdpaKvMajorJw16/cand-tree/.work/mlx/mlx/backend/gpu/eval.h:8,
                 from /var/tmp/SdpaKvMajorJw16/cand-tree/.work/mlx/mlx/backend/omarchy/eval.cpp:8:
/var/tmp/SdpaKvMajorJw16/cand-tree/.work/mlx/mlx/error.h: In member function 'void mlx::core::Error::set_message(Message)':
/var/tmp/SdpaKvMajorJw16/cand-tree/.work/mlx/mlx/error.h:17:22: warning: 'void std::atomic_store(shared_ptr<_Tp>*, shared_ptr<_Tp>) [with _Tp = __cxx11::basic_string<char>]' is deprecated: use 'std::atomic<std::shared_ptr<T>>' instead [-Wdeprecated-declarations]
   17 |     std::atomic_store(&message_, std::move(msg));
      |     ~~~~~~~~~~~~~~~~~^~~~~~~~~~~~~~~~~~~~~~~~~~~
In file included from /usr/include/c++/16.1.1/memory:83,
                 from /var/tmp/SdpaKvMajorJw16/cand-tree/.work/mlx/mlx/backend/gpu/eval.h:6:
/usr/include/c++/16.1.1/bits/shared_ptr_atomic.h:183:5: note: declared here
  183 |     atomic_store(shared_ptr<_Tp>* __p, shared_ptr<_Tp> __r)
      |     ^~~~~~~~~~~~
/var/tmp/SdpaKvMajorJw16/cand-tree/.work/mlx/mlx/error.h: In member function 'bool mlx::core::Error::valid() const':
/var/tmp/SdpaKvMajorJw16/cand-tree/.work/mlx/mlx/error.h:21:32: warning: 'std::shared_ptr<_Tp> std::atomic_load(const shared_ptr<_Tp>*) [with _Tp = __cxx11::basic_string<char>]' is deprecated: use 'std::atomic<std::shared_ptr<T>>' instead [-Wdeprecated-declarations]
   21 |     auto msg = std::atomic_load(&message_);
      |                ~~~~~~~~~~~~~~~~^~~~~~~~~~~
/usr/include/c++/16.1.1/bits/shared_ptr_atomic.h:142:5: note: declared here
  142 |     atomic_load(const shared_ptr<_Tp>* __p)
      |     ^~~~~~~~~~~
/var/tmp/SdpaKvMajorJw16/cand-tree/.work/mlx/mlx/error.h: In member function 'bool mlx::core::Error::store_if_valid(const mlx::core::Error*)':
/var/tmp/SdpaKvMajorJw16/cand-tree/.work/mlx/mlx/error.h:28:37: warning: 'std::shared_ptr<_Tp> std::atomic_load(const shared_ptr<_Tp>*) [with _Tp = __cxx11::basic_string<char>]' is deprecated: use 'std::atomic<std::shared_ptr<T>>' instead [-Wdeprecated-declarations]
   28 |       Message msg = std::atomic_load(&ptr->message_);
      |                     ~~~~~~~~~~~~~~~~^~~~~~~~~~~~~~~~
/usr/include/c++/16.1.1/bits/shared_ptr_atomic.h:142:5: note: declared here
  142 |     atomic_load(const shared_ptr<_Tp>* __p)
      |     ^~~~~~~~~~~
/var/tmp/SdpaKvMajorJw16/cand-tree/.work/mlx/mlx/error.h: In member function 'void mlx::core::Error::check()':
/var/tmp/SdpaKvMajorJw16/cand-tree/.work/mlx/mlx/error.h:39:36: warning: 'std::shared_ptr<_Tp> std::atomic_exchange(shared_ptr<_Tp>*, shared_ptr<_Tp>) [with _Tp = __cxx11::basic_string<char>]' is deprecated: use 'std::atomic<std::shared_ptr<T>>' instead [-Wdeprecated-declarations]
   39 |     auto msg = std::atomic_exchange(&message_, {});
      |                ~~~~~~~~~~~~~~~~~~~~^~~~~~~~~~~~~~~
/usr/include/c++/16.1.1/bits/shared_ptr_atomic.h:225:5: note: declared here
  225 |     atomic_exchange(shared_ptr<_Tp>* __p, shared_ptr<_Tp> __r)
      |     ^~~~~~~~~~~~~~~
[938/962] Building CXX object CMakeFiles/mlx.dir/mlx/backend/omarchy/event.cpp.o
In file included from /var/tmp/SdpaKvMajorJw16/cand-tree/.work/mlx/mlx/event.h:8,
                 from /var/tmp/SdpaKvMajorJw16/cand-tree/.work/mlx/mlx/backend/omarchy/event.cpp:8:
/var/tmp/SdpaKvMajorJw16/cand-tree/.work/mlx/mlx/error.h: In member function 'void mlx::core::Error::set_message(Message)':
/var/tmp/SdpaKvMajorJw16/cand-tree/.work/mlx/mlx/error.h:17:22: warning: 'void std::atomic_store(shared_ptr<_Tp>*, shared_ptr<_Tp>) [with _Tp = __cxx11::basic_string<char>]' is deprecated: use 'std::atomic<std::shared_ptr<T>>' instead [-Wdeprecated-declarations]
   17 |     std::atomic_store(&message_, std::move(msg));
      |     ~~~~~~~~~~~~~~~~~^~~~~~~~~~~~~~~~~~~~~~~~~~~
In file included from /usr/include/c++/16.1.1/memory:83,
                 from /var/tmp/SdpaKvMajorJw16/cand-tree/.work/mlx/mlx/event.h:5:
/usr/include/c++/16.1.1/bits/shared_ptr_atomic.h:183:5: note: declared here
  183 |     atomic_store(shared_ptr<_Tp>* __p, shared_ptr<_Tp> __r)
      |     ^~~~~~~~~~~~
/var/tmp/SdpaKvMajorJw16/cand-tree/.work/mlx/mlx/error.h: In member function 'bool mlx::core::Error::valid() const':
/var/tmp/SdpaKvMajorJw16/cand-tree/.work/mlx/mlx/error.h:21:32: warning: 'std::shared_ptr<_Tp> std::atomic_load(const shared_ptr<_Tp>*) [with _Tp = __cxx11::basic_string<char>]' is deprecated: use 'std::atomic<std::shared_ptr<T>>' instead [-Wdeprecated-declarations]
   21 |     auto msg = std::atomic_load(&message_);
      |                ~~~~~~~~~~~~~~~~^~~~~~~~~~~
/usr/include/c++/16.1.1/bits/shared_ptr_atomic.h:142:5: note: declared here
  142 |     atomic_load(const shared_ptr<_Tp>* __p)
      |     ^~~~~~~~~~~
/var/tmp/SdpaKvMajorJw16/cand-tree/.work/mlx/mlx/error.h: In member function 'bool mlx::core::Error::store_if_valid(const mlx::core::Error*)':
/var/tmp/SdpaKvMajorJw16/cand-tree/.work/mlx/mlx/error.h:28:37: warning: 'std::shared_ptr<_Tp> std::atomic_load(const shared_ptr<_Tp>*) [with _Tp = __cxx11::basic_string<char>]' is deprecated: use 'std::atomic<std::shared_ptr<T>>' instead [-Wdeprecated-declarations]
   28 |       Message msg = std::atomic_load(&ptr->message_);
      |                     ~~~~~~~~~~~~~~~~^~~~~~~~~~~~~~~~
/usr/include/c++/16.1.1/bits/shared_ptr_atomic.h:142:5: note: declared here
  142 |     atomic_load(const shared_ptr<_Tp>* __p)
      |     ^~~~~~~~~~~
/var/tmp/SdpaKvMajorJw16/cand-tree/.work/mlx/mlx/error.h: In member function 'void mlx::core::Error::check()':
/var/tmp/SdpaKvMajorJw16/cand-tree/.work/mlx/mlx/error.h:39:36: warning: 'std::shared_ptr<_Tp> std::atomic_exchange(shared_ptr<_Tp>*, shared_ptr<_Tp>) [with _Tp = __cxx11::basic_string<char>]' is deprecated: use 'std::atomic<std::shared_ptr<T>>' instead [-Wdeprecated-declarations]
   39 |     auto msg = std::atomic_exchange(&message_, {});
      |                ~~~~~~~~~~~~~~~~~~~~^~~~~~~~~~~~~~~
/usr/include/c++/16.1.1/bits/shared_ptr_atomic.h:225:5: note: declared here
  225 |     atomic_exchange(shared_ptr<_Tp>* __p, shared_ptr<_Tp> __r)
      |     ^~~~~~~~~~~~~~~
[939/962] Building CXX object CMakeFiles/mlx.dir/mlx/backend/cpu/copy.cpp.o
In file included from /var/tmp/SdpaKvMajorJw16/cand-tree/.work/mlx/mlx/event.h:8,
                 from /var/tmp/SdpaKvMajorJw16/cand-tree/.work/mlx/mlx/array.h:13,
                 from /var/tmp/SdpaKvMajorJw16/cand-tree/.work/mlx/mlx/backend/common/utils.h:9,
                 from /var/tmp/SdpaKvMajorJw16/cand-tree/.work/mlx/mlx/backend/cpu/copy.cpp:6:
/var/tmp/SdpaKvMajorJw16/cand-tree/.work/mlx/mlx/error.h: In member function 'void mlx::core::Error::set_message(Message)':
/var/tmp/SdpaKvMajorJw16/cand-tree/.work/mlx/mlx/error.h:17:22: warning: 'void std::atomic_store(shared_ptr<_Tp>*, shared_ptr<_Tp>) [with _Tp = __cxx11::basic_string<char>]' is deprecated: use 'std::atomic<std::shared_ptr<T>>' instead [-Wdeprecated-declarations]
   17 |     std::atomic_store(&message_, std::move(msg));
      |     ~~~~~~~~~~~~~~~~~^~~~~~~~~~~~~~~~~~~~~~~~~~~
In file included from /usr/include/c++/16.1.1/memory:83,
                 from /var/tmp/SdpaKvMajorJw16/cand-tree/.work/mlx/mlx/array.h:7:
/usr/include/c++/16.1.1/bits/shared_ptr_atomic.h:183:5: note: declared here
  183 |     atomic_store(shared_ptr<_Tp>* __p, shared_ptr<_Tp> __r)
      |     ^~~~~~~~~~~~
/var/tmp/SdpaKvMajorJw16/cand-tree/.work/mlx/mlx/error.h: In member function 'bool mlx::core::Error::valid() const':
/var/tmp/SdpaKvMajorJw16/cand-tree/.work/mlx/mlx/error.h:21:32: warning: 'std::shared_ptr<_Tp> std::atomic_load(const shared_ptr<_Tp>*) [with _Tp = __cxx11::basic_string<char>]' is deprecated: use 'std::atomic<std::shared_ptr<T>>' instead [-Wdeprecated-declarations]
   21 |     auto msg = std::atomic_load(&message_);
      |                ~~~~~~~~~~~~~~~~^~~~~~~~~~~
/usr/include/c++/16.1.1/bits/shared_ptr_atomic.h:142:5: note: declared here
  142 |     atomic_load(const shared_ptr<_Tp>* __p)
      |     ^~~~~~~~~~~
/var/tmp/SdpaKvMajorJw16/cand-tree/.work/mlx/mlx/error.h: In member function 'bool mlx::core::Error::store_if_valid(const mlx::core::Error*)':
/var/tmp/SdpaKvMajorJw16/cand-tree/.work/mlx/mlx/error.h:28:37: warning: 'std::shared_ptr<_Tp> std::atomic_load(const shared_ptr<_Tp>*) [with _Tp = __cxx11::basic_string<char>]' is deprecated: use 'std::atomic<std::shared_ptr<T>>' instead [-Wdeprecated-declarations]
   28 |       Message msg = std::atomic_load(&ptr->message_);
      |                     ~~~~~~~~~~~~~~~~^~~~~~~~~~~~~~~~
/usr/include/c++/16.1.1/bits/shared_ptr_atomic.h:142:5: note: declared here
  142 |     atomic_load(const shared_ptr<_Tp>* __p)
      |     ^~~~~~~~~~~
/var/tmp/SdpaKvMajorJw16/cand-tree/.work/mlx/mlx/error.h: In member function 'void mlx::core::Error::check()':
/var/tmp/SdpaKvMajorJw16/cand-tree/.work/mlx/mlx/error.h:39:36: warning: 'std::shared_ptr<_Tp> std::atomic_exchange(shared_ptr<_Tp>*, shared_ptr<_Tp>) [with _Tp = __cxx11::basic_string<char>]' is deprecated: use 'std::atomic<std::shared_ptr<T>>' instead [-Wdeprecated-declarations]
   39 |     auto msg = std::atomic_exchange(&message_, {});
      |                ~~~~~~~~~~~~~~~~~~~~^~~~~~~~~~~~~~~
/usr/include/c++/16.1.1/bits/shared_ptr_atomic.h:225:5: note: declared here
  225 |     atomic_exchange(shared_ptr<_Tp>* __p, shared_ptr<_Tp> __r)
      |     ^~~~~~~~~~~~~~~
[940/962] Building CXX object CMakeFiles/mlx.dir/mlx/backend/omarchy/fence.cpp.o
In file included from /var/tmp/SdpaKvMajorJw16/cand-tree/.work/mlx/mlx/event.h:8,
                 from /var/tmp/SdpaKvMajorJw16/cand-tree/.work/mlx/mlx/array.h:13,
                 from /var/tmp/SdpaKvMajorJw16/cand-tree/.work/mlx/mlx/fence.h:5,
                 from /var/tmp/SdpaKvMajorJw16/cand-tree/.work/mlx/mlx/backend/omarchy/fence.cpp:7:
/var/tmp/SdpaKvMajorJw16/cand-tree/.work/mlx/mlx/error.h: In member function 'void mlx::core::Error::set_message(Message)':
/var/tmp/SdpaKvMajorJw16/cand-tree/.work/mlx/mlx/error.h:17:22: warning: 'void std::atomic_store(shared_ptr<_Tp>*, shared_ptr<_Tp>) [with _Tp = __cxx11::basic_string<char>]' is deprecated: use 'std::atomic<std::shared_ptr<T>>' instead [-Wdeprecated-declarations]
   17 |     std::atomic_store(&message_, std::move(msg));
      |     ~~~~~~~~~~~~~~~~~^~~~~~~~~~~~~~~~~~~~~~~~~~~
In file included from /usr/include/c++/16.1.1/memory:83,
                 from /var/tmp/SdpaKvMajorJw16/cand-tree/.work/mlx/mlx/array.h:7:
/usr/include/c++/16.1.1/bits/shared_ptr_atomic.h:183:5: note: declared here
  183 |     atomic_store(shared_ptr<_Tp>* __p, shared_ptr<_Tp> __r)
      |     ^~~~~~~~~~~~
/var/tmp/SdpaKvMajorJw16/cand-tree/.work/mlx/mlx/error.h: In member function 'bool mlx::core::Error::valid() const':
/var/tmp/SdpaKvMajorJw16/cand-tree/.work/mlx/mlx/error.h:21:32: warning: 'std::shared_ptr<_Tp> std::atomic_load(const shared_ptr<_Tp>*) [with _Tp = __cxx11::basic_string<char>]' is deprecated: use 'std::atomic<std::shared_ptr<T>>' instead [-Wdeprecated-declarations]
   21 |     auto msg = std::atomic_load(&message_);
      |                ~~~~~~~~~~~~~~~~^~~~~~~~~~~
/usr/include/c++/16.1.1/bits/shared_ptr_atomic.h:142:5: note: declared here
  142 |     atomic_load(const shared_ptr<_Tp>* __p)
      |     ^~~~~~~~~~~
/var/tmp/SdpaKvMajorJw16/cand-tree/.work/mlx/mlx/error.h: In member function 'bool mlx::core::Error::store_if_valid(const mlx::core::Error*)':
/var/tmp/SdpaKvMajorJw16/cand-tree/.work/mlx/mlx/error.h:28:37: warning: 'std::shared_ptr<_Tp> std::atomic_load(const shared_ptr<_Tp>*) [with _Tp = __cxx11::basic_string<char>]' is deprecated: use 'std::atomic<std::shared_ptr<T>>' instead [-Wdeprecated-declarations]
   28 |       Message msg = std::atomic_load(&ptr->message_);
      |                     ~~~~~~~~~~~~~~~~^~~~~~~~~~~~~~~~
/usr/include/c++/16.1.1/bits/shared_ptr_atomic.h:142:5: note: declared here
  142 |     atomic_load(const shared_ptr<_Tp>* __p)
      |     ^~~~~~~~~~~
/var/tmp/SdpaKvMajorJw16/cand-tree/.work/mlx/mlx/error.h: In member function 'void mlx::core::Error::check()':
/var/tmp/SdpaKvMajorJw16/cand-tree/.work/mlx/mlx/error.h:39:36: warning: 'std::shared_ptr<_Tp> std::atomic_exchange(shared_ptr<_Tp>*, shared_ptr<_Tp>) [with _Tp = __cxx11::basic_string<char>]' is deprecated: use 'std::atomic<std::shared_ptr<T>>' instead [-Wdeprecated-declarations]
   39 |     auto msg = std::atomic_exchange(&message_, {});
      |                ~~~~~~~~~~~~~~~~~~~~^~~~~~~~~~~~~~~
/usr/include/c++/16.1.1/bits/shared_ptr_atomic.h:225:5: note: declared here
  225 |     atomic_exchange(shared_ptr<_Tp>* __p, shared_ptr<_Tp> __r)
      |     ^~~~~~~~~~~~~~~
[941/962] Building CXX object CMakeFiles/mlx.dir/mlx/backend/omarchy/slicing.cpp.o
In file included from /var/tmp/SdpaKvMajorJw16/cand-tree/.work/mlx/mlx/event.h:8,
                 from /var/tmp/SdpaKvMajorJw16/cand-tree/.work/mlx/mlx/array.h:13,
                 from /var/tmp/SdpaKvMajorJw16/cand-tree/.work/mlx/mlx/backend/omarchy/unsupported.h:10,
                 from /var/tmp/SdpaKvMajorJw16/cand-tree/.work/mlx/mlx/backend/omarchy/slicing.cpp:13:
/var/tmp/SdpaKvMajorJw16/cand-tree/.work/mlx/mlx/error.h: In member function 'void mlx::core::Error::set_message(Message)':
/var/tmp/SdpaKvMajorJw16/cand-tree/.work/mlx/mlx/error.h:17:22: warning: 'void std::atomic_store(shared_ptr<_Tp>*, shared_ptr<_Tp>) [with _Tp = __cxx11::basic_string<char>]' is deprecated: use 'std::atomic<std::shared_ptr<T>>' instead [-Wdeprecated-declarations]
   17 |     std::atomic_store(&message_, std::move(msg));
      |     ~~~~~~~~~~~~~~~~~^~~~~~~~~~~~~~~~~~~~~~~~~~~
In file included from /usr/include/c++/16.1.1/memory:83,
                 from /var/tmp/SdpaKvMajorJw16/cand-tree/.work/mlx/mlx/array.h:7:
/usr/include/c++/16.1.1/bits/shared_ptr_atomic.h:183:5: note: declared here
  183 |     atomic_store(shared_ptr<_Tp>* __p, shared_ptr<_Tp> __r)
      |     ^~~~~~~~~~~~
/var/tmp/SdpaKvMajorJw16/cand-tree/.work/mlx/mlx/error.h: In member function 'bool mlx::core::Error::valid() const':
/var/tmp/SdpaKvMajorJw16/cand-tree/.work/mlx/mlx/error.h:21:32: warning: 'std::shared_ptr<_Tp> std::atomic_load(const shared_ptr<_Tp>*) [with _Tp = __cxx11::basic_string<char>]' is deprecated: use 'std::atomic<std::shared_ptr<T>>' instead [-Wdeprecated-declarations]
   21 |     auto msg = std::atomic_load(&message_);
      |                ~~~~~~~~~~~~~~~~^~~~~~~~~~~
/usr/include/c++/16.1.1/bits/shared_ptr_atomic.h:142:5: note: declared here
  142 |     atomic_load(const shared_ptr<_Tp>* __p)
      |     ^~~~~~~~~~~
/var/tmp/SdpaKvMajorJw16/cand-tree/.work/mlx/mlx/error.h: In member function 'bool mlx::core::Error::store_if_valid(const mlx::core::Error*)':
/var/tmp/SdpaKvMajorJw16/cand-tree/.work/mlx/mlx/error.h:28:37: warning: 'std::shared_ptr<_Tp> std::atomic_load(const shared_ptr<_Tp>*) [with _Tp = __cxx11::basic_string<char>]' is deprecated: use 'std::atomic<std::shared_ptr<T>>' instead [-Wdeprecated-declarations]
   28 |       Message msg = std::atomic_load(&ptr->message_);
      |                     ~~~~~~~~~~~~~~~~^~~~~~~~~~~~~~~~
/usr/include/c++/16.1.1/bits/shared_ptr_atomic.h:142:5: note: declared here
  142 |     atomic_load(const shared_ptr<_Tp>* __p)
      |     ^~~~~~~~~~~
/var/tmp/SdpaKvMajorJw16/cand-tree/.work/mlx/mlx/error.h: In member function 'void mlx::core::Error::check()':
/var/tmp/SdpaKvMajorJw16/cand-tree/.work/mlx/mlx/error.h:39:36: warning: 'std::shared_ptr<_Tp> std::atomic_exchange(shared_ptr<_Tp>*, shared_ptr<_Tp>) [with _Tp = __cxx11::basic_string<char>]' is deprecated: use 'std::atomic<std::shared_ptr<T>>' instead [-Wdeprecated-declarations]
   39 |     auto msg = std::atomic_exchange(&message_, {});
      |                ~~~~~~~~~~~~~~~~~~~~^~~~~~~~~~~~~~~
/usr/include/c++/16.1.1/bits/shared_ptr_atomic.h:225:5: note: declared here
  225 |     atomic_exchange(shared_ptr<_Tp>* __p, shared_ptr<_Tp> __r)
      |     ^~~~~~~~~~~~~~~
[942/962] Building CXX object CMakeFiles/mlx.dir/mlx/backend/omarchy/device.cpp.o
[943/962] Building CXX object CMakeFiles/mlx.dir/mlx/backend/omarchy/stream.cpp.o
In file included from /var/tmp/SdpaKvMajorJw16/cand-tree/.work/mlx/mlx/event.h:8,
                 from /var/tmp/SdpaKvMajorJw16/cand-tree/.work/mlx/mlx/array.h:13,
                 from /var/tmp/SdpaKvMajorJw16/cand-tree/.work/mlx/mlx/backend/gpu/eval.h:8,
                 from /var/tmp/SdpaKvMajorJw16/cand-tree/.work/mlx/mlx/backend/omarchy/stream.cpp:7:
/var/tmp/SdpaKvMajorJw16/cand-tree/.work/mlx/mlx/error.h: In member function 'void mlx::core::Error::set_message(Message)':
/var/tmp/SdpaKvMajorJw16/cand-tree/.work/mlx/mlx/error.h:17:22: warning: 'void std::atomic_store(shared_ptr<_Tp>*, shared_ptr<_Tp>) [with _Tp = __cxx11::basic_string<char>]' is deprecated: use 'std::atomic<std::shared_ptr<T>>' instead [-Wdeprecated-declarations]
   17 |     std::atomic_store(&message_, std::move(msg));
      |     ~~~~~~~~~~~~~~~~~^~~~~~~~~~~~~~~~~~~~~~~~~~~
In file included from /usr/include/c++/16.1.1/memory:83,
                 from /var/tmp/SdpaKvMajorJw16/cand-tree/.work/mlx/mlx/backend/gpu/eval.h:6:
/usr/include/c++/16.1.1/bits/shared_ptr_atomic.h:183:5: note: declared here
  183 |     atomic_store(shared_ptr<_Tp>* __p, shared_ptr<_Tp> __r)
      |     ^~~~~~~~~~~~
/var/tmp/SdpaKvMajorJw16/cand-tree/.work/mlx/mlx/error.h: In member function 'bool mlx::core::Error::valid() const':
/var/tmp/SdpaKvMajorJw16/cand-tree/.work/mlx/mlx/error.h:21:32: warning: 'std::shared_ptr<_Tp> std::atomic_load(const shared_ptr<_Tp>*) [with _Tp = __cxx11::basic_string<char>]' is deprecated: use 'std::atomic<std::shared_ptr<T>>' instead [-Wdeprecated-declarations]
   21 |     auto msg = std::atomic_load(&message_);
      |                ~~~~~~~~~~~~~~~~^~~~~~~~~~~
/usr/include/c++/16.1.1/bits/shared_ptr_atomic.h:142:5: note: declared here
  142 |     atomic_load(const shared_ptr<_Tp>* __p)
      |     ^~~~~~~~~~~
/var/tmp/SdpaKvMajorJw16/cand-tree/.work/mlx/mlx/error.h: In member function 'bool mlx::core::Error::store_if_valid(const mlx::core::Error*)':
/var/tmp/SdpaKvMajorJw16/cand-tree/.work/mlx/mlx/error.h:28:37: warning: 'std::shared_ptr<_Tp> std::atomic_load(const shared_ptr<_Tp>*) [with _Tp = __cxx11::basic_string<char>]' is deprecated: use 'std::atomic<std::shared_ptr<T>>' instead [-Wdeprecated-declarations]
   28 |       Message msg = std::atomic_load(&ptr->message_);
      |                     ~~~~~~~~~~~~~~~~^~~~~~~~~~~~~~~~
/usr/include/c++/16.1.1/bits/shared_ptr_atomic.h:142:5: note: declared here
  142 |     atomic_load(const shared_ptr<_Tp>* __p)
      |     ^~~~~~~~~~~
/var/tmp/SdpaKvMajorJw16/cand-tree/.work/mlx/mlx/error.h: In member function 'void mlx::core::Error::check()':
/var/tmp/SdpaKvMajorJw16/cand-tree/.work/mlx/mlx/error.h:39:36: warning: 'std::shared_ptr<_Tp> std::atomic_exchange(shared_ptr<_Tp>*, shared_ptr<_Tp>) [with _Tp = __cxx11::basic_string<char>]' is deprecated: use 'std::atomic<std::shared_ptr<T>>' instead [-Wdeprecated-declarations]
   39 |     auto msg = std::atomic_exchange(&message_, {});
      |                ~~~~~~~~~~~~~~~~~~~~^~~~~~~~~~~~~~~
/usr/include/c++/16.1.1/bits/shared_ptr_atomic.h:225:5: note: declared here
  225 |     atomic_exchange(shared_ptr<_Tp>* __p, shared_ptr<_Tp> __r)
      |     ^~~~~~~~~~~~~~~
[944/962] Building CXX object CMakeFiles/mlx.dir/mlx/backend/omarchy/copy.cpp.o
In file included from /var/tmp/SdpaKvMajorJw16/cand-tree/.work/mlx/mlx/event.h:8,
                 from /var/tmp/SdpaKvMajorJw16/cand-tree/.work/mlx/mlx/array.h:13,
                 from /var/tmp/SdpaKvMajorJw16/cand-tree/.work/mlx/mlx/backend/omarchy/unsupported.h:10,
                 from /var/tmp/SdpaKvMajorJw16/cand-tree/.work/mlx/mlx/backend/omarchy/copy.cpp:9:
/var/tmp/SdpaKvMajorJw16/cand-tree/.work/mlx/mlx/error.h: In member function 'void mlx::core::Error::set_message(Message)':
/var/tmp/SdpaKvMajorJw16/cand-tree/.work/mlx/mlx/error.h:17:22: warning: 'void std::atomic_store(shared_ptr<_Tp>*, shared_ptr<_Tp>) [with _Tp = __cxx11::basic_string<char>]' is deprecated: use 'std::atomic<std::shared_ptr<T>>' instead [-Wdeprecated-declarations]
   17 |     std::atomic_store(&message_, std::move(msg));
      |     ~~~~~~~~~~~~~~~~~^~~~~~~~~~~~~~~~~~~~~~~~~~~
In file included from /usr/include/c++/16.1.1/memory:83,
                 from /var/tmp/SdpaKvMajorJw16/cand-tree/.work/mlx/mlx/array.h:7:
/usr/include/c++/16.1.1/bits/shared_ptr_atomic.h:183:5: note: declared here
  183 |     atomic_store(shared_ptr<_Tp>* __p, shared_ptr<_Tp> __r)
      |     ^~~~~~~~~~~~
/var/tmp/SdpaKvMajorJw16/cand-tree/.work/mlx/mlx/error.h: In member function 'bool mlx::core::Error::valid() const':
/var/tmp/SdpaKvMajorJw16/cand-tree/.work/mlx/mlx/error.h:21:32: warning: 'std::shared_ptr<_Tp> std::atomic_load(const shared_ptr<_Tp>*) [with _Tp = __cxx11::basic_string<char>]' is deprecated: use 'std::atomic<std::shared_ptr<T>>' instead [-Wdeprecated-declarations]
   21 |     auto msg = std::atomic_load(&message_);
      |                ~~~~~~~~~~~~~~~~^~~~~~~~~~~
/usr/include/c++/16.1.1/bits/shared_ptr_atomic.h:142:5: note: declared here
  142 |     atomic_load(const shared_ptr<_Tp>* __p)
      |     ^~~~~~~~~~~
/var/tmp/SdpaKvMajorJw16/cand-tree/.work/mlx/mlx/error.h: In member function 'bool mlx::core::Error::store_if_valid(const mlx::core::Error*)':
/var/tmp/SdpaKvMajorJw16/cand-tree/.work/mlx/mlx/error.h:28:37: warning: 'std::shared_ptr<_Tp> std::atomic_load(const shared_ptr<_Tp>*) [with _Tp = __cxx11::basic_string<char>]' is deprecated: use 'std::atomic<std::shared_ptr<T>>' instead [-Wdeprecated-declarations]
   28 |       Message msg = std::atomic_load(&ptr->message_);
      |                     ~~~~~~~~~~~~~~~~^~~~~~~~~~~~~~~~
/usr/include/c++/16.1.1/bits/shared_ptr_atomic.h:142:5: note: declared here
  142 |     atomic_load(const shared_ptr<_Tp>* __p)
      |     ^~~~~~~~~~~
/var/tmp/SdpaKvMajorJw16/cand-tree/.work/mlx/mlx/error.h: In member function 'void mlx::core::Error::check()':
/var/tmp/SdpaKvMajorJw16/cand-tree/.work/mlx/mlx/error.h:39:36: warning: 'std::shared_ptr<_Tp> std::atomic_exchange(shared_ptr<_Tp>*, shared_ptr<_Tp>) [with _Tp = __cxx11::basic_string<char>]' is deprecated: use 'std::atomic<std::shared_ptr<T>>' instead [-Wdeprecated-declarations]
   39 |     auto msg = std::atomic_exchange(&message_, {});
      |                ~~~~~~~~~~~~~~~~~~~~^~~~~~~~~~~~~~~
/usr/include/c++/16.1.1/bits/shared_ptr_atomic.h:225:5: note: declared here
  225 |     atomic_exchange(shared_ptr<_Tp>* __p, shared_ptr<_Tp> __r)
      |     ^~~~~~~~~~~~~~~
[945/962] Building CXX object CMakeFiles/mlx.dir/mlx/backend/omarchy/ane/worker_libane.cpp.o
[946/962] Building CXX object CMakeFiles/mlx.dir/mlx/backend/omarchy/vulkan.cpp.o
[947/962] Building CXX object CMakeFiles/mlx.dir/mlx/backend/omarchy/fused_chain.cpp.o
In file included from /var/tmp/SdpaKvMajorJw16/cand-tree/.work/mlx/mlx/event.h:8,
                 from /var/tmp/SdpaKvMajorJw16/cand-tree/.work/mlx/mlx/array.h:13,
                 from /var/tmp/SdpaKvMajorJw16/cand-tree/.work/mlx/mlx/backend/omarchy/fused_chain.h:13,
                 from /var/tmp/SdpaKvMajorJw16/cand-tree/.work/mlx/mlx/backend/omarchy/fused_chain.cpp:4:
/var/tmp/SdpaKvMajorJw16/cand-tree/.work/mlx/mlx/error.h: In member function 'void mlx::core::Error::set_message(Message)':
/var/tmp/SdpaKvMajorJw16/cand-tree/.work/mlx/mlx/error.h:17:22: warning: 'void std::atomic_store(shared_ptr<_Tp>*, shared_ptr<_Tp>) [with _Tp = __cxx11::basic_string<char>]' is deprecated: use 'std::atomic<std::shared_ptr<T>>' instead [-Wdeprecated-declarations]
   17 |     std::atomic_store(&message_, std::move(msg));
      |     ~~~~~~~~~~~~~~~~~^~~~~~~~~~~~~~~~~~~~~~~~~~~
In file included from /usr/include/c++/16.1.1/memory:83,
                 from /var/tmp/SdpaKvMajorJw16/cand-tree/.work/mlx/mlx/backend/omarchy/fused_chain.h:9:
/usr/include/c++/16.1.1/bits/shared_ptr_atomic.h:183:5: note: declared here
  183 |     atomic_store(shared_ptr<_Tp>* __p, shared_ptr<_Tp> __r)
      |     ^~~~~~~~~~~~
/var/tmp/SdpaKvMajorJw16/cand-tree/.work/mlx/mlx/error.h: In member function 'bool mlx::core::Error::valid() const':
/var/tmp/SdpaKvMajorJw16/cand-tree/.work/mlx/mlx/error.h:21:32: warning: 'std::shared_ptr<_Tp> std::atomic_load(const shared_ptr<_Tp>*) [with _Tp = __cxx11::basic_string<char>]' is deprecated: use 'std::atomic<std::shared_ptr<T>>' instead [-Wdeprecated-declarations]
   21 |     auto msg = std::atomic_load(&message_);
      |                ~~~~~~~~~~~~~~~~^~~~~~~~~~~
/usr/include/c++/16.1.1/bits/shared_ptr_atomic.h:142:5: note: declared here
  142 |     atomic_load(const shared_ptr<_Tp>* __p)
      |     ^~~~~~~~~~~
/var/tmp/SdpaKvMajorJw16/cand-tree/.work/mlx/mlx/error.h: In member function 'bool mlx::core::Error::store_if_valid(const mlx::core::Error*)':
/var/tmp/SdpaKvMajorJw16/cand-tree/.work/mlx/mlx/error.h:28:37: warning: 'std::shared_ptr<_Tp> std::atomic_load(const shared_ptr<_Tp>*) [with _Tp = __cxx11::basic_string<char>]' is deprecated: use 'std::atomic<std::shared_ptr<T>>' instead [-Wdeprecated-declarations]
   28 |       Message msg = std::atomic_load(&ptr->message_);
      |                     ~~~~~~~~~~~~~~~~^~~~~~~~~~~~~~~~
/usr/include/c++/16.1.1/bits/shared_ptr_atomic.h:142:5: note: declared here
  142 |     atomic_load(const shared_ptr<_Tp>* __p)
      |     ^~~~~~~~~~~
/var/tmp/SdpaKvMajorJw16/cand-tree/.work/mlx/mlx/error.h: In member function 'void mlx::core::Error::check()':
/var/tmp/SdpaKvMajorJw16/cand-tree/.work/mlx/mlx/error.h:39:36: warning: 'std::shared_ptr<_Tp> std::atomic_exchange(shared_ptr<_Tp>*, shared_ptr<_Tp>) [with _Tp = __cxx11::basic_string<char>]' is deprecated: use 'std::atomic<std::shared_ptr<T>>' instead [-Wdeprecated-declarations]
   39 |     auto msg = std::atomic_exchange(&message_, {});
      |                ~~~~~~~~~~~~~~~~~~~~^~~~~~~~~~~~~~~
/usr/include/c++/16.1.1/bits/shared_ptr_atomic.h:225:5: note: declared here
  225 |     atomic_exchange(shared_ptr<_Tp>* __p, shared_ptr<_Tp> __r)
      |     ^~~~~~~~~~~~~~~
[948/962] Building CXX object CMakeFiles/mlx.dir/mlx/backend/omarchy/ane/worker.cpp.o
[949/962] Building CXX object CMakeFiles/mlx.dir/mlx/backend/omarchy/custom_kernel.cpp.o
In file included from /var/tmp/SdpaKvMajorJw16/cand-tree/.work/mlx/mlx/event.h:8,
                 from /var/tmp/SdpaKvMajorJw16/cand-tree/.work/mlx/mlx/array.h:13,
                 from /var/tmp/SdpaKvMajorJw16/cand-tree/.work/mlx/mlx/primitives.h:8,
                 from /var/tmp/SdpaKvMajorJw16/cand-tree/.work/mlx/mlx/fast_primitives.h:7,
                 from /var/tmp/SdpaKvMajorJw16/cand-tree/.work/mlx/mlx/backend/omarchy/custom_kernel.cpp:4:
/var/tmp/SdpaKvMajorJw16/cand-tree/.work/mlx/mlx/error.h: In member function 'void mlx::core::Error::set_message(Message)':
/var/tmp/SdpaKvMajorJw16/cand-tree/.work/mlx/mlx/error.h:17:22: warning: 'void std::atomic_store(shared_ptr<_Tp>*, shared_ptr<_Tp>) [with _Tp = __cxx11::basic_string<char>]' is deprecated: use 'std::atomic<std::shared_ptr<T>>' instead [-Wdeprecated-declarations]
   17 |     std::atomic_store(&message_, std::move(msg));
      |     ~~~~~~~~~~~~~~~~~^~~~~~~~~~~~~~~~~~~~~~~~~~~
In file included from /usr/include/c++/16.1.1/memory:83,
                 from /var/tmp/SdpaKvMajorJw16/cand-tree/.work/mlx/mlx/array.h:7:
/usr/include/c++/16.1.1/bits/shared_ptr_atomic.h:183:5: note: declared here
  183 |     atomic_store(shared_ptr<_Tp>* __p, shared_ptr<_Tp> __r)
      |     ^~~~~~~~~~~~
/var/tmp/SdpaKvMajorJw16/cand-tree/.work/mlx/mlx/error.h: In member function 'bool mlx::core::Error::valid() const':
/var/tmp/SdpaKvMajorJw16/cand-tree/.work/mlx/mlx/error.h:21:32: warning: 'std::shared_ptr<_Tp> std::atomic_load(const shared_ptr<_Tp>*) [with _Tp = __cxx11::basic_string<char>]' is deprecated: use 'std::atomic<std::shared_ptr<T>>' instead [-Wdeprecated-declarations]
   21 |     auto msg = std::atomic_load(&message_);
      |                ~~~~~~~~~~~~~~~~^~~~~~~~~~~
/usr/include/c++/16.1.1/bits/shared_ptr_atomic.h:142:5: note: declared here
  142 |     atomic_load(const shared_ptr<_Tp>* __p)
      |     ^~~~~~~~~~~
/var/tmp/SdpaKvMajorJw16/cand-tree/.work/mlx/mlx/error.h: In member function 'bool mlx::core::Error::store_if_valid(const mlx::core::Error*)':
/var/tmp/SdpaKvMajorJw16/cand-tree/.work/mlx/mlx/error.h:28:37: warning: 'std::shared_ptr<_Tp> std::atomic_load(const shared_ptr<_Tp>*) [with _Tp = __cxx11::basic_string<char>]' is deprecated: use 'std::atomic<std::shared_ptr<T>>' instead [-Wdeprecated-declarations]
   28 |       Message msg = std::atomic_load(&ptr->message_);
      |                     ~~~~~~~~~~~~~~~~^~~~~~~~~~~~~~~~
/usr/include/c++/16.1.1/bits/shared_ptr_atomic.h:142:5: note: declared here
  142 |     atomic_load(const shared_ptr<_Tp>* __p)
      |     ^~~~~~~~~~~
/var/tmp/SdpaKvMajorJw16/cand-tree/.work/mlx/mlx/error.h: In member function 'void mlx::core::Error::check()':
/var/tmp/SdpaKvMajorJw16/cand-tree/.work/mlx/mlx/error.h:39:36: warning: 'std::shared_ptr<_Tp> std::atomic_exchange(shared_ptr<_Tp>*, shared_ptr<_Tp>) [with _Tp = __cxx11::basic_string<char>]' is deprecated: use 'std::atomic<std::shared_ptr<T>>' instead [-Wdeprecated-declarations]
   39 |     auto msg = std::atomic_exchange(&message_, {});
      |                ~~~~~~~~~~~~~~~~~~~~^~~~~~~~~~~~~~~
/usr/include/c++/16.1.1/bits/shared_ptr_atomic.h:225:5: note: declared here
  225 |     atomic_exchange(shared_ptr<_Tp>* __p, shared_ptr<_Tp> __r)
      |     ^~~~~~~~~~~~~~~
/var/tmp/SdpaKvMajorJw16/cand-tree/.work/mlx/mlx/backend/omarchy/custom_kernel.cpp: In member function 'virtual void mlx::core::fast::CustomKernel::eval_gpu(const std::vector<mlx::core::array>&, std::vector<mlx::core::array>&)':
/var/tmp/SdpaKvMajorJw16/cand-tree/.work/mlx/mlx/backend/omarchy/custom_kernel.cpp:1070:42: warning: narrowing conversion of '(& input)->mlx::core::array::ndim()' from 'size_t' {aka 'long unsigned int'} to 'int' [-Wnarrowing]
 1070 |           std::vector<int32_t>{input.ndim()}, int32, encoder);
      |                                ~~~~~~~~~~^~
/var/tmp/SdpaKvMajorJw16/cand-tree/.work/mlx/mlx/backend/omarchy/custom_kernel.cpp:1070:42: warning: narrowing conversion of '(& input)->mlx::core::array::ndim()' from 'size_t' {aka 'long unsigned int'} to 'int' [-Wnarrowing]
[950/962] Building CXX object CMakeFiles/mlx.dir/mlx/backend/omarchy/ane/bundle.cpp.o
[951/962] Building CXX object CMakeFiles/mlx.dir/mlx/backend/gpu/copy.cpp.o
In file included from /var/tmp/SdpaKvMajorJw16/cand-tree/.work/mlx/mlx/event.h:8,
                 from /var/tmp/SdpaKvMajorJw16/cand-tree/.work/mlx/mlx/array.h:13,
                 from /var/tmp/SdpaKvMajorJw16/cand-tree/.work/mlx/mlx/backend/common/utils.h:9,
                 from /var/tmp/SdpaKvMajorJw16/cand-tree/.work/mlx/mlx/backend/common/copy.h:5,
                 from /var/tmp/SdpaKvMajorJw16/cand-tree/.work/mlx/mlx/backend/gpu/copy.h:5,
                 from /var/tmp/SdpaKvMajorJw16/cand-tree/.work/mlx/mlx/backend/gpu/copy.cpp:3:
/var/tmp/SdpaKvMajorJw16/cand-tree/.work/mlx/mlx/error.h: In member function 'void mlx::core::Error::set_message(Message)':
/var/tmp/SdpaKvMajorJw16/cand-tree/.work/mlx/mlx/error.h:17:22: warning: 'void std::atomic_store(shared_ptr<_Tp>*, shared_ptr<_Tp>) [with _Tp = __cxx11::basic_string<char>]' is deprecated: use 'std::atomic<std::shared_ptr<T>>' instead [-Wdeprecated-declarations]
   17 |     std::atomic_store(&message_, std::move(msg));
      |     ~~~~~~~~~~~~~~~~~^~~~~~~~~~~~~~~~~~~~~~~~~~~
In file included from /usr/include/c++/16.1.1/memory:83,
                 from /var/tmp/SdpaKvMajorJw16/cand-tree/.work/mlx/mlx/array.h:7:
/usr/include/c++/16.1.1/bits/shared_ptr_atomic.h:183:5: note: declared here
  183 |     atomic_store(shared_ptr<_Tp>* __p, shared_ptr<_Tp> __r)
      |     ^~~~~~~~~~~~
/var/tmp/SdpaKvMajorJw16/cand-tree/.work/mlx/mlx/error.h: In member function 'bool mlx::core::Error::valid() const':
/var/tmp/SdpaKvMajorJw16/cand-tree/.work/mlx/mlx/error.h:21:32: warning: 'std::shared_ptr<_Tp> std::atomic_load(const shared_ptr<_Tp>*) [with _Tp = __cxx11::basic_string<char>]' is deprecated: use 'std::atomic<std::shared_ptr<T>>' instead [-Wdeprecated-declarations]
   21 |     auto msg = std::atomic_load(&message_);
      |                ~~~~~~~~~~~~~~~~^~~~~~~~~~~
/usr/include/c++/16.1.1/bits/shared_ptr_atomic.h:142:5: note: declared here
  142 |     atomic_load(const shared_ptr<_Tp>* __p)
      |     ^~~~~~~~~~~
/var/tmp/SdpaKvMajorJw16/cand-tree/.work/mlx/mlx/error.h: In member function 'bool mlx::core::Error::store_if_valid(const mlx::core::Error*)':
/var/tmp/SdpaKvMajorJw16/cand-tree/.work/mlx/mlx/error.h:28:37: warning: 'std::shared_ptr<_Tp> std::atomic_load(const shared_ptr<_Tp>*) [with _Tp = __cxx11::basic_string<char>]' is deprecated: use 'std::atomic<std::shared_ptr<T>>' instead [-Wdeprecated-declarations]
   28 |       Message msg = std::atomic_load(&ptr->message_);
      |                     ~~~~~~~~~~~~~~~~^~~~~~~~~~~~~~~~
/usr/include/c++/16.1.1/bits/shared_ptr_atomic.h:142:5: note: declared here
  142 |     atomic_load(const shared_ptr<_Tp>* __p)
      |     ^~~~~~~~~~~
/var/tmp/SdpaKvMajorJw16/cand-tree/.work/mlx/mlx/error.h: In member function 'void mlx::core::Error::check()':
/var/tmp/SdpaKvMajorJw16/cand-tree/.work/mlx/mlx/error.h:39:36: warning: 'std::shared_ptr<_Tp> std::atomic_exchange(shared_ptr<_Tp>*, shared_ptr<_Tp>) [with _Tp = __cxx11::basic_string<char>]' is deprecated: use 'std::atomic<std::shared_ptr<T>>' instead [-Wdeprecated-declarations]
   39 |     auto msg = std::atomic_exchange(&message_, {});
      |                ~~~~~~~~~~~~~~~~~~~~^~~~~~~~~~~~~~~
/usr/include/c++/16.1.1/bits/shared_ptr_atomic.h:225:5: note: declared here
  225 |     atomic_exchange(shared_ptr<_Tp>* __p, shared_ptr<_Tp> __r)
      |     ^~~~~~~~~~~~~~~
[952/962] Building CXX object CMakeFiles/mlx.dir/mlx/backend/gpu/slicing.cpp.o
In file included from /var/tmp/SdpaKvMajorJw16/cand-tree/.work/mlx/mlx/event.h:8,
                 from /var/tmp/SdpaKvMajorJw16/cand-tree/.work/mlx/mlx/array.h:13,
                 from /var/tmp/SdpaKvMajorJw16/cand-tree/.work/mlx/mlx/backend/common/slicing.h:5,
                 from /var/tmp/SdpaKvMajorJw16/cand-tree/.work/mlx/mlx/backend/gpu/slicing.cpp:3:
/var/tmp/SdpaKvMajorJw16/cand-tree/.work/mlx/mlx/error.h: In member function 'void mlx::core::Error::set_message(Message)':
/var/tmp/SdpaKvMajorJw16/cand-tree/.work/mlx/mlx/error.h:17:22: warning: 'void std::atomic_store(shared_ptr<_Tp>*, shared_ptr<_Tp>) [with _Tp = __cxx11::basic_string<char>]' is deprecated: use 'std::atomic<std::shared_ptr<T>>' instead [-Wdeprecated-declarations]
   17 |     std::atomic_store(&message_, std::move(msg));
      |     ~~~~~~~~~~~~~~~~~^~~~~~~~~~~~~~~~~~~~~~~~~~~
In file included from /usr/include/c++/16.1.1/memory:83,
                 from /var/tmp/SdpaKvMajorJw16/cand-tree/.work/mlx/mlx/array.h:7:
/usr/include/c++/16.1.1/bits/shared_ptr_atomic.h:183:5: note: declared here
  183 |     atomic_store(shared_ptr<_Tp>* __p, shared_ptr<_Tp> __r)
      |     ^~~~~~~~~~~~
/var/tmp/SdpaKvMajorJw16/cand-tree/.work/mlx/mlx/error.h: In member function 'bool mlx::core::Error::valid() const':
/var/tmp/SdpaKvMajorJw16/cand-tree/.work/mlx/mlx/error.h:21:32: warning: 'std::shared_ptr<_Tp> std::atomic_load(const shared_ptr<_Tp>*) [with _Tp = __cxx11::basic_string<char>]' is deprecated: use 'std::atomic<std::shared_ptr<T>>' instead [-Wdeprecated-declarations]
   21 |     auto msg = std::atomic_load(&message_);
      |                ~~~~~~~~~~~~~~~~^~~~~~~~~~~
/usr/include/c++/16.1.1/bits/shared_ptr_atomic.h:142:5: note: declared here
  142 |     atomic_load(const shared_ptr<_Tp>* __p)
      |     ^~~~~~~~~~~
/var/tmp/SdpaKvMajorJw16/cand-tree/.work/mlx/mlx/error.h: In member function 'bool mlx::core::Error::store_if_valid(const mlx::core::Error*)':
/var/tmp/SdpaKvMajorJw16/cand-tree/.work/mlx/mlx/error.h:28:37: warning: 'std::shared_ptr<_Tp> std::atomic_load(const shared_ptr<_Tp>*) [with _Tp = __cxx11::basic_string<char>]' is deprecated: use 'std::atomic<std::shared_ptr<T>>' instead [-Wdeprecated-declarations]
   28 |       Message msg = std::atomic_load(&ptr->message_);
      |                     ~~~~~~~~~~~~~~~~^~~~~~~~~~~~~~~~
/usr/include/c++/16.1.1/bits/shared_ptr_atomic.h:142:5: note: declared here
  142 |     atomic_load(const shared_ptr<_Tp>* __p)
      |     ^~~~~~~~~~~
/var/tmp/SdpaKvMajorJw16/cand-tree/.work/mlx/mlx/error.h: In member function 'void mlx::core::Error::check()':
/var/tmp/SdpaKvMajorJw16/cand-tree/.work/mlx/mlx/error.h:39:36: warning: 'std::shared_ptr<_Tp> std::atomic_exchange(shared_ptr<_Tp>*, shared_ptr<_Tp>) [with _Tp = __cxx11::basic_string<char>]' is deprecated: use 'std::atomic<std::shared_ptr<T>>' instead [-Wdeprecated-declarations]
   39 |     auto msg = std::atomic_exchange(&message_, {});
      |                ~~~~~~~~~~~~~~~~~~~~^~~~~~~~~~~~~~~
/usr/include/c++/16.1.1/bits/shared_ptr_atomic.h:225:5: note: declared here
  225 |     atomic_exchange(shared_ptr<_Tp>* __p, shared_ptr<_Tp> __r)
      |     ^~~~~~~~~~~~~~~
[953/962] Building CXX object CMakeFiles/mlx.dir/mlx/backend/gpu/primitives.cpp.o
In file included from /var/tmp/SdpaKvMajorJw16/cand-tree/.work/mlx/mlx/event.h:8,
                 from /var/tmp/SdpaKvMajorJw16/cand-tree/.work/mlx/mlx/array.h:13,
                 from /var/tmp/SdpaKvMajorJw16/cand-tree/.work/mlx/mlx/primitives.h:8,
                 from /var/tmp/SdpaKvMajorJw16/cand-tree/.work/mlx/mlx/backend/gpu/primitives.cpp:3:
/var/tmp/SdpaKvMajorJw16/cand-tree/.work/mlx/mlx/error.h: In member function 'void mlx::core::Error::set_message(Message)':
/var/tmp/SdpaKvMajorJw16/cand-tree/.work/mlx/mlx/error.h:17:22: warning: 'void std::atomic_store(shared_ptr<_Tp>*, shared_ptr<_Tp>) [with _Tp = __cxx11::basic_string<char>]' is deprecated: use 'std::atomic<std::shared_ptr<T>>' instead [-Wdeprecated-declarations]
   17 |     std::atomic_store(&message_, std::move(msg));
      |     ~~~~~~~~~~~~~~~~~^~~~~~~~~~~~~~~~~~~~~~~~~~~
In file included from /usr/include/c++/16.1.1/memory:83,
                 from /var/tmp/SdpaKvMajorJw16/cand-tree/.work/mlx/mlx/array.h:7:
/usr/include/c++/16.1.1/bits/shared_ptr_atomic.h:183:5: note: declared here
  183 |     atomic_store(shared_ptr<_Tp>* __p, shared_ptr<_Tp> __r)
      |     ^~~~~~~~~~~~
/var/tmp/SdpaKvMajorJw16/cand-tree/.work/mlx/mlx/error.h: In member function 'bool mlx::core::Error::valid() const':
/var/tmp/SdpaKvMajorJw16/cand-tree/.work/mlx/mlx/error.h:21:32: warning: 'std::shared_ptr<_Tp> std::atomic_load(const shared_ptr<_Tp>*) [with _Tp = __cxx11::basic_string<char>]' is deprecated: use 'std::atomic<std::shared_ptr<T>>' instead [-Wdeprecated-declarations]
   21 |     auto msg = std::atomic_load(&message_);
      |                ~~~~~~~~~~~~~~~~^~~~~~~~~~~
/usr/include/c++/16.1.1/bits/shared_ptr_atomic.h:142:5: note: declared here
  142 |     atomic_load(const shared_ptr<_Tp>* __p)
      |     ^~~~~~~~~~~
/var/tmp/SdpaKvMajorJw16/cand-tree/.work/mlx/mlx/error.h: In member function 'bool mlx::core::Error::store_if_valid(const mlx::core::Error*)':
/var/tmp/SdpaKvMajorJw16/cand-tree/.work/mlx/mlx/error.h:28:37: warning: 'std::shared_ptr<_Tp> std::atomic_load(const shared_ptr<_Tp>*) [with _Tp = __cxx11::basic_string<char>]' is deprecated: use 'std::atomic<std::shared_ptr<T>>' instead [-Wdeprecated-declarations]
   28 |       Message msg = std::atomic_load(&ptr->message_);
      |                     ~~~~~~~~~~~~~~~~^~~~~~~~~~~~~~~~
/usr/include/c++/16.1.1/bits/shared_ptr_atomic.h:142:5: note: declared here
  142 |     atomic_load(const shared_ptr<_Tp>* __p)
      |     ^~~~~~~~~~~
/var/tmp/SdpaKvMajorJw16/cand-tree/.work/mlx/mlx/error.h: In member function 'void mlx::core::Error::check()':
/var/tmp/SdpaKvMajorJw16/cand-tree/.work/mlx/mlx/error.h:39:36: warning: 'std::shared_ptr<_Tp> std::atomic_exchange(shared_ptr<_Tp>*, shared_ptr<_Tp>) [with _Tp = __cxx11::basic_string<char>]' is deprecated: use 'std::atomic<std::shared_ptr<T>>' instead [-Wdeprecated-declarations]
   39 |     auto msg = std::atomic_exchange(&message_, {});
      |                ~~~~~~~~~~~~~~~~~~~~^~~~~~~~~~~~~~~
/usr/include/c++/16.1.1/bits/shared_ptr_atomic.h:225:5: note: declared here
  225 |     atomic_exchange(shared_ptr<_Tp>* __p, shared_ptr<_Tp> __r)
      |     ^~~~~~~~~~~~~~~
[954/962] Building CXX object CMakeFiles/mlx.dir/mlx/backend/omarchy/ane/manifest.cpp.o
[955/962] Building CXX object CMakeFiles/mlx.dir/mlx/distributed/ring/ring.cpp.o
In file included from /var/tmp/SdpaKvMajorJw16/cand-tree/.work/mlx/mlx/event.h:8,
                 from /var/tmp/SdpaKvMajorJw16/cand-tree/.work/mlx/mlx/array.h:13,
                 from /var/tmp/SdpaKvMajorJw16/cand-tree/.work/mlx/mlx/backend/cpu/encoder.h:7,
                 from /var/tmp/SdpaKvMajorJw16/cand-tree/.work/mlx/mlx/distributed/ring/ring.cpp:21:
/var/tmp/SdpaKvMajorJw16/cand-tree/.work/mlx/mlx/error.h: In member function 'void mlx::core::Error::set_message(Message)':
/var/tmp/SdpaKvMajorJw16/cand-tree/.work/mlx/mlx/error.h:17:22: warning: 'void std::atomic_store(shared_ptr<_Tp>*, shared_ptr<_Tp>) [with _Tp = __cxx11::basic_string<char>]' is deprecated: use 'std::atomic<std::shared_ptr<T>>' instead [-Wdeprecated-declarations]
   17 |     std::atomic_store(&message_, std::move(msg));
      |     ~~~~~~~~~~~~~~~~~^~~~~~~~~~~~~~~~~~~~~~~~~~~
In file included from /usr/include/c++/16.1.1/memory:83,
                 from /var/tmp/qmm-tilem/.deps-seed/json-src/single_include/nlohmann/json.hpp:29,
                 from /var/tmp/SdpaKvMajorJw16/cand-tree/.work/mlx/mlx/distributed/ring/ring.cpp:19:
/usr/include/c++/16.1.1/bits/shared_ptr_atomic.h:183:5: note: declared here
  183 |     atomic_store(shared_ptr<_Tp>* __p, shared_ptr<_Tp> __r)
      |     ^~~~~~~~~~~~
/var/tmp/SdpaKvMajorJw16/cand-tree/.work/mlx/mlx/error.h: In member function 'bool mlx::core::Error::valid() const':
/var/tmp/SdpaKvMajorJw16/cand-tree/.work/mlx/mlx/error.h:21:32: warning: 'std::shared_ptr<_Tp> std::atomic_load(const shared_ptr<_Tp>*) [with _Tp = __cxx11::basic_string<char>]' is deprecated: use 'std::atomic<std::shared_ptr<T>>' instead [-Wdeprecated-declarations]
   21 |     auto msg = std::atomic_load(&message_);
      |                ~~~~~~~~~~~~~~~~^~~~~~~~~~~
/usr/include/c++/16.1.1/bits/shared_ptr_atomic.h:142:5: note: declared here
  142 |     atomic_load(const shared_ptr<_Tp>* __p)
      |     ^~~~~~~~~~~
/var/tmp/SdpaKvMajorJw16/cand-tree/.work/mlx/mlx/error.h: In member function 'bool mlx::core::Error::store_if_valid(const mlx::core::Error*)':
/var/tmp/SdpaKvMajorJw16/cand-tree/.work/mlx/mlx/error.h:28:37: warning: 'std::shared_ptr<_Tp> std::atomic_load(const shared_ptr<_Tp>*) [with _Tp = __cxx11::basic_string<char>]' is deprecated: use 'std::atomic<std::shared_ptr<T>>' instead [-Wdeprecated-declarations]
   28 |       Message msg = std::atomic_load(&ptr->message_);
      |                     ~~~~~~~~~~~~~~~~^~~~~~~~~~~~~~~~
/usr/include/c++/16.1.1/bits/shared_ptr_atomic.h:142:5: note: declared here
  142 |     atomic_load(const shared_ptr<_Tp>* __p)
      |     ^~~~~~~~~~~
/var/tmp/SdpaKvMajorJw16/cand-tree/.work/mlx/mlx/error.h: In member function 'void mlx::core::Error::check()':
/var/tmp/SdpaKvMajorJw16/cand-tree/.work/mlx/mlx/error.h:39:36: warning: 'std::shared_ptr<_Tp> std::atomic_exchange(shared_ptr<_Tp>*, shared_ptr<_Tp>) [with _Tp = __cxx11::basic_string<char>]' is deprecated: use 'std::atomic<std::shared_ptr<T>>' instead [-Wdeprecated-declarations]
   39 |     auto msg = std::atomic_exchange(&message_, {});
      |                ~~~~~~~~~~~~~~~~~~~~^~~~~~~~~~~~~~~
/usr/include/c++/16.1.1/bits/shared_ptr_atomic.h:225:5: note: declared here
  225 |     atomic_exchange(shared_ptr<_Tp>* __p, shared_ptr<_Tp> __r)
      |     ^~~~~~~~~~~~~~~
[956/962] Building CXX object tests/omarchy/CMakeFiles/omarchy_sdpa_decode_fused_tests.dir/test_sdpa_decode_fused.cpp.o
In file included from /var/tmp/SdpaKvMajorJw16/cand-tree/.work/mlx/mlx/event.h:8,
                 from /var/tmp/SdpaKvMajorJw16/cand-tree/.work/mlx/mlx/array.h:13,
                 from /var/tmp/SdpaKvMajorJw16/cand-tree/.work/mlx/mlx/backend/omarchy/encoder.h:17,
                 from /var/tmp/SdpaKvMajorJw16/cand-tree/.work/mlx/tests/omarchy/test_sdpa_decode_fused.cpp:28:
/var/tmp/SdpaKvMajorJw16/cand-tree/.work/mlx/mlx/error.h: In member function 'void mlx::core::Error::set_message(Message)':
/var/tmp/SdpaKvMajorJw16/cand-tree/.work/mlx/mlx/error.h:17:22: warning: 'void std::atomic_store(shared_ptr<_Tp>*, shared_ptr<_Tp>) [with _Tp = __cxx11::basic_string<char>]' is deprecated: use 'std::atomic<std::shared_ptr<T>>' instead [-Wdeprecated-declarations]
   17 |     std::atomic_store(&message_, std::move(msg));
      |     ~~~~~~~~~~~~~~~~~^~~~~~~~~~~~~~~~~~~~~~~~~~~
In file included from /usr/include/c++/16.1.1/memory:83,
                 from /var/tmp/SdpaKvMajorJw16/cand-tree/.work/mlx/mlx/backend/omarchy/encoder.h:11:
/usr/include/c++/16.1.1/bits/shared_ptr_atomic.h:183:5: note: declared here
  183 |     atomic_store(shared_ptr<_Tp>* __p, shared_ptr<_Tp> __r)
      |     ^~~~~~~~~~~~
/var/tmp/SdpaKvMajorJw16/cand-tree/.work/mlx/mlx/error.h: In member function 'bool mlx::core::Error::valid() const':
/var/tmp/SdpaKvMajorJw16/cand-tree/.work/mlx/mlx/error.h:21:32: warning: 'std::shared_ptr<_Tp> std::atomic_load(const shared_ptr<_Tp>*) [with _Tp = __cxx11::basic_string<char>]' is deprecated: use 'std::atomic<std::shared_ptr<T>>' instead [-Wdeprecated-declarations]
   21 |     auto msg = std::atomic_load(&message_);
      |                ~~~~~~~~~~~~~~~~^~~~~~~~~~~
/usr/include/c++/16.1.1/bits/shared_ptr_atomic.h:142:5: note: declared here
  142 |     atomic_load(const shared_ptr<_Tp>* __p)
      |     ^~~~~~~~~~~
/var/tmp/SdpaKvMajorJw16/cand-tree/.work/mlx/mlx/error.h: In member function 'bool mlx::core::Error::store_if_valid(const mlx::core::Error*)':
/var/tmp/SdpaKvMajorJw16/cand-tree/.work/mlx/mlx/error.h:28:37: warning: 'std::shared_ptr<_Tp> std::atomic_load(const shared_ptr<_Tp>*) [with _Tp = __cxx11::basic_string<char>]' is deprecated: use 'std::atomic<std::shared_ptr<T>>' instead [-Wdeprecated-declarations]
   28 |       Message msg = std::atomic_load(&ptr->message_);
      |                     ~~~~~~~~~~~~~~~~^~~~~~~~~~~~~~~~
/usr/include/c++/16.1.1/bits/shared_ptr_atomic.h:142:5: note: declared here
  142 |     atomic_load(const shared_ptr<_Tp>* __p)
      |     ^~~~~~~~~~~
/var/tmp/SdpaKvMajorJw16/cand-tree/.work/mlx/mlx/error.h: In member function 'void mlx::core::Error::check()':
/var/tmp/SdpaKvMajorJw16/cand-tree/.work/mlx/mlx/error.h:39:36: warning: 'std::shared_ptr<_Tp> std::atomic_exchange(shared_ptr<_Tp>*, shared_ptr<_Tp>) [with _Tp = __cxx11::basic_string<char>]' is deprecated: use 'std::atomic<std::shared_ptr<T>>' instead [-Wdeprecated-declarations]
   39 |     auto msg = std::atomic_exchange(&message_, {});
      |                ~~~~~~~~~~~~~~~~~~~~^~~~~~~~~~~~~~~
/usr/include/c++/16.1.1/bits/shared_ptr_atomic.h:225:5: note: declared here
  225 |     atomic_exchange(shared_ptr<_Tp>* __p, shared_ptr<_Tp> __r)
      |     ^~~~~~~~~~~~~~~
[957/962] Building CXX object CMakeFiles/mlx.dir/mlx/backend/omarchy/primitives.cpp.o
In file included from /var/tmp/SdpaKvMajorJw16/cand-tree/.work/mlx/mlx/event.h:8,
                 from /var/tmp/SdpaKvMajorJw16/cand-tree/.work/mlx/mlx/array.h:13,
                 from /var/tmp/SdpaKvMajorJw16/cand-tree/.work/mlx/mlx/backend/omarchy/unsupported.h:10,
                 from /var/tmp/SdpaKvMajorJw16/cand-tree/.work/mlx/mlx/backend/omarchy/primitives.cpp:4:
/var/tmp/SdpaKvMajorJw16/cand-tree/.work/mlx/mlx/error.h: In member function 'void mlx::core::Error::set_message(Message)':
/var/tmp/SdpaKvMajorJw16/cand-tree/.work/mlx/mlx/error.h:17:22: warning: 'void std::atomic_store(shared_ptr<_Tp>*, shared_ptr<_Tp>) [with _Tp = __cxx11::basic_string<char>]' is deprecated: use 'std::atomic<std::shared_ptr<T>>' instead [-Wdeprecated-declarations]
   17 |     std::atomic_store(&message_, std::move(msg));
      |     ~~~~~~~~~~~~~~~~~^~~~~~~~~~~~~~~~~~~~~~~~~~~
In file included from /usr/include/c++/16.1.1/memory:83,
                 from /var/tmp/SdpaKvMajorJw16/cand-tree/.work/mlx/mlx/array.h:7:
/usr/include/c++/16.1.1/bits/shared_ptr_atomic.h:183:5: note: declared here
  183 |     atomic_store(shared_ptr<_Tp>* __p, shared_ptr<_Tp> __r)
      |     ^~~~~~~~~~~~
/var/tmp/SdpaKvMajorJw16/cand-tree/.work/mlx/mlx/error.h: In member function 'bool mlx::core::Error::valid() const':
/var/tmp/SdpaKvMajorJw16/cand-tree/.work/mlx/mlx/error.h:21:32: warning: 'std::shared_ptr<_Tp> std::atomic_load(const shared_ptr<_Tp>*) [with _Tp = __cxx11::basic_string<char>]' is deprecated: use 'std::atomic<std::shared_ptr<T>>' instead [-Wdeprecated-declarations]
   21 |     auto msg = std::atomic_load(&message_);
      |                ~~~~~~~~~~~~~~~~^~~~~~~~~~~
/usr/include/c++/16.1.1/bits/shared_ptr_atomic.h:142:5: note: declared here
  142 |     atomic_load(const shared_ptr<_Tp>* __p)
      |     ^~~~~~~~~~~
/var/tmp/SdpaKvMajorJw16/cand-tree/.work/mlx/mlx/error.h: In member function 'bool mlx::core::Error::store_if_valid(const mlx::core::Error*)':
/var/tmp/SdpaKvMajorJw16/cand-tree/.work/mlx/mlx/error.h:28:37: warning: 'std::shared_ptr<_Tp> std::atomic_load(const shared_ptr<_Tp>*) [with _Tp = __cxx11::basic_string<char>]' is deprecated: use 'std::atomic<std::shared_ptr<T>>' instead [-Wdeprecated-declarations]
   28 |       Message msg = std::atomic_load(&ptr->message_);
      |                     ~~~~~~~~~~~~~~~~^~~~~~~~~~~~~~~~
/usr/include/c++/16.1.1/bits/shared_ptr_atomic.h:142:5: note: declared here
  142 |     atomic_load(const shared_ptr<_Tp>* __p)
      |     ^~~~~~~~~~~
/var/tmp/SdpaKvMajorJw16/cand-tree/.work/mlx/mlx/error.h: In member function 'void mlx::core::Error::check()':
/var/tmp/SdpaKvMajorJw16/cand-tree/.work/mlx/mlx/error.h:39:36: warning: 'std::shared_ptr<_Tp> std::atomic_exchange(shared_ptr<_Tp>*, shared_ptr<_Tp>) [with _Tp = __cxx11::basic_string<char>]' is deprecated: use 'std::atomic<std::shared_ptr<T>>' instead [-Wdeprecated-declarations]
   39 |     auto msg = std::atomic_exchange(&message_, {});
      |                ~~~~~~~~~~~~~~~~~~~~^~~~~~~~~~~~~~~
/usr/include/c++/16.1.1/bits/shared_ptr_atomic.h:225:5: note: declared here
  225 |     atomic_exchange(shared_ptr<_Tp>* __p, shared_ptr<_Tp> __r)
      |     ^~~~~~~~~~~~~~~
[958/962] Building CXX object CMakeFiles/mlx.dir/mlx/backend/cpu/indexing.cpp.o
In file included from /var/tmp/SdpaKvMajorJw16/cand-tree/.work/mlx/mlx/event.h:8,
                 from /var/tmp/SdpaKvMajorJw16/cand-tree/.work/mlx/mlx/array.h:13,
                 from /var/tmp/SdpaKvMajorJw16/cand-tree/.work/mlx/mlx/backend/common/utils.h:9,
                 from /var/tmp/SdpaKvMajorJw16/cand-tree/.work/mlx/mlx/backend/cpu/indexing.cpp:7:
/var/tmp/SdpaKvMajorJw16/cand-tree/.work/mlx/mlx/error.h: In member function 'void mlx::core::Error::set_message(Message)':
/var/tmp/SdpaKvMajorJw16/cand-tree/.work/mlx/mlx/error.h:17:22: warning: 'void std::atomic_store(shared_ptr<_Tp>*, shared_ptr<_Tp>) [with _Tp = __cxx11::basic_string<char>]' is deprecated: use 'std::atomic<std::shared_ptr<T>>' instead [-Wdeprecated-declarations]
   17 |     std::atomic_store(&message_, std::move(msg));
      |     ~~~~~~~~~~~~~~~~~^~~~~~~~~~~~~~~~~~~~~~~~~~~
In file included from /usr/include/c++/16.1.1/memory:83,
                 from /var/tmp/SdpaKvMajorJw16/cand-tree/.work/mlx/mlx/array.h:7:
/usr/include/c++/16.1.1/bits/shared_ptr_atomic.h:183:5: note: declared here
  183 |     atomic_store(shared_ptr<_Tp>* __p, shared_ptr<_Tp> __r)
      |     ^~~~~~~~~~~~
/var/tmp/SdpaKvMajorJw16/cand-tree/.work/mlx/mlx/error.h: In member function 'bool mlx::core::Error::valid() const':
/var/tmp/SdpaKvMajorJw16/cand-tree/.work/mlx/mlx/error.h:21:32: warning: 'std::shared_ptr<_Tp> std::atomic_load(const shared_ptr<_Tp>*) [with _Tp = __cxx11::basic_string<char>]' is deprecated: use 'std::atomic<std::shared_ptr<T>>' instead [-Wdeprecated-declarations]
   21 |     auto msg = std::atomic_load(&message_);
      |                ~~~~~~~~~~~~~~~~^~~~~~~~~~~
/usr/include/c++/16.1.1/bits/shared_ptr_atomic.h:142:5: note: declared here
  142 |     atomic_load(const shared_ptr<_Tp>* __p)
      |     ^~~~~~~~~~~
/var/tmp/SdpaKvMajorJw16/cand-tree/.work/mlx/mlx/error.h: In member function 'bool mlx::core::Error::store_if_valid(const mlx::core::Error*)':
/var/tmp/SdpaKvMajorJw16/cand-tree/.work/mlx/mlx/error.h:28:37: warning: 'std::shared_ptr<_Tp> std::atomic_load(const shared_ptr<_Tp>*) [with _Tp = __cxx11::basic_string<char>]' is deprecated: use 'std::atomic<std::shared_ptr<T>>' instead [-Wdeprecated-declarations]
   28 |       Message msg = std::atomic_load(&ptr->message_);
      |                     ~~~~~~~~~~~~~~~~^~~~~~~~~~~~~~~~
/usr/include/c++/16.1.1/bits/shared_ptr_atomic.h:142:5: note: declared here
  142 |     atomic_load(const shared_ptr<_Tp>* __p)
      |     ^~~~~~~~~~~
/var/tmp/SdpaKvMajorJw16/cand-tree/.work/mlx/mlx/error.h: In member function 'void mlx::core::Error::check()':
/var/tmp/SdpaKvMajorJw16/cand-tree/.work/mlx/mlx/error.h:39:36: warning: 'std::shared_ptr<_Tp> std::atomic_exchange(shared_ptr<_Tp>*, shared_ptr<_Tp>) [with _Tp = __cxx11::basic_string<char>]' is deprecated: use 'std::atomic<std::shared_ptr<T>>' instead [-Wdeprecated-declarations]
   39 |     auto msg = std::atomic_exchange(&message_, {});
      |                ~~~~~~~~~~~~~~~~~~~~^~~~~~~~~~~~~~~
/usr/include/c++/16.1.1/bits/shared_ptr_atomic.h:225:5: note: declared here
  225 |     atomic_exchange(shared_ptr<_Tp>* __p, shared_ptr<_Tp> __r)
      |     ^~~~~~~~~~~~~~~
[959/962] Building CXX object CMakeFiles/mlx.dir/mlx/backend/cpu/binary.cpp.o
In file included from /var/tmp/SdpaKvMajorJw16/cand-tree/.work/mlx/mlx/event.h:8,
                 from /var/tmp/SdpaKvMajorJw16/cand-tree/.work/mlx/mlx/array.h:13,
                 from /var/tmp/SdpaKvMajorJw16/cand-tree/.work/mlx/mlx/backend/cpu/binary.h:6,
                 from /var/tmp/SdpaKvMajorJw16/cand-tree/.work/mlx/mlx/backend/cpu/binary.cpp:9:
/var/tmp/SdpaKvMajorJw16/cand-tree/.work/mlx/mlx/error.h: In member function 'void mlx::core::Error::set_message(Message)':
/var/tmp/SdpaKvMajorJw16/cand-tree/.work/mlx/mlx/error.h:17:22: warning: 'void std::atomic_store(shared_ptr<_Tp>*, shared_ptr<_Tp>) [with _Tp = __cxx11::basic_string<char>]' is deprecated: use 'std::atomic<std::shared_ptr<T>>' instead [-Wdeprecated-declarations]
   17 |     std::atomic_store(&message_, std::move(msg));
      |     ~~~~~~~~~~~~~~~~~^~~~~~~~~~~~~~~~~~~~~~~~~~~
In file included from /usr/include/c++/16.1.1/memory:83,
                 from /var/tmp/SdpaKvMajorJw16/cand-tree/.work/mlx/mlx/array.h:7:
/usr/include/c++/16.1.1/bits/shared_ptr_atomic.h:183:5: note: declared here
  183 |     atomic_store(shared_ptr<_Tp>* __p, shared_ptr<_Tp> __r)
      |     ^~~~~~~~~~~~
/var/tmp/SdpaKvMajorJw16/cand-tree/.work/mlx/mlx/error.h: In member function 'bool mlx::core::Error::valid() const':
/var/tmp/SdpaKvMajorJw16/cand-tree/.work/mlx/mlx/error.h:21:32: warning: 'std::shared_ptr<_Tp> std::atomic_load(const shared_ptr<_Tp>*) [with _Tp = __cxx11::basic_string<char>]' is deprecated: use 'std::atomic<std::shared_ptr<T>>' instead [-Wdeprecated-declarations]
   21 |     auto msg = std::atomic_load(&message_);
      |                ~~~~~~~~~~~~~~~~^~~~~~~~~~~
/usr/include/c++/16.1.1/bits/shared_ptr_atomic.h:142:5: note: declared here
  142 |     atomic_load(const shared_ptr<_Tp>* __p)
      |     ^~~~~~~~~~~
/var/tmp/SdpaKvMajorJw16/cand-tree/.work/mlx/mlx/error.h: In member function 'bool mlx::core::Error::store_if_valid(const mlx::core::Error*)':
/var/tmp/SdpaKvMajorJw16/cand-tree/.work/mlx/mlx/error.h:28:37: warning: 'std::shared_ptr<_Tp> std::atomic_load(const shared_ptr<_Tp>*) [with _Tp = __cxx11::basic_string<char>]' is deprecated: use 'std::atomic<std::shared_ptr<T>>' instead [-Wdeprecated-declarations]
   28 |       Message msg = std::atomic_load(&ptr->message_);
      |                     ~~~~~~~~~~~~~~~~^~~~~~~~~~~~~~~~
/usr/include/c++/16.1.1/bits/shared_ptr_atomic.h:142:5: note: declared here
  142 |     atomic_load(const shared_ptr<_Tp>* __p)
      |     ^~~~~~~~~~~
/var/tmp/SdpaKvMajorJw16/cand-tree/.work/mlx/mlx/error.h: In member function 'void mlx::core::Error::check()':
/var/tmp/SdpaKvMajorJw16/cand-tree/.work/mlx/mlx/error.h:39:36: warning: 'std::shared_ptr<_Tp> std::atomic_exchange(shared_ptr<_Tp>*, shared_ptr<_Tp>) [with _Tp = __cxx11::basic_string<char>]' is deprecated: use 'std::atomic<std::shared_ptr<T>>' instead [-Wdeprecated-declarations]
   39 |     auto msg = std::atomic_exchange(&message_, {});
      |                ~~~~~~~~~~~~~~~~~~~~^~~~~~~~~~~~~~~
/usr/include/c++/16.1.1/bits/shared_ptr_atomic.h:225:5: note: declared here
  225 |     atomic_exchange(shared_ptr<_Tp>* __p, shared_ptr<_Tp> __r)
      |     ^~~~~~~~~~~~~~~
[960/962] Linking CXX static library libmlx.a
[961/962] Linking CXX executable tests/omarchy/omarchy_sdpa_decode_fused_tests
TESTBUILD2-DONE
